qa_id,method,question,article_id,relevant_chunk_ids,retrieved_chunk_ids,latency_ms,recall@1,hit@1,recall@5,hit@5,recall@10,hit@10,mrr@10,ndcg@10
211640_1,bm25,Những loại nội tạng động vật nào được khuyến cáo nên hạn chế để tránh tăng axit uric và hại thận?,211640,"[""211640_structured_0000""]","[""211640_structured_0000"", ""211640_structured_0001"", ""31222_structured_0002"", ""31108_structured_0002"", ""205401_structured_0000"", ""28856_structured_0000"", ""31222_structured_0001"", ""31108_structured_0003"", ""28856_structured_0001"", ""212002_structured_0001"", ""28348_structured_0002"", ""205401_structured_0001"", ""28348_structured_0001"", ""31108_structured_0001"", ""203132_structured_0002"", ""34624_structured_0001"", ""206710_structured_0000"", ""34624_structured_0002"", ""205401_structured_0002"", ""211636_structured_0001"", ""207094_structured_0001"", ""27606_structured_0002"", ""27606_structured_0001"", ""31850_structured_0002"", ""27887_structured_0003"", ""117409_structured_0002"", ""208214_structured_0000"", ""216030_structured_0000"", ""29175_structured_0001"", ""34489_structured_0000"", ""46327_structured_0002"", ""29021_structured_0001"", ""211823_structured_0000"", ""34624_structured_0000"", ""211823_structured_0001"", ""207679_structured_0000"", ""29758_structured_0002"", ""212000_structured_0001"", ""212113_structured_0001"", ""115786_structured_0003"", ""30398_structured_0001"", ""209834_structured_0000"", ""27887_structured_0002"", ""206779_structured_0000"", ""212599_structured_0001"", ""212841_structured_0000"", ""29383_structured_0000"", ""29758_structured_0001"", ""255080_structured_0002"", ""30171_structured_0002""]",8041.0993,1.0,1.0,1.0,1.0,1.0,1.0,1.0,1.0
211640_1,dense,Những loại nội tạng động vật nào được khuyến cáo nên hạn chế để tránh tăng axit uric và hại thận?,211640,"[""211640_structured_0000""]","[""211640_structured_0000"", ""211640_structured_0001"", ""205401_structured_0002"", ""205401_structured_0000"", ""205401_structured_0001"", ""28856_structured_0000"", ""27606_structured_0002"", ""27606_structured_0000"", ""28348_structured_0001"", ""30177_structured_0000"", ""212002_structured_0001"", ""30177_structured_0001"", ""28276_structured_0000"", ""27887_structured_0000"", ""212000_structured_0001"", ""212113_structured_0000"", ""213430_structured_0001"", ""28276_structured_0001"", ""27887_structured_0001"", ""28856_structured_0001"", ""206769_structured_0001"", ""28348_structured_0002"", ""27606_structured_0001"", ""30970_structured_0001"", ""28878_structured_0002"", ""27887_structured_0002"", ""212118_structured_0000"", ""26527_structured_0001"", ""31850_structured_0002"", ""114265_structured_0000"", ""207751_structured_0000"", ""206963_structured_0001"", ""212000_structured_0000"", ""211710_structured_0001"", ""41024_structured_0000"", ""28276_structured_0002"", ""237888_structured_0000"", ""212113_structured_0001"", ""206710_structured_0000"", ""27887_structured_0003"", ""213664_structured_0000"", ""200586_structured_0000"", ""29758_structured_0003"", ""31850_structured_0000"", ""206769_structured_0000"", ""205342_structured_0000"", ""26951_structured_0001"", ""211884_structured_0001"", ""41024_structured_0001"", ""205731_structured_0000""]",27659.4285,1.0,1.0,1.0,1.0,1.0,1.0,1.0,1.0
211640_1,hybrid,Những loại nội tạng động vật nào được khuyến cáo nên hạn chế để tránh tăng axit uric và hại thận?,211640,"[""211640_structured_0000""]","[""211640_structured_0000"", ""211640_structured_0001"", ""205401_structured_0000"", ""28856_structured_0000"", ""205401_structured_0001"", ""205401_structured_0002"", ""212002_structured_0001"", ""28348_structured_0001"", ""27606_structured_0002"", ""28856_structured_0001"", ""28348_structured_0002"", ""27606_structured_0001"", ""212000_structured_0001"", ""31850_structured_0002"", ""206710_structured_0000"", ""27887_structured_0003"", ""27887_structured_0002"", ""212113_structured_0001"", ""31222_structured_0002"", ""31108_structured_0002"", ""31222_structured_0001"", ""27606_structured_0000"", ""31108_structured_0003"", ""30177_structured_0000"", ""30177_structured_0001"", ""28276_structured_0000"", ""27887_structured_0000"", ""31108_structured_0001"", ""203132_structured_0002"", ""212113_structured_0000"", ""34624_structured_0001"", ""213430_structured_0001"", ""28276_structured_0001"", ""34624_structured_0002"", ""27887_structured_0001"", ""211636_structured_0001"", ""206769_structured_0001"", ""207094_structured_0001"", ""30970_structured_0001"", ""28878_structured_0002"", ""117409_structured_0002"", ""208214_structured_0000"", ""212118_structured_0000"", ""216030_structured_0000"", ""26527_structured_0001"", ""29175_structured_0001"", ""114265_structured_0000"", ""34489_structured_0000"", ""207751_structured_0000"", ""46327_structured_0002""]",14650.1748,1.0,1.0,1.0,1.0,1.0,1.0,1.0,1.0
211640_2,bm25,Quan niệm cho rằng thịt dê là thủ phạm duy nhất gây tăng axit uric thực chất sai ở điểm nào?,211640,"[""211640_structured_0000""]","[""211640_structured_0000"", ""211640_structured_0001"", ""155705_structured_0000"", ""155705_structured_0001"", ""27606_structured_0000"", ""177219_structured_0000"", ""210597_structured_0003"", ""71468_structured_0000"", ""210159_structured_0000"", ""31661_structured_0000"", ""212113_structured_0001"", ""65764_structured_0000"", ""116180_structured_0001"", ""31222_structured_0001"", ""65739_structured_0003"", ""102567_structured_0004"", ""27606_structured_0001"", ""5081_structured_0002"", ""27606_structured_0002"", ""205100_structured_0001"", ""43524_structured_0003"", ""65764_structured_0001"", ""98585_structured_0000"", ""81528_structured_0000"", ""98585_structured_0001"", ""211884_structured_0000"", ""164773_structured_0001"", ""215956_structured_0000"", ""32548_structured_0003"", ""65739_structured_0000"", ""160043_structured_0001"", ""29648_structured_0001"", ""215956_structured_0001"", ""28587_structured_0001"", ""83233_structured_0001"", ""103610_structured_0003"", ""75382_structured_0001"", ""29406_structured_0000"", ""43524_structured_0000"", ""13111_structured_0003"", ""7950_structured_0002"", ""179767_structured_0002"", ""77373_structured_0000"", ""92962_structured_0001"", ""33761_structured_0000"", ""160043_structured_0000"", ""27567_structured_0001"", ""27454_structured_0000"", ""27887_structured_0002"", ""206156_structured_0001""]",223.72,1.0,1.0,1.0,1.0,1.0,1.0,1.0,1.0
211640_2,dense,Quan niệm cho rằng thịt dê là thủ phạm duy nhất gây tăng axit uric thực chất sai ở điểm nào?,211640,"[""211640_structured_0000""]","[""211640_structured_0000"", ""211640_structured_0001"", ""212311_structured_0000"", ""212000_structured_0001"", ""27606_structured_0002"", ""27606_structured_0000"", ""212000_structured_0000"", ""212113_structured_0000"", ""213415_structured_0000"", ""28348_structured_0001"", ""29406_structured_0000"", ""27606_structured_0001"", ""206769_structured_0001"", ""30970_structured_0001"", ""28587_structured_0000"", ""28587_structured_0001"", ""43755_structured_0003"", ""28878_structured_0001"", ""27454_structured_0001"", ""212113_structured_0001"", ""43755_structured_0004"", ""212311_structured_0001"", ""213066_structured_0001"", ""206566_structured_0001"", ""31990_structured_0000"", ""213206_structured_0001"", ""206710_structured_0000"", ""28856_structured_0000"", ""207739_structured_0001"", ""28878_structured_0000"", ""212921_structured_0000"", ""27573_structured_0001"", ""19882_structured_0000"", ""30901_structured_0000"", ""43755_structured_0001"", ""27573_structured_0002"", ""117438_structured_0004"", ""28670_structured_0001"", ""31150_structured_0002"", ""26527_structured_0001"", ""43755_structured_0000"", ""27908_structured_0000"", ""43755_structured_0002"", ""29406_structured_0001"", ""20703_structured_0002"", ""206769_structured_0000"", ""261818_structured_0000"", ""211588_structured_0000"", ""29406_structured_0003"", ""30177_structured_0000""]",13162.6478,1.0,1.0,1.0,1.0,1.0,1.0,1.0,1.0
211640_2,hybrid,Quan niệm cho rằng thịt dê là thủ phạm duy nhất gây tăng axit uric thực chất sai ở điểm nào?,211640,"[""211640_structured_0000""]","[""211640_structured_0000"", ""211640_structured_0001"", ""27606_structured_0000"", ""27606_structured_0002"", ""27606_structured_0001"", ""212113_structured_0001"", ""29406_structured_0000"", ""28587_structured_0001"", ""155705_structured_0000"", ""212311_structured_0000"", ""155705_structured_0001"", ""212000_structured_0001"", ""177219_structured_0000"", ""210597_structured_0003"", ""212000_structured_0000"", ""212113_structured_0000"", ""71468_structured_0000"", ""210159_structured_0000"", ""213415_structured_0000"", ""28348_structured_0001"", ""31661_structured_0000"", ""65764_structured_0000"", ""116180_structured_0001"", ""206769_structured_0001"", ""30970_structured_0001"", ""31222_structured_0001"", ""28587_structured_0000"", ""65739_structured_0003"", ""102567_structured_0004"", ""43755_structured_0003"", ""28878_structured_0001"", ""5081_structured_0002"", ""27454_structured_0001"", ""205100_structured_0001"", ""43524_structured_0003"", ""43755_structured_0004"", ""212311_structured_0001"", ""65764_structured_0001"", ""213066_structured_0001"", ""98585_structured_0000"", ""206566_structured_0001"", ""81528_structured_0000"", ""31990_structured_0000"", ""98585_structured_0001"", ""211884_structured_0000"", ""213206_structured_0001"", ""164773_structured_0001"", ""206710_structured_0000"", ""215956_structured_0000"", ""28856_structured_0000""]",13069.3534,1.0,1.0,1.0,1.0,1.0,1.0,1.0,1.0
211640_3,bm25,Tại sao nước dùng hầm xương hoặc nước lẩu lại có thể gây hại cho thận?,211640,"[""211640_structured_0000""]","[""211640_structured_0000"", ""211640_structured_0001"", ""212002_structured_0001"", ""212002_structured_0000"", ""211823_structured_0000"", ""207094_structured_0000"", ""261904_structured_0000"", ""213477_structured_0001"", ""213477_structured_0000"", ""212841_structured_0000"", ""212000_structured_0001"", ""209766_structured_0001"", ""261551_structured_0000"", ""27887_structured_0003"", ""261551_structured_0001"", ""27606_structured_0001"", ""155184_structured_0001"", ""155494_structured_0000"", ""155184_structured_0000"", ""27887_structured_0000"", ""213715_structured_0000"", ""261685_structured_0000"", ""27887_structured_0002"", ""28856_structured_0001"", ""31990_structured_0000"", ""27057_structured_0001"", ""29758_structured_0000"", ""205401_structured_0000"", ""207094_structured_0001"", ""212113_structured_0000"", ""199675_structured_0000"", ""117558_structured_0000"", ""16896_structured_0002"", ""261685_structured_0001"", ""31850_structured_0001"", ""27057_structured_0000"", ""213715_structured_0001"", ""251924_structured_0001"", ""212468_structured_0001"", ""29758_structured_0001"", ""29175_structured_0001"", ""27887_structured_0001"", ""156012_structured_0001"", ""251924_structured_0000"", ""28856_structured_0000"", ""212798_structured_0001"", ""213664_structured_0000"", ""212468_structured_0000"", ""155413_structured_0001"", ""209834_structured_0000""]",196.7002,1.0,1.0,1.0,1.0,1.0,1.0,1.0,1.0
211640_3,dense,Tại sao nước dùng hầm xương hoặc nước lẩu lại có thể gây hại cho thận?,211640,"[""211640_structured_0000""]","[""212002_structured_0001"", ""211640_structured_0000"", ""213477_structured_0001"", ""212002_structured_0000"", ""211640_structured_0001"", ""213477_structured_0000"", ""207094_structured_0000"", ""28856_structured_0000"", ""29383_structured_0000"", ""207094_structured_0001"", ""31990_structured_0000"", ""27606_structured_0002"", ""212000_structured_0001"", ""31850_structured_0000"", ""31222_structured_0001"", ""29383_structured_0001"", ""210207_structured_0001"", ""212841_structured_0000"", ""29406_structured_0001"", ""29021_structured_0000"", ""31850_structured_0003"", ""213664_structured_0000"", ""27887_structured_0001"", ""27887_structured_0003"", ""31850_structured_0002"", ""212113_structured_0001"", ""27887_structured_0000"", ""212422_structured_0000"", ""31850_structured_0001"", ""211710_structured_0001"", ""212113_structured_0000"", ""208036_structured_0000"", ""31222_structured_0002"", ""210261_structured_0000"", ""29383_structured_0002"", ""155184_structured_0001"", ""205401_structured_0001"", ""28856_structured_0001"", ""213715_structured_0000"", ""208054_structured_0000"", ""212311_structured_0000"", ""29406_structured_0000"", ""213066_structured_0001"", ""29406_structured_0002"", ""28357_structured_0001"", ""206732_structured_0000"", ""28276_structured_0001"", ""31222_structured_0000"", ""213715_structured_0001"", ""206963_structured_0001""]",13036.4941,0.0,0.0,1.0,1.0,1.0,1.0,0.5,0.6309297535714575
211640_3,hybrid,Tại sao nước dùng hầm xương hoặc nước lẩu lại có thể gây hại cho thận?,211640,"[""211640_structured_0000""]","[""211640_structured_0000"", ""212002_structured_0001"", ""211640_structured_0001"", ""212002_structured_0000"", ""213477_structured_0001"", ""207094_structured_0000"", ""213477_structured_0000"", ""212000_structured_0001"", ""212841_structured_0000"", ""31990_structured_0000"", ""207094_structured_0001"", ""27887_structured_0003"", ""28856_structured_0000"", ""27887_structured_0000"", ""155184_structured_0001"", ""213715_structured_0000"", ""28856_structured_0001"", ""212113_structured_0000"", ""27887_structured_0001"", ""31850_structured_0001"", ""213664_structured_0000"", ""213715_structured_0001"", ""211823_structured_0000"", ""261904_structured_0000"", ""29383_structured_0000"", ""209766_structured_0001"", ""27606_structured_0002"", ""261551_structured_0000"", ""31850_structured_0000"", ""261551_structured_0001"", ""31222_structured_0001"", ""27606_structured_0001"", ""29383_structured_0001"", ""210207_structured_0001"", ""155494_structured_0000"", ""155184_structured_0000"", ""29406_structured_0001"", ""29021_structured_0000"", ""31850_structured_0003"", ""261685_structured_0000"", ""27887_structured_0002"", ""31850_structured_0002"", ""212113_structured_0001"", ""27057_structured_0001"", ""29758_structured_0000"", ""205401_structured_0000"", ""212422_structured_0000"", ""211710_structured_0001"", ""199675_structured_0000"", ""117558_structured_0000""]",14748.335,1.0,1.0,1.0,1.0,1.0,1.0,1.0,1.0
211640_4,bm25,Hàm lượng purin trong cá nhỏ và nội tạng động vật khác biệt ra sao so với thịt đỏ thông thường?,211640,"[""211640_structured_0000"", ""211640_structured_0001""]","[""211640_structured_0000"", ""211640_structured_0001"", ""212000_structured_0000"", ""212311_structured_0000"", ""67949_structured_0000"", ""28344_structured_0001"", ""28348_structured_0001"", ""215378_structured_0001"", ""30810_structured_0000"", ""212000_structured_0001"", ""212113_structured_0000"", ""28856_structured_0000"", ""31990_structured_0000"", ""205401_structured_0000"", ""156019_structured_0000"", ""117733_structured_0000"", ""65896_structured_0001"", ""212336_structured_0000"", ""206539_structured_0001"", ""261685_structured_0000"", ""212113_structured_0001"", ""212118_structured_0000"", ""26527_structured_0001"", ""28276_structured_0001"", ""156019_structured_0001"", ""200586_structured_0001"", ""31222_structured_0002"", ""28587_structured_0001"", ""215649_structured_0000"", ""68365_structured_0000"", ""71468_structured_0000"", ""31776_structured_0003"", ""261680_structured_0000"", ""68639_structured_0000"", ""65739_structured_0003"", ""261818_structured_0000"", ""116586_structured_0001"", ""261680_structured_0001"", ""33500_structured_0000"", ""201810_structured_0001"", ""65896_structured_0000"", ""212798_structured_0000"", ""31108_structured_0001"", ""34624_structured_0000"", ""155523_structured_0000"", ""31776_structured_0002"", ""155703_structured_0000"", ""116630_structured_0002"", ""260099_structured_0004"", ""67864_structured_0000""]",217.9635,0.5,1.0,1.0,1.0,1.0,1.0,1.0,1.0
211640_4,dense,Hàm lượng purin trong cá nhỏ và nội tạng động vật khác biệt ra sao so với thịt đỏ thông thường?,211640,"[""211640_structured_0000"", ""211640_structured_0001""]","[""211640_structured_0001"", ""211640_structured_0000"", ""28348_structured_0001"", ""212000_structured_0001"", ""205401_structured_0001"", ""212000_structured_0000"", ""261818_structured_0000"", ""205401_structured_0000"", ""26527_structured_0001"", ""212113_structured_0000"", ""212311_structured_0000"", ""200586_structured_0000"", ""205401_structured_0002"", ""43755_structured_0003"", ""28856_structured_0000"", ""201810_structured_0001"", ""201810_structured_0000"", ""43755_structured_0002"", ""30177_structured_0000"", ""212002_structured_0001"", ""212002_structured_0000"", ""28878_structured_0002"", ""212113_structured_0001"", ""28587_structured_0000"", ""201810_structured_0002"", ""27606_structured_0002"", ""28878_structured_0001"", ""28587_structured_0001"", ""16896_structured_0002"", ""27606_structured_0001"", ""212422_structured_0000"", ""155285_structured_0001"", ""106547_structured_0001"", ""99658_structured_0000"", ""30901_structured_0001"", ""29116_structured_0001"", ""207751_structured_0000"", ""31776_structured_0003"", ""210261_structured_0000"", ""155285_structured_0000"", ""43755_structured_0004"", ""71468_structured_0000"", ""200586_structured_0001"", ""237900_structured_0000"", ""27606_structured_0000"", ""212336_structured_0000"", ""31150_structured_0002"", ""43755_structured_0000"", ""30901_structured_0000"", ""67949_structured_0000""]",13480.061,0.5,1.0,1.0,1.0,1.0,1.0,1.0,1.0
211640_4,hybrid,Hàm lượng purin trong cá nhỏ và nội tạng động vật khác biệt ra sao so với thịt đỏ thông thường?,211640,"[""211640_structured_0000"", ""211640_structured_0001""]","[""211640_structured_0000"", ""211640_structured_0001"", ""212000_structured_0000"", ""28348_structured_0001"", ""212000_structured_0001"", ""212311_structured_0000"", ""212113_structured_0000"", ""205401_structured_0000"", ""28856_structured_0000"", ""26527_structured_0001"", ""261818_structured_0000"", ""67949_structured_0000"", ""212113_structured_0001"", ""201810_structured_0001"", ""28587_structured_0001"", ""212336_structured_0000"", ""200586_structured_0001"", ""31776_structured_0003"", ""71468_structured_0000"", ""205401_structured_0001"", ""28344_structured_0001"", ""215378_structured_0001"", ""30810_structured_0000"", ""200586_structured_0000"", ""205401_structured_0002"", ""31990_structured_0000"", ""43755_structured_0003"", ""156019_structured_0000"", ""117733_structured_0000"", ""201810_structured_0000"", ""65896_structured_0001"", ""43755_structured_0002"", ""206539_structured_0001"", ""30177_structured_0000"", ""212002_structured_0001"", ""261685_structured_0000"", ""212002_structured_0000"", ""212118_structured_0000"", ""28878_structured_0002"", ""28276_structured_0001"", ""28587_structured_0000"", ""156019_structured_0001"", ""201810_structured_0002"", ""27606_structured_0002"", ""28878_structured_0001"", ""31222_structured_0002"", ""16896_structured_0002"", ""215649_structured_0000"", ""27606_structured_0001"", ""68365_structured_0000""]",14096.9619,0.5,1.0,1.0,1.0,1.0,1.0,1.0,1.0
211640_5,bm25,Đúng hay sai: 'Chỉ cần bỏ thịt dê và chuyển sang ăn hải sản là có thể kiểm soát tốt axit uric'?,211640,"[""211640_structured_0000"", ""211640_structured_0001""]","[""211640_structured_0000"", ""211640_structured_0001"", ""211884_structured_0000"", ""31222_structured_0001"", ""71468_structured_0000"", ""116180_structured_0000"", ""212113_structured_0001"", ""31150_structured_0000"", ""116180_structured_0001"", ""155705_structured_0001"", ""155953_structured_0003"", ""16890_structured_0000"", ""155705_structured_0000"", ""29107_structured_0000"", ""65764_structured_0000"", ""213066_structured_0001"", ""18318_structured_0000"", ""27606_structured_0002"", ""205100_structured_0001"", ""212113_structured_0000"", ""27606_structured_0001"", ""76465_structured_0000"", ""27606_structured_0000"", ""211777_structured_0000"", ""27454_structured_0001"", ""75537_structured_0001"", ""156099_structured_0002"", ""18318_structured_0001"", ""30244_structured_0000"", ""156099_structured_0000"", ""77535_structured_0000"", ""98585_structured_0001"", ""75625_structured_0001"", ""211884_structured_0001"", ""41087_structured_0001"", ""212798_structured_0001"", ""212336_structured_0001"", ""160043_structured_0004"", ""23558_structured_0008"", ""208014_structured_0001"", ""77232_structured_0001"", ""31661_structured_0000"", ""28856_structured_0000"", ""11992_structured_0001"", ""76465_structured_0001"", ""156224_structured_0000"", ""71595_structured_0000"", ""66051_structured_0000"", ""176549_structured_0001"", ""27454_structured_0000""]",284.1705,0.5,1.0,1.0,1.0,1.0,1.0,1.0,1.0
211640_5,dense,Đúng hay sai: 'Chỉ cần bỏ thịt dê và chuyển sang ăn hải sản là có thể kiểm soát tốt axit uric'?,211640,"[""211640_structured_0000"", ""211640_structured_0001""]","[""211640_structured_0000"", ""211640_structured_0001"", ""27606_structured_0000"", ""27606_structured_0002"", ""27606_structured_0001"", ""212000_structured_0001"", ""28856_structured_0000"", ""206769_structured_0001"", ""207739_structured_0001"", ""28348_structured_0001"", ""30970_structured_0001"", ""212311_structured_0000"", ""28587_structured_0001"", ""206769_structured_0000"", ""30901_structured_0000"", ""211588_structured_0000"", ""213206_structured_0001"", ""27573_structured_0001"", ""43755_structured_0003"", ""206539_structured_0001"", ""29406_structured_0000"", ""212000_structured_0000"", ""212113_structured_0000"", ""29107_structured_0000"", ""30412_structured_0001"", ""28587_structured_0000"", ""28670_structured_0001"", ""31150_structured_0002"", ""207739_structured_0000"", ""27567_structured_0001"", ""29116_structured_0001"", ""208531_structured_0000"", ""30901_structured_0001"", ""94699_structured_0000"", ""210207_structured_0000"", ""206566_structured_0001"", ""20703_structured_0002"", ""189044_structured_0003"", ""213066_structured_0001"", ""30409_structured_0000"", ""27573_structured_0002"", ""106745_structured_0002"", ""29758_structured_0003"", ""28878_structured_0001"", ""205443_structured_0001"", ""29116_structured_0002"", ""28856_structured_0001"", ""213415_structured_0000"", ""29961_structured_0000"", ""30177_structured_0000""]",13458.5192,0.5,1.0,1.0,1.0,1.0,1.0,1.0,1.0
211640_5,hybrid,Đúng hay sai: 'Chỉ cần bỏ thịt dê và chuyển sang ăn hải sản là có thể kiểm soát tốt axit uric'?,211640,"[""211640_structured_0000"", ""211640_structured_0001""]","[""211640_structured_0000"", ""211640_structured_0001"", ""27606_structured_0002"", ""27606_structured_0000"", ""27606_structured_0001"", ""29107_structured_0000"", ""28856_structured_0000"", ""212113_structured_0000"", ""213066_structured_0001"", ""211884_structured_0000"", ""31222_structured_0001"", ""71468_structured_0000"", ""116180_structured_0000"", ""212000_structured_0001"", ""212113_structured_0001"", ""206769_structured_0001"", ""31150_structured_0000"", ""116180_structured_0001"", ""207739_structured_0001"", ""155705_structured_0001"", ""28348_structured_0001"", ""155953_structured_0003"", ""30970_structured_0001"", ""16890_structured_0000"", ""212311_structured_0000"", ""155705_structured_0000"", ""28587_structured_0001"", ""206769_structured_0000"", ""30901_structured_0000"", ""65764_structured_0000"", ""211588_structured_0000"", ""18318_structured_0000"", ""213206_structured_0001"", ""27573_structured_0001"", ""205100_structured_0001"", ""43755_structured_0003"", ""206539_structured_0001"", ""29406_structured_0000"", ""212000_structured_0000"", ""76465_structured_0000"", ""211777_structured_0000"", ""27454_structured_0001"", ""30412_structured_0001"", ""28587_structured_0000"", ""75537_structured_0001"", ""156099_structured_0002"", ""28670_structured_0001"", ""18318_structured_0001"", ""31150_structured_0002"", ""207739_structured_0000""]",14151.2178,0.5,1.0,1.0,1.0,1.0,1.0,1.0,1.0
152685_1,bm25,Doanh nghiệp nào trúng đấu giá thuê khu đất ven sông Hương tại TP. Huế?,152685,"[""152685_structured_0000""]","[""152685_structured_0000"", ""137207_structured_0000"", ""152772_structured_0000"", ""137207_structured_0001"", ""152271_structured_0000"", ""138777_structured_0000"", ""138777_structured_0001"", ""192784_structured_0000"", ""213_structured_0002"", ""151748_structured_0000"", ""139918_structured_0000"", ""152681_structured_0000"", ""153233_structured_0001"", ""152511_structured_0001"", ""138777_structured_0002"", ""153214_structured_0000"", ""163678_structured_0000"", ""131993_structured_0000"", ""152271_structured_0001"", ""151597_structured_0000"", ""152876_structured_0000"", ""153171_structured_0000"", ""213_structured_0001"", ""153233_structured_0000"", ""151471_structured_0000"", ""100210_structured_0002"", ""139918_structured_0001"", ""137227_structured_0002"", ""153085_structured_0000"", ""1204_structured_0000"", ""151463_structured_0000"", ""43901_structured_0000"", ""151748_structured_0001"", ""151718_structured_0000"", ""152626_structured_0000"", ""152742_structured_0000"", ""154952_structured_0000"", ""154952_structured_0001"", ""213_structured_0000"", ""152681_structured_0001"", ""151039_structured_0001"", ""152511_structured_0000"", ""153138_structured_0000"", ""22727_structured_0000"", ""151039_structured_0000"", ""151374_structured_0001"", ""2235_structured_0002"", ""151463_structured_0001"", ""193381_structured_0002"", ""81101_structured_0000""]",182.6964,1.0,1.0,1.0,1.0,1.0,1.0,1.0,1.0
152685_1,dense,Doanh nghiệp nào trúng đấu giá thuê khu đất ven sông Hương tại TP. Huế?,152685,"[""152685_structured_0000""]","[""152685_structured_0000"", ""192784_structured_0000"", ""153085_structured_0000"", ""138777_structured_0000"", ""152626_structured_0000"", ""133437_structured_0001"", ""133437_structured_0002"", ""138777_structured_0002"", ""151748_structured_0000"", ""193975_structured_0001"", ""20046_structured_0001"", ""151718_structured_0000"", ""151748_structured_0001"", ""151718_structured_0001"", ""43358_structured_0001"", ""254233_structured_0001"", ""138777_structured_0001"", ""137227_structured_0001"", ""152511_structured_0001"", ""152681_structured_0001"", ""149048_structured_0000"", ""152511_structured_0000"", ""151471_structured_0000"", ""150338_structured_0000"", ""341_structured_0002"", ""21216_structured_0002"", ""149267_structured_0000"", ""152626_structured_0001"", ""254233_structured_0000"", ""27302_structured_0000"", ""150338_structured_0001"", ""139511_structured_0000"", ""218_structured_0001"", ""194477_structured_0000"", ""21823_structured_0005"", ""437_structured_0000"", ""43358_structured_0002"", ""191602_structured_0001"", ""218_structured_0000"", ""21823_structured_0004"", ""149616_structured_0000"", ""23592_structured_0000"", ""151621_structured_0000"", ""194477_structured_0001"", ""528_structured_0001"", ""1065_structured_0002"", ""152681_structured_0000"", ""238019_structured_0000"", ""139511_structured_0001"", ""148558_structured_0001""]",13644.6983,1.0,1.0,1.0,1.0,1.0,1.0,1.0,1.0
152685_1,hybrid,Doanh nghiệp nào trúng đấu giá thuê khu đất ven sông Hương tại TP. Huế?,152685,"[""152685_structured_0000""]","[""152685_structured_0000"", ""192784_structured_0000"", ""138777_structured_0000"", ""151748_structured_0000"", ""138777_structured_0002"", ""138777_structured_0001"", ""153085_structured_0000"", ""152511_structured_0001"", ""152626_structured_0000"", ""151718_structured_0000"", ""151748_structured_0001"", ""151471_structured_0000"", ""152681_structured_0000"", ""152681_structured_0001"", ""152511_structured_0000"", ""137207_structured_0000"", ""152772_structured_0000"", ""137207_structured_0001"", ""152271_structured_0000"", ""133437_structured_0001"", ""133437_structured_0002"", ""213_structured_0002"", ""193975_structured_0001"", ""139918_structured_0000"", ""20046_structured_0001"", ""153233_structured_0001"", ""151718_structured_0001"", ""43358_structured_0001"", ""153214_structured_0000"", ""254233_structured_0001"", ""163678_structured_0000"", ""131993_structured_0000"", ""137227_structured_0001"", ""152271_structured_0001"", ""151597_structured_0000"", ""149048_structured_0000"", ""152876_structured_0000"", ""153171_structured_0000"", ""213_structured_0001"", ""150338_structured_0000"", ""153233_structured_0000"", ""341_structured_0002"", ""100210_structured_0002"", ""21216_structured_0002"", ""139918_structured_0001"", ""149267_structured_0000"", ""137227_structured_0002"", ""152626_structured_0001"", ""254233_structured_0000"", ""1204_structured_0000""]",13559.8018,1.0,1.0,1.0,1.0,1.0,1.0,1.0,1.0
152685_2,bm25,Cuộc đấu giá cho thuê khu đất số 5 Lê Lợi ven sông Hương diễn ra với kết quả như thế nào?,152685,"[""152685_structured_0000""]","[""152685_structured_0000"", ""138777_structured_0001"", ""138777_structured_0000"", ""152271_structured_0000"", ""152511_structured_0001"", ""213_structured_0002"", ""213_structured_0001"", ""151748_structured_0000"", ""137207_structured_0000"", ""238019_structured_0000"", ""244265_structured_0000"", ""151039_structured_0001"", ""152742_structured_0000"", ""756_structured_0000"", ""100210_structured_0002"", ""152876_structured_0000"", ""148647_structured_0000"", ""148770_structured_0000"", ""148559_structured_0001"", ""81101_structured_0000"", ""138777_structured_0002"", ""153138_structured_0000"", ""163393_structured_0000"", ""151718_structured_0000"", ""151471_structured_0000"", ""213_structured_0000"", ""151597_structured_0000"", ""152492_structured_0000"", ""133437_structured_0002"", ""152772_structured_0000"", ""203200_structured_0001"", ""149561_structured_0000"", ""149048_structured_0000"", ""42721_structured_0000"", ""151471_structured_0001"", ""153233_structured_0001"", ""148647_structured_0001"", ""134527_structured_0000"", ""152271_structured_0001"", ""153214_structured_0000"", ""137207_structured_0001"", ""193381_structured_0002"", ""43901_structured_0000"", ""196499_structured_0006"", ""152626_structured_0001"", ""152511_structured_0000"", ""153085_structured_0000"", ""45532_structured_0002"", ""1204_structured_0000"", ""148559_structured_0000""]",232.5084,1.0,1.0,1.0,1.0,1.0,1.0,1.0,1.0
152685_2,dense,Cuộc đấu giá cho thuê khu đất số 5 Lê Lợi ven sông Hương diễn ra với kết quả như thế nào?,152685,"[""152685_structured_0000""]","[""152685_structured_0000"", ""153085_structured_0000"", ""254233_structured_0000"", ""341_structured_0002"", ""151471_structured_0000"", ""254223_structured_0000"", ""254218_structured_0000"", ""152511_structured_0000"", ""152511_structured_0001"", ""152271_structured_0001"", ""151084_structured_0000"", ""152653_structured_0000"", ""151337_structured_0000"", ""151337_structured_0002"", ""238019_structured_0001"", ""153171_structured_0000"", ""238019_structured_0000"", ""254016_structured_0000"", ""191602_structured_0001"", ""788_structured_0001"", ""151718_structured_0000"", ""197579_structured_0000"", ""27302_structured_0000"", ""244265_structured_0000"", ""151337_structured_0001"", ""152681_structured_0001"", ""133437_structured_0001"", ""254201_structured_0000"", ""153849_structured_0002"", ""254233_structured_0001"", ""69089_structured_0000"", ""153138_structured_0000"", ""152772_structured_0000"", ""254218_structured_0001"", ""151084_structured_0001"", ""153233_structured_0000"", ""138777_structured_0000"", ""252543_structured_0000"", ""153233_structured_0001"", ""194477_structured_0000"", ""151365_structured_0000"", ""149504_structured_0000"", ""151748_structured_0000"", ""152492_structured_0000"", ""151718_structured_0001"", ""136766_structured_0001"", ""254016_structured_0001"", ""25996_structured_0000"", ""138777_structured_0001"", ""27302_structured_0001""]",13024.4986,1.0,1.0,1.0,1.0,1.0,1.0,1.0,1.0
152685_2,hybrid,Cuộc đấu giá cho thuê khu đất số 5 Lê Lợi ven sông Hương diễn ra với kết quả như thế nào?,152685,"[""152685_structured_0000""]","[""152685_structured_0000"", ""152511_structured_0001"", ""238019_structured_0000"", ""151471_structured_0000"", ""138777_structured_0000"", ""244265_structured_0000"", ""153085_structured_0000"", ""138777_structured_0001"", ""151748_structured_0000"", ""152271_structured_0001"", ""151718_structured_0000"", ""152511_structured_0000"", ""153138_structured_0000"", ""152772_structured_0000"", ""152492_structured_0000"", ""153233_structured_0001"", ""254233_structured_0000"", ""152271_structured_0000"", ""341_structured_0002"", ""213_structured_0002"", ""254223_structured_0000"", ""213_structured_0001"", ""254218_structured_0000"", ""137207_structured_0000"", ""151084_structured_0000"", ""151039_structured_0001"", ""152653_structured_0000"", ""151337_structured_0000"", ""152742_structured_0000"", ""151337_structured_0002"", ""756_structured_0000"", ""100210_structured_0002"", ""238019_structured_0001"", ""152876_structured_0000"", ""153171_structured_0000"", ""148647_structured_0000"", ""148770_structured_0000"", ""254016_structured_0000"", ""148559_structured_0001"", ""191602_structured_0001"", ""788_structured_0001"", ""81101_structured_0000"", ""138777_structured_0002"", ""197579_structured_0000"", ""163393_structured_0000"", ""27302_structured_0000"", ""151337_structured_0001"", ""152681_structured_0001"", ""213_structured_0000"", ""133437_structured_0001""]",13261.3626,1.0,1.0,1.0,1.0,1.0,1.0,1.0,1.0
152685_3,bm25,Vì sao dư luận bất ngờ khi biết danh tính doanh nghiệp trúng đấu giá khu đất ven sông Hương?,152685,"[""152685_structured_0000""]","[""152685_structured_0000"", ""138777_structured_0000"", ""152772_structured_0000"", ""138777_structured_0001"", ""196499_structured_0006"", ""213_structured_0002"", ""153214_structured_0000"", ""100210_structured_0002"", ""138777_structured_0002"", ""152681_structured_0000"", ""152271_structured_0000"", ""151748_structured_0000"", ""138843_structured_0001"", ""152681_structured_0001"", ""137207_structured_0000"", ""22727_structured_0001"", ""152511_structured_0001"", ""153233_structured_0001"", ""137227_structured_0002"", ""152271_structured_0001"", ""148770_structured_0000"", ""213_structured_0001"", ""151039_structured_0000"", ""22727_structured_0000"", ""148559_structured_0002"", ""151597_structured_0000"", ""148559_structured_0001"", ""152492_structured_0000"", ""213_structured_0000"", ""151084_structured_0000"", ""153171_structured_0000"", ""254233_structured_0001"", ""43901_structured_0000"", ""239775_structured_0000"", ""254223_structured_0000"", ""254218_structured_0000"", ""151718_structured_0000"", ""132947_structured_0000"", ""151748_structured_0001"", ""1204_structured_0000"", ""254218_structured_0001"", ""193381_structured_0002"", ""137207_structured_0001"", ""254016_structured_0001"", ""138843_structured_0000"", ""153085_structured_0000"", ""260452_structured_0000"", ""151463_structured_0000"", ""152876_structured_0000"", ""151471_structured_0000""]",184.7046,1.0,1.0,1.0,1.0,1.0,1.0,1.0,1.0
152685_3,dense,Vì sao dư luận bất ngờ khi biết danh tính doanh nghiệp trúng đấu giá khu đất ven sông Hương?,152685,"[""152685_structured_0000""]","[""152685_structured_0000"", ""193975_structured_0001"", ""152681_structured_0001"", ""153085_structured_0000"", ""437_structured_0000"", ""151748_structured_0000"", ""151748_structured_0001"", ""139511_structured_0000"", ""20046_structured_0001"", ""137227_structured_0001"", ""21216_structured_0002"", ""27302_structured_0000"", ""151621_structured_0000"", ""21115_structured_0002"", ""437_structured_0001"", ""104504_structured_0000"", ""193975_structured_0002"", ""43358_structured_0001"", ""152681_structured_0000"", ""21115_structured_0001"", ""197579_structured_0000"", ""254233_structured_0000"", ""238019_structured_0001"", ""38813_structured_0000"", ""341_structured_0002"", ""528_structured_0001"", ""556_structured_0000"", ""24252_structured_0000"", ""21388_structured_0001"", ""196166_structured_0002"", ""44035_structured_0000"", ""196189_structured_0000"", ""149616_structured_0001"", ""21388_structured_0002"", ""21115_structured_0000"", ""138777_structured_0000"", ""149048_structured_0000"", ""194541_structured_0000"", ""194341_structured_0000"", ""238019_structured_0000"", ""202524_structured_0001"", ""139511_structured_0002"", ""138777_structured_0001"", ""194280_structured_0001"", ""152511_structured_0000"", ""194477_structured_0000"", ""151471_structured_0000"", ""197406_structured_0001"", ""195386_structured_0002"", ""151337_structured_0002""]",12975.1739,1.0,1.0,1.0,1.0,1.0,1.0,1.0,1.0
152685_3,hybrid,Vì sao dư luận bất ngờ khi biết danh tính doanh nghiệp trúng đấu giá khu đất ven sông Hương?,152685,"[""152685_structured_0000""]","[""152685_structured_0000"", ""152681_structured_0001"", ""151748_structured_0000"", ""152681_structured_0000"", ""138777_structured_0000"", ""138777_structured_0001"", ""153085_structured_0000"", ""151748_structured_0001"", ""151471_structured_0000"", ""193975_structured_0001"", ""152772_structured_0000"", ""196499_structured_0006"", ""437_structured_0000"", ""213_structured_0002"", ""153214_structured_0000"", ""100210_structured_0002"", ""139511_structured_0000"", ""138777_structured_0002"", ""20046_structured_0001"", ""137227_structured_0001"", ""152271_structured_0000"", ""21216_structured_0002"", ""27302_structured_0000"", ""138843_structured_0001"", ""151621_structured_0000"", ""21115_structured_0002"", ""137207_structured_0000"", ""437_structured_0001"", ""104504_structured_0000"", ""22727_structured_0001"", ""152511_structured_0001"", ""193975_structured_0002"", ""153233_structured_0001"", ""43358_structured_0001"", ""137227_structured_0002"", ""152271_structured_0001"", ""21115_structured_0001"", ""148770_structured_0000"", ""197579_structured_0000"", ""213_structured_0001"", ""254233_structured_0000"", ""151039_structured_0000"", ""238019_structured_0001"", ""22727_structured_0000"", ""38813_structured_0000"", ""148559_structured_0002"", ""341_structured_0002"", ""151597_structured_0000"", ""528_structured_0001"", ""148559_structured_0001""]",13242.799,1.0,1.0,1.0,1.0,1.0,1.0,1.0,1.0
152685_4,bm25,Khu đất số 5 Lê Lợi được đưa ra đấu giá nhằm phục vụ mục tiêu gì cho TP. Huế?,152685,"[""152685_structured_0000""]","[""152685_structured_0000"", ""192784_structured_0000"", ""138388_structured_0001"", ""244265_structured_0000"", ""152511_structured_0001"", ""152772_structured_0000"", ""67348_structured_0000"", ""185349_structured_0001"", ""151748_structured_0000"", ""152876_structured_0000"", ""152271_structured_0000"", ""149504_structured_0000"", ""213_structured_0002"", ""152681_structured_0000"", ""66011_structured_0000"", ""152742_structured_0000"", ""137227_structured_0002"", ""153233_structured_0001"", ""430_structured_0002"", ""153138_structured_0000"", ""151471_structured_0000"", ""152511_structured_0000"", ""153085_structured_0000"", ""149504_structured_0002"", ""430_structured_0001"", ""153233_structured_0000"", ""213_structured_0001"", ""65888_structured_0000"", ""151463_structured_0001"", ""66011_structured_0001"", ""25996_structured_0000"", ""65762_structured_0000"", ""151471_structured_0001"", ""134527_structured_0000"", ""151463_structured_0000"", ""131921_structured_0000"", ""14438_structured_0000"", ""133853_structured_0002"", ""106996_structured_0003"", ""151718_structured_0000"", ""42409_structured_0001"", ""151597_structured_0000"", ""67348_structured_0001"", ""523_structured_0000"", ""197510_structured_0003"", ""163363_structured_0000"", ""118490_structured_0000"", ""153096_structured_0000"", ""151084_structured_0000"", ""74838_structured_0001""]",216.0522,1.0,1.0,1.0,1.0,1.0,1.0,1.0,1.0
152685_4,dense,Khu đất số 5 Lê Lợi được đưa ra đấu giá nhằm phục vụ mục tiêu gì cho TP. Huế?,152685,"[""152685_structured_0000""]","[""152685_structured_0000"", ""134808_structured_0000"", ""192784_structured_0000"", ""244265_structured_0000"", ""152511_structured_0001"", ""136766_structured_0002"", ""152511_structured_0000"", ""163678_structured_0000"", ""152653_structured_0000"", ""136766_structured_0004"", ""136766_structured_0001"", ""134808_structured_0004"", ""134808_structured_0003"", ""134808_structured_0001"", ""134808_structured_0002"", ""133755_structured_0003"", ""341_structured_0002"", ""153085_structured_0000"", ""788_structured_0001"", ""138388_structured_0000"", ""196475_structured_0002"", ""106996_structured_0003"", ""430_structured_0002"", ""151337_structured_0000"", ""136766_structured_0003"", ""133474_structured_0001"", ""151718_structured_0001"", ""151471_structured_0000"", ""528_structured_0001"", ""136766_structured_0005"", ""151337_structured_0002"", ""138777_structured_0000"", ""106996_structured_0000"", ""133437_structured_0002"", ""44585_structured_0002"", ""151718_structured_0000"", ""104719_structured_0001"", ""191602_structured_0001"", ""756_structured_0002"", ""67348_structured_0000"", ""106996_structured_0001"", ""106996_structured_0002"", ""1065_structured_0001"", ""152271_structured_0001"", ""196475_structured_0000"", ""39132_structured_0000"", ""194477_structured_0000"", ""148763_structured_0002"", ""44168_structured_0001"", ""20089_structured_0001""]",12933.6507,1.0,1.0,1.0,1.0,1.0,1.0,1.0,1.0
152685_4,hybrid,Khu đất số 5 Lê Lợi được đưa ra đấu giá nhằm phục vụ mục tiêu gì cho TP. Huế?,152685,"[""152685_structured_0000""]","[""152685_structured_0000"", ""192784_structured_0000"", ""244265_structured_0000"", ""152511_structured_0001"", ""152511_structured_0000"", ""67348_structured_0000"", ""153085_structured_0000"", ""430_structured_0002"", ""151471_structured_0000"", ""106996_structured_0003"", ""151718_structured_0000"", ""134808_structured_0000"", ""138388_structured_0001"", ""136766_structured_0002"", ""152772_structured_0000"", ""163678_structured_0000"", ""185349_structured_0001"", ""151748_structured_0000"", ""152653_structured_0000"", ""136766_structured_0004"", ""152876_structured_0000"", ""136766_structured_0001"", ""152271_structured_0000"", ""134808_structured_0004"", ""149504_structured_0000"", ""134808_structured_0003"", ""213_structured_0002"", ""134808_structured_0001"", ""152681_structured_0000"", ""134808_structured_0002"", ""66011_structured_0000"", ""133755_structured_0003"", ""152742_structured_0000"", ""137227_structured_0002"", ""341_structured_0002"", ""153233_structured_0001"", ""788_structured_0001"", ""138388_structured_0000"", ""153138_structured_0000"", ""196475_structured_0002"", ""149504_structured_0002"", ""151337_structured_0000"", ""136766_structured_0003"", ""430_structured_0001"", ""133474_structured_0001"", ""153233_structured_0000"", ""151718_structured_0001"", ""213_structured_0001"", ""65888_structured_0000"", ""151463_structured_0001""]",13118.3213,1.0,1.0,1.0,1.0,1.0,1.0,1.0,1.0
132354_1,bm25,Ông Nghiêm Xuân Thành đến kiểm tra công tác ứng phó bão Kalmaegi tại những địa điểm nào ở Khánh Hòa?,132354,"[""132354_structured_0000""]","[""132354_structured_0000"", ""132354_structured_0001"", ""139545_structured_0000"", ""134076_structured_0002"", ""7515_structured_0000"", ""134076_structured_0001"", ""133008_structured_0001"", ""132257_structured_0000"", ""218_structured_0001"", ""96761_structured_0004"", ""135900_structured_0000"", ""134076_structured_0000"", ""45496_structured_0002"", ""136018_structured_0000"", ""106488_structured_0001"", ""45391_structured_0001"", ""127944_structured_0000"", ""237132_structured_0001"", ""139545_structured_0001"", ""138173_structured_0001"", ""45512_structured_0000"", ""136382_structured_0000"", ""142796_structured_0000"", ""139545_structured_0002"", ""96761_structured_0003"", ""131800_structured_0000"", ""137611_structured_0000"", ""106488_structured_0000"", ""27666_structured_0000"", ""237132_structured_0000"", ""77700_structured_0003"", ""142796_structured_0001"", ""45455_structured_0000"", ""45391_structured_0000"", ""71736_structured_0000"", ""45591_structured_0000"", ""106488_structured_0002"", ""5867_structured_0000"", ""32991_structured_0001"", ""97510_structured_0001"", ""27829_structured_0002"", ""237734_structured_0000"", ""5867_structured_0001"", ""99060_structured_0000"", ""137611_structured_0001"", ""69300_structured_0000"", ""164773_structured_0000"", ""170482_structured_0000"", ""102800_structured_0002"", ""240832_structured_0000""]",248.085,1.0,1.0,1.0,1.0,1.0,1.0,1.0,1.0
132354_1,dense,Ông Nghiêm Xuân Thành đến kiểm tra công tác ứng phó bão Kalmaegi tại những địa điểm nào ở Khánh Hòa?,132354,"[""132354_structured_0000""]","[""132354_structured_0000"", ""132354_structured_0001"", ""136018_structured_0001"", ""136018_structured_0000"", ""134076_structured_0002"", ""45391_structured_0000"", ""133008_structured_0001"", ""45391_structured_0001"", ""134076_structured_0000"", ""136618_structured_0000"", ""237132_structured_0000"", ""96761_structured_0004"", ""45591_structured_0000"", ""134076_structured_0001"", ""137611_structured_0002"", ""136109_structured_0000"", ""137611_structured_0001"", ""237132_structured_0001"", ""139545_structured_0001"", ""245574_structured_0000"", ""133043_structured_0000"", ""139545_structured_0000"", ""139545_structured_0002"", ""45496_structured_0002"", ""45591_structured_0001"", ""136382_structured_0002"", ""137611_structured_0000"", ""133008_structured_0000"", ""136382_structured_0000"", ""137611_structured_0003"", ""132257_structured_0000"", ""136443_structured_0001"", ""136443_structured_0000"", ""139153_structured_0000"", ""136382_structured_0001"", ""67140_structured_0000"", ""2240_structured_0002"", ""139153_structured_0001"", ""2240_structured_0001"", ""45496_structured_0001"", ""45496_structured_0000"", ""108175_structured_0000"", ""138843_structured_0000"", ""218_structured_0000"", ""106488_structured_0002"", ""139756_structured_0000"", ""2240_structured_0000"", ""237734_structured_0000"", ""136443_structured_0002"", ""46605_structured_0000""]",13572.7492,1.0,1.0,1.0,1.0,1.0,1.0,1.0,1.0
132354_1,hybrid,Ông Nghiêm Xuân Thành đến kiểm tra công tác ứng phó bão Kalmaegi tại những địa điểm nào ở Khánh Hòa?,132354,"[""132354_structured_0000""]","[""132354_structured_0000"", ""132354_structured_0001"", ""134076_structured_0002"", ""133008_structured_0001"", ""136018_structured_0000"", ""134076_structured_0001"", ""134076_structured_0000"", ""96761_structured_0004"", ""139545_structured_0000"", ""45391_structured_0001"", ""45391_structured_0000"", ""132257_structured_0000"", ""237132_structured_0001"", ""45496_structured_0002"", ""139545_structured_0001"", ""237132_structured_0000"", ""45591_structured_0000"", ""139545_structured_0002"", ""136382_structured_0000"", ""137611_structured_0000"", ""137611_structured_0001"", ""106488_structured_0002"", ""237734_structured_0000"", ""136018_structured_0001"", ""7515_structured_0000"", ""218_structured_0001"", ""136618_structured_0000"", ""135900_structured_0000"", ""106488_structured_0001"", ""137611_structured_0002"", ""136109_structured_0000"", ""127944_structured_0000"", ""138173_structured_0001"", ""245574_structured_0000"", ""133043_structured_0000"", ""45512_structured_0000"", ""142796_structured_0000"", ""45591_structured_0001"", ""96761_structured_0003"", ""131800_structured_0000"", ""136382_structured_0002"", ""106488_structured_0000"", ""133008_structured_0000"", ""27666_structured_0000"", ""137611_structured_0003"", ""77700_structured_0003"", ""136443_structured_0001"", ""142796_structured_0001"", ""136443_structured_0000"", ""45455_structured_0000""]",13869.9567,1.0,1.0,1.0,1.0,1.0,1.0,1.0,1.0
132354_2,bm25,Công tác chuẩn bị ứng phó bão Kalmaegi tại Khánh Hòa được triển khai như thế nào?,132354,"[""132354_structured_0000""]","[""132354_structured_0000"", ""132354_structured_0001"", ""136018_structured_0000"", ""96761_structured_0004"", ""237132_structured_0001"", ""137611_structured_0002"", ""237132_structured_0000"", ""134076_structured_0000"", ""137611_structured_0001"", ""45391_structured_0001"", ""135900_structured_0000"", ""104938_structured_0000"", ""133043_structured_0000"", ""133008_structured_0001"", ""22483_structured_0000"", ""96761_structured_0003"", ""45591_structured_0000"", ""136018_structured_0001"", ""133745_structured_0000"", ""237525_structured_0000"", ""218_structured_0001"", ""97510_structured_0000"", ""107672_structured_0001"", ""27666_structured_0001"", ""45455_structured_0000"", ""245574_structured_0000"", ""45361_structured_0001"", ""139153_structured_0001"", ""133008_structured_0000"", ""127944_structured_0000"", ""45391_structured_0000"", ""108175_structured_0000"", ""17909_structured_0000"", ""45591_structured_0001"", ""137611_structured_0000"", ""97673_structured_0002"", ""71736_structured_0000"", ""237980_structured_0000"", ""106488_structured_0000"", ""106488_structured_0001"", ""201641_structured_0000"", ""132257_structured_0000"", ""142762_structured_0000"", ""99060_structured_0000"", ""133296_structured_0001"", ""242900_structured_0002"", ""27666_structured_0000"", ""8705_structured_0000"", ""136382_structured_0000"", ""135648_structured_0001""]",153.6421,1.0,1.0,1.0,1.0,1.0,1.0,1.0,1.0
132354_2,dense,Công tác chuẩn bị ứng phó bão Kalmaegi tại Khánh Hòa được triển khai như thế nào?,132354,"[""132354_structured_0000""]","[""136018_structured_0001"", ""136018_structured_0000"", ""132354_structured_0000"", ""132354_structured_0001"", ""237132_structured_0000"", ""45391_structured_0001"", ""237132_structured_0001"", ""45391_structured_0000"", ""45591_structured_0000"", ""45591_structured_0001"", ""133008_structured_0001"", ""96761_structured_0004"", ""245574_structured_0000"", ""46007_structured_0001"", ""134076_structured_0000"", ""134076_structured_0002"", ""136109_structured_0000"", ""137611_structured_0002"", ""136618_structured_0000"", ""134076_structured_0001"", ""133008_structured_0000"", ""206919_structured_0001"", ""137611_structured_0001"", ""206919_structured_0000"", ""46007_structured_0000"", ""139545_structured_0001"", ""133043_structured_0000"", ""17843_structured_0000"", ""46007_structured_0002"", ""45496_structured_0002"", ""109100_structured_0001"", ""136382_structured_0002"", ""137611_structured_0003"", ""109100_structured_0002"", ""245256_structured_0000"", ""132257_structured_0000"", ""139545_structured_0002"", ""136472_structured_0000"", ""238653_structured_0001"", ""137611_structured_0000"", ""108175_structured_0000"", ""109100_structured_0000"", ""17909_structured_0001"", ""136382_structured_0000"", ""135220_structured_0000"", ""45496_structured_0001"", ""138843_structured_0000"", ""183549_structured_0000"", ""17909_structured_0000"", ""183549_structured_0001""]",13532.6792,0.0,0.0,1.0,1.0,1.0,1.0,0.3333333333333333,0.5
132354_2,hybrid,Công tác chuẩn bị ứng phó bão Kalmaegi tại Khánh Hòa được triển khai như thế nào?,132354,"[""132354_structured_0000""]","[""132354_structured_0000"", ""136018_structured_0000"", ""132354_structured_0001"", ""237132_structured_0000"", ""237132_structured_0001"", ""96761_structured_0004"", ""45391_structured_0001"", ""136018_structured_0001"", ""134076_structured_0000"", ""137611_structured_0002"", ""133008_structured_0001"", ""45591_structured_0000"", ""137611_structured_0001"", ""45391_structured_0000"", ""245574_structured_0000"", ""133043_structured_0000"", ""45591_structured_0001"", ""133008_structured_0000"", ""108175_structured_0000"", ""137611_structured_0000"", ""132257_structured_0000"", ""17909_structured_0000"", ""136382_structured_0000"", ""135900_structured_0000"", ""104938_structured_0000"", ""46007_structured_0001"", ""22483_structured_0000"", ""134076_structured_0002"", ""96761_structured_0003"", ""136109_structured_0000"", ""133745_structured_0000"", ""136618_structured_0000"", ""134076_structured_0001"", ""237525_structured_0000"", ""218_structured_0001"", ""206919_structured_0001"", ""97510_structured_0000"", ""107672_structured_0001"", ""206919_structured_0000"", ""27666_structured_0001"", ""45455_structured_0000"", ""46007_structured_0000"", ""139545_structured_0001"", ""45361_structured_0001"", ""139153_structured_0001"", ""17843_structured_0000"", ""46007_structured_0002"", ""127944_structured_0000"", ""45496_structured_0002"", ""109100_structured_0001""]",13751.6683,1.0,1.0,1.0,1.0,1.0,1.0,1.0,1.0
132354_3,bm25,Vì sao Bí thư Tỉnh ủy Khánh Hòa lo ngại người dân có thể chủ quan trước bão Kalmaegi?,132354,"[""132354_structured_0000""]","[""132354_structured_0001"", ""132354_structured_0000"", ""136018_structured_0000"", ""73326_structured_0001"", ""45512_structured_0000"", ""132257_structured_0000"", ""45512_structured_0001"", ""136018_structured_0001"", ""134076_structured_0002"", ""139545_structured_0000"", ""73326_structured_0002"", ""134076_structured_0001"", ""136109_structured_0000"", ""139545_structured_0002"", ""137724_structured_0000"", ""139545_structured_0001"", ""7515_structured_0000"", ""245256_structured_0000"", ""45391_structured_0001"", ""45591_structured_0000"", ""45391_structured_0000"", ""46007_structured_0001"", ""237132_structured_0000"", ""46007_structured_0000"", ""119203_structured_0000"", ""133382_structured_0000"", ""45591_structured_0001"", ""96761_structured_0004"", ""138439_structured_0001"", ""137611_structured_0003"", ""107504_structured_0000"", ""134076_structured_0000"", ""132602_structured_0000"", ""237132_structured_0001"", ""42573_structured_0002"", ""137611_structured_0000"", ""7515_structured_0001"", ""138439_structured_0000"", ""140405_structured_0001"", ""45836_structured_0001"", ""5383_structured_0000"", ""138969_structured_0000"", ""133333_structured_0000"", ""214460_structured_0000"", ""257318_structured_0001"", ""136382_structured_0002"", ""136382_structured_0000"", ""105466_structured_0001"", ""136614_structured_0001"", ""137218_structured_0000""]",177.5815,0.0,0.0,1.0,1.0,1.0,1.0,0.5,0.6309297535714575
132354_3,dense,Vì sao Bí thư Tỉnh ủy Khánh Hòa lo ngại người dân có thể chủ quan trước bão Kalmaegi?,132354,"[""132354_structured_0000""]","[""132354_structured_0000"", ""132354_structured_0001"", ""136018_structured_0001"", ""136018_structured_0000"", ""45391_structured_0000"", ""134076_structured_0000"", ""96761_structured_0004"", ""137611_structured_0002"", ""45591_structured_0000"", ""237132_structured_0000"", ""139545_structured_0001"", ""134076_structured_0002"", ""134076_structured_0001"", ""45496_structured_0002"", ""137611_structured_0000"", ""139545_structured_0000"", ""45391_structured_0001"", ""45591_structured_0001"", ""137611_structured_0001"", ""137611_structured_0003"", ""136618_structured_0000"", ""237132_structured_0001"", ""136109_structured_0000"", ""139545_structured_0002"", ""132257_structured_0000"", ""133008_structured_0001"", ""245256_structured_0000"", ""138843_structured_0000"", ""46007_structured_0001"", ""136382_structured_0000"", ""136443_structured_0001"", ""139153_structured_0001"", ""136382_structured_0002"", ""206919_structured_0000"", ""73326_structured_0001"", ""45512_structured_0001"", ""45496_structured_0000"", ""131800_structured_0000"", ""245574_structured_0000"", ""139153_structured_0000"", ""138094_structured_0000"", ""44915_structured_0000"", ""107504_structured_0002"", ""138843_structured_0001"", ""73326_structured_0002"", ""45496_structured_0001"", ""109100_structured_0001"", ""44624_structured_0000"", ""46682_structured_0000"", ""109100_structured_0002""]",13500.5746,1.0,1.0,1.0,1.0,1.0,1.0,1.0,1.0
132354_3,hybrid,Vì sao Bí thư Tỉnh ủy Khánh Hòa lo ngại người dân có thể chủ quan trước bão Kalmaegi?,132354,"[""132354_structured_0000""]","[""132354_structured_0000"", ""132354_structured_0001"", ""136018_structured_0000"", ""136018_structured_0001"", ""134076_structured_0002"", ""45391_structured_0000"", ""134076_structured_0001"", ""139545_structured_0000"", ""139545_structured_0001"", ""45591_structured_0000"", ""132257_structured_0000"", ""237132_structured_0000"", ""96761_structured_0004"", ""73326_structured_0001"", ""134076_structured_0000"", ""136109_structured_0000"", ""45391_structured_0001"", ""139545_structured_0002"", ""45512_structured_0001"", ""245256_structured_0000"", ""45591_structured_0001"", ""137611_structured_0000"", ""137611_structured_0003"", ""73326_structured_0002"", ""46007_structured_0001"", ""237132_structured_0001"", ""136382_structured_0000"", ""136382_structured_0002"", ""45512_structured_0000"", ""137611_structured_0002"", ""45496_structured_0002"", ""137724_structured_0000"", ""7515_structured_0000"", ""137611_structured_0001"", ""136618_structured_0000"", ""46007_structured_0000"", ""119203_structured_0000"", ""133008_structured_0001"", ""133382_structured_0000"", ""138843_structured_0000"", ""138439_structured_0001"", ""107504_structured_0000"", ""136443_structured_0001"", ""139153_structured_0001"", ""132602_structured_0000"", ""206919_structured_0000"", ""42573_structured_0002"", ""45496_structured_0000"", ""7515_structured_0001"", ""131800_structured_0000""]",13650.185,1.0,1.0,1.0,1.0,1.0,1.0,1.0,1.0
132354_4,bm25,Lực lượng biên phòng đóng vai trò gì trong công tác ứng phó bão Kalmaegi tại Khánh Hòa?,132354,"[""132354_structured_0000""]","[""132354_structured_0000"", ""136018_structured_0000"", ""45455_structured_0000"", ""45591_structured_0000"", ""132354_structured_0001"", ""96761_structured_0004"", ""136445_structured_0001"", ""134076_structured_0000"", ""45391_structured_0000"", ""140714_structured_0000"", ""136445_structured_0002"", ""136337_structured_0001"", ""45391_structured_0001"", ""236881_structured_0000"", ""133008_structured_0001"", ""245574_structured_0000"", ""237888_structured_0001"", ""133701_structured_0000"", ""46007_structured_0001"", ""45591_structured_0001"", ""237734_structured_0000"", ""237132_structured_0001"", ""237525_structured_0000"", ""96761_structured_0003"", ""137611_structured_0002"", ""236881_structured_0002"", ""133043_structured_0000"", ""136445_structured_0000"", ""46007_structured_0000"", ""138086_structured_0000"", ""46577_structured_0000"", ""237132_structured_0000"", ""135900_structured_0000"", ""45496_structured_0002"", ""132257_structured_0000"", ""139153_structured_0001"", ""104938_structured_0000"", ""135220_structured_0000"", ""237888_structured_0002"", ""218640_structured_0001"", ""133008_structured_0000"", ""140426_structured_0000"", ""236881_structured_0001"", ""133943_structured_0001"", ""142395_structured_0003"", ""137611_structured_0003"", ""22904_structured_0001"", ""244876_structured_0000"", ""142395_structured_0001"", ""136337_structured_0000""]",151.5846,1.0,1.0,1.0,1.0,1.0,1.0,1.0,1.0
132354_4,dense,Lực lượng biên phòng đóng vai trò gì trong công tác ứng phó bão Kalmaegi tại Khánh Hòa?,132354,"[""132354_structured_0000""]","[""132354_structured_0000"", ""132354_structured_0001"", ""136018_structured_0001"", ""136018_structured_0000"", ""45391_structured_0001"", ""133008_structured_0001"", ""237132_structured_0000"", ""45391_structured_0000"", ""45591_structured_0000"", ""45591_structured_0001"", ""96761_structured_0004"", ""245574_structured_0000"", ""237132_structured_0001"", ""134076_structured_0000"", ""136445_structured_0000"", ""133008_structured_0000"", ""236881_structured_0000"", ""136618_structured_0000"", ""137611_structured_0002"", ""136445_structured_0001"", ""134076_structured_0002"", ""46007_structured_0001"", ""136109_structured_0000"", ""134076_structured_0001"", ""133701_structured_0000"", ""45455_structured_0000"", ""236881_structured_0002"", ""137611_structured_0003"", ""136337_structured_0001"", ""238653_structured_0001"", ""141936_structured_0003"", ""139545_structured_0001"", ""141936_structured_0002"", ""137611_structured_0001"", ""45496_structured_0000"", ""236881_structured_0001"", ""137611_structured_0000"", ""142395_structured_0001"", ""206919_structured_0001"", ""45496_structured_0002"", ""136445_structured_0002"", ""206919_structured_0000"", ""236976_structured_0001"", ""136337_structured_0000"", ""142395_structured_0003"", ""139153_structured_0000"", ""236976_structured_0000"", ""139153_structured_0001"", ""136443_structured_0001"", ""238653_structured_0000""]",13011.4467,1.0,1.0,1.0,1.0,1.0,1.0,1.0,1.0
132354_4,hybrid,Lực lượng biên phòng đóng vai trò gì trong công tác ứng phó bão Kalmaegi tại Khánh Hòa?,132354,"[""132354_structured_0000""]","[""132354_structured_0000"", ""136018_structured_0000"", ""132354_structured_0001"", ""45591_structured_0000"", ""96761_structured_0004"", ""45391_structured_0000"", ""45391_structured_0001"", ""133008_structured_0001"", ""134076_structured_0000"", ""45455_structured_0000"", ""136445_structured_0001"", ""245574_structured_0000"", ""45591_structured_0001"", ""236881_structured_0000"", ""237132_structured_0001"", ""237132_structured_0000"", ""136337_structured_0001"", ""46007_structured_0001"", ""136445_structured_0000"", ""133701_structured_0000"", ""137611_structured_0002"", ""136445_structured_0002"", ""236881_structured_0002"", ""133008_structured_0000"", ""137611_structured_0003"", ""45496_structured_0002"", ""236881_structured_0001"", ""139153_structured_0001"", ""142395_structured_0001"", ""142395_structured_0003"", ""136337_structured_0000"", ""136018_structured_0001"", ""140714_structured_0000"", ""237888_structured_0001"", ""136618_structured_0000"", ""134076_structured_0002"", ""237734_structured_0000"", ""136109_structured_0000"", ""237525_structured_0000"", ""134076_structured_0001"", ""96761_structured_0003"", ""133043_structured_0000"", ""46007_structured_0000"", ""138086_structured_0000"", ""238653_structured_0001"", ""141936_structured_0003"", ""46577_structured_0000"", ""139545_structured_0001"", ""135900_structured_0000"", ""141936_structured_0002""]",13011.7285,1.0,1.0,1.0,1.0,1.0,1.0,1.0,1.0
50356_1,bm25,Mazda đã đăng ký bản quyền tên gọi Mazda 3e tại những thị trường nào?,50356,"[""50356_structured_0001""]","[""50356_structured_0001"", ""51868_structured_0000"", ""51868_structured_0001"", ""50356_structured_0000"", ""48790_structured_0000"", ""253045_structured_0002"", ""47991_structured_0002"", ""50356_structured_0003"", ""143697_structured_0002"", ""50356_structured_0002"", ""52444_structured_0000"", ""146214_structured_0001"", ""143662_structured_0000"", ""143662_structured_0001"", ""252000_structured_0000"", ""144167_structured_0000"", ""48790_structured_0003"", ""145230_structured_0000"", ""250016_structured_0000"", ""143697_structured_0003"", ""48829_structured_0000"", ""144734_structured_0000"", ""144734_structured_0001"", ""145761_structured_0001"", ""47991_structured_0000"", ""144907_structured_0001"", ""253712_structured_0002"", ""48790_structured_0001"", ""48790_structured_0002"", ""253601_structured_0002"", ""145370_structured_0000"", ""144527_structured_0001"", ""144527_structured_0000"", ""252816_structured_0002"", ""143456_structured_0001"", ""253776_structured_0001"", ""48227_structured_0003"", ""250016_structured_0001"", ""47991_structured_0001"", ""144003_structured_0000"", ""145203_structured_0002"", ""48227_structured_0002"", ""47384_structured_0001"", ""48042_structured_0000"", ""125264_structured_0000"", ""250476_structured_0000"", ""143456_structured_0002"", ""143697_structured_0005"", ""48829_structured_0001"", ""51067_structured_0002""]",182.1467,1.0,1.0,1.0,1.0,1.0,1.0,1.0,1.0
50356_1,dense,Mazda đã đăng ký bản quyền tên gọi Mazda 3e tại những thị trường nào?,50356,"[""50356_structured_0001""]","[""50356_structured_0001"", ""50356_structured_0002"", ""50356_structured_0003"", ""50308_structured_0000"", ""50308_structured_0001"", ""50356_structured_0000"", ""50308_structured_0002"", ""51868_structured_0001"", ""50308_structured_0003"", ""247487_structured_0001"", ""247487_structured_0000"", ""51868_structured_0000"", ""144734_structured_0001"", ""50308_structured_0004"", ""48790_structured_0003"", ""50283_structured_0001"", ""50314_structured_0000"", ""252237_structured_0001"", ""252237_structured_0000"", ""51707_structured_0001"", ""50283_structured_0000"", ""48422_structured_0001"", ""144734_structured_0000"", ""143143_structured_0000"", ""47405_structured_0002"", ""252489_structured_0001"", ""251878_structured_0000"", ""50265_structured_0001"", ""144429_structured_0001"", ""50353_structured_0000"", ""48227_structured_0002"", ""145370_structured_0003"", ""252769_structured_0000"", ""48790_structured_0000"", ""247875_structured_0003"", ""48227_structured_0003"", ""145230_structured_0001"", ""48101_structured_0001"", ""248070_structured_0001"", ""144818_structured_0000"", ""144003_structured_0000"", ""247496_structured_0000"", ""146361_structured_0001"", ""143662_structured_0001"", ""50353_structured_0001"", ""48459_structured_0004"", ""48459_structured_0003"", ""144527_structured_0001"", ""48101_structured_0000"", ""251878_structured_0001""]",13004.7728,1.0,1.0,1.0,1.0,1.0,1.0,1.0,1.0
50356_1,hybrid,Mazda đã đăng ký bản quyền tên gọi Mazda 3e tại những thị trường nào?,50356,"[""50356_structured_0001""]","[""50356_structured_0001"", ""50356_structured_0000"", ""50356_structured_0003"", ""51868_structured_0001"", ""50356_structured_0002"", ""51868_structured_0000"", ""48790_structured_0003"", ""48790_structured_0000"", ""144734_structured_0001"", ""144734_structured_0000"", ""143662_structured_0001"", ""48227_structured_0002"", ""48227_structured_0003"", ""144527_structured_0001"", ""144003_structured_0000"", ""50308_structured_0000"", ""50308_structured_0001"", ""253045_structured_0002"", ""47991_structured_0002"", ""50308_structured_0002"", ""143697_structured_0002"", ""50308_structured_0003"", ""247487_structured_0001"", ""247487_structured_0000"", ""52444_structured_0000"", ""146214_structured_0001"", ""143662_structured_0000"", ""50308_structured_0004"", ""252000_structured_0000"", ""144167_structured_0000"", ""50283_structured_0001"", ""50314_structured_0000"", ""145230_structured_0000"", ""252237_structured_0001"", ""250016_structured_0000"", ""252237_structured_0000"", ""143697_structured_0003"", ""51707_structured_0001"", ""48829_structured_0000"", ""50283_structured_0000"", ""48422_structured_0001"", ""143143_structured_0000"", ""145761_structured_0001"", ""47405_structured_0002"", ""47991_structured_0000"", ""144907_structured_0001"", ""252489_structured_0001"", ""251878_structured_0000"", ""253712_structured_0002"", ""48790_structured_0001""]",13344.4497,1.0,1.0,1.0,1.0,1.0,1.0,1.0,1.0
50356_2,bm25,Tình hình phát triển các dòng xe cỡ nhỏ của Mazda hiện nay diễn ra như thế nào?,50356,"[""50356_structured_0000""]","[""50356_structured_0000"", ""253776_structured_0002"", ""253045_structured_0002"", ""144734_structured_0000"", ""144421_structured_0000"", ""253776_structured_0001"", ""51868_structured_0001"", ""248496_structured_0001"", ""51868_structured_0000"", ""253680_structured_0001"", ""145230_structured_0000"", ""253680_structured_0000"", ""48042_structured_0000"", ""48829_structured_0000"", ""143697_structured_0004"", ""253712_structured_0002"", ""144734_structured_0001"", ""52482_structured_0000"", ""145370_structured_0000"", ""143456_structured_0001"", ""50356_structured_0001"", ""255070_structured_0002"", ""143697_structured_0003"", ""248496_structured_0000"", ""145230_structured_0001"", ""146137_structured_0001"", ""255513_structured_0000"", ""146482_structured_0000"", ""145370_structured_0003"", ""48528_structured_0000"", ""250730_structured_0000"", ""144791_structured_0000"", ""144891_structured_0000"", ""253601_structured_0001"", ""144421_structured_0001"", ""145370_structured_0002"", ""145370_structured_0001"", ""253940_structured_0001"", ""144167_structured_0000"", ""143697_structured_0002"", ""143979_structured_0001"", ""50795_structured_0000"", ""146137_structured_0000"", ""47991_structured_0000"", ""48193_structured_0000"", ""250016_structured_0000"", ""143542_structured_0001"", ""247562_structured_0002"", ""50932_structured_0000"", ""145183_structured_0000""]",194.0712,1.0,1.0,1.0,1.0,1.0,1.0,1.0,1.0
50356_2,dense,Tình hình phát triển các dòng xe cỡ nhỏ của Mazda hiện nay diễn ra như thế nào?,50356,"[""50356_structured_0000""]","[""51868_structured_0000"", ""50356_structured_0000"", ""51868_structured_0001"", ""143542_structured_0002"", ""144728_structured_0002"", ""143542_structured_0001"", ""143542_structured_0000"", ""145723_structured_0000"", ""47991_structured_0000"", ""144734_structured_0000"", ""145737_structured_0002"", ""144421_structured_0000"", ""52482_structured_0000"", ""48009_structured_0000"", ""48227_structured_0003"", ""145737_structured_0000"", ""144728_structured_0001"", ""253091_structured_0001"", ""144421_structured_0001"", ""47991_structured_0001"", ""144728_structured_0000"", ""144923_structured_0001"", ""48009_structured_0001"", ""144119_structured_0000"", ""253096_structured_0001"", ""146137_structured_0003"", ""50356_structured_0001"", ""144775_structured_0001"", ""48206_structured_0000"", ""145370_structured_0003"", ""144421_structured_0002"", ""144734_structured_0001"", ""247875_structured_0003"", ""50356_structured_0003"", ""50353_structured_0002"", ""144923_structured_0000"", ""146137_structured_0001"", ""252000_structured_0000"", ""144887_structured_0003"", ""50356_structured_0002"", ""145495_structured_0001"", ""48193_structured_0001"", ""50265_structured_0001"", ""145737_structured_0001"", ""253091_structured_0000"", ""48422_structured_0001"", ""144923_structured_0002"", ""145230_structured_0001"", ""50353_structured_0000"", ""50353_structured_0001""]",13055.7565,0.0,0.0,1.0,1.0,1.0,1.0,0.5,0.6309297535714575
50356_2,hybrid,Tình hình phát triển các dòng xe cỡ nhỏ của Mazda hiện nay diễn ra như thế nào?,50356,"[""50356_structured_0000""]","[""50356_structured_0000"", ""51868_structured_0000"", ""51868_structured_0001"", ""144734_structured_0000"", ""144421_structured_0000"", ""52482_structured_0000"", ""143542_structured_0001"", ""47991_structured_0000"", ""144734_structured_0001"", ""50356_structured_0001"", ""144421_structured_0001"", ""145370_structured_0003"", ""146137_structured_0001"", ""145230_structured_0001"", ""253776_structured_0002"", ""253045_structured_0002"", ""143542_structured_0002"", ""144728_structured_0002"", ""253776_structured_0001"", ""143542_structured_0000"", ""145723_structured_0000"", ""248496_structured_0001"", ""253680_structured_0001"", ""145230_structured_0000"", ""145737_structured_0002"", ""253680_structured_0000"", ""48042_structured_0000"", ""48009_structured_0000"", ""48829_structured_0000"", ""143697_structured_0004"", ""48227_structured_0003"", ""145737_structured_0000"", ""253712_structured_0002"", ""144728_structured_0001"", ""253091_structured_0001"", ""145370_structured_0000"", ""143456_structured_0001"", ""47991_structured_0001"", ""144728_structured_0000"", ""144923_structured_0001"", ""255070_structured_0002"", ""143697_structured_0003"", ""48009_structured_0001"", ""144119_structured_0000"", ""248496_structured_0000"", ""253096_structured_0001"", ""146137_structured_0003"", ""255513_structured_0000"", ""144775_structured_0001"", ""146482_structured_0000""]",13117.33,1.0,1.0,1.0,1.0,1.0,1.0,1.0,1.0
50356_3,bm25,Điều gì khiến Mazda3 đứng trước nguy cơ bị khai tử hoặc phải thay đổi hoàn toàn?,50356,"[""50356_structured_0000""]","[""50356_structured_0000"", ""50356_structured_0002"", ""50356_structured_0001"", ""50356_structured_0003"", ""52308_structured_0000"", ""253522_structured_0002"", ""144119_structured_0001"", ""115922_structured_0000"", ""145737_structured_0001"", ""28646_structured_0000"", ""250049_structured_0001"", ""52000_structured_0001"", ""58713_structured_0000"", ""26921_structured_0000"", ""31622_structured_0001"", ""254727_structured_0000"", ""252857_structured_0002"", ""253522_structured_0001"", ""92962_structured_0001"", ""70125_structured_0000"", ""49915_structured_0003"", ""16816_structured_0000"", ""115451_structured_0002"", ""48257_structured_0000"", ""38328_structured_0001"", ""70125_structured_0001"", ""38056_structured_0001"", ""220482_structured_0000"", ""212599_structured_0001"", ""98203_structured_0000"", ""172657_structured_0000"", ""75290_structured_0001"", ""43207_structured_0000"", ""144119_structured_0000"", ""144775_structured_0001"", ""37105_structured_0000"", ""71487_structured_0001"", ""43588_structured_0002"", ""145737_structured_0000"", ""26666_structured_0000"", ""176549_structured_0001"", ""144119_structured_0002"", ""60971_structured_0000"", ""16890_structured_0001"", ""205946_structured_0001"", ""145737_structured_0002"", ""27777_structured_0001"", ""15307_structured_0000"", ""214495_structured_0000"", ""218890_structured_0000""]",242.2248,1.0,1.0,1.0,1.0,1.0,1.0,1.0,1.0
50356_3,dense,Điều gì khiến Mazda3 đứng trước nguy cơ bị khai tử hoặc phải thay đổi hoàn toàn?,50356,"[""50356_structured_0000""]","[""50356_structured_0000"", ""50356_structured_0003"", ""50356_structured_0001"", ""50356_structured_0002"", ""51868_structured_0000"", ""51868_structured_0001"", ""253045_structured_0003"", ""145737_structured_0000"", ""50353_structured_0000"", ""145737_structured_0002"", ""253045_structured_0002"", ""253045_structured_0001"", ""144775_structured_0001"", ""48009_structured_0001"", ""50353_structured_0001"", ""144301_structured_0001"", ""144734_structured_0001"", ""109650_structured_0002"", ""250425_structured_0000"", ""250016_structured_0000"", ""252000_structured_0000"", ""144775_structured_0000"", ""145737_structured_0001"", ""145185_structured_0001"", ""143662_structured_0001"", ""248342_structured_0000"", ""50353_structured_0002"", ""144734_structured_0000"", ""48009_structured_0000"", ""143907_structured_0001"", ""143143_structured_0001"", ""144119_structured_0001"", ""109650_structured_0003"", ""109650_structured_0001"", ""145473_structured_0000"", ""144119_structured_0000"", ""48193_structured_0001"", ""47632_structured_0004"", ""144887_structured_0003"", ""144818_structured_0000"", ""143358_structured_0000"", ""254489_structured_0001"", ""145723_structured_0000"", ""254489_structured_0000"", ""144119_structured_0002"", ""48206_structured_0003"", ""147885_structured_0001"", ""252580_structured_0000"", ""252945_structured_0000"", ""143907_structured_0000""]",13660.2695,1.0,1.0,1.0,1.0,1.0,1.0,1.0,1.0
50356_3,hybrid,Điều gì khiến Mazda3 đứng trước nguy cơ bị khai tử hoặc phải thay đổi hoàn toàn?,50356,"[""50356_structured_0000""]","[""50356_structured_0000"", ""50356_structured_0002"", ""50356_structured_0003"", ""50356_structured_0001"", ""145737_structured_0001"", ""144119_structured_0001"", ""145737_structured_0000"", ""144775_structured_0001"", ""145737_structured_0002"", ""144119_structured_0000"", ""144119_structured_0002"", ""51868_structured_0000"", ""52308_structured_0000"", ""253522_structured_0002"", ""51868_structured_0001"", ""253045_structured_0003"", ""115922_structured_0000"", ""50353_structured_0000"", ""28646_structured_0000"", ""250049_structured_0001"", ""253045_structured_0002"", ""253045_structured_0001"", ""52000_structured_0001"", ""58713_structured_0000"", ""26921_structured_0000"", ""48009_structured_0001"", ""31622_structured_0001"", ""50353_structured_0001"", ""144301_structured_0001"", ""254727_structured_0000"", ""144734_structured_0001"", ""252857_structured_0002"", ""109650_structured_0002"", ""253522_structured_0001"", ""250425_structured_0000"", ""92962_structured_0001"", ""250016_structured_0000"", ""70125_structured_0000"", ""252000_structured_0000"", ""49915_structured_0003"", ""144775_structured_0000"", ""16816_structured_0000"", ""115451_structured_0002"", ""145185_structured_0001"", ""48257_structured_0000"", ""143662_structured_0001"", ""38328_structured_0001"", ""248342_structured_0000"", ""70125_structured_0001"", ""38056_structured_0001""]",13806.8705,1.0,1.0,1.0,1.0,1.0,1.0,1.0,1.0
50356_4,bm25,Deepal và Changan đóng vai trò gì trong chiến lược xe điện của Mazda?,50356,"[""50356_structured_0001""]","[""50356_structured_0001"", ""50356_structured_0000"", ""50356_structured_0003"", ""50356_structured_0002"", ""252869_structured_0001"", ""51868_structured_0000"", ""49177_structured_0001"", ""52313_structured_0000"", ""48227_structured_0002"", ""51868_structured_0001"", ""52018_structured_0000"", ""148058_structured_0000"", ""201832_structured_0001"", ""253045_structured_0002"", ""181655_structured_0001"", ""251819_structured_0000"", ""32498_structured_0002"", ""249046_structured_0000"", ""160842_structured_0000"", ""144935_structured_0001"", ""49313_structured_0001"", ""48459_structured_0003"", ""48790_structured_0002"", ""194515_structured_0003"", ""252869_structured_0000"", ""143697_structured_0003"", ""143697_structured_0005"", ""48790_structured_0001"", ""143697_structured_0000"", ""22696_structured_0001"", ""132078_structured_0000"", ""185545_structured_0002"", ""48227_structured_0003"", ""196539_structured_0000"", ""249754_structured_0000"", ""51812_structured_0000"", ""248989_structured_0000"", ""143697_structured_0002"", ""198519_structured_0001"", ""185545_structured_0001"", ""143662_structured_0000"", ""48829_structured_0000"", ""190593_structured_0003"", ""23853_structured_0001"", ""190657_structured_0003"", ""108356_structured_0000"", ""144429_structured_0000"", ""50308_structured_0004"", ""213963_structured_0001"", ""49177_structured_0000""]",152.3098,1.0,1.0,1.0,1.0,1.0,1.0,1.0,1.0
50356_4,dense,Deepal và Changan đóng vai trò gì trong chiến lược xe điện của Mazda?,50356,"[""50356_structured_0001""]","[""50356_structured_0001"", ""50356_structured_0000"", ""50356_structured_0003"", ""50356_structured_0002"", ""50308_structured_0000"", ""119753_structured_0002"", ""50353_structured_0000"", ""50308_structured_0001"", ""119753_structured_0000"", ""50353_structured_0002"", ""50353_structured_0001"", ""51868_structured_0000"", ""109559_structured_0001"", ""51868_structured_0001"", ""49177_structured_0001"", ""239633_structured_0002"", ""48422_structured_0001"", ""51806_structured_0002"", ""249375_structured_0000"", ""48206_structured_0000"", ""48459_structured_0003"", ""51806_structured_0000"", ""252517_structured_0001"", ""50308_structured_0002"", ""253045_structured_0002"", ""119753_structured_0001"", ""48418_structured_0000"", ""252668_structured_0000"", ""188472_structured_0000"", ""48206_structured_0002"", ""251878_structured_0000"", ""109559_structured_0002"", ""57609_structured_0000"", ""239633_structured_0001"", ""109559_structured_0004"", ""249046_structured_0001"", ""49161_structured_0000"", ""252857_structured_0002"", ""50308_structured_0003"", ""147874_structured_0001"", ""147874_structured_0000"", ""49161_structured_0001"", ""145723_structured_0000"", ""48193_structured_0000"", ""252869_structured_0001"", ""49616_structured_0000"", ""51950_structured_0000"", ""252869_structured_0000"", ""252857_structured_0001"", ""247875_structured_0003""]",13494.2842,1.0,1.0,1.0,1.0,1.0,1.0,1.0,1.0
50356_4,hybrid,Deepal và Changan đóng vai trò gì trong chiến lược xe điện của Mazda?,50356,"[""50356_structured_0001""]","[""50356_structured_0001"", ""50356_structured_0000"", ""50356_structured_0003"", ""50356_structured_0002"", ""51868_structured_0000"", ""49177_structured_0001"", ""51868_structured_0001"", ""253045_structured_0002"", ""252869_structured_0001"", ""48459_structured_0003"", ""252869_structured_0000"", ""50308_structured_0000"", ""119753_structured_0002"", ""50353_structured_0000"", ""50308_structured_0001"", ""52313_structured_0000"", ""119753_structured_0000"", ""48227_structured_0002"", ""50353_structured_0002"", ""50353_structured_0001"", ""52018_structured_0000"", ""148058_structured_0000"", ""109559_structured_0001"", ""201832_structured_0001"", ""181655_structured_0001"", ""239633_structured_0002"", ""251819_structured_0000"", ""32498_structured_0002"", ""48422_structured_0001"", ""249046_structured_0000"", ""51806_structured_0002"", ""160842_structured_0000"", ""249375_structured_0000"", ""144935_structured_0001"", ""48206_structured_0000"", ""49313_structured_0001"", ""51806_structured_0000"", ""252517_structured_0001"", ""48790_structured_0002"", ""194515_structured_0003"", ""50308_structured_0002"", ""119753_structured_0001"", ""143697_structured_0003"", ""143697_structured_0005"", ""48418_structured_0000"", ""252668_structured_0000"", ""48790_structured_0001"", ""143697_structured_0000"", ""188472_structured_0000"", ""22696_structured_0001""]",13655.8211,1.0,1.0,1.0,1.0,1.0,1.0,1.0,1.0
148770_1,bm25,Dự án Da Nang Downtown được xây dựng tại khu vực nào của Đà Nẵng?,148770,"[""148770_structured_0000""]","[""148770_structured_0000"", ""1649_structured_0002"", ""1649_structured_0000"", ""1649_structured_0001"", ""154701_structured_0002"", ""154701_structured_0001"", ""149950_structured_0000"", ""75902_structured_0000"", ""138484_structured_0000"", ""149950_structured_0002"", ""152128_structured_0001"", ""1850_structured_0001"", ""148481_structured_0000"", ""154472_structured_0000"", ""149950_structured_0001"", ""104025_structured_0001"", ""136061_structured_0000"", ""65400_structured_0000"", ""104398_structured_0006"", ""149616_structured_0001"", ""152128_structured_0000"", ""361_structured_0000"", ""104398_structured_0007"", ""45898_structured_0000"", ""197510_structured_0003"", ""333_structured_0000"", ""151306_structured_0000"", ""788_structured_0001"", ""1577_structured_0000"", ""149777_structured_0000"", ""148745_structured_0000"", ""33968_structured_0001"", ""104025_structured_0000"", ""133853_structured_0003"", ""133437_structured_0000"", ""134187_structured_0000"", ""149616_structured_0000"", ""152128_structured_0003"", ""139691_structured_0000"", ""152128_structured_0002"", ""153449_structured_0000"", ""5424_structured_0000"", ""148924_structured_0001"", ""149618_structured_0000"", ""333_structured_0001"", ""152964_structured_0000"", ""191219_structured_0000"", ""247066_structured_0000"", ""138484_structured_0001"", ""191219_structured_0001""]",173.1473,1.0,1.0,1.0,1.0,1.0,1.0,1.0,1.0
148770_1,dense,Dự án Da Nang Downtown được xây dựng tại khu vực nào của Đà Nẵng?,148770,"[""148770_structured_0000""]","[""148770_structured_0000"", ""149777_structured_0001"", ""149777_structured_0000"", ""149950_structured_0000"", ""65400_structured_0000"", ""1850_structured_0001"", ""149950_structured_0002"", ""184321_structured_0003"", ""139691_structured_0001"", ""523_structured_0002"", ""788_structured_0001"", ""523_structured_0001"", ""133853_structured_0003"", ""149950_structured_0001"", ""149616_structured_0000"", ""1577_structured_0001"", ""136061_structured_0000"", ""138018_structured_0000"", ""104902_structured_0003"", ""1649_structured_0002"", ""788_structured_0000"", ""138484_structured_0001"", ""65400_structured_0002"", ""133437_structured_0002"", ""361_structured_0000"", ""139691_structured_0000"", ""151975_structured_0000"", ""1649_structured_0001"", ""138018_structured_0001"", ""148924_structured_0000"", ""134187_structured_0000"", ""133853_structured_0002"", ""148924_structured_0002"", ""148924_structured_0001"", ""148745_structured_0001"", ""65400_structured_0001"", ""134187_structured_0001"", ""104902_structured_0000"", ""104902_structured_0002"", ""152128_structured_0001"", ""45509_structured_0000"", ""133437_structured_0000"", ""333_structured_0000"", ""75902_structured_0000"", ""333_structured_0001"", ""149616_structured_0001"", ""133437_structured_0001"", ""1577_structured_0000"", ""184_structured_0001"", ""201272_structured_0003""]",13544.3038,1.0,1.0,1.0,1.0,1.0,1.0,1.0,1.0
148770_1,hybrid,Dự án Da Nang Downtown được xây dựng tại khu vực nào của Đà Nẵng?,148770,"[""148770_structured_0000""]","[""148770_structured_0000"", ""149950_structured_0000"", ""149950_structured_0002"", ""1850_structured_0001"", ""1649_structured_0002"", ""65400_structured_0000"", ""1649_structured_0001"", ""149777_structured_0000"", ""149950_structured_0001"", ""136061_structured_0000"", ""788_structured_0001"", ""133853_structured_0003"", ""75902_structured_0000"", ""152128_structured_0001"", ""361_structured_0000"", ""149616_structured_0000"", ""149616_structured_0001"", ""139691_structured_0000"", ""134187_structured_0000"", ""138484_structured_0001"", ""333_structured_0000"", ""1577_structured_0000"", ""148924_structured_0001"", ""133437_structured_0000"", ""333_structured_0001"", ""149777_structured_0001"", ""1649_structured_0000"", ""154701_structured_0002"", ""154701_structured_0001"", ""184321_structured_0003"", ""138484_structured_0000"", ""139691_structured_0001"", ""523_structured_0002"", ""523_structured_0001"", ""148481_structured_0000"", ""154472_structured_0000"", ""104025_structured_0001"", ""1577_structured_0001"", ""138018_structured_0000"", ""104398_structured_0006"", ""104902_structured_0003"", ""152128_structured_0000"", ""788_structured_0000"", ""104398_structured_0007"", ""65400_structured_0002"", ""133437_structured_0002"", ""45898_structured_0000"", ""197510_structured_0003"", ""151306_structured_0000"", ""151975_structured_0000""]",13661.5145,1.0,1.0,1.0,1.0,1.0,1.0,1.0,1.0
148770_2,bm25,Dự án Da Nang Downtown bao gồm những hạng mục chính nào và điểm nhấn kiến trúc của dự án là gì?,148770,"[""148770_structured_0000""]","[""148770_structured_0000"", ""1649_structured_0002"", ""150302_structured_0000"", ""1649_structured_0000"", ""150302_structured_0001"", ""149267_structured_0001"", ""153449_structured_0000"", ""108695_structured_0000"", ""75902_structured_0000"", ""1122_structured_0001"", ""148573_structured_0002"", ""1649_structured_0001"", ""77124_structured_0000"", ""77124_structured_0001"", ""154701_structured_0002"", ""154421_structured_0000"", ""240259_structured_0000"", ""13472_structured_0002"", ""149267_structured_0000"", ""9773_structured_0001"", ""13472_structured_0001"", ""154701_structured_0001"", ""80373_structured_0001"", ""77316_structured_0001"", ""149200_structured_0000"", ""106030_structured_0003"", ""106030_structured_0004"", ""94729_structured_0004"", ""199730_structured_0000"", ""154472_structured_0000"", ""94729_structured_0003"", ""149970_structured_0001"", ""106030_structured_0000"", ""94729_structured_0002"", ""199577_structured_0000"", ""75785_structured_0001"", ""76880_structured_0001"", ""78111_structured_0000"", ""149366_structured_0002"", ""52997_structured_0002"", ""149494_structured_0000"", ""80373_structured_0000"", ""77565_structured_0000"", ""143697_structured_0000"", ""164151_structured_0004"", ""2060_structured_0003"", ""171290_structured_0000"", ""150035_structured_0001"", ""149950_structured_0000"", ""149447_structured_0001""]",201.2102,1.0,1.0,1.0,1.0,1.0,1.0,1.0,1.0
148770_2,dense,Dự án Da Nang Downtown bao gồm những hạng mục chính nào và điểm nhấn kiến trúc của dự án là gì?,148770,"[""148770_structured_0000""]","[""148770_structured_0000"", ""149777_structured_0001"", ""149950_structured_0001"", ""149950_structured_0000"", ""149777_structured_0000"", ""1649_structured_0002"", ""1649_structured_0001"", ""149950_structured_0002"", ""148607_structured_0000"", ""148607_structured_0001"", ""149834_structured_0001"", ""148786_structured_0001"", ""149311_structured_0001"", ""149311_structured_0000"", ""148786_structured_0000"", ""148924_structured_0001"", ""65400_structured_0000"", ""148607_structured_0002"", ""75902_structured_0000"", ""1074_structured_0001"", ""148682_structured_0002"", ""149366_structured_0002"", ""149334_structured_0002"", ""149746_structured_0001"", ""149311_structured_0002"", ""133437_structured_0002"", ""1649_structured_0000"", ""149834_structured_0000"", ""104706_structured_0001"", ""148924_structured_0000"", ""133437_structured_0000"", ""150302_structured_0001"", ""149230_structured_0000"", ""148884_structured_0001"", ""148682_structured_0000"", ""105697_structured_0000"", ""105697_structured_0001"", ""148558_structured_0000"", ""148495_structured_0001"", ""106030_structured_0003"", ""148573_structured_0002"", ""148973_structured_0002"", ""149230_structured_0002"", ""104706_structured_0000"", ""148682_structured_0001"", ""149678_structured_0000"", ""148647_structured_0001"", ""105697_structured_0003"", ""148924_structured_0002"", ""148647_structured_0000""]",13015.5067,1.0,1.0,1.0,1.0,1.0,1.0,1.0,1.0
148770_2,hybrid,Dự án Da Nang Downtown bao gồm những hạng mục chính nào và điểm nhấn kiến trúc của dự án là gì?,148770,"[""148770_structured_0000""]","[""148770_structured_0000"", ""1649_structured_0002"", ""1649_structured_0001"", ""75902_structured_0000"", ""1649_structured_0000"", ""150302_structured_0001"", ""149950_structured_0000"", ""148573_structured_0002"", ""149366_structured_0002"", ""106030_structured_0003"", ""149777_structured_0001"", ""149950_structured_0001"", ""150302_structured_0000"", ""149777_structured_0000"", ""149267_structured_0001"", ""153449_structured_0000"", ""108695_structured_0000"", ""149950_structured_0002"", ""148607_structured_0000"", ""1122_structured_0001"", ""148607_structured_0001"", ""149834_structured_0001"", ""148786_structured_0001"", ""149311_structured_0001"", ""77124_structured_0000"", ""149311_structured_0000"", ""77124_structured_0001"", ""148786_structured_0000"", ""154701_structured_0002"", ""148924_structured_0001"", ""154421_structured_0000"", ""240259_structured_0000"", ""65400_structured_0000"", ""13472_structured_0002"", ""148607_structured_0002"", ""149267_structured_0000"", ""1074_structured_0001"", ""9773_structured_0001"", ""13472_structured_0001"", ""148682_structured_0002"", ""154701_structured_0001"", ""149334_structured_0002"", ""80373_structured_0001"", ""149746_structured_0001"", ""77316_structured_0001"", ""149200_structured_0000"", ""149311_structured_0002"", ""133437_structured_0002"", ""106030_structured_0004"", ""149834_structured_0000""]",13169.3729,1.0,1.0,1.0,1.0,1.0,1.0,1.0,1.0
148770_3,bm25,Điều gì khiến Đà Nẵng trở thành thành phố trực thuộc Trung ương có diện tích lớn nhất cả nước?,148770,"[""148770_structured_0000""]","[""148770_structured_0000"", ""149896_structured_0000"", ""107672_structured_0000"", ""149896_structured_0001"", ""44313_structured_0000"", ""149950_structured_0000"", ""139927_structured_0000"", ""119203_structured_0001"", ""196341_structured_0000"", ""134808_structured_0004"", ""134808_structured_0003"", ""153825_structured_0001"", ""104902_structured_0003"", ""66408_structured_0000"", ""134808_structured_0000"", ""165525_structured_0000"", ""196341_structured_0001"", ""133755_structured_0001"", ""74838_structured_0001"", ""134808_structured_0001"", ""44313_structured_0001"", ""104902_structured_0002"", ""134466_structured_0001"", ""191329_structured_0001"", ""105571_structured_0004"", ""134466_structured_0000"", ""150864_structured_0001"", ""65400_structured_0001"", ""78478_structured_0000"", ""239308_structured_0001"", ""788_structured_0001"", ""99182_structured_0000"", ""75290_structured_0002"", ""1658_structured_0001"", ""154701_structured_0001"", ""96852_structured_0000"", ""105581_structured_0001"", ""104191_structured_0000"", ""247390_structured_0000"", ""104902_structured_0004"", ""104025_structured_0002"", ""106873_structured_0001"", ""140485_structured_0001"", ""105158_structured_0004"", ""139413_structured_0000"", ""247074_structured_0001"", ""149428_structured_0001"", ""154701_structured_0002"", ""134187_structured_0000"", ""165194_structured_0000""]",188.6721,1.0,1.0,1.0,1.0,1.0,1.0,1.0,1.0
148770_3,dense,Điều gì khiến Đà Nẵng trở thành thành phố trực thuộc Trung ương có diện tích lớn nhất cả nước?,148770,"[""148770_structured_0000""]","[""65400_structured_0000"", ""148770_structured_0000"", ""139927_structured_0000"", ""104902_structured_0003"", ""104902_structured_0002"", ""247390_structured_0000"", ""184321_structured_0000"", ""184321_structured_0005"", ""139413_structured_0001"", ""104902_structured_0004"", ""105571_structured_0003"", ""247360_structured_0000"", ""104902_structured_0001"", ""105571_structured_0002"", ""105571_structured_0004"", ""105571_structured_0000"", ""139413_structured_0000"", ""138018_structured_0000"", ""184321_structured_0001"", ""184321_structured_0003"", ""105697_structured_0000"", ""104902_structured_0000"", ""150428_structured_0001"", ""1658_structured_0001"", ""105571_structured_0001"", ""196341_structured_0000"", ""247360_structured_0001"", ""65400_structured_0002"", ""1850_structured_0001"", ""65400_structured_0001"", ""184321_structured_0004"", ""154701_structured_0001"", ""104312_structured_0000"", ""333_structured_0001"", ""149777_structured_0001"", ""154701_structured_0002"", ""154701_structured_0000"", ""523_structured_0001"", ""184321_structured_0002"", ""788_structured_0000"", ""238034_structured_0000"", ""1658_structured_0000"", ""138018_structured_0001"", ""45509_structured_0000"", ""196341_structured_0001"", ""199846_structured_0000"", ""105697_structured_0001"", ""201272_structured_0001"", ""106225_structured_0003"", ""74494_structured_0000""]",13633.4645,0.0,0.0,1.0,1.0,1.0,1.0,0.5,0.6309297535714575
148770_3,hybrid,Điều gì khiến Đà Nẵng trở thành thành phố trực thuộc Trung ương có diện tích lớn nhất cả nước?,148770,"[""148770_structured_0000""]","[""148770_structured_0000"", ""139927_structured_0000"", ""104902_structured_0003"", ""104902_structured_0002"", ""196341_structured_0000"", ""247390_structured_0000"", ""105571_structured_0004"", ""104902_structured_0004"", ""1658_structured_0001"", ""139413_structured_0000"", ""196341_structured_0001"", ""65400_structured_0001"", ""154701_structured_0001"", ""154701_structured_0002"", ""65400_structured_0000"", ""149896_structured_0000"", ""107672_structured_0000"", ""149896_structured_0001"", ""44313_structured_0000"", ""149950_structured_0000"", ""184321_structured_0000"", ""119203_structured_0001"", ""184321_structured_0005"", ""139413_structured_0001"", ""134808_structured_0004"", ""105571_structured_0003"", ""134808_structured_0003"", ""153825_structured_0001"", ""247360_structured_0000"", ""104902_structured_0001"", ""105571_structured_0002"", ""66408_structured_0000"", ""134808_structured_0000"", ""105571_structured_0000"", ""165525_structured_0000"", ""133755_structured_0001"", ""138018_structured_0000"", ""184321_structured_0001"", ""74838_structured_0001"", ""134808_structured_0001"", ""184321_structured_0003"", ""105697_structured_0000"", ""44313_structured_0001"", ""104902_structured_0000"", ""134466_structured_0001"", ""150428_structured_0001"", ""191329_structured_0001"", ""105571_structured_0001"", ""134466_structured_0000"", ""150864_structured_0001""]",13218.1683,1.0,1.0,1.0,1.0,1.0,1.0,1.0,1.0
148770_4,bm25,Tòa tháp 69 tầng được kỳ vọng đóng vai trò gì đối với khu vực miền Trung?,148770,"[""148770_structured_0000""]","[""148770_structured_0000"", ""149616_structured_0002"", ""149950_structured_0000"", ""66404_structured_0000"", ""149950_structured_0001"", ""66404_structured_0001"", ""126501_structured_0000"", ""148495_structured_0001"", ""149387_structured_0000"", ""122604_structured_0000"", ""208939_structured_0000"", ""154926_structured_0000"", ""149028_structured_0002"", ""149028_structured_0000"", ""104902_structured_0003"", ""149028_structured_0001"", ""79595_structured_0002"", ""2060_structured_0003"", ""152128_structured_0000"", ""104061_structured_0000"", ""23776_structured_0002"", ""97616_structured_0001"", ""42228_structured_0002"", ""148924_structured_0000"", ""42228_structured_0000"", ""1199_structured_0000"", ""378_structured_0000"", ""78478_structured_0002"", ""261517_structured_0000"", ""217646_structured_0000"", ""34344_structured_0000"", ""199730_structured_0001"", ""152128_structured_0001"", ""66404_structured_0002"", ""140022_structured_0000"", ""149321_structured_0002"", ""42228_structured_0004"", ""194271_structured_0001"", ""201272_structured_0001"", ""153549_structured_0000"", ""74945_structured_0000"", ""97616_structured_0000"", ""194271_structured_0000"", ""378_structured_0001"", ""152999_structured_0000"", ""52997_structured_0001"", ""66231_structured_0000"", ""213_structured_0000"", ""42228_structured_0001"", ""104902_structured_0001""]",179.2171,1.0,1.0,1.0,1.0,1.0,1.0,1.0,1.0
148770_4,dense,Tòa tháp 69 tầng được kỳ vọng đóng vai trò gì đối với khu vực miền Trung?,148770,"[""148770_structured_0000""]","[""148770_structured_0000"", ""148763_structured_0000"", ""148495_structured_0001"", ""149339_structured_0000"", ""756_structured_0002"", ""133755_structured_0003"", ""151548_structured_0001"", ""148973_structured_0002"", ""191899_structured_0000"", ""756_structured_0001"", ""23599_structured_0001"", ""1065_structured_0001"", ""148495_structured_0002"", ""151548_structured_0000"", ""149339_structured_0002"", ""151247_structured_0000"", ""191899_structured_0002"", ""44168_structured_0001"", ""104902_structured_0003"", ""137933_structured_0000"", ""104312_structured_0000"", ""105571_structured_0001"", ""149387_structured_0000"", ""45591_structured_0001"", ""199162_structured_0002"", ""104706_structured_0005"", ""27380_structured_0001"", ""148495_structured_0000"", ""150747_structured_0001"", ""151548_structured_0002"", ""151158_structured_0002"", ""106225_structured_0002"", ""106996_structured_0003"", ""105571_structured_0004"", ""137863_structured_0001"", ""127062_structured_0004"", ""134646_structured_0000"", ""107257_structured_0004"", ""127062_structured_0003"", ""107504_structured_0002"", ""139447_structured_0000"", ""756_structured_0000"", ""151666_structured_0002"", ""44313_structured_0000"", ""107258_structured_0002"", ""148973_structured_0001"", ""104706_structured_0001"", ""107676_structured_0002"", ""104706_structured_0004"", ""135147_structured_0001""]",12868.23,1.0,1.0,1.0,1.0,1.0,1.0,1.0,1.0
148770_4,hybrid,Tòa tháp 69 tầng được kỳ vọng đóng vai trò gì đối với khu vực miền Trung?,148770,"[""148770_structured_0000""]","[""148770_structured_0000"", ""148495_structured_0001"", ""149387_structured_0000"", ""104902_structured_0003"", ""148763_structured_0000"", ""149616_structured_0002"", ""149950_structured_0000"", ""149339_structured_0000"", ""66404_structured_0000"", ""149950_structured_0001"", ""756_structured_0002"", ""133755_structured_0003"", ""66404_structured_0001"", ""126501_structured_0000"", ""151548_structured_0001"", ""148973_structured_0002"", ""191899_structured_0000"", ""122604_structured_0000"", ""756_structured_0001"", ""208939_structured_0000"", ""23599_structured_0001"", ""1065_structured_0001"", ""154926_structured_0000"", ""148495_structured_0002"", ""149028_structured_0002"", ""149028_structured_0000"", ""151548_structured_0000"", ""149339_structured_0002"", ""149028_structured_0001"", ""151247_structured_0000"", ""191899_structured_0002"", ""79595_structured_0002"", ""2060_structured_0003"", ""44168_structured_0001"", ""152128_structured_0000"", ""104061_structured_0000"", ""137933_structured_0000"", ""104312_structured_0000"", ""23776_structured_0002"", ""105571_structured_0001"", ""97616_structured_0001"", ""42228_structured_0002"", ""148924_structured_0000"", ""45591_structured_0001"", ""199162_structured_0002"", ""42228_structured_0000"", ""104706_structured_0005"", ""1199_structured_0000"", ""27380_structured_0001"", ""378_structured_0000""]",13398.5329,1.0,1.0,1.0,1.0,1.0,1.0,1.0,1.0
148770_5,bm25,Đúng hay sai: Tòa tháp trong dự án Da Nang Downtown sẽ là công trình cao nhất Việt Nam khi hoàn thành?,148770,"[""148770_structured_0000""]","[""148770_structured_0000"", ""1199_structured_0002"", ""1649_structured_0002"", ""149950_structured_0002"", ""1649_structured_0000"", ""149950_structured_0001"", ""1649_structured_0001"", ""149028_structured_0002"", ""378_structured_0001"", ""106030_structured_0003"", ""1199_structured_0001"", ""106030_structured_0004"", ""149321_structured_0002"", ""98071_structured_0000"", ""261517_structured_0000"", ""149028_structured_0001"", ""42228_structured_0001"", ""1204_structured_0000"", ""1122_structured_0000"", ""1199_structured_0000"", ""154926_structured_0000"", ""378_structured_0000"", ""42228_structured_0000"", ""149387_structured_0000"", ""149950_structured_0000"", ""78047_structured_0000"", ""42228_structured_0002"", ""154701_structured_0001"", ""74945_structured_0000"", ""77316_structured_0002"", ""105515_structured_0000"", ""149321_structured_0001"", ""151939_structured_0001"", ""106030_structured_0001"", ""105010_structured_0000"", ""77316_structured_0003"", ""105010_structured_0001"", ""151317_structured_0001"", ""77481_structured_0001"", ""239308_structured_0000"", ""1204_structured_0001"", ""95667_structured_0001"", ""242060_structured_0000"", ""79595_structured_0002"", ""102336_structured_0002"", ""106030_structured_0002"", ""196115_structured_0000"", ""9763_structured_0001"", ""197510_structured_0003"", ""247184_structured_0001""]",308.3954,1.0,1.0,1.0,1.0,1.0,1.0,1.0,1.0
148770_5,dense,Đúng hay sai: Tòa tháp trong dự án Da Nang Downtown sẽ là công trình cao nhất Việt Nam khi hoàn thành?,148770,"[""148770_structured_0000""]","[""148770_structured_0000"", ""149777_structured_0000"", ""149950_structured_0001"", ""1199_structured_0002"", ""149950_structured_0000"", ""239308_structured_0000"", ""378_structured_0001"", ""149777_structured_0001"", ""1649_structured_0001"", ""149366_structured_0002"", ""149950_structured_0002"", ""1649_structured_0002"", ""150302_structured_0001"", ""153214_structured_0000"", ""152233_structured_0001"", ""148824_structured_0003"", ""151247_structured_0000"", ""1199_structured_0001"", ""150302_structured_0000"", ""149230_structured_0000"", ""78047_structured_0000"", ""148763_structured_0000"", ""152128_structured_0001"", ""1199_structured_0000"", ""42228_structured_0000"", ""107676_structured_0001"", ""1649_structured_0000"", ""149616_structured_0001"", ""65400_structured_0000"", ""788_structured_0001"", ""151666_structured_0002"", ""149321_structured_0002"", ""107257_structured_0001"", ""184986_structured_0001"", ""197180_structured_0001"", ""151247_structured_0001"", ""105571_structured_0004"", ""151158_structured_0001"", ""139511_structured_0000"", ""151039_structured_0001"", ""104706_structured_0005"", ""107258_structured_0002"", ""149311_structured_0002"", ""193_structured_0000"", ""523_structured_0001"", ""149616_structured_0000"", ""194271_structured_0001"", ""361_structured_0000"", ""149339_structured_0000"", ""149366_structured_0000""]",13709.1896,1.0,1.0,1.0,1.0,1.0,1.0,1.0,1.0
148770_5,hybrid,Đúng hay sai: Tòa tháp trong dự án Da Nang Downtown sẽ là công trình cao nhất Việt Nam khi hoàn thành?,148770,"[""148770_structured_0000""]","[""148770_structured_0000"", ""1199_structured_0002"", ""149950_structured_0001"", ""1649_structured_0002"", ""149950_structured_0002"", ""1649_structured_0001"", ""378_structured_0001"", ""149950_structured_0000"", ""1199_structured_0001"", ""1649_structured_0000"", ""239308_structured_0000"", ""149321_structured_0002"", ""1199_structured_0000"", ""78047_structured_0000"", ""42228_structured_0000"", ""149777_structured_0000"", ""149028_structured_0002"", ""149777_structured_0001"", ""106030_structured_0003"", ""149366_structured_0002"", ""106030_structured_0004"", ""150302_structured_0001"", ""153214_structured_0000"", ""98071_structured_0000"", ""152233_structured_0001"", ""261517_structured_0000"", ""148824_structured_0003"", ""149028_structured_0001"", ""151247_structured_0000"", ""42228_structured_0001"", ""1204_structured_0000"", ""1122_structured_0000"", ""150302_structured_0000"", ""149230_structured_0000"", ""154926_structured_0000"", ""148763_structured_0000"", ""378_structured_0000"", ""152128_structured_0001"", ""149387_structured_0000"", ""107676_structured_0001"", ""42228_structured_0002"", ""149616_structured_0001"", ""154701_structured_0001"", ""65400_structured_0000"", ""74945_structured_0000"", ""77316_structured_0002"", ""788_structured_0001"", ""105515_structured_0000"", ""151666_structured_0002"", ""149321_structured_0001""]",13549.9153,1.0,1.0,1.0,1.0,1.0,1.0,1.0,1.0
95886_1,bm25,Dương Minh Hải là học sinh lớp 12 của trường THPT nào?,95886,"[""95886_structured_0000""]","[""95886_structured_0000"", ""97395_structured_0000"", ""96845_structured_0000"", ""98690_structured_0000"", ""96845_structured_0003"", ""99067_structured_0000"", ""178842_structured_0000"", ""99632_structured_0001"", ""178415_structured_0000"", ""4005_structured_0002"", ""99632_structured_0002"", ""95257_structured_0000"", ""174553_structured_0000"", ""97614_structured_0000"", ""97395_structured_0002"", ""176388_structured_0002"", ""179085_structured_0000"", ""98690_structured_0002"", ""95813_structured_0000"", ""96845_structured_0002"", ""4554_structured_0001"", ""99611_structured_0000"", ""5424_structured_0000"", ""97395_structured_0001"", ""3146_structured_0000"", ""102981_structured_0001"", ""5132_structured_0000"", ""176353_structured_0000"", ""102186_structured_0000"", ""5081_structured_0000"", ""103500_structured_0000"", ""99781_structured_0000"", ""99067_structured_0001"", ""96872_structured_0002"", ""178303_structured_0001"", ""94729_structured_0003"", ""101713_structured_0000"", ""99632_structured_0000"", ""95680_structured_0001"", ""178303_structured_0000"", ""94803_structured_0000"", ""99099_structured_0003"", ""102981_structured_0002"", ""176353_structured_0001"", ""103812_structured_0001"", ""2703_structured_0000"", ""178896_structured_0001"", ""5448_structured_0000"", ""3837_structured_0000"", ""95138_structured_0001""]",131.1625,1.0,1.0,1.0,1.0,1.0,1.0,1.0,1.0
95886_1,dense,Dương Minh Hải là học sinh lớp 12 của trường THPT nào?,95886,"[""95886_structured_0000""]","[""172049_structured_0001"", ""98585_structured_0000"", ""95346_structured_0001"", ""172049_structured_0000"", ""98585_structured_0001"", ""98585_structured_0002"", ""5081_structured_0000"", ""99785_structured_0003"", ""176388_structured_0001"", ""99785_structured_0004"", ""102222_structured_0001"", ""103500_structured_0000"", ""165244_structured_0000"", ""99632_structured_0002"", ""165244_structured_0001"", ""95257_structured_0001"", ""174553_structured_0000"", ""96749_structured_0000"", ""103025_structured_0001"", ""179162_structured_0000"", ""103500_structured_0002"", ""176388_structured_0000"", ""176388_structured_0002"", ""102186_structured_0000"", ""102222_structured_0000"", ""99785_structured_0000"", ""175692_structured_0002"", ""175898_structured_0000"", ""179162_structured_0001"", ""99781_structured_0001"", ""96845_structured_0003"", ""103684_structured_0001"", ""5905_structured_0002"", ""95886_structured_0000"", ""176388_structured_0003"", ""99632_structured_0000"", ""99785_structured_0001"", ""96537_structured_0001"", ""98359_structured_0000"", ""103025_structured_0002"", ""98359_structured_0001"", ""175599_structured_0001"", ""103237_structured_0001"", ""100917_structured_0000"", ""5081_structured_0001"", ""101740_structured_0000"", ""7349_structured_0004"", ""5893_structured_0002"", ""97395_structured_0000"", ""102489_structured_0000""]",13396.5534,0.0,0.0,0.0,0.0,0.0,0.0,0.0,0.0
95886_1,hybrid,Dương Minh Hải là học sinh lớp 12 của trường THPT nào?,95886,"[""95886_structured_0000""]","[""99632_structured_0002"", ""95886_structured_0000"", ""174553_structured_0000"", ""96845_structured_0003"", ""5081_structured_0000"", ""97395_structured_0000"", ""176388_structured_0002"", ""103500_structured_0000"", ""102186_structured_0000"", ""99632_structured_0000"", ""172049_structured_0001"", ""98585_structured_0000"", ""95346_structured_0001"", ""96845_structured_0000"", ""172049_structured_0000"", ""98690_structured_0000"", ""98585_structured_0001"", ""98585_structured_0002"", ""99067_structured_0000"", ""178842_structured_0000"", ""99632_structured_0001"", ""99785_structured_0003"", ""176388_structured_0001"", ""178415_structured_0000"", ""4005_structured_0002"", ""99785_structured_0004"", ""102222_structured_0001"", ""95257_structured_0000"", ""165244_structured_0000"", ""97614_structured_0000"", ""165244_structured_0001"", ""97395_structured_0002"", ""95257_structured_0001"", ""179085_structured_0000"", ""96749_structured_0000"", ""98690_structured_0002"", ""103025_structured_0001"", ""95813_structured_0000"", ""179162_structured_0000"", ""96845_structured_0002"", ""103500_structured_0002"", ""4554_structured_0001"", ""176388_structured_0000"", ""99611_structured_0000"", ""5424_structured_0000"", ""97395_structured_0001"", ""102222_structured_0000"", ""3146_structured_0000"", ""102981_structured_0001"", ""99785_structured_0000""]",13494.0377,0.0,0.0,1.0,1.0,1.0,1.0,0.5,0.6309297535714575
95886_2,bm25,Chương trình tư vấn truyền hình trực tuyến của Báo Thanh Niên về chọn ngành đăng ký xét tuyển diễn ra với những nội dung chính nào?,95886,"[""95886_structured_0000""]","[""103465_structured_0000"", ""94973_structured_0000"", ""103521_structured_0000"", ""102479_structured_0000"", ""102742_structured_0000"", ""102603_structured_0000"", ""102573_structured_0001"", ""102573_structured_0000"", ""102573_structured_0002"", ""103927_structured_0000"", ""102479_structured_0005"", ""102742_structured_0003"", ""102479_structured_0004"", ""95284_structured_0000"", ""94913_structured_0002"", ""95284_structured_0001"", ""102742_structured_0002"", ""102479_structured_0006"", ""95298_structured_0000"", ""95298_structured_0001"", ""103139_structured_0000"", ""94913_structured_0001"", ""103751_structured_0000"", ""102742_structured_0004"", ""94729_structured_0000"", ""102479_structured_0003"", ""95381_structured_0002"", ""95257_structured_0000"", ""95886_structured_0000"", ""103465_structured_0001"", ""3395_structured_0000"", ""102479_structured_0001"", ""3285_structured_0000"", ""94973_structured_0001"", ""99703_structured_0001"", ""95693_structured_0000"", ""102603_structured_0001"", ""4554_structured_0002"", ""3395_structured_0001"", ""3146_structured_0002"", ""103047_structured_0000"", ""99308_structured_0000"", ""179667_structured_0001"", ""103139_structured_0001"", ""102479_structured_0002"", ""3422_structured_0000"", ""143697_structured_0000"", ""99632_structured_0000"", ""94913_structured_0000"", ""102742_structured_0001""]",268.7583,0.0,0.0,0.0,0.0,0.0,0.0,0.0,0.0
95886_2,dense,Chương trình tư vấn truyền hình trực tuyến của Báo Thanh Niên về chọn ngành đăng ký xét tuyển diễn ra với những nội dung chính nào?,95886,"[""95886_structured_0000""]","[""94973_structured_0000"", ""103521_structured_0000"", ""103465_structured_0000"", ""102742_structured_0000"", ""95284_structured_0001"", ""94913_structured_0000"", ""102742_structured_0004"", ""94913_structured_0002"", ""102573_structured_0000"", ""95257_structured_0001"", ""102742_structured_0001"", ""101740_structured_0000"", ""94913_structured_0001"", ""102573_structured_0001"", ""102573_structured_0002"", ""4738_structured_0001"", ""95257_structured_0000"", ""98836_structured_0000"", ""95693_structured_0000"", ""102603_structured_0000"", ""97173_structured_0000"", ""103465_structured_0001"", ""102742_structured_0002"", ""94788_structured_0000"", ""94973_structured_0001"", ""102742_structured_0003"", ""95284_structured_0000"", ""95886_structured_0000"", ""95804_structured_0000"", ""99016_structured_0000"", ""94729_structured_0000"", ""4738_structured_0003"", ""99630_structured_0000"", ""94973_structured_0002"", ""103927_structured_0000"", ""101740_structured_0001"", ""95414_structured_0001"", ""94973_structured_0003"", ""3940_structured_0002"", ""95804_structured_0001"", ""94973_structured_0005"", ""102486_structured_0001"", ""99308_structured_0001"", ""3395_structured_0000"", ""95057_structured_0000"", ""4738_structured_0002"", ""79021_structured_0001"", ""102486_structured_0002"", ""98645_structured_0000"", ""102479_structured_0005""]",13424.9287,0.0,0.0,0.0,0.0,0.0,0.0,0.0,0.0
95886_2,hybrid,Chương trình tư vấn truyền hình trực tuyến của Báo Thanh Niên về chọn ngành đăng ký xét tuyển diễn ra với những nội dung chính nào?,95886,"[""95886_structured_0000""]","[""94973_structured_0000"", ""103465_structured_0000"", ""103521_structured_0000"", ""102742_structured_0000"", ""102573_structured_0000"", ""95284_structured_0001"", ""102573_structured_0001"", ""94913_structured_0002"", ""102573_structured_0002"", ""102603_structured_0000"", ""102742_structured_0004"", ""94913_structured_0001"", ""102742_structured_0003"", ""102742_structured_0002"", ""95284_structured_0000"", ""103927_structured_0000"", ""95257_structured_0000"", ""94913_structured_0000"", ""103465_structured_0001"", ""102479_structured_0005"", ""102742_structured_0001"", ""95693_structured_0000"", ""94729_structured_0000"", ""95886_structured_0000"", ""94973_structured_0001"", ""3395_structured_0000"", ""102479_structured_0000"", ""95257_structured_0001"", ""101740_structured_0000"", ""102479_structured_0004"", ""4738_structured_0001"", ""102479_structured_0006"", ""98836_structured_0000"", ""95298_structured_0000"", ""95298_structured_0001"", ""103139_structured_0000"", ""97173_structured_0000"", ""103751_structured_0000"", ""94788_structured_0000"", ""102479_structured_0003"", ""95381_structured_0002"", ""95804_structured_0000"", ""99016_structured_0000"", ""102479_structured_0001"", ""4738_structured_0003"", ""3285_structured_0000"", ""99630_structured_0000"", ""94973_structured_0002"", ""99703_structured_0001"", ""101740_structured_0001""]",13415.529,0.0,0.0,0.0,0.0,0.0,0.0,0.0,0.0
95886_3,bm25,Vì sao ngành quản lý tài nguyên và môi trường dù không phải ngành 'hot' nhưng vẫn có cơ hội việc làm tốt sau khi tốt nghiệp?,95886,"[""95886_structured_0001""]","[""95886_structured_0000"", ""95886_structured_0001"", ""102742_structured_0003"", ""95298_structured_0000"", ""94973_structured_0003"", ""102479_structured_0004"", ""175543_structured_0000"", ""102742_structured_0004"", ""96165_structured_0002"", ""102486_structured_0002"", ""102742_structured_0002"", ""103751_structured_0001"", ""103927_structured_0003"", ""177358_structured_0000"", ""151193_structured_0000"", ""95490_structured_0000"", ""102479_structured_0005"", ""102603_structured_0003"", ""100866_structured_0000"", ""94973_structured_0004"", ""102742_structured_0001"", ""96252_structured_0000"", ""180510_structured_0002"", ""103047_structured_0001"", ""95202_structured_0001"", ""180525_structured_0001"", ""95298_structured_0001"", ""103927_structured_0004"", ""98585_structured_0002"", ""102479_structured_0002"", ""94973_structured_0002"", ""178498_structured_0001"", ""97239_structured_0003"", ""96165_structured_0001"", ""94973_structured_0005"", ""95393_structured_0001"", ""3359_structured_0001"", ""102486_structured_0003"", ""43564_structured_0003"", ""94973_structured_0001"", ""94684_structured_0000"", ""3559_structured_0000"", ""180510_structured_0005"", ""196460_structured_0002"", ""151184_structured_0001"", ""6223_structured_0004"", ""180525_structured_0000"", ""102479_structured_0003"", ""96165_structured_0003"", ""4118_structured_0002""]",264.5807,0.0,0.0,1.0,1.0,1.0,1.0,0.5,0.6309297535714575
95886_3,dense,Vì sao ngành quản lý tài nguyên và môi trường dù không phải ngành 'hot' nhưng vẫn có cơ hội việc làm tốt sau khi tốt nghiệp?,95886,"[""95886_structured_0001""]","[""95886_structured_0000"", ""102742_structured_0003"", ""95886_structured_0001"", ""102742_structured_0002"", ""102742_structured_0004"", ""103751_structured_0001"", ""95490_structured_0000"", ""103139_structured_0000"", ""102486_structured_0002"", ""102742_structured_0001"", ""180510_structured_0001"", ""103751_structured_0000"", ""175543_structured_0000"", ""42347_structured_0004"", ""42347_structured_0003"", ""103751_structured_0002"", ""103465_structured_0000"", ""95490_structured_0001"", ""94973_structured_0003"", ""94788_structured_0001"", ""3559_structured_0003"", ""180510_structured_0005"", ""172958_structured_0001"", ""100866_structured_0000"", ""180525_structured_0001"", ""103139_structured_0001"", ""103139_structured_0002"", ""43393_structured_0004"", ""97239_structured_0002"", ""42347_structured_0001"", ""172958_structured_0000"", ""179574_structured_0000"", ""103465_structured_0001"", ""96717_structured_0000"", ""42347_structured_0000"", ""102742_structured_0000"", ""4938_structured_0001"", ""95298_structured_0000"", ""43393_structured_0001"", ""95393_structured_0001"", ""94788_structured_0002"", ""4738_structured_0002"", ""102486_structured_0001"", ""3559_structured_0002"", ""95298_structured_0001"", ""46726_structured_0000"", ""103139_structured_0004"", ""172958_structured_0002"", ""103139_structured_0003"", ""103521_structured_0000""]",12906.6522,0.0,0.0,1.0,1.0,1.0,1.0,0.3333333333333333,0.5
95886_3,hybrid,Vì sao ngành quản lý tài nguyên và môi trường dù không phải ngành 'hot' nhưng vẫn có cơ hội việc làm tốt sau khi tốt nghiệp?,95886,"[""95886_structured_0001""]","[""95886_structured_0000"", ""102742_structured_0003"", ""95886_structured_0001"", ""102742_structured_0004"", ""102742_structured_0002"", ""103751_structured_0001"", ""102486_structured_0002"", ""175543_structured_0000"", ""95490_structured_0000"", ""94973_structured_0003"", ""102742_structured_0001"", ""95298_structured_0000"", ""100866_structured_0000"", ""180525_structured_0001"", ""180510_structured_0005"", ""95298_structured_0001"", ""95393_structured_0001"", ""102479_structured_0004"", ""103139_structured_0000"", ""96165_structured_0002"", ""180510_structured_0001"", ""103751_structured_0000"", ""103927_structured_0003"", ""177358_structured_0000"", ""42347_structured_0004"", ""151193_structured_0000"", ""42347_structured_0003"", ""103751_structured_0002"", ""102479_structured_0005"", ""103465_structured_0000"", ""102603_structured_0003"", ""95490_structured_0001"", ""94788_structured_0001"", ""94973_structured_0004"", ""3559_structured_0003"", ""96252_structured_0000"", ""172958_structured_0001"", ""180510_structured_0002"", ""103047_structured_0001"", ""95202_structured_0001"", ""103139_structured_0001"", ""103139_structured_0002"", ""103927_structured_0004"", ""43393_structured_0004"", ""97239_structured_0002"", ""98585_structured_0002"", ""102479_structured_0002"", ""42347_structured_0001"", ""172958_structured_0000"", ""94973_structured_0002""]",13221.7108,0.0,0.0,1.0,1.0,1.0,1.0,0.3333333333333333,0.5
95886_4,bm25,Thí sinh nên làm gì khi ngành yêu thích có điểm chuẩn quá cao so với khả năng của mình?,95886,"[""95886_structured_0001""]","[""95886_structured_0001"", ""95886_structured_0000"", ""103047_structured_0001"", ""102479_structured_0005"", ""103047_structured_0000"", ""103047_structured_0002"", ""4226_structured_0001"", ""102479_structured_0004"", ""103927_structured_0004"", ""102479_structured_0000"", ""177467_structured_0004"", ""103215_structured_0000"", ""4226_structured_0000"", ""95433_structured_0003"", ""102479_structured_0003"", ""102194_structured_0000"", ""102396_structured_0000"", ""177467_structured_0001"", ""177592_structured_0001"", ""2383_structured_0000"", ""4226_structured_0002"", ""180752_structured_0001"", ""180752_structured_0000"", ""177452_structured_0001"", ""102826_structured_0003"", ""103927_structured_0003"", ""177467_structured_0000"", ""102981_structured_0001"", ""103848_structured_0000"", ""178842_structured_0000"", ""177452_structured_0000"", ""102981_structured_0002"", ""177452_structured_0002"", ""103534_structured_0000"", ""3325_structured_0000"", ""181196_structured_0000"", ""103242_structured_0000"", ""4183_structured_0000"", ""102742_structured_0001"", ""102194_structured_0001"", ""94973_structured_0002"", ""177592_structured_0000"", ""4371_structured_0002"", ""102596_structured_0001"", ""3325_structured_0001"", ""95433_structured_0002"", ""103457_structured_0000"", ""103751_structured_0000"", ""103927_structured_0002"", ""179941_structured_0000""]",199.645,1.0,1.0,1.0,1.0,1.0,1.0,1.0,1.0
95886_4,dense,Thí sinh nên làm gì khi ngành yêu thích có điểm chuẩn quá cao so với khả năng của mình?,95886,"[""95886_structured_0001""]","[""95886_structured_0001"", ""95886_structured_0000"", ""177467_structured_0004"", ""103927_structured_0002"", ""103927_structured_0003"", ""103927_structured_0004"", ""180752_structured_0001"", ""177467_structured_0001"", ""103047_structured_0001"", ""102479_structured_0001"", ""177467_structured_0000"", ""177467_structured_0002"", ""102479_structured_0005"", ""103047_structured_0000"", ""4226_structured_0001"", ""102603_structured_0003"", ""102194_structured_0001"", ""180525_structured_0002"", ""180525_structured_0000"", ""102479_structured_0000"", ""103927_structured_0001"", ""3395_structured_0001"", ""102479_structured_0004"", ""94973_structured_0003"", ""175905_structured_0001"", ""177467_structured_0003"", ""3395_structured_0002"", ""177479_structured_0000"", ""102603_structured_0002"", ""103047_structured_0002"", ""102194_structured_0000"", ""4226_structured_0002"", ""4226_structured_0000"", ""102186_structured_0000"", ""3395_structured_0000"", ""102603_structured_0004"", ""102486_structured_0000"", ""177452_structured_0002"", ""102479_structured_0003"", ""180525_structured_0001"", ""103583_structured_0001"", ""175543_structured_0000"", ""102479_structured_0006"", ""3422_structured_0002"", ""177479_structured_0001"", ""5187_structured_0003"", ""97395_structured_0001"", ""103215_structured_0000"", ""175543_structured_0001"", ""103583_structured_0000""]",12835.7691,1.0,1.0,1.0,1.0,1.0,1.0,1.0,1.0
95886_4,hybrid,Thí sinh nên làm gì khi ngành yêu thích có điểm chuẩn quá cao so với khả năng của mình?,95886,"[""95886_structured_0001""]","[""95886_structured_0001"", ""95886_structured_0000"", ""103047_structured_0001"", ""177467_structured_0004"", ""103927_structured_0004"", ""102479_structured_0005"", ""103047_structured_0000"", ""4226_structured_0001"", ""177467_structured_0001"", ""180752_structured_0001"", ""103927_structured_0003"", ""102479_structured_0000"", ""102479_structured_0004"", ""103047_structured_0002"", ""177467_structured_0000"", ""103927_structured_0002"", ""4226_structured_0000"", ""102194_structured_0000"", ""102479_structured_0003"", ""4226_structured_0002"", ""103215_structured_0000"", ""102194_structured_0001"", ""177452_structured_0002"", ""102479_structured_0001"", ""177467_structured_0002"", ""95433_structured_0003"", ""102603_structured_0003"", ""102396_structured_0000"", ""180525_structured_0002"", ""177592_structured_0001"", ""180525_structured_0000"", ""2383_structured_0000"", ""103927_structured_0001"", ""3395_structured_0001"", ""180752_structured_0000"", ""177452_structured_0001"", ""94973_structured_0003"", ""102826_structured_0003"", ""175905_structured_0001"", ""177467_structured_0003"", ""3395_structured_0002"", ""102981_structured_0001"", ""177479_structured_0000"", ""102603_structured_0002"", ""103848_structured_0000"", ""178842_structured_0000"", ""177452_structured_0000"", ""102981_structured_0002"", ""102186_structured_0000"", ""103534_structured_0000""]",13404.5234,1.0,1.0,1.0,1.0,1.0,1.0,1.0,1.0
95886_5,bm25,"Đúng hay sai: Theo quy định hiện hành, thí sinh chỉ được đăng ký tối đa 5 nguyện vọng xét tuyển đại học?",95886,"[""95886_structured_0001""]","[""2727_structured_0001"", ""4554_structured_0002"", ""177851_structured_0000"", ""4584_structured_0000"", ""178937_structured_0000"", ""95478_structured_0000"", ""2727_structured_0002"", ""4554_structured_0000"", ""3395_structured_0000"", ""4554_structured_0001"", ""4371_structured_0002"", ""2648_structured_0002"", ""180064_structured_0000"", ""2727_structured_0000"", ""3410_structured_0003"", ""3410_structured_0002"", ""179786_structured_0005"", ""177644_structured_0000"", ""4584_structured_0001"", ""179786_structured_0004"", ""102194_structured_0001"", ""179906_structured_0000"", ""177386_structured_0000"", ""2470_structured_0001"", ""177700_structured_0000"", ""3422_structured_0002"", ""179011_structured_0000"", ""3826_structured_0000"", ""177379_structured_0000"", ""2648_structured_0000"", ""179667_structured_0000"", ""2470_structured_0000"", ""3422_structured_0003"", ""3422_structured_0000"", ""3395_structured_0002"", ""178842_structured_0000"", ""3395_structured_0001"", ""179151_structured_0007"", ""180064_structured_0001"", ""180237_structured_0000"", ""177379_structured_0001"", ""180340_structured_0001"", ""94850_structured_0000"", ""4640_structured_0000"", ""102479_structured_0001"", ""177592_structured_0001"", ""3285_structured_0000"", ""3826_structured_0001"", ""180714_structured_0000"", ""102826_structured_0000""]",222.4742,0.0,0.0,0.0,0.0,0.0,0.0,0.0,0.0
95886_5,dense,"Đúng hay sai: Theo quy định hiện hành, thí sinh chỉ được đăng ký tối đa 5 nguyện vọng xét tuyển đại học?",95886,"[""95886_structured_0001""]","[""3395_structured_0002"", ""3395_structured_0001"", ""3395_structured_0000"", ""3422_structured_0003"", ""102194_structured_0000"", ""3422_structured_0000"", ""102194_structured_0001"", ""4554_structured_0000"", ""3422_structured_0002"", ""3422_structured_0001"", ""180064_structured_0000"", ""180064_structured_0001"", ""3024_structured_0000"", ""3024_structured_0001"", ""95381_structured_0001"", ""180752_structured_0002"", ""177644_structured_0002"", ""4554_structured_0001"", ""102603_structured_0000"", ""103047_structured_0000"", ""177467_structured_0003"", ""95138_structured_0001"", ""4005_structured_0003"", ""95381_structured_0002"", ""95381_structured_0000"", ""177644_structured_0000"", ""177644_structured_0001"", ""103139_structured_0004"", ""97087_structured_0003"", ""94973_structured_0002"", ""102603_structured_0004"", ""177467_structured_0004"", ""2470_structured_0001"", ""2727_structured_0000"", ""103139_structured_0002"", ""178561_structured_0001"", ""177467_structured_0002"", ""95873_structured_0002"", ""177851_structured_0000"", ""177467_structured_0001"", ""177452_structured_0001"", ""2727_structured_0001"", ""4640_structured_0000"", ""2727_structured_0002"", ""103139_structured_0003"", ""4005_structured_0004"", ""177452_structured_0002"", ""103610_structured_0003"", ""2470_structured_0000"", ""102603_structured_0001""]",12799.3165,0.0,0.0,0.0,0.0,0.0,0.0,0.0,0.0
95886_5,hybrid,"Đúng hay sai: Theo quy định hiện hành, thí sinh chỉ được đăng ký tối đa 5 nguyện vọng xét tuyển đại học?",95886,"[""95886_structured_0001""]","[""3395_structured_0000"", ""4554_structured_0000"", ""180064_structured_0000"", ""102194_structured_0001"", ""4554_structured_0001"", ""3395_structured_0002"", ""3395_structured_0001"", ""3422_structured_0003"", ""2727_structured_0001"", ""3422_structured_0002"", ""177851_structured_0000"", ""3422_structured_0000"", ""2727_structured_0002"", ""177644_structured_0000"", ""2727_structured_0000"", ""180064_structured_0001"", ""2470_structured_0001"", ""2470_structured_0000"", ""4640_structured_0000"", ""4554_structured_0002"", ""4584_structured_0000"", ""102194_structured_0000"", ""178937_structured_0000"", ""95478_structured_0000"", ""3422_structured_0001"", ""4371_structured_0002"", ""2648_structured_0002"", ""3024_structured_0000"", ""3024_structured_0001"", ""3410_structured_0003"", ""95381_structured_0001"", ""180752_structured_0002"", ""3410_structured_0002"", ""177644_structured_0002"", ""179786_structured_0005"", ""102603_structured_0000"", ""4584_structured_0001"", ""103047_structured_0000"", ""179786_structured_0004"", ""177467_structured_0003"", ""179906_structured_0000"", ""95138_structured_0001"", ""177386_structured_0000"", ""4005_structured_0003"", ""95381_structured_0002"", ""177700_structured_0000"", ""95381_structured_0000"", ""177644_structured_0001"", ""179011_structured_0000"", ""103139_structured_0004""]",13015.9867,0.0,0.0,0.0,0.0,0.0,0.0,0.0,0.0
106745_1,bm25,Hộ kinh doanh bán lẻ thủy sản tươi sống có doanh thu cao nhất thuộc địa bàn Chi cục Thuế khu vực nào?,106745,"[""106745_structured_0001""]","[""106745_structured_0001"", ""106745_structured_0000"", ""106745_structured_0002"", ""190743_structured_0000"", ""190743_structured_0001"", ""190604_structured_0000"", ""183533_structured_0001"", ""105864_structured_0001"", ""23558_structured_0015"", ""26011_structured_0001"", ""23558_structured_0009"", ""105864_structured_0002"", ""183533_structured_0002"", ""203200_structured_0000"", ""24069_structured_0002"", ""112637_structured_0001"", ""26011_structured_0000"", ""106486_structured_0001"", ""183533_structured_0000"", ""106486_structured_0002"", ""106745_structured_0003"", ""203200_structured_0001"", ""106745_structured_0004"", ""190604_structured_0001"", ""106486_structured_0004"", ""23558_structured_0010"", ""183534_structured_0000"", ""106547_structured_0001"", ""24069_structured_0001"", ""24069_structured_0000"", ""106486_structured_0000"", ""99856_structured_0003"", ""22022_structured_0000"", ""107330_structured_0003"", ""200786_structured_0000"", ""99856_structured_0002"", ""17942_structured_0001"", ""203172_structured_0000"", ""23558_structured_0008"", ""22775_structured_0001"", ""106679_structured_0002"", ""23558_structured_0007"", ""26011_structured_0002"", ""23558_structured_0016"", ""106486_structured_0003"", ""133991_structured_0000"", ""107866_structured_0000"", ""196772_structured_0002"", ""106547_structured_0000"", ""105000_structured_0000""]",243.9727,1.0,1.0,1.0,1.0,1.0,1.0,1.0,1.0
106745_1,dense,Hộ kinh doanh bán lẻ thủy sản tươi sống có doanh thu cao nhất thuộc địa bàn Chi cục Thuế khu vực nào?,106745,"[""106745_structured_0001""]","[""106745_structured_0001"", ""106745_structured_0000"", ""106745_structured_0002"", ""106547_structured_0001"", ""106486_structured_0000"", ""106547_structured_0000"", ""203200_structured_0001"", ""109723_structured_0001"", ""105864_structured_0002"", ""106679_structured_0000"", ""203200_structured_0000"", ""24069_structured_0002"", ""183533_structured_0001"", ""106486_structured_0004"", ""105864_structured_0001"", ""19621_structured_0002"", ""106486_structured_0003"", ""106745_structured_0004"", ""106745_structured_0003"", ""19621_structured_0001"", ""183533_structured_0000"", ""201648_structured_0000"", ""201648_structured_0001"", ""202002_structured_0001"", ""196772_structured_0001"", ""105864_structured_0000"", ""19621_structured_0000"", ""106486_structured_0001"", ""196772_structured_0002"", ""106679_structured_0002"", ""106679_structured_0001"", ""24069_structured_0000"", ""106486_structured_0002"", ""105864_structured_0003"", ""19882_structured_0000"", ""23558_structured_0006"", ""109723_structured_0000"", ""258447_structured_0000"", ""190743_structured_0000"", ""19621_structured_0003"", ""198946_structured_0000"", ""24069_structured_0001"", ""104586_structured_0001"", ""183533_structured_0002"", ""23558_structured_0016"", ""261723_structured_0000"", ""23488_structured_0000"", ""23558_structured_0015"", ""261683_structured_0001"", ""22022_structured_0000""]",13497.5885,1.0,1.0,1.0,1.0,1.0,1.0,1.0,1.0
106745_1,hybrid,Hộ kinh doanh bán lẻ thủy sản tươi sống có doanh thu cao nhất thuộc địa bàn Chi cục Thuế khu vực nào?,106745,"[""106745_structured_0001""]","[""106745_structured_0001"", ""106745_structured_0000"", ""106745_structured_0002"", ""183533_structured_0001"", ""105864_structured_0002"", ""105864_structured_0001"", ""203200_structured_0000"", ""24069_structured_0002"", ""203200_structured_0001"", ""106547_structured_0001"", ""106486_structured_0000"", ""190743_structured_0000"", ""106486_structured_0004"", ""106745_structured_0003"", ""183533_structured_0000"", ""106745_structured_0004"", ""106547_structured_0000"", ""106486_structured_0001"", ""23558_structured_0015"", ""183533_structured_0002"", ""106486_structured_0002"", ""106486_structured_0003"", ""24069_structured_0000"", ""24069_structured_0001"", ""106679_structured_0002"", ""196772_structured_0002"", ""22022_structured_0000"", ""23558_structured_0016"", ""190743_structured_0001"", ""190604_structured_0000"", ""109723_structured_0001"", ""106679_structured_0000"", ""26011_structured_0001"", ""23558_structured_0009"", ""112637_structured_0001"", ""19621_structured_0002"", ""26011_structured_0000"", ""19621_structured_0001"", ""201648_structured_0000"", ""201648_structured_0001"", ""190604_structured_0001"", ""202002_structured_0001"", ""196772_structured_0001"", ""105864_structured_0000"", ""23558_structured_0010"", ""183534_structured_0000"", ""19621_structured_0000"", ""106679_structured_0001"", ""99856_structured_0003"", ""105864_structured_0003""]",13754.5586,1.0,1.0,1.0,1.0,1.0,1.0,1.0,1.0
106745_2,bm25,Thực trạng nộp thuế của các hộ kinh doanh có doanh thu hàng trăm tỉ đồng tại Việt Nam hiện nay diễn ra như thế nào?,106745,"[""106745_structured_0000""]","[""106745_structured_0001"", ""106486_structured_0004"", ""106745_structured_0000"", ""56309_structured_0000"", ""200786_structured_0000"", ""105864_structured_0001"", ""19621_structured_0001"", ""24069_structured_0002"", ""104626_structured_0000"", ""106486_structured_0001"", ""106745_structured_0002"", ""23660_structured_0004"", ""24069_structured_0000"", ""23558_structured_0015"", ""23558_structured_0016"", ""19621_structured_0002"", ""106745_structured_0004"", ""27022_structured_0000"", ""23660_structured_0003"", ""104626_structured_0002"", ""200786_structured_0001"", ""112637_structured_0002"", ""19621_structured_0000"", ""24069_structured_0001"", ""106486_structured_0000"", ""105864_structured_0002"", ""22022_structured_0000"", ""190743_structured_0000"", ""106745_structured_0003"", ""190604_structured_0000"", ""21336_structured_0000"", ""26011_structured_0001"", ""99856_structured_0003"", ""26011_structured_0000"", ""200786_structured_0002"", ""21336_structured_0001"", ""183533_structured_0000"", ""23660_structured_0000"", ""23558_structured_0000"", ""23558_structured_0009"", ""99856_structured_0002"", ""23558_structured_0001"", ""23558_structured_0014"", ""200439_structured_0000"", ""112177_structured_0000"", ""112637_structured_0003"", ""183533_structured_0001"", ""104626_structured_0001"", ""23558_structured_0010"", ""23558_structured_0013""]",283.0405,0.0,0.0,1.0,1.0,1.0,1.0,0.3333333333333333,0.5
106745_2,dense,Thực trạng nộp thuế của các hộ kinh doanh có doanh thu hàng trăm tỉ đồng tại Việt Nam hiện nay diễn ra như thế nào?,106745,"[""106745_structured_0000""]","[""106745_structured_0002"", ""106745_structured_0001"", ""106486_structured_0004"", ""106745_structured_0004"", ""106745_structured_0003"", ""106745_structured_0000"", ""106486_structured_0000"", ""19621_structured_0002"", ""106486_structured_0001"", ""200786_structured_0000"", ""19621_structured_0001"", ""200786_structured_0001"", ""26011_structured_0001"", ""200786_structured_0002"", ""24069_structured_0002"", ""107866_structured_0002"", ""106486_structured_0003"", ""26011_structured_0000"", ""106486_structured_0002"", ""24069_structured_0001"", ""23558_structured_0008"", ""26011_structured_0002"", ""19621_structured_0000"", ""23558_structured_0009"", ""23558_structured_0015"", ""105864_structured_0001"", ""23558_structured_0001"", ""19621_structured_0003"", ""24069_structured_0000"", ""23558_structured_0016"", ""105864_structured_0002"", ""107866_structured_0001"", ""107866_structured_0003"", ""24913_structured_0002"", ""105864_structured_0000"", ""23558_structured_0007"", ""107866_structured_0004"", ""23558_structured_0006"", ""99856_structured_0003"", ""107866_structured_0000"", ""23558_structured_0013"", ""190604_structured_0000"", ""23558_structured_0000"", ""105864_structured_0003"", ""23660_structured_0003"", ""99856_structured_0000"", ""196365_structured_0001"", ""23558_structured_0002"", ""23660_structured_0002"", ""23660_structured_0004""]",13382.9593,0.0,0.0,0.0,0.0,1.0,1.0,0.1666666666666666,0.3562071871080222
106745_2,hybrid,Thực trạng nộp thuế của các hộ kinh doanh có doanh thu hàng trăm tỉ đồng tại Việt Nam hiện nay diễn ra như thế nào?,106745,"[""106745_structured_0000""]","[""106745_structured_0001"", ""106486_structured_0004"", ""106745_structured_0000"", ""106745_structured_0002"", ""200786_structured_0000"", ""19621_structured_0001"", ""106486_structured_0001"", ""106745_structured_0004"", ""24069_structured_0002"", ""19621_structured_0002"", ""105864_structured_0001"", ""106486_structured_0000"", ""106745_structured_0003"", ""200786_structured_0001"", ""23558_structured_0015"", ""24069_structured_0000"", ""26011_structured_0001"", ""23558_structured_0016"", ""24069_structured_0001"", ""19621_structured_0000"", ""200786_structured_0002"", ""26011_structured_0000"", ""23660_structured_0004"", ""105864_structured_0002"", ""23660_structured_0003"", ""23558_structured_0009"", ""23558_structured_0001"", ""190604_structured_0000"", ""99856_structured_0003"", ""23558_structured_0000"", ""23558_structured_0013"", ""56309_structured_0000"", ""104626_structured_0000"", ""107866_structured_0002"", ""106486_structured_0003"", ""27022_structured_0000"", ""106486_structured_0002"", ""104626_structured_0002"", ""23558_structured_0008"", ""112637_structured_0002"", ""26011_structured_0002"", ""22022_structured_0000"", ""190743_structured_0000"", ""19621_structured_0003"", ""21336_structured_0000"", ""107866_structured_0001"", ""107866_structured_0003"", ""24913_structured_0002"", ""105864_structured_0000"", ""21336_structured_0001""]",13618.9322,0.0,0.0,1.0,1.0,1.0,1.0,0.3333333333333333,0.5
106745_3,bm25,Vì sao hộ kinh doanh bán lẻ thủy sản tươi sống doanh thu hàng trăm tỉ đồng lại thường không có hóa đơn?,106745,"[""106745_structured_0002""]","[""106745_structured_0001"", ""106745_structured_0002"", ""106745_structured_0000"", ""106486_structured_0001"", ""23558_structured_0009"", ""106486_structured_0004"", ""23558_structured_0008"", ""24069_structured_0002"", ""56309_structured_0000"", ""194135_structured_0002"", ""106486_structured_0002"", ""105864_structured_0001"", ""190604_structured_0000"", ""27022_structured_0000"", ""106745_structured_0004"", ""22022_structured_0000"", ""106486_structured_0003"", ""107330_structured_0000"", ""106745_structured_0003"", ""23558_structured_0002"", ""19621_structured_0000"", ""20568_structured_0000"", ""106486_structured_0000"", ""23558_structured_0001"", ""194759_structured_0001"", ""106022_structured_0003"", ""190604_structured_0001"", ""104626_structured_0000"", ""27022_structured_0002"", ""27022_structured_0001"", ""106547_structured_0001"", ""19621_structured_0002"", ""24069_structured_0000"", ""23558_structured_0014"", ""19621_structured_0001"", ""112637_structured_0002"", ""105864_structured_0002"", ""23558_structured_0003"", ""18169_structured_0001"", ""56754_structured_0000"", ""201691_structured_0000"", ""110684_structured_0000"", ""99856_structured_0002"", ""24069_structured_0001"", ""26011_structured_0001"", ""62185_structured_0000"", ""194759_structured_0002"", ""20568_structured_0001"", ""190743_structured_0000"", ""200786_structured_0000""]",240.6461,0.0,0.0,1.0,1.0,1.0,1.0,0.5,0.6309297535714575
106745_3,dense,Vì sao hộ kinh doanh bán lẻ thủy sản tươi sống doanh thu hàng trăm tỉ đồng lại thường không có hóa đơn?,106745,"[""106745_structured_0002""]","[""106745_structured_0002"", ""106486_structured_0002"", ""106486_structured_0000"", ""106745_structured_0001"", ""24069_structured_0002"", ""106547_structured_0001"", ""106486_structured_0004"", ""106745_structured_0000"", ""106486_structured_0003"", ""106486_structured_0001"", ""106547_structured_0000"", ""107330_structured_0002"", ""24069_structured_0000"", ""107330_structured_0000"", ""23558_structured_0009"", ""107330_structured_0004"", ""190743_structured_0000"", ""19621_structured_0002"", ""190743_structured_0001"", ""107330_structured_0001"", ""107330_structured_0003"", ""190604_structured_0000"", ""19621_structured_0001"", ""23558_structured_0002"", ""23558_structured_0008"", ""106745_structured_0004"", ""201691_structured_0001"", ""24069_structured_0001"", ""23558_structured_0006"", ""23558_structured_0007"", ""112637_structured_0002"", ""23558_structured_0003"", ""27022_structured_0001"", ""106745_structured_0003"", ""106022_structured_0003"", ""190604_structured_0001"", ""112378_structured_0002"", ""196365_structured_0001"", ""23558_structured_0001"", ""245215_structured_0001"", ""23558_structured_0014"", ""201691_structured_0002"", ""106022_structured_0002"", ""23558_structured_0005"", ""201691_structured_0003"", ""105864_structured_0002"", ""27022_structured_0000"", ""56309_structured_0000"", ""106022_structured_0001"", ""19621_structured_0000""]",13408.4235,1.0,1.0,1.0,1.0,1.0,1.0,1.0,1.0
106745_3,hybrid,Vì sao hộ kinh doanh bán lẻ thủy sản tươi sống doanh thu hàng trăm tỉ đồng lại thường không có hóa đơn?,106745,"[""106745_structured_0002""]","[""106745_structured_0002"", ""106745_structured_0001"", ""106745_structured_0000"", ""106486_structured_0002"", ""24069_structured_0002"", ""106486_structured_0004"", ""106486_structured_0001"", ""23558_structured_0009"", ""106486_structured_0000"", ""106486_structured_0003"", ""23558_structured_0008"", ""107330_structured_0000"", ""106547_structured_0001"", ""190604_structured_0000"", ""106745_structured_0004"", ""24069_structured_0000"", ""23558_structured_0002"", ""56309_structured_0000"", ""19621_structured_0002"", ""106745_structured_0003"", ""27022_structured_0000"", ""19621_structured_0001"", ""190743_structured_0000"", ""106022_structured_0003"", ""23558_structured_0001"", ""190604_structured_0001"", ""27022_structured_0001"", ""19621_structured_0000"", ""112637_structured_0002"", ""23558_structured_0003"", ""24069_structured_0001"", ""23558_structured_0014"", ""105864_structured_0002"", ""194135_structured_0002"", ""106547_structured_0000"", ""105864_structured_0001"", ""107330_structured_0002"", ""107330_structured_0004"", ""22022_structured_0000"", ""190743_structured_0001"", ""107330_structured_0001"", ""107330_structured_0003"", ""20568_structured_0000"", ""194759_structured_0001"", ""201691_structured_0001"", ""104626_structured_0000"", ""23558_structured_0006"", ""27022_structured_0002"", ""23558_structured_0007"", ""112378_structured_0002""]",13519.8758,1.0,1.0,1.0,1.0,1.0,1.0,1.0,1.0
106745_4,bm25,Luật sư Trần Xoa đánh giá như thế nào về vai trò và ý nghĩa của việc chuyển đổi hộ kinh doanh lớn sang mô hình doanh nghiệp?,106745,"[""106745_structured_0004""]","[""106745_structured_0003"", ""106745_structured_0004"", ""99856_structured_0000"", ""106745_structured_0002"", ""23558_structured_0011"", ""23558_structured_0013"", ""23488_structured_0001"", ""106745_structured_0000"", ""23558_structured_0006"", ""23558_structured_0000"", ""23558_structured_0010"", ""23558_structured_0016"", ""99856_structured_0003"", ""23488_structured_0002"", ""119963_structured_0001"", ""23558_structured_0014"", ""184587_structured_0001"", ""99856_structured_0002"", ""106679_structured_0000"", ""23558_structured_0009"", ""23558_structured_0007"", ""200786_structured_0001"", ""99856_structured_0001"", ""23488_structured_0003"", ""183950_structured_0000"", ""23558_structured_0001"", ""23558_structured_0015"", ""197506_structured_0000"", ""109559_structured_0000"", ""106486_structured_0001"", ""22696_structured_0001"", ""23488_structured_0000"", ""23558_structured_0002"", ""23558_structured_0004"", ""48193_structured_0000"", ""196207_structured_0000"", ""182550_structured_0003"", ""182465_structured_0000"", ""136833_structured_0003"", ""108211_structured_0004"", ""200786_structured_0002"", ""22696_structured_0000"", ""183778_structured_0000"", ""106745_structured_0001"", ""197562_structured_0002"", ""189152_structured_0001"", ""184808_structured_0002"", ""23488_structured_0004"", ""245215_structured_0001"", ""249046_structured_0000""]",214.8375,0.0,0.0,1.0,1.0,1.0,1.0,0.5,0.6309297535714575
106745_4,dense,Luật sư Trần Xoa đánh giá như thế nào về vai trò và ý nghĩa của việc chuyển đổi hộ kinh doanh lớn sang mô hình doanh nghiệp?,106745,"[""106745_structured_0004""]","[""106745_structured_0003"", ""106745_structured_0004"", ""106745_structured_0002"", ""106745_structured_0001"", ""23558_structured_0011"", ""23558_structured_0000"", ""23558_structured_0007"", ""23558_structured_0001"", ""23558_structured_0012"", ""23558_structured_0009"", ""106745_structured_0000"", ""23558_structured_0016"", ""23558_structured_0013"", ""23558_structured_0006"", ""24069_structured_0001"", ""23558_structured_0015"", ""23558_structured_0008"", ""23558_structured_0010"", ""106486_structured_0004"", ""23558_structured_0014"", ""107676_structured_0002"", ""23558_structured_0003"", ""106486_structured_0001"", ""23558_structured_0004"", ""23558_structured_0002"", ""48576_structured_0007"", ""48576_structured_0003"", ""48576_structured_0004"", ""23558_structured_0005"", ""48576_structured_0001"", ""106486_structured_0002"", ""104504_structured_0001"", ""109353_structured_0001"", ""48576_structured_0005"", ""104771_structured_0000"", ""106486_structured_0003"", ""99856_structured_0001"", ""48576_structured_0006"", ""196365_structured_0002"", ""24069_structured_0000"", ""107676_structured_0004"", ""104203_structured_0005"", ""162259_structured_0000"", ""104203_structured_0004"", ""44168_structured_0001"", ""99856_structured_0003"", ""48576_structured_0008"", ""106679_structured_0000"", ""24069_structured_0002"", ""104504_structured_0002""]",13008.2608,0.0,0.0,1.0,1.0,1.0,1.0,0.5,0.6309297535714575
106745_4,hybrid,Luật sư Trần Xoa đánh giá như thế nào về vai trò và ý nghĩa của việc chuyển đổi hộ kinh doanh lớn sang mô hình doanh nghiệp?,106745,"[""106745_structured_0004""]","[""106745_structured_0003"", ""106745_structured_0004"", ""106745_structured_0002"", ""23558_structured_0011"", ""23558_structured_0000"", ""23558_structured_0013"", ""106745_structured_0000"", ""23558_structured_0006"", ""23558_structured_0016"", ""23558_structured_0007"", ""23558_structured_0010"", ""23558_structured_0009"", ""23558_structured_0001"", ""23558_structured_0014"", ""106745_structured_0001"", ""23558_structured_0015"", ""106486_structured_0001"", ""99856_structured_0003"", ""23558_structured_0004"", ""23558_structured_0002"", ""99856_structured_0001"", ""106679_structured_0000"", ""99856_structured_0000"", ""23488_structured_0001"", ""23558_structured_0012"", ""23488_structured_0002"", ""119963_structured_0001"", ""24069_structured_0001"", ""184587_structured_0001"", ""23558_structured_0008"", ""99856_structured_0002"", ""106486_structured_0004"", ""107676_structured_0002"", ""200786_structured_0001"", ""23558_structured_0003"", ""23488_structured_0003"", ""183950_structured_0000"", ""48576_structured_0007"", ""48576_structured_0003"", ""197506_structured_0000"", ""48576_structured_0004"", ""109559_structured_0000"", ""23558_structured_0005"", ""48576_structured_0001"", ""106486_structured_0002"", ""22696_structured_0001"", ""104504_structured_0001"", ""23488_structured_0000"", ""109353_structured_0001"", ""48576_structured_0005""]",13306.609,0.0,0.0,1.0,1.0,1.0,1.0,0.5,0.6309297535714575
90345_1,bm25,Show thời trang Tinh hoa cố đô diễn ra tại địa điểm nào?,90345,"[""90345_structured_0000""]","[""90345_structured_0000"", ""168601_structured_0000"", ""168601_structured_0001"", ""91495_structured_0000"", ""52922_structured_0000"", ""166703_structured_0000"", ""2230_structured_0000"", ""90106_structured_0000"", ""169260_structured_0001"", ""52922_structured_0001"", ""167250_structured_0000"", ""154338_structured_0001"", ""170486_structured_0000"", ""169898_structured_0000"", ""88038_structured_0000"", ""169260_structured_0002"", ""163831_structured_0000"", ""15635_structured_0000"", ""169260_structured_0000"", ""79771_structured_0002"", ""167605_structured_0000"", ""7785_structured_0001"", ""171180_structured_0000"", ""93840_structured_0000"", ""8243_structured_0002"", ""79771_structured_0003"", ""155036_structured_0002"", ""16614_structured_0001"", ""77878_structured_0002"", ""91930_structured_0000"", ""75228_structured_0004"", ""263215_structured_0002"", ""13585_structured_0000"", ""166918_structured_0000"", ""14438_structured_0001"", ""35198_structured_0001"", ""1649_structured_0000"", ""162399_structured_0000"", ""75217_structured_0002"", ""236122_structured_0000"", ""148924_structured_0001"", ""168646_structured_0001"", ""171180_structured_0001"", ""170715_structured_0000"", ""257780_structured_0002"", ""13639_structured_0000"", ""155036_structured_0001"", ""75228_structured_0005"", ""77601_structured_0001"", ""15558_structured_0001""]",133.9043,1.0,1.0,1.0,1.0,1.0,1.0,1.0,1.0
90345_1,dense,Show thời trang Tinh hoa cố đô diễn ra tại địa điểm nào?,90345,"[""90345_structured_0000""]","[""168601_structured_0000"", ""168601_structured_0001"", ""90345_structured_0000"", ""166703_structured_0000"", ""77750_structured_0001"", ""257260_structured_0002"", ""13472_structured_0001"", ""166552_structured_0001"", ""169579_structured_0001"", ""16143_structured_0000"", ""257260_structured_0001"", ""165048_structured_0000"", ""171369_structured_0000"", ""88763_structured_0001"", ""77316_structured_0003"", ""10059_structured_0000"", ""77750_structured_0000"", ""88763_structured_0000"", ""68247_structured_0001"", ""12610_structured_0001"", ""15635_structured_0000"", ""168646_structured_0001"", ""52922_structured_0000"", ""167250_structured_0000"", ""93133_structured_0000"", ""257260_structured_0000"", ""165252_structured_0001"", ""90439_structured_0001"", ""90439_structured_0000"", ""13493_structured_0000"", ""262489_structured_0000"", ""167190_structured_0000"", ""16143_structured_0001"", ""77316_structured_0001"", ""14819_structured_0001"", ""170495_structured_0003"", ""13174_structured_0003"", ""93557_structured_0000"", ""14633_structured_0000"", ""14480_structured_0000"", ""164345_structured_0000"", ""170601_structured_0000"", ""166414_structured_0000"", ""16614_structured_0001"", ""109278_structured_0000"", ""14851_structured_0000"", ""166370_structured_0000"", ""166340_structured_0000"", ""170486_structured_0000"", ""149678_structured_0000""]",13004.2897,0.0,0.0,1.0,1.0,1.0,1.0,0.3333333333333333,0.5
90345_1,hybrid,Show thời trang Tinh hoa cố đô diễn ra tại địa điểm nào?,90345,"[""90345_structured_0000""]","[""168601_structured_0000"", ""90345_structured_0000"", ""168601_structured_0001"", ""166703_structured_0000"", ""52922_structured_0000"", ""167250_structured_0000"", ""15635_structured_0000"", ""170486_structured_0000"", ""168646_structured_0001"", ""16614_structured_0001"", ""91495_structured_0000"", ""77750_structured_0001"", ""257260_structured_0002"", ""13472_structured_0001"", ""2230_structured_0000"", ""166552_structured_0001"", ""90106_structured_0000"", ""169260_structured_0001"", ""169579_structured_0001"", ""16143_structured_0000"", ""52922_structured_0001"", ""257260_structured_0001"", ""154338_structured_0001"", ""165048_structured_0000"", ""171369_structured_0000"", ""169898_structured_0000"", ""88763_structured_0001"", ""77316_structured_0003"", ""88038_structured_0000"", ""10059_structured_0000"", ""169260_structured_0002"", ""163831_structured_0000"", ""77750_structured_0000"", ""88763_structured_0000"", ""169260_structured_0000"", ""68247_structured_0001"", ""12610_structured_0001"", ""79771_structured_0002"", ""167605_structured_0000"", ""7785_structured_0001"", ""171180_structured_0000"", ""93840_structured_0000"", ""8243_structured_0002"", ""93133_structured_0000"", ""257260_structured_0000"", ""79771_structured_0003"", ""155036_structured_0002"", ""165252_structured_0001"", ""90439_structured_0001"", ""77878_structured_0002""]",13348.9171,0.0,0.0,1.0,1.0,1.0,1.0,0.5,0.6309297535714575
90345_2,bm25,Bộ sưu tập Nguyệt Hồi của nhà thiết kế Kiên Vũ được xây dựng dựa trên ý tưởng gì và bao gồm những dòng trang phục nào?,90345,"[""90345_structured_0000""]","[""90345_structured_0000"", ""93133_structured_0000"", ""13585_structured_0001"", ""168486_structured_0000"", ""13493_structured_0000"", ""169966_structured_0000"", ""13560_structured_0000"", ""169966_structured_0001"", ""166982_structured_0000"", ""13634_structured_0001"", ""164345_structured_0000"", ""13634_structured_0002"", ""13011_structured_0000"", ""168486_structured_0001"", ""166918_structured_0000"", ""165048_structured_0000"", ""88763_structured_0000"", ""164345_structured_0001"", ""88759_structured_0000"", ""167293_structured_0000"", ""122243_structured_0000"", ""13228_structured_0000"", ""16075_structured_0000"", ""13634_structured_0000"", ""64774_structured_0000"", ""88759_structured_0001"", ""167605_structured_0001"", ""109278_structured_0000"", ""13585_structured_0000"", ""161725_structured_0001"", ""13292_structured_0000"", ""13639_structured_0000"", ""33968_structured_0000"", ""16075_structured_0001"", ""82287_structured_0001"", ""167250_structured_0000"", ""168646_structured_0000"", ""166703_structured_0000"", ""14480_structured_0000"", ""13585_structured_0002"", ""200446_structured_0002"", ""170219_structured_0000"", ""87998_structured_0002"", ""148824_structured_0001"", ""13639_structured_0001"", ""76880_structured_0001"", ""149366_structured_0002"", ""161725_structured_0002"", ""16630_structured_0001"", ""171100_structured_0000""]",254.7468,1.0,1.0,1.0,1.0,1.0,1.0,1.0,1.0
90345_2,dense,Bộ sưu tập Nguyệt Hồi của nhà thiết kế Kiên Vũ được xây dựng dựa trên ý tưởng gì và bao gồm những dòng trang phục nào?,90345,"[""90345_structured_0000""]","[""90345_structured_0000"", ""13639_structured_0001"", ""164345_structured_0001"", ""13560_structured_0000"", ""168646_structured_0001"", ""166982_structured_0000"", ""165048_structured_0000"", ""68247_structured_0001"", ""93557_structured_0000"", ""167560_structured_0000"", ""166044_structured_0000"", ""168486_structured_0001"", ""164345_structured_0000"", ""148899_structured_0000"", ""13585_structured_0002"", ""166703_structured_0000"", ""13585_structured_0001"", ""14625_structured_0001"", ""13634_structured_0000"", ""93133_structured_0000"", ""165252_structured_0000"", ""15473_structured_0001"", ""13639_structured_0000"", ""133437_structured_0002"", ""15473_structured_0000"", ""42393_structured_0001"", ""13634_structured_0001"", ""77316_structured_0001"", ""13493_structured_0000"", ""166918_structured_0000"", ""168601_structured_0001"", ""91228_structured_0000"", ""168486_structured_0000"", ""262489_structured_0000"", ""168601_structured_0000"", ""91930_structured_0000"", ""13634_structured_0002"", ""15781_structured_0002"", ""148899_structured_0001"", ""68247_structured_0002"", ""163980_structured_0001"", ""14819_structured_0001"", ""88763_structured_0001"", ""168646_structured_0000"", ""13472_structured_0000"", ""66514_structured_0000"", ""40620_structured_0000"", ""163970_structured_0001"", ""42393_structured_0000"", ""13011_structured_0001""]",12915.82,1.0,1.0,1.0,1.0,1.0,1.0,1.0,1.0
90345_2,hybrid,Bộ sưu tập Nguyệt Hồi của nhà thiết kế Kiên Vũ được xây dựng dựa trên ý tưởng gì và bao gồm những dòng trang phục nào?,90345,"[""90345_structured_0000""]","[""90345_structured_0000"", ""13560_structured_0000"", ""166982_structured_0000"", ""13585_structured_0001"", ""164345_structured_0001"", ""93133_structured_0000"", ""165048_structured_0000"", ""164345_structured_0000"", ""168486_structured_0001"", ""13493_structured_0000"", ""168486_structured_0000"", ""13634_structured_0001"", ""13639_structured_0001"", ""13634_structured_0000"", ""166918_structured_0000"", ""13634_structured_0002"", ""166703_structured_0000"", ""13585_structured_0002"", ""13639_structured_0000"", ""168646_structured_0000"", ""168646_structured_0001"", ""169966_structured_0000"", ""169966_structured_0001"", ""68247_structured_0001"", ""93557_structured_0000"", ""167560_structured_0000"", ""166044_structured_0000"", ""13011_structured_0000"", ""148899_structured_0000"", ""88763_structured_0000"", ""14625_structured_0001"", ""88759_structured_0000"", ""167293_structured_0000"", ""122243_structured_0000"", ""165252_structured_0000"", ""13228_structured_0000"", ""15473_structured_0001"", ""16075_structured_0000"", ""133437_structured_0002"", ""15473_structured_0000"", ""64774_structured_0000"", ""42393_structured_0001"", ""88759_structured_0001"", ""167605_structured_0001"", ""109278_structured_0000"", ""77316_structured_0001"", ""13585_structured_0000"", ""161725_structured_0001"", ""13292_structured_0000"", ""168601_structured_0001""]",13131.9265,1.0,1.0,1.0,1.0,1.0,1.0,1.0,1.0
90345_3,bm25,Vì sao nhà thiết kế Kiên Vũ lại chọn H'Hen Niê và Thủy Tiên cho vị trí vedette và mở màn?,90345,"[""90345_structured_0000""]","[""90345_structured_0000"", ""168601_structured_0000"", ""168601_structured_0001"", ""168646_structured_0000"", ""88763_structured_0001"", ""168646_structured_0001"", ""16630_structured_0001"", ""165252_structured_0000"", ""91228_structured_0000"", ""13493_structured_0000"", ""114782_structured_0000"", ""15768_structured_0000"", ""93133_structured_0000"", ""88763_structured_0000"", ""143697_structured_0004"", ""93557_structured_0000"", ""26199_structured_0000"", ""167293_structured_0000"", ""13634_structured_0001"", ""143697_structured_0003"", ""13639_structured_0000"", ""58818_structured_0001"", ""13634_structured_0000"", ""13493_structured_0001"", ""164345_structured_0000"", ""150795_structured_0000"", ""94973_structured_0003"", ""104012_structured_0000"", ""16630_structured_0002"", ""84305_structured_0002"", ""86828_structured_0000"", ""171180_structured_0000"", ""102742_structured_0001"", ""264354_structured_0002"", ""16630_structured_0000"", ""61902_structured_0001"", ""150795_structured_0001"", ""184793_structured_0001"", ""58818_structured_0000"", ""201071_structured_0000"", ""84895_structured_0000"", ""94973_structured_0004"", ""169898_structured_0000"", ""85906_structured_0001"", ""174043_structured_0002"", ""393_structured_0002"", ""75902_structured_0000"", ""2283_structured_0004"", ""50621_structured_0000"", ""67374_structured_0000""]",237.5693,1.0,1.0,1.0,1.0,1.0,1.0,1.0,1.0
90345_3,dense,Vì sao nhà thiết kế Kiên Vũ lại chọn H'Hen Niê và Thủy Tiên cho vị trí vedette và mở màn?,90345,"[""90345_structured_0000""]","[""90345_structured_0000"", ""168601_structured_0001"", ""168646_structured_0001"", ""84305_structured_0001"", ""168646_structured_0000"", ""84305_structured_0000"", ""91228_structured_0000"", ""165252_structured_0001"", ""13639_structured_0000"", ""165252_structured_0000"", ""93281_structured_0000"", ""166703_structured_0000"", ""13634_structured_0002"", ""14591_structured_0001"", ""90439_structured_0001"", ""163176_structured_0001"", ""93557_structured_0000"", ""90439_structured_0000"", ""166552_structured_0001"", ""166044_structured_0000"", ""169260_structured_0000"", ""93133_structured_0000"", ""165048_structured_0000"", ""164345_structured_0000"", ""88763_structured_0001"", ""93281_structured_0001"", ""15806_structured_0003"", ""130392_structured_0000"", ""85107_structured_0000"", ""159517_structured_0001"", ""81172_structured_0002"", ""166982_structured_0000"", ""169260_structured_0001"", ""15806_structured_0004"", ""84305_structured_0002"", ""85108_structured_0000"", ""170784_structured_0000"", ""12280_structured_0000"", ""15597_structured_0002"", ""171777_structured_0000"", ""166470_structured_0000"", ""14480_structured_0000"", ""86828_structured_0000"", ""13560_structured_0000"", ""157377_structured_0000"", ""15473_structured_0001"", ""88763_structured_0000"", ""13639_structured_0001"", ""130392_structured_0001"", ""171134_structured_0000""]",13536.0239,1.0,1.0,1.0,1.0,1.0,1.0,1.0,1.0
90345_3,hybrid,Vì sao nhà thiết kế Kiên Vũ lại chọn H'Hen Niê và Thủy Tiên cho vị trí vedette và mở màn?,90345,"[""90345_structured_0000""]","[""90345_structured_0000"", ""168601_structured_0001"", ""168646_structured_0001"", ""168646_structured_0000"", ""91228_structured_0000"", ""165252_structured_0000"", ""88763_structured_0001"", ""13639_structured_0000"", ""93557_structured_0000"", ""93133_structured_0000"", ""164345_structured_0000"", ""88763_structured_0000"", ""84305_structured_0002"", ""86828_structured_0000"", ""168601_structured_0000"", ""84305_structured_0001"", ""84305_structured_0000"", ""16630_structured_0001"", ""165252_structured_0001"", ""13493_structured_0000"", ""114782_structured_0000"", ""93281_structured_0000"", ""15768_structured_0000"", ""166703_structured_0000"", ""13634_structured_0002"", ""14591_structured_0001"", ""143697_structured_0004"", ""90439_structured_0001"", ""163176_structured_0001"", ""26199_structured_0000"", ""167293_structured_0000"", ""90439_structured_0000"", ""13634_structured_0001"", ""166552_structured_0001"", ""143697_structured_0003"", ""166044_structured_0000"", ""169260_structured_0000"", ""58818_structured_0001"", ""13634_structured_0000"", ""165048_structured_0000"", ""13493_structured_0001"", ""150795_structured_0000"", ""93281_structured_0001"", ""15806_structured_0003"", ""94973_structured_0003"", ""104012_structured_0000"", ""130392_structured_0000"", ""16630_structured_0002"", ""85107_structured_0000"", ""159517_structured_0001""]",13622.2495,1.0,1.0,1.0,1.0,1.0,1.0,1.0,1.0
90345_4,bm25,"Ngoài H'Hen Niê và Thủy Tiên, những ai khác góp mặt trong show diễn Tinh hoa cố đô?",90345,"[""90345_structured_0000""]","[""90345_structured_0000"", ""168601_structured_0000"", ""168601_structured_0001"", ""91495_structured_0000"", ""16630_structured_0001"", ""2230_structured_0000"", ""88763_structured_0000"", ""75228_structured_0005"", ""171180_structured_0000"", ""8426_structured_0002"", ""7030_structured_0001"", ""1649_structured_0002"", ""154472_structured_0001"", ""202306_structured_0000"", ""171463_structured_0001"", ""7463_structured_0002"", ""7463_structured_0000"", ""166703_structured_0000"", ""165048_structured_0000"", ""89740_structured_0000"", ""78858_structured_0000"", ""93595_structured_0000"", ""84305_structured_0000"", ""88038_structured_0000"", ""17335_structured_0000"", ""84305_structured_0002"", ""114782_structured_0000"", ""79771_structured_0002"", ""1649_structured_0000"", ""93281_structured_0000"", ""165450_structured_0001"", ""93640_structured_0001"", ""88038_structured_0001"", ""160035_structured_0001"", ""84699_structured_0001"", ""163678_structured_0000"", ""104012_structured_0000"", ""15749_structured_0003"", ""1649_structured_0001"", ""7470_structured_0000"", ""12563_structured_0002"", ""170486_structured_0000"", ""7463_structured_0001"", ""158546_structured_0000"", ""92829_structured_0001"", ""230623_structured_0000"", ""35198_structured_0001"", ""77010_structured_0001"", ""7194_structured_0001"", ""165766_structured_0001""]",167.7066,1.0,1.0,1.0,1.0,1.0,1.0,1.0,1.0
90345_4,dense,"Ngoài H'Hen Niê và Thủy Tiên, những ai khác góp mặt trong show diễn Tinh hoa cố đô?",90345,"[""90345_structured_0000""]","[""90345_structured_0000"", ""168601_structured_0001"", ""168601_structured_0000"", ""166703_structured_0000"", ""91363_structured_0000"", ""7230_structured_0002"", ""7230_structured_0001"", ""93281_structured_0000"", ""162728_structured_0000"", ""171134_structured_0000"", ""163504_structured_0000"", ""168646_structured_0001"", ""170802_structured_0000"", ""85868_structured_0000"", ""162965_structured_0000"", ""7230_structured_0000"", ""170486_structured_0000"", ""16143_structured_0001"", ""12280_structured_0000"", ""93133_structured_0000"", ""85292_structured_0001"", ""7407_structured_0001"", ""85292_structured_0000"", ""164160_structured_0000"", ""93281_structured_0001"", ""14993_structured_0001"", ""15445_structured_0001"", ""157954_structured_0000"", ""15427_structured_0000"", ""91583_structured_0000"", ""7701_structured_0001"", ""166552_structured_0001"", ""170881_structured_0000"", ""7488_structured_0000"", ""93045_structured_0000"", ""165538_structured_0000"", ""12280_structured_0001"", ""131539_structured_0002"", ""89020_structured_0001"", ""165252_structured_0001"", ""85108_structured_0000"", ""7291_structured_0001"", ""170584_structured_0001"", ""87975_structured_0001"", ""171777_structured_0000"", ""8863_structured_0000"", ""170683_structured_0001"", ""85868_structured_0001"", ""165048_structured_0000"", ""9243_structured_0001""]",13423.229,1.0,1.0,1.0,1.0,1.0,1.0,1.0,1.0
90345_4,hybrid,"Ngoài H'Hen Niê và Thủy Tiên, những ai khác góp mặt trong show diễn Tinh hoa cố đô?",90345,"[""90345_structured_0000""]","[""90345_structured_0000"", ""168601_structured_0000"", ""168601_structured_0001"", ""166703_structured_0000"", ""93281_structured_0000"", ""170486_structured_0000"", ""165048_structured_0000"", ""91495_structured_0000"", ""16630_structured_0001"", ""91363_structured_0000"", ""2230_structured_0000"", ""7230_structured_0002"", ""7230_structured_0001"", ""88763_structured_0000"", ""75228_structured_0005"", ""162728_structured_0000"", ""171180_structured_0000"", ""171134_structured_0000"", ""8426_structured_0002"", ""163504_structured_0000"", ""7030_structured_0001"", ""1649_structured_0002"", ""168646_structured_0001"", ""154472_structured_0001"", ""170802_structured_0000"", ""202306_structured_0000"", ""85868_structured_0000"", ""162965_structured_0000"", ""171463_structured_0001"", ""7230_structured_0000"", ""7463_structured_0002"", ""7463_structured_0000"", ""16143_structured_0001"", ""12280_structured_0000"", ""89740_structured_0000"", ""93133_structured_0000"", ""78858_structured_0000"", ""85292_structured_0001"", ""7407_structured_0001"", ""93595_structured_0000"", ""84305_structured_0000"", ""85292_structured_0000"", ""164160_structured_0000"", ""88038_structured_0000"", ""17335_structured_0000"", ""93281_structured_0001"", ""14993_structured_0001"", ""84305_structured_0002"", ""114782_structured_0000"", ""15445_structured_0001""]",13579.5274,1.0,1.0,1.0,1.0,1.0,1.0,1.0,1.0
225322_1,bm25,Quang Hải đang thi đấu cho câu lạc bộ nào tại nước ngoài vào thời điểm đợt tập trung?,225322,"[""225322_structured_0000""]","[""225322_structured_0000"", ""222471_structured_0000"", ""223507_structured_0000"", ""123547_structured_0001"", ""220560_structured_0001"", ""225537_structured_0000"", ""123547_structured_0000"", ""221769_structured_0000"", ""224003_structured_0000"", ""128460_structured_0000"", ""222973_structured_0000"", ""223745_structured_0000"", ""204092_structured_0000"", ""220560_structured_0000"", ""224610_structured_0000"", ""38035_structured_0001"", ""38035_structured_0000"", ""223627_structured_0000"", ""220656_structured_0000"", ""223508_structured_0001"", ""4005_structured_0002"", ""223114_structured_0000"", ""36907_structured_0000"", ""66351_structured_0002"", ""3146_structured_0000"", ""236686_structured_0000"", ""224458_structured_0001"", ""3285_structured_0002"", ""224464_structured_0000"", ""225709_structured_0001"", ""222718_structured_0001"", ""236141_structured_0002"", ""38301_structured_0001"", ""257780_structured_0000"", ""125176_structured_0001"", ""124120_structured_0000"", ""117298_structured_0001"", ""3232_structured_0000"", ""221944_structured_0001"", ""219436_structured_0000"", ""66351_structured_0001"", ""219346_structured_0000"", ""26616_structured_0002"", ""220656_structured_0001"", ""190863_structured_0003"", ""196363_structured_0000"", ""38017_structured_0000"", ""126694_structured_0000"", ""25064_structured_0002"", ""220531_structured_0000""]",172.638,1.0,1.0,1.0,1.0,1.0,1.0,1.0,1.0
225322_1,dense,Quang Hải đang thi đấu cho câu lạc bộ nào tại nước ngoài vào thời điểm đợt tập trung?,225322,"[""225322_structured_0000""]","[""222471_structured_0000"", ""225537_structured_0000"", ""225322_structured_0000"", ""223740_structured_0000"", ""223507_structured_0000"", ""225537_structured_0001"", ""223627_structured_0000"", ""128107_structured_0001"", ""128460_structured_0000"", ""128349_structured_0000"", ""128107_structured_0000"", ""124469_structured_0001"", ""219436_structured_0000"", ""128644_structured_0000"", ""129185_structured_0000"", ""128349_structured_0001"", ""224042_structured_0000"", ""126694_structured_0000"", ""128460_structured_0001"", ""223745_structured_0000"", ""222110_structured_0000"", ""128123_structured_0001"", ""126937_structured_0000"", ""36289_structured_0000"", ""224464_structured_0000"", ""223976_structured_0001"", ""124794_structured_0001"", ""128227_structured_0001"", ""126694_structured_0001"", ""38035_structured_0001"", ""124794_structured_0000"", ""220855_structured_0001"", ""126821_structured_0001"", ""223075_structured_0001"", ""222806_structured_0000"", ""225068_structured_0000"", ""37655_structured_0001"", ""123547_structured_0001"", ""222973_structured_0000"", ""222084_structured_0000"", ""127349_structured_0002"", ""219371_structured_0000"", ""224610_structured_0000"", ""220656_structured_0000"", ""124469_structured_0000"", ""37169_structured_0000"", ""224458_structured_0001"", ""228077_structured_0001"", ""128125_structured_0001"", ""221944_structured_0002""]",13385.894,0.0,0.0,1.0,1.0,1.0,1.0,0.3333333333333333,0.5
225322_1,hybrid,Quang Hải đang thi đấu cho câu lạc bộ nào tại nước ngoài vào thời điểm đợt tập trung?,225322,"[""225322_structured_0000""]","[""222471_structured_0000"", ""225322_structured_0000"", ""225537_structured_0000"", ""223507_structured_0000"", ""128460_structured_0000"", ""223627_structured_0000"", ""223745_structured_0000"", ""123547_structured_0001"", ""38035_structured_0001"", ""222973_structured_0000"", ""219436_structured_0000"", ""224610_structured_0000"", ""224464_structured_0000"", ""220656_structured_0000"", ""126694_structured_0000"", ""224458_structured_0001"", ""223740_structured_0000"", ""220560_structured_0001"", ""225537_structured_0001"", ""123547_structured_0000"", ""128107_structured_0001"", ""221769_structured_0000"", ""224003_structured_0000"", ""128349_structured_0000"", ""128107_structured_0000"", ""124469_structured_0001"", ""204092_structured_0000"", ""128644_structured_0000"", ""220560_structured_0000"", ""129185_structured_0000"", ""128349_structured_0001"", ""224042_structured_0000"", ""38035_structured_0000"", ""128460_structured_0001"", ""223508_structured_0001"", ""222110_structured_0000"", ""4005_structured_0002"", ""128123_structured_0001"", ""223114_structured_0000"", ""126937_structured_0000"", ""36907_structured_0000"", ""36289_structured_0000"", ""66351_structured_0002"", ""3146_structured_0000"", ""223976_structured_0001"", ""236686_structured_0000"", ""124794_structured_0001"", ""128227_structured_0001"", ""3285_structured_0002"", ""126694_structured_0001""]",13549.6276,0.0,0.0,1.0,1.0,1.0,1.0,0.5,0.6309297535714575
225322_2,bm25,Đợt hội quân tháng 3 của tuyển Việt Nam dưới thời HLV Troussier được tổ chức ra sao?,225322,"[""225322_structured_0000""]","[""225496_structured_0000"", ""225317_structured_0000"", ""223834_structured_0000"", ""223075_structured_0000"", ""222973_structured_0000"", ""223259_structured_0000"", ""223508_structured_0001"", ""223508_structured_0000"", ""223822_structured_0000"", ""225496_structured_0001"", ""223627_structured_0000"", ""221944_structured_0002"", ""223745_structured_0000"", ""221944_structured_0001"", ""225465_structured_0000"", ""223507_structured_0000"", ""225350_structured_0000"", ""224023_structured_0000"", ""225072_structured_0000"", ""225322_structured_0000"", ""223166_structured_0000"", ""222809_structured_0000"", ""223976_structured_0001"", ""223302_structured_0001"", ""223302_structured_0000"", ""225350_structured_0001"", ""221666_structured_0000"", ""224695_structured_0001"", ""222839_structured_0000"", ""222973_structured_0001"", ""223075_structured_0001"", ""223537_structured_0000"", ""222815_structured_0000"", ""224003_structured_0000"", ""223822_structured_0001"", ""223306_structured_0000"", ""223537_structured_0001"", ""223259_structured_0001"", ""222839_structured_0001"", ""225467_structured_0000"", ""223114_structured_0001"", ""223976_structured_0000"", ""221944_structured_0000"", ""222947_structured_0000"", ""225467_structured_0001"", ""222815_structured_0001"", ""220656_structured_0001"", ""223306_structured_0001"", ""219426_structured_0001"", ""220642_structured_0000""]",211.068,0.0,0.0,0.0,0.0,0.0,0.0,0.0,0.0
225322_2,dense,Đợt hội quân tháng 3 của tuyển Việt Nam dưới thời HLV Troussier được tổ chức ra sao?,225322,"[""225322_structured_0000""]","[""225322_structured_0000"", ""225317_structured_0000"", ""223302_structured_0001"", ""224042_structured_0000"", ""225496_structured_0001"", ""224023_structured_0000"", ""225289_structured_0000"", ""225496_structured_0000"", ""225068_structured_0000"", ""223976_structured_0001"", ""225350_structured_0001"", ""223302_structured_0000"", ""222815_structured_0000"", ""223537_structured_0000"", ""222815_structured_0001"", ""223834_structured_0000"", ""225072_structured_0000"", ""223822_structured_0000"", ""225289_structured_0001"", ""223627_structured_0000"", ""223306_structured_0000"", ""223259_structured_0000"", ""223822_structured_0001"", ""222809_structured_0000"", ""223075_structured_0000"", ""223976_structured_0000"", ""223259_structured_0001"", ""223537_structured_0001"", ""223306_structured_0001"", ""222973_structured_0001"", ""225072_structured_0001"", ""225350_structured_0000"", ""225465_structured_0000"", ""128644_structured_0000"", ""223508_structured_0000"", ""223075_structured_0001"", ""222815_structured_0002"", ""223205_structured_0001"", ""224128_structured_0001"", ""222839_structured_0000"", ""222973_structured_0000"", ""223508_structured_0001"", ""128107_structured_0000"", ""223745_structured_0000"", ""223166_structured_0000"", ""222947_structured_0000"", ""128107_structured_0001"", ""127349_structured_0001"", ""127739_structured_0000"", ""127739_structured_0001""]",13043.5466,1.0,1.0,1.0,1.0,1.0,1.0,1.0,1.0
225322_2,hybrid,Đợt hội quân tháng 3 của tuyển Việt Nam dưới thời HLV Troussier được tổ chức ra sao?,225322,"[""225322_structured_0000""]","[""225317_structured_0000"", ""225496_structured_0000"", ""225496_structured_0001"", ""223834_structured_0000"", ""225322_structured_0000"", ""224023_structured_0000"", ""223302_structured_0001"", ""223075_structured_0000"", ""223259_structured_0000"", ""223822_structured_0000"", ""223627_structured_0000"", ""223976_structured_0001"", ""225350_structured_0001"", ""223302_structured_0000"", ""225072_structured_0000"", ""222973_structured_0000"", ""223508_structured_0000"", ""223508_structured_0001"", ""222815_structured_0000"", ""223537_structured_0000"", ""222809_structured_0000"", ""225465_structured_0000"", ""225350_structured_0000"", ""223745_structured_0000"", ""222815_structured_0001"", ""223306_structured_0000"", ""223822_structured_0001"", ""222973_structured_0001"", ""223166_structured_0000"", ""223259_structured_0001"", ""223537_structured_0001"", ""223976_structured_0000"", ""223075_structured_0001"", ""222839_structured_0000"", ""223306_structured_0001"", ""222947_structured_0000"", ""224042_structured_0000"", ""225289_structured_0000"", ""225068_structured_0000"", ""221944_structured_0002"", ""221944_structured_0001"", ""223507_structured_0000"", ""225289_structured_0001"", ""221666_structured_0000"", ""224695_structured_0001"", ""225072_structured_0001"", ""128644_structured_0000"", ""224003_structured_0000"", ""222815_structured_0002"", ""223205_structured_0001""]",13622.2868,0.0,0.0,1.0,1.0,1.0,1.0,0.2,0.3868528072345416
225322_3,bm25,"Vì sao các câu lạc bộ nước ngoài không cho Quang Hải, Công Phượng và Văn Toàn về tập trung cùng tuyển Việt Nam?",225322,"[""225322_structured_0000""]","[""225322_structured_0000"", ""222973_structured_0000"", ""223627_structured_0000"", ""224610_structured_0000"", ""222973_structured_0001"", ""223834_structured_0000"", ""223507_structured_0000"", ""223976_structured_0000"", ""221651_structured_0000"", ""222471_structured_0000"", ""224003_structured_0000"", ""225537_structured_0000"", ""66351_structured_0002"", ""224458_structured_0001"", ""223114_structured_0000"", ""221666_structured_0001"", ""223745_structured_0000"", ""221769_structured_0000"", ""221651_structured_0001"", ""126670_structured_0000"", ""170223_structured_0001"", ""219436_structured_0000"", ""221172_structured_0001"", ""204092_structured_0000"", ""221944_structured_0001"", ""221666_structured_0000"", ""11050_structured_0000"", ""222806_structured_0000"", ""222088_structured_0000"", ""66351_structured_0001"", ""220642_structured_0000"", ""2283_structured_0004"", ""219999_structured_0000"", ""221109_structured_0000"", ""223508_structured_0001"", ""222327_structured_0000"", ""69331_structured_0002"", ""220656_structured_0000"", ""225537_structured_0001"", ""3422_structured_0000"", ""128134_structured_0000"", ""223075_structured_0001"", ""222727_structured_0000"", ""221474_structured_0000"", ""225709_structured_0000"", ""24186_structured_0003"", ""223508_structured_0000"", ""220531_structured_0000"", ""221769_structured_0001"", ""11050_structured_0001""]",220.3987,1.0,1.0,1.0,1.0,1.0,1.0,1.0,1.0
225322_3,dense,"Vì sao các câu lạc bộ nước ngoài không cho Quang Hải, Công Phượng và Văn Toàn về tập trung cùng tuyển Việt Nam?",225322,"[""225322_structured_0000""]","[""225322_structured_0000"", ""223834_structured_0000"", ""223627_structured_0000"", ""128107_structured_0001"", ""223507_structured_0000"", ""224610_structured_0000"", ""129185_structured_0000"", ""222471_structured_0000"", ""128107_structured_0000"", ""126670_structured_0000"", ""222973_structured_0001"", ""223976_structured_0000"", ""225537_structured_0000"", ""128460_structured_0000"", ""128227_structured_0001"", ""222110_structured_0000"", ""126937_structured_0000"", ""224023_structured_0000"", ""38017_structured_0000"", ""222973_structured_0000"", ""222201_structured_0000"", ""219436_structured_0000"", ""128125_structured_0001"", ""224042_structured_0000"", ""128200_structured_0001"", ""40562_structured_0000"", ""126810_structured_0000"", ""223508_structured_0000"", ""224458_structured_0000"", ""223740_structured_0000"", ""225317_structured_0000"", ""222839_structured_0000"", ""223508_structured_0001"", ""220569_structured_0001"", ""128644_structured_0000"", ""223302_structured_0001"", ""223976_structured_0001"", ""225537_structured_0001"", ""224458_structured_0001"", ""40562_structured_0001"", ""126694_structured_0001"", ""128477_structured_0001"", ""223075_structured_0001"", ""221651_structured_0000"", ""223306_structured_0001"", ""128139_structured_0001"", ""128200_structured_0002"", ""126937_structured_0001"", ""127349_structured_0002"", ""222269_structured_0000""]",12942.4005,1.0,1.0,1.0,1.0,1.0,1.0,1.0,1.0
225322_3,hybrid,"Vì sao các câu lạc bộ nước ngoài không cho Quang Hải, Công Phượng và Văn Toàn về tập trung cùng tuyển Việt Nam?",225322,"[""225322_structured_0000""]","[""225322_structured_0000"", ""223627_structured_0000"", ""223834_structured_0000"", ""224610_structured_0000"", ""223507_structured_0000"", ""222973_structured_0001"", ""222471_structured_0000"", ""222973_structured_0000"", ""223976_structured_0000"", ""225537_structured_0000"", ""126670_structured_0000"", ""219436_structured_0000"", ""221651_structured_0000"", ""224458_structured_0001"", ""223508_structured_0001"", ""223508_structured_0000"", ""225537_structured_0001"", ""223075_structured_0001"", ""128107_structured_0001"", ""129185_structured_0000"", ""128107_structured_0000"", ""224003_structured_0000"", ""66351_structured_0002"", ""128460_structured_0000"", ""128227_structured_0001"", ""223114_structured_0000"", ""221666_structured_0001"", ""222110_structured_0000"", ""126937_structured_0000"", ""223745_structured_0000"", ""221769_structured_0000"", ""224023_structured_0000"", ""221651_structured_0001"", ""38017_structured_0000"", ""170223_structured_0001"", ""222201_structured_0000"", ""128125_structured_0001"", ""221172_structured_0001"", ""204092_structured_0000"", ""224042_structured_0000"", ""128200_structured_0001"", ""221944_structured_0001"", ""221666_structured_0000"", ""40562_structured_0000"", ""11050_structured_0000"", ""126810_structured_0000"", ""222806_structured_0000"", ""222088_structured_0000"", ""224458_structured_0000"", ""223740_structured_0000""]",13439.3423,1.0,1.0,1.0,1.0,1.0,1.0,1.0,1.0
225322_4,bm25,Tình hình thi đấu ở nước ngoài của Quang Hải và Công Phượng khác nhau như thế nào?,225322,"[""225322_structured_0000""]","[""225322_structured_0000"", ""126937_structured_0000"", ""126670_structured_0000"", ""222973_structured_0000"", ""126937_structured_0002"", ""224003_structured_0000"", ""221651_structured_0000"", ""126937_structured_0001"", ""222471_structured_0000"", ""128134_structured_0000"", ""129185_structured_0000"", ""127819_structured_0000"", ""225537_structured_0000"", ""128460_structured_0001"", ""220656_structured_0000"", ""224610_structured_0000"", ""223507_structured_0000"", ""128460_structured_0000"", ""219999_structured_0000"", ""222973_structured_0001"", ""223627_structured_0000"", ""222839_structured_0000"", ""39762_structured_0000"", ""38633_structured_0000"", ""222806_structured_0000"", ""128134_structured_0001"", ""224458_structured_0001"", ""225523_structured_0001"", ""26616_structured_0000"", ""220531_structured_0002"", ""32847_structured_0000"", ""38056_structured_0000"", ""224464_structured_0000"", ""26200_structured_0000"", ""26616_structured_0003"", ""36907_structured_0000"", ""7785_structured_0000"", ""221878_structured_0000"", ""129185_structured_0001"", ""26200_structured_0001"", ""220138_structured_0000"", ""222718_structured_0001"", ""36289_structured_0000"", ""124088_structured_0000"", ""220546_structured_0000"", ""126803_structured_0000"", ""48576_structured_0006"", ""36399_structured_0000"", ""223154_structured_0000"", ""41912_structured_0000""]",174.6049,1.0,1.0,1.0,1.0,1.0,1.0,1.0,1.0
225322_4,dense,Tình hình thi đấu ở nước ngoài của Quang Hải và Công Phượng khác nhau như thế nào?,225322,"[""225322_structured_0000""]","[""225322_structured_0000"", ""222471_structured_0000"", ""128107_structured_0001"", ""223507_structured_0000"", ""222839_structured_0000"", ""225537_structured_0000"", ""222973_structured_0001"", ""223834_structured_0000"", ""129185_structured_0000"", ""223627_structured_0000"", ""126670_structured_0000"", ""128460_structured_0000"", ""219436_structured_0000"", ""222973_structured_0000"", ""225537_structured_0001"", ""221651_structured_0000"", ""224610_structured_0000"", ""128460_structured_0001"", ""222110_structured_0000"", ""224458_structured_0001"", ""126937_structured_0000"", ""128107_structured_0000"", ""222269_structured_0000"", ""224458_structured_0000"", ""221651_structured_0001"", ""224464_structured_0000"", ""128227_structured_0001"", ""36289_structured_0000"", ""128139_structured_0001"", ""128125_structured_0001"", ""222269_structured_0001"", ""126937_structured_0001"", ""219999_structured_0000"", ""223508_structured_0001"", ""128227_structured_0000"", ""218945_structured_0000"", ""223508_structured_0000"", ""126937_structured_0002"", ""223976_structured_0000"", ""223740_structured_0000"", ""129185_structured_0001"", ""128477_structured_0001"", ""124469_structured_0001"", ""221878_structured_0000"", ""127819_structured_0000"", ""128200_structured_0001"", ""126810_structured_0000"", ""226452_structured_0000"", ""220855_structured_0001"", ""124152_structured_0000""]",12888.6844,1.0,1.0,1.0,1.0,1.0,1.0,1.0,1.0
225322_4,hybrid,Tình hình thi đấu ở nước ngoài của Quang Hải và Công Phượng khác nhau như thế nào?,225322,"[""225322_structured_0000""]","[""225322_structured_0000"", ""222471_structured_0000"", ""126670_structured_0000"", ""222973_structured_0000"", ""225537_structured_0000"", ""223507_structured_0000"", ""129185_structured_0000"", ""126937_structured_0000"", ""221651_structured_0000"", ""222839_structured_0000"", ""222973_structured_0001"", ""128460_structured_0000"", ""223627_structured_0000"", ""128460_structured_0001"", ""224610_structured_0000"", ""126937_structured_0002"", ""126937_structured_0001"", ""224458_structured_0001"", ""127819_structured_0000"", ""219999_structured_0000"", ""224464_structured_0000"", ""36289_structured_0000"", ""129185_structured_0001"", ""221878_structured_0000"", ""128107_structured_0001"", ""224003_structured_0000"", ""223834_structured_0000"", ""128134_structured_0000"", ""219436_structured_0000"", ""220656_structured_0000"", ""225537_structured_0001"", ""222110_structured_0000"", ""128107_structured_0000"", ""222269_structured_0000"", ""39762_structured_0000"", ""224458_structured_0000"", ""38633_structured_0000"", ""221651_structured_0001"", ""222806_structured_0000"", ""128134_structured_0001"", ""128227_structured_0001"", ""225523_structured_0001"", ""128139_structured_0001"", ""26616_structured_0000"", ""128125_structured_0001"", ""220531_structured_0002"", ""222269_structured_0001"", ""32847_structured_0000"", ""38056_structured_0000"", ""223508_structured_0001""]",13279.1503,1.0,1.0,1.0,1.0,1.0,1.0,1.0,1.0
114604_1,bm25,Hệ thống nhà thuốc Long Châu và STADA Pymepharco đã triển khai những hoạt động kiểm tra sức khỏe cụ thể nào cho người dân trong sự kiện hợp tác?,114604,"[""114604_structured_0000"", ""114604_structured_0001""]","[""114604_structured_0001"", ""114604_structured_0000"", ""29260_structured_0002"", ""114604_structured_0002"", ""29260_structured_0001"", ""29260_structured_0003"", ""206172_structured_0002"", ""29054_structured_0002"", ""206172_structured_0001"", ""28541_structured_0000"", ""206172_structured_0000"", ""56306_structured_0000"", ""29260_structured_0000"", ""65134_structured_0000"", ""56306_structured_0001"", ""29260_structured_0004"", ""28541_structured_0001"", ""29054_structured_0001"", ""29054_structured_0000"", ""205994_structured_0000"", ""205994_structured_0002"", ""108231_structured_0000"", ""205994_structured_0001"", ""114933_structured_0000"", ""62185_structured_0000"", ""65134_structured_0001"", ""208779_structured_0000"", ""210063_structured_0001"", ""108231_structured_0001"", ""29266_structured_0000"", ""184334_structured_0001"", ""28731_structured_0001"", ""208739_structured_0000"", ""22819_structured_0001"", ""208739_structured_0001"", ""188728_structured_0002"", ""24678_structured_0000"", ""29478_structured_0002"", ""209066_structured_0000"", ""108746_structured_0004"", ""52997_structured_0001"", ""109037_structured_0001"", ""117545_structured_0001"", ""184808_structured_0000"", ""29266_structured_0001"", ""183751_structured_0001"", ""188332_structured_0002"", ""108652_structured_0002"", ""181056_structured_0002"", ""240023_structured_0001""]",286.3099,0.5,1.0,1.0,1.0,1.0,1.0,1.0,1.0
114604_1,dense,Hệ thống nhà thuốc Long Châu và STADA Pymepharco đã triển khai những hoạt động kiểm tra sức khỏe cụ thể nào cho người dân trong sự kiện hợp tác?,114604,"[""114604_structured_0000"", ""114604_structured_0001""]","[""114604_structured_0002"", ""114604_structured_0001"", ""114604_structured_0000"", ""206172_structured_0002"", ""206172_structured_0001"", ""206172_structured_0000"", ""29260_structured_0001"", ""28541_structured_0001"", ""65134_structured_0001"", ""65134_structured_0000"", ""29054_structured_0002"", ""29260_structured_0002"", ""29260_structured_0000"", ""29260_structured_0004"", ""28541_structured_0000"", ""114933_structured_0000"", ""208779_structured_0000"", ""29260_structured_0003"", ""114933_structured_0001"", ""29478_structured_0002"", ""208739_structured_0000"", ""210063_structured_0001"", ""29054_structured_0001"", ""209140_structured_0000"", ""56306_structured_0001"", ""205994_structured_0002"", ""208739_structured_0001"", ""209140_structured_0001"", ""209660_structured_0001"", ""31836_structured_0002"", ""56306_structured_0000"", ""137958_structured_0000"", ""68725_structured_0001"", ""24016_structured_0002"", ""29478_structured_0004"", ""28731_structured_0001"", ""209713_structured_0001"", ""205994_structured_0001"", ""208779_structured_0001"", ""114376_structured_0000"", ""256915_structured_0000"", ""189823_structured_0000"", ""56306_structured_0002"", ""115072_structured_0001"", ""66795_structured_0002"", ""189823_structured_0001"", ""29116_structured_0002"", ""207679_structured_0000"", ""210063_structured_0000"", ""206259_structured_0000""]",13769.8665,0.0,0.0,1.0,1.0,1.0,1.0,0.5,0.6934264036172708
114604_1,hybrid,Hệ thống nhà thuốc Long Châu và STADA Pymepharco đã triển khai những hoạt động kiểm tra sức khỏe cụ thể nào cho người dân trong sự kiện hợp tác?,114604,"[""114604_structured_0000"", ""114604_structured_0001""]","[""114604_structured_0001"", ""114604_structured_0002"", ""114604_structured_0000"", ""206172_structured_0002"", ""29260_structured_0001"", ""206172_structured_0001"", ""29260_structured_0002"", ""206172_structured_0000"", ""29054_structured_0002"", ""29260_structured_0003"", ""65134_structured_0000"", ""28541_structured_0001"", ""28541_structured_0000"", ""29260_structured_0000"", ""29260_structured_0004"", ""65134_structured_0001"", ""56306_structured_0001"", ""114933_structured_0000"", ""56306_structured_0000"", ""29054_structured_0001"", ""208779_structured_0000"", ""205994_structured_0002"", ""210063_structured_0001"", ""208739_structured_0000"", ""29478_structured_0002"", ""205994_structured_0001"", ""208739_structured_0001"", ""28731_structured_0001"", ""114933_structured_0001"", ""29054_structured_0000"", ""205994_structured_0000"", ""108231_structured_0000"", ""209140_structured_0000"", ""62185_structured_0000"", ""209140_structured_0001"", ""108231_structured_0001"", ""209660_structured_0001"", ""29266_structured_0000"", ""31836_structured_0002"", ""184334_structured_0001"", ""137958_structured_0000"", ""68725_structured_0001"", ""22819_structured_0001"", ""24016_structured_0002"", ""29478_structured_0004"", ""188728_structured_0002"", ""209713_structured_0001"", ""24678_structured_0000"", ""208779_structured_0001"", ""209066_structured_0000""]",13615.9786,0.5,1.0,1.0,1.0,1.0,1.0,1.0,0.9197207891481876
114604_2,bm25,Chương trình hợp tác giữa Long Châu và STADA Pymepharco tập trung giải quyết vấn đề sức khỏe nào và hướng đến thông điệp gì cho cộng đồng?,114604,"[""114604_structured_0001""]","[""114604_structured_0001"", ""114604_structured_0002"", ""114604_structured_0000"", ""29260_structured_0000"", ""206172_structured_0001"", ""29260_structured_0001"", ""208779_structured_0000"", ""206172_structured_0000"", ""29260_structured_0002"", ""29054_structured_0002"", ""65134_structured_0000"", ""29260_structured_0003"", ""206172_structured_0002"", ""56306_structured_0001"", ""35855_structured_0001"", ""209372_structured_0000"", ""29260_structured_0004"", ""97673_structured_0001"", ""211376_structured_0000"", ""208739_structured_0001"", ""12908_structured_0000"", ""28541_structured_0001"", ""32486_structured_0003"", ""56306_structured_0000"", ""84025_structured_0000"", ""29054_structured_0001"", ""208739_structured_0000"", ""52997_structured_0002"", ""109559_structured_0000"", ""173895_structured_0000"", ""95298_structured_0000"", ""158375_structured_0000"", ""6202_structured_0001"", ""117545_structured_0001"", ""4946_structured_0001"", ""117545_structured_0002"", ""196229_structured_0002"", ""15417_structured_0001"", ""28541_structured_0000"", ""52734_structured_0002"", ""262272_structured_0000"", ""176603_structured_0000"", ""210063_structured_0001"", ""65134_structured_0001"", ""208779_structured_0001"", ""258101_structured_0002"", ""19982_structured_0001"", ""192874_structured_0002"", ""137484_structured_0003"", ""52997_structured_0001""]",227.8303,1.0,1.0,1.0,1.0,1.0,1.0,1.0,1.0
114604_2,dense,Chương trình hợp tác giữa Long Châu và STADA Pymepharco tập trung giải quyết vấn đề sức khỏe nào và hướng đến thông điệp gì cho cộng đồng?,114604,"[""114604_structured_0001""]","[""114604_structured_0001"", ""114604_structured_0000"", ""114604_structured_0002"", ""206172_structured_0002"", ""206172_structured_0001"", ""206172_structured_0000"", ""29260_structured_0001"", ""65134_structured_0001"", ""29054_structured_0002"", ""65134_structured_0000"", ""29260_structured_0000"", ""28541_structured_0001"", ""29260_structured_0002"", ""29260_structured_0004"", ""28541_structured_0000"", ""208779_structured_0000"", ""208739_structured_0000"", ""29054_structured_0001"", ""137958_structured_0000"", ""29260_structured_0003"", ""208739_structured_0001"", ""68875_structured_0000"", ""209140_structured_0000"", ""208779_structured_0001"", ""29478_structured_0002"", ""205994_structured_0002"", ""210063_structured_0001"", ""114933_structured_0000"", ""209140_structured_0001"", ""114933_structured_0001"", ""56306_structured_0000"", ""29054_structured_0000"", ""29478_structured_0004"", ""206259_structured_0000"", ""108231_structured_0001"", ""19896_structured_0000"", ""109100_structured_0002"", ""108231_structured_0000"", ""29478_structured_0001"", ""56306_structured_0001"", ""209372_structured_0000"", ""29742_structured_0001"", ""209713_structured_0000"", ""209713_structured_0001"", ""30671_structured_0002"", ""206259_structured_0001"", ""256915_structured_0000"", ""114660_structured_0000"", ""19896_structured_0001"", ""29266_structured_0001""]",13510.2532,1.0,1.0,1.0,1.0,1.0,1.0,1.0,1.0
114604_2,hybrid,Chương trình hợp tác giữa Long Châu và STADA Pymepharco tập trung giải quyết vấn đề sức khỏe nào và hướng đến thông điệp gì cho cộng đồng?,114604,"[""114604_structured_0001""]","[""114604_structured_0001"", ""114604_structured_0000"", ""114604_structured_0002"", ""206172_structured_0001"", ""29260_structured_0001"", ""206172_structured_0000"", ""29260_structured_0000"", ""206172_structured_0002"", ""29054_structured_0002"", ""65134_structured_0000"", ""29260_structured_0002"", ""208779_structured_0000"", ""29260_structured_0004"", ""29260_structured_0003"", ""28541_structured_0001"", ""208739_structured_0001"", ""208739_structured_0000"", ""29054_structured_0001"", ""65134_structured_0001"", ""56306_structured_0001"", ""28541_structured_0000"", ""209372_structured_0000"", ""56306_structured_0000"", ""208779_structured_0001"", ""210063_structured_0001"", ""35855_structured_0001"", ""97673_structured_0001"", ""137958_structured_0000"", ""211376_structured_0000"", ""12908_structured_0000"", ""68875_structured_0000"", ""209140_structured_0000"", ""32486_structured_0003"", ""29478_structured_0002"", ""84025_structured_0000"", ""205994_structured_0002"", ""114933_structured_0000"", ""52997_structured_0002"", ""109559_structured_0000"", ""209140_structured_0001"", ""114933_structured_0001"", ""173895_structured_0000"", ""95298_structured_0000"", ""158375_structured_0000"", ""29054_structured_0000"", ""29478_structured_0004"", ""6202_structured_0001"", ""117545_structured_0001"", ""206259_structured_0000"", ""108231_structured_0001""]",13691.9531,1.0,1.0,1.0,1.0,1.0,1.0,1.0,1.0
114604_3,bm25,"Tình trạng thừa cân, béo phì gây ra những hệ lụy gì cho sức khỏe cá nhân và xã hội theo cảnh báo của giới y khoa?",114604,"[""114604_structured_0000""]","[""114604_structured_0001"", ""114604_structured_0000"", ""117438_structured_0003"", ""212311_structured_0001"", ""117438_structured_0002"", ""28561_structured_0000"", ""210723_structured_0001"", ""212777_structured_0000"", ""114283_structured_0002"", ""29406_structured_0003"", ""210193_structured_0000"", ""31155_structured_0000"", ""210723_structured_0002"", ""114265_structured_0000"", ""29906_structured_0001"", ""117298_structured_0000"", ""205100_structured_0001"", ""29107_structured_0000"", ""29906_structured_0000"", ""209834_structured_0000"", ""31499_structured_0001"", ""114604_structured_0002"", ""114762_structured_0001"", ""210151_structured_0000"", ""210723_structured_0000"", ""210413_structured_0001"", ""114762_structured_0000"", ""57400_structured_0002"", ""213143_structured_0000"", ""206409_structured_0001"", ""106700_structured_0002"", ""31776_structured_0002"", ""205669_structured_0000"", ""205994_structured_0000"", ""206954_structured_0001"", ""243191_structured_0002"", ""31155_structured_0001"", ""98374_structured_0002"", ""29383_structured_0002"", ""205100_structured_0000"", ""114567_structured_0000"", ""243191_structured_0001"", ""31662_structured_0001"", ""30629_structured_0000"", ""212000_structured_0000"", ""172124_structured_0000"", ""117265_structured_0003"", ""43901_structured_0002"", ""31150_structured_0002"", ""212833_structured_0000""]",260.3897,0.0,0.0,1.0,1.0,1.0,1.0,0.5,0.6309297535714575
114604_3,dense,"Tình trạng thừa cân, béo phì gây ra những hệ lụy gì cho sức khỏe cá nhân và xã hội theo cảnh báo của giới y khoa?",114604,"[""114604_structured_0000""]","[""114604_structured_0000"", ""114604_structured_0001"", ""30629_structured_0001"", ""30629_structured_0002"", ""28561_structured_0001"", ""28561_structured_0000"", ""30629_structured_0000"", ""31138_structured_0001"", ""117438_structured_0003"", ""27895_structured_0001"", ""210193_structured_0000"", ""30946_structured_0001"", ""117438_structured_0004"", ""205100_structured_0001"", ""210151_structured_0000"", ""213312_structured_0000"", ""117265_structured_0003"", ""208531_structured_0000"", ""210597_structured_0004"", ""207365_structured_0001"", ""29406_structured_0002"", ""117298_structured_0000"", ""205100_structured_0000"", ""206597_structured_0003"", ""117438_structured_0002"", ""31499_structured_0001"", ""28646_structured_0001"", ""30946_structured_0002"", ""29906_structured_0001"", ""29906_structured_0000"", ""114283_structured_0002"", ""31138_structured_0000"", ""114283_structured_0001"", ""210151_structured_0001"", ""27895_structured_0002"", ""205731_structured_0001"", ""207365_structured_0000"", ""31499_structured_0002"", ""207909_structured_0000"", ""30946_structured_0000"", ""209801_structured_0000"", ""72791_structured_0000"", ""206409_structured_0001"", ""206539_structured_0000"", ""158062_structured_0001"", ""205205_structured_0002"", ""114283_structured_0003"", ""210413_structured_0001"", ""210207_structured_0000"", ""29406_structured_0003""]",13493.6893,1.0,1.0,1.0,1.0,1.0,1.0,1.0,1.0
114604_3,hybrid,"Tình trạng thừa cân, béo phì gây ra những hệ lụy gì cho sức khỏe cá nhân và xã hội theo cảnh báo của giới y khoa?",114604,"[""114604_structured_0000""]","[""114604_structured_0000"", ""114604_structured_0001"", ""117438_structured_0003"", ""28561_structured_0000"", ""210193_structured_0000"", ""117438_structured_0002"", ""205100_structured_0001"", ""114283_structured_0002"", ""117298_structured_0000"", ""210151_structured_0000"", ""29906_structured_0001"", ""30629_structured_0000"", ""31499_structured_0001"", ""29906_structured_0000"", ""29406_structured_0003"", ""117265_structured_0003"", ""205100_structured_0000"", ""210413_structured_0001"", ""206409_structured_0001"", ""30629_structured_0001"", ""212311_structured_0001"", ""30629_structured_0002"", ""28561_structured_0001"", ""210723_structured_0001"", ""212777_structured_0000"", ""31138_structured_0001"", ""27895_structured_0001"", ""30946_structured_0001"", ""31155_structured_0000"", ""117438_structured_0004"", ""210723_structured_0002"", ""114265_structured_0000"", ""213312_structured_0000"", ""208531_structured_0000"", ""29107_structured_0000"", ""210597_structured_0004"", ""207365_structured_0001"", ""209834_structured_0000"", ""29406_structured_0002"", ""114604_structured_0002"", ""114762_structured_0001"", ""206597_structured_0003"", ""210723_structured_0000"", ""114762_structured_0000"", ""28646_structured_0001"", ""30946_structured_0002"", ""57400_structured_0002"", ""213143_structured_0000"", ""106700_structured_0002"", ""31138_structured_0000""]",13309.8215,1.0,1.0,1.0,1.0,1.0,1.0,1.0,1.0
114604_4,bm25,Hệ thống nhà thuốc Long Châu đóng vai trò gì trong việc đưa kiến thức y khoa về quản lý cân nặng đến với người dân?,114604,"[""114604_structured_0001""]","[""114604_structured_0001"", ""114604_structured_0000"", ""29054_structured_0002"", ""205994_structured_0000"", ""206172_structured_0001"", ""205994_structured_0002"", ""28541_structured_0000"", ""206172_structured_0000"", ""65134_structured_0001"", ""56306_structured_0001"", ""206172_structured_0002"", ""114604_structured_0002"", ""205994_structured_0001"", ""29260_structured_0003"", ""29266_structured_0000"", ""29478_structured_0002"", ""28541_structured_0001"", ""29260_structured_0002"", ""29260_structured_0004"", ""56306_structured_0000"", ""116707_structured_0002"", ""29260_structured_0001"", ""13092_structured_0001"", ""29260_structured_0000"", ""29478_structured_0001"", ""210597_structured_0002"", ""189823_structured_0000"", ""114399_structured_0000"", ""210723_structured_0002"", ""117438_structured_0003"", ""94684_structured_0002"", ""65134_structured_0000"", ""117438_structured_0002"", ""29478_structured_0004"", ""210597_structured_0003"", ""172308_structured_0003"", ""210723_structured_0000"", ""160768_structured_0000"", ""182962_structured_0001"", ""29906_structured_0000"", ""168712_structured_0001"", ""161827_structured_0000"", ""173895_structured_0000"", ""114399_structured_0001"", ""210723_structured_0001"", ""46682_structured_0001"", ""115377_structured_0002"", ""116707_structured_0001"", ""183059_structured_0000"", ""208939_structured_0000""]",238.9113,1.0,1.0,1.0,1.0,1.0,1.0,1.0,1.0
114604_4,dense,Hệ thống nhà thuốc Long Châu đóng vai trò gì trong việc đưa kiến thức y khoa về quản lý cân nặng đến với người dân?,114604,"[""114604_structured_0001""]","[""114604_structured_0001"", ""114604_structured_0000"", ""114604_structured_0002"", ""206172_structured_0002"", ""65134_structured_0001"", ""206172_structured_0001"", ""208739_structured_0001"", ""206172_structured_0000"", ""208739_structured_0000"", ""28541_structured_0001"", ""29260_structured_0001"", ""65134_structured_0000"", ""28541_structured_0000"", ""29260_structured_0000"", ""205994_structured_0002"", ""29260_structured_0004"", ""29260_structured_0002"", ""205994_structured_0001"", ""56306_structured_0001"", ""29054_structured_0002"", ""29260_structured_0003"", ""208779_structured_0000"", ""208779_structured_0001"", ""29266_structured_0000"", ""29478_structured_0004"", ""30629_structured_0002"", ""68725_structured_0000"", ""67447_structured_0000"", ""68725_structured_0001"", ""29054_structured_0001"", ""56306_structured_0000"", ""31836_structured_0002"", ""67447_structured_0001"", ""206259_structured_0001"", ""117298_structured_0000"", ""210063_structured_0001"", ""207679_structured_0000"", ""114376_structured_0003"", ""189823_structured_0001"", ""115072_structured_0001"", ""207679_structured_0003"", ""28561_structured_0001"", ""29478_structured_0002"", ""29478_structured_0000"", ""108231_structured_0000"", ""210063_structured_0000"", ""68725_structured_0002"", ""27708_structured_0000"", ""183059_structured_0001"", ""29054_structured_0000""]",12826.5284,1.0,1.0,1.0,1.0,1.0,1.0,1.0,1.0
114604_4,hybrid,Hệ thống nhà thuốc Long Châu đóng vai trò gì trong việc đưa kiến thức y khoa về quản lý cân nặng đến với người dân?,114604,"[""114604_structured_0001""]","[""114604_structured_0001"", ""114604_structured_0000"", ""206172_structured_0001"", ""65134_structured_0001"", ""114604_structured_0002"", ""206172_structured_0002"", ""206172_structured_0000"", ""28541_structured_0000"", ""205994_structured_0002"", ""29054_structured_0002"", ""28541_structured_0001"", ""56306_structured_0001"", ""205994_structured_0001"", ""29260_structured_0001"", ""29260_structured_0003"", ""29260_structured_0004"", ""29260_structured_0002"", ""29260_structured_0000"", ""29266_structured_0000"", ""65134_structured_0000"", ""56306_structured_0000"", ""29478_structured_0002"", ""29478_structured_0004"", ""205994_structured_0000"", ""208739_structured_0001"", ""208739_structured_0000"", ""116707_structured_0002"", ""208779_structured_0000"", ""13092_structured_0001"", ""208779_structured_0001"", ""29478_structured_0001"", ""210597_structured_0002"", ""30629_structured_0002"", ""189823_structured_0000"", ""68725_structured_0000"", ""114399_structured_0000"", ""67447_structured_0000"", ""210723_structured_0002"", ""68725_structured_0001"", ""117438_structured_0003"", ""29054_structured_0001"", ""94684_structured_0002"", ""31836_structured_0002"", ""117438_structured_0002"", ""67447_structured_0001"", ""206259_structured_0001"", ""117298_structured_0000"", ""210597_structured_0003"", ""172308_structured_0003"", ""210063_structured_0001""]",13151.0614,1.0,1.0,1.0,1.0,1.0,1.0,1.0,1.0
160104_1,bm25,Vai diễn nào khiến Kiều Anh cảm thấy tiếc nuối nhất trong sự nghiệp diễn xuất?,160104,"[""160104_structured_0000""]","[""160104_structured_0000"", ""82830_structured_0001"", ""168756_structured_0003"", ""85181_structured_0001"", ""160104_structured_0001"", ""82830_structured_0002"", ""82830_structured_0000"", ""159768_structured_0001"", ""158908_structured_0000"", ""168756_structured_0000"", ""160035_structured_0001"", ""88912_structured_0000"", ""88173_structured_0000"", ""168756_structured_0004"", ""88173_structured_0001"", ""158908_structured_0001"", ""84095_structured_0000"", ""80373_structured_0000"", ""168756_structured_0002"", ""84095_structured_0001"", ""93640_structured_0003"", ""159768_structured_0000"", ""84918_structured_0000"", ""168756_structured_0001"", ""82138_structured_0000"", ""10988_structured_0002"", ""11069_structured_0001"", ""91743_structured_0000"", ""88194_structured_0000"", ""80539_structured_0000"", ""168674_structured_0001"", ""80572_structured_0002"", ""168104_structured_0000"", ""164234_structured_0000"", ""80436_structured_0001"", ""165281_structured_0000"", ""160035_structured_0000"", ""88194_structured_0002"", ""82425_structured_0002"", ""169914_structured_0000"", ""10988_structured_0000"", ""88194_structured_0001"", ""157097_structured_0001"", ""8996_structured_0001"", ""156567_structured_0000"", ""80441_structured_0000"", ""164717_structured_0001"", ""85181_structured_0000"", ""157260_structured_0001"", ""158908_structured_0002""]",181.9495,1.0,1.0,1.0,1.0,1.0,1.0,1.0,1.0
160104_1,dense,Vai diễn nào khiến Kiều Anh cảm thấy tiếc nuối nhất trong sự nghiệp diễn xuất?,160104,"[""160104_structured_0000""]","[""160104_structured_0000"", ""160104_structured_0001"", ""168756_structured_0000"", ""168756_structured_0001"", ""82830_structured_0001"", ""168756_structured_0002"", ""82830_structured_0002"", ""82830_structured_0000"", ""168756_structured_0003"", ""10907_structured_0000"", ""84095_structured_0000"", ""84095_structured_0001"", ""10907_structured_0001"", ""11283_structured_0000"", ""82830_structured_0003"", ""88173_structured_0000"", ""82830_structured_0004"", ""160035_structured_0001"", ""88173_structured_0001"", ""86404_structured_0001"", ""82671_structured_0001"", ""80572_structured_0002"", ""11283_structured_0001"", ""85181_structured_0001"", ""86404_structured_0000"", ""168756_structured_0004"", ""83169_structured_0001"", ""80701_structured_0000"", ""160035_structured_0000"", ""166088_structured_0001"", ""168642_structured_0001"", ""88912_structured_0000"", ""11739_structured_0001"", ""9867_structured_0001"", ""80572_structured_0000"", ""158908_structured_0002"", ""164887_structured_0001"", ""168642_structured_0000"", ""158453_structured_0000"", ""160035_structured_0002"", ""158705_structured_0000"", ""164647_structured_0000"", ""80572_structured_0001"", ""166088_structured_0002"", ""158729_structured_0001"", ""80701_structured_0001"", ""80988_structured_0000"", ""83209_structured_0000"", ""80572_structured_0003"", ""83169_structured_0000""]",13136.5087,1.0,1.0,1.0,1.0,1.0,1.0,1.0,1.0
160104_1,hybrid,Vai diễn nào khiến Kiều Anh cảm thấy tiếc nuối nhất trong sự nghiệp diễn xuất?,160104,"[""160104_structured_0000""]","[""160104_structured_0000"", ""160104_structured_0001"", ""82830_structured_0001"", ""168756_structured_0003"", ""168756_structured_0000"", ""82830_structured_0002"", ""82830_structured_0000"", ""168756_structured_0002"", ""168756_structured_0001"", ""85181_structured_0001"", ""84095_structured_0000"", ""160035_structured_0001"", ""88173_structured_0000"", ""84095_structured_0001"", ""88173_structured_0001"", ""168756_structured_0004"", ""88912_structured_0000"", ""80572_structured_0002"", ""160035_structured_0000"", ""158908_structured_0002"", ""159768_structured_0001"", ""158908_structured_0000"", ""10907_structured_0000"", ""10907_structured_0001"", ""11283_structured_0000"", ""82830_structured_0003"", ""158908_structured_0001"", ""82830_structured_0004"", ""80373_structured_0000"", ""86404_structured_0001"", ""82671_structured_0001"", ""93640_structured_0003"", ""159768_structured_0000"", ""11283_structured_0001"", ""84918_structured_0000"", ""82138_structured_0000"", ""86404_structured_0000"", ""10988_structured_0002"", ""11069_structured_0001"", ""83169_structured_0001"", ""80701_structured_0000"", ""91743_structured_0000"", ""88194_structured_0000"", ""166088_structured_0001"", ""80539_structured_0000"", ""168642_structured_0001"", ""168674_structured_0001"", ""11739_structured_0001"", ""168104_structured_0000"", ""164234_structured_0000""]",13346.7734,1.0,1.0,1.0,1.0,1.0,1.0,1.0,1.0
160104_2,bm25,Kiều Anh đã trải qua hành trình chuyển từ sự nghiệp múa sang diễn xuất như thế nào?,160104,"[""160104_structured_0000""]","[""168756_structured_0003"", ""168756_structured_0000"", ""88912_structured_0000"", ""160104_structured_0000"", ""168756_structured_0004"", ""167516_structured_0000"", ""82830_structured_0000"", ""11633_structured_0001"", ""82830_structured_0001"", ""159768_structured_0000"", ""38301_structured_0001"", ""88173_structured_0000"", ""159768_structured_0001"", ""160035_structured_0001"", ""166011_structured_0000"", ""168756_structured_0001"", ""85268_structured_0000"", ""81105_structured_0001"", ""90871_structured_0000"", ""86565_structured_0000"", ""165281_structured_0000"", ""86565_structured_0001"", ""81046_structured_0000"", ""162276_structured_0000"", ""51219_structured_0001"", ""79049_structured_0000"", ""92292_structured_0001"", ""169914_structured_0000"", ""94169_structured_0001"", ""157377_structured_0001"", ""167210_structured_0001"", ""170683_structured_0000"", ""38633_structured_0000"", ""96252_structured_0001"", ""87091_structured_0000"", ""167210_structured_0000"", ""75107_structured_0000"", ""166756_structured_0000"", ""42981_structured_0000"", ""165281_structured_0001"", ""100777_structured_0000"", ""81105_structured_0000"", ""81046_structured_0001"", ""169748_structured_0000"", ""75107_structured_0001"", ""81945_structured_0000"", ""97169_structured_0000"", ""15781_structured_0002"", ""175496_structured_0000"", ""157371_structured_0000""]",179.5043,0.0,0.0,1.0,1.0,1.0,1.0,0.25,0.430676558073393
160104_2,dense,Kiều Anh đã trải qua hành trình chuyển từ sự nghiệp múa sang diễn xuất như thế nào?,160104,"[""160104_structured_0000""]","[""160104_structured_0000"", ""82830_structured_0000"", ""168756_structured_0000"", ""10907_structured_0000"", ""168756_structured_0003"", ""88173_structured_0000"", ""82830_structured_0001"", ""168756_structured_0001"", ""168756_structured_0002"", ""82830_structured_0003"", ""82830_structured_0002"", ""82830_structured_0004"", ""11283_structured_0000"", ""168756_structured_0004"", ""88173_structured_0001"", ""10907_structured_0001"", ""160104_structured_0001"", ""88912_structured_0000"", ""84095_structured_0001"", ""160035_structured_0001"", ""166088_structured_0001"", ""164887_structured_0000"", ""84095_structured_0000"", ""80440_structured_0002"", ""164034_structured_0000"", ""164924_structured_0000"", ""142486_structured_0001"", ""167516_structured_0000"", ""91832_structured_0000"", ""11283_structured_0001"", ""80373_structured_0000"", ""165450_structured_0000"", ""82671_structured_0001"", ""84895_structured_0001"", ""93126_structured_0000"", ""168873_structured_0000"", ""84098_structured_0001"", ""169172_structured_0000"", ""85358_structured_0001"", ""158729_structured_0001"", ""170288_structured_0000"", ""160035_structured_0002"", ""165071_structured_0000"", ""162600_structured_0000"", ""165501_structured_0002"", ""168556_structured_0000"", ""160035_structured_0000"", ""163072_structured_0001"", ""80436_structured_0000"", ""88912_structured_0001""]",12856.2318,1.0,1.0,1.0,1.0,1.0,1.0,1.0,1.0
160104_2,hybrid,Kiều Anh đã trải qua hành trình chuyển từ sự nghiệp múa sang diễn xuất như thế nào?,160104,"[""160104_structured_0000""]","[""160104_structured_0000"", ""168756_structured_0000"", ""168756_structured_0003"", ""82830_structured_0000"", ""82830_structured_0001"", ""88173_structured_0000"", ""168756_structured_0004"", ""88912_structured_0000"", ""168756_structured_0001"", ""167516_structured_0000"", ""160035_structured_0001"", ""10907_structured_0000"", ""11633_structured_0001"", ""168756_structured_0002"", ""159768_structured_0000"", ""82830_structured_0003"", ""38301_structured_0001"", ""82830_structured_0002"", ""82830_structured_0004"", ""11283_structured_0000"", ""159768_structured_0001"", ""166011_structured_0000"", ""88173_structured_0001"", ""10907_structured_0001"", ""160104_structured_0001"", ""85268_structured_0000"", ""81105_structured_0001"", ""84095_structured_0001"", ""90871_structured_0000"", ""86565_structured_0000"", ""165281_structured_0000"", ""166088_structured_0001"", ""164887_structured_0000"", ""86565_structured_0001"", ""81046_structured_0000"", ""84095_structured_0000"", ""162276_structured_0000"", ""80440_structured_0002"", ""164034_structured_0000"", ""51219_structured_0001"", ""164924_structured_0000"", ""79049_structured_0000"", ""142486_structured_0001"", ""92292_structured_0001"", ""169914_structured_0000"", ""91832_structured_0000"", ""94169_structured_0001"", ""11283_structured_0001"", ""157377_structured_0001"", ""167210_structured_0001""]",13358.8429,1.0,1.0,1.0,1.0,1.0,1.0,1.0,1.0
160104_3,bm25,Vì sao Kiều Anh quyết định nhận vai Phương trong phim Gia đình mình vui bất thình lình dù nhân vật khá nhạt nhoà?,160104,"[""160104_structured_0000""]","[""160104_structured_0000"", ""82830_structured_0000"", ""82830_structured_0001"", ""160035_structured_0000"", ""82830_structured_0002"", ""168756_structured_0000"", ""82830_structured_0003"", ""83233_structured_0000"", ""80042_structured_0000"", ""82830_structured_0004"", ""83233_structured_0001"", ""164647_structured_0000"", ""16637_structured_0001"", ""91244_structured_0000"", ""160035_structured_0001"", ""81459_structured_0001"", ""158749_structured_0000"", ""168756_structured_0003"", ""160214_structured_0000"", ""168756_structured_0001"", ""157377_structured_0001"", ""13092_structured_0001"", ""10714_structured_0001"", ""93552_structured_0000"", ""160219_structured_0000"", ""168756_structured_0002"", ""81340_structured_0000"", ""81508_structured_0001"", ""168756_structured_0004"", ""160104_structured_0001"", ""13092_structured_0000"", ""91244_structured_0001"", ""158705_structured_0000"", ""88173_structured_0000"", ""81459_structured_0000"", ""168642_structured_0000"", ""158729_structured_0001"", ""12480_structured_0001"", ""168642_structured_0001"", ""165194_structured_0002"", ""90149_structured_0000"", ""81528_structured_0002"", ""165194_structured_0003"", ""81945_structured_0001"", ""11747_structured_0001"", ""220569_structured_0001"", ""82671_structured_0001"", ""170191_structured_0000"", ""84918_structured_0000"", ""168642_structured_0002""]",292.106,1.0,1.0,1.0,1.0,1.0,1.0,1.0,1.0
160104_3,dense,Vì sao Kiều Anh quyết định nhận vai Phương trong phim Gia đình mình vui bất thình lình dù nhân vật khá nhạt nhoà?,160104,"[""160104_structured_0000""]","[""82830_structured_0001"", ""82830_structured_0000"", ""160104_structured_0000"", ""82830_structured_0002"", ""82830_structured_0004"", ""82830_structured_0003"", ""83233_structured_0000"", ""83233_structured_0001"", ""168756_structured_0000"", ""168756_structured_0001"", ""160214_structured_0000"", ""16637_structured_0001"", ""160035_structured_0000"", ""80042_structured_0000"", ""160219_structured_0000"", ""160104_structured_0001"", ""11739_structured_0001"", ""168756_structured_0002"", ""82671_structured_0001"", ""11739_structured_0000"", ""10907_structured_0000"", ""86088_structured_0001"", ""157377_structured_0000"", ""81459_structured_0000"", ""86088_structured_0000"", ""168756_structured_0003"", ""160035_structured_0001"", ""80572_structured_0002"", ""11283_structured_0000"", ""81171_structured_0000"", ""11556_structured_0000"", ""81459_structured_0001"", ""87925_structured_0000"", ""83130_structured_0000"", ""158793_structured_0000"", ""80988_structured_0000"", ""164647_structured_0000"", ""9075_structured_0001"", ""84095_structured_0000"", ""82138_structured_0000"", ""81237_structured_0000"", ""88173_structured_0000"", ""166088_structured_0001"", ""80988_structured_0001"", ""10907_structured_0001"", ""81379_structured_0002"", ""12480_structured_0000"", ""80776_structured_0000"", ""81171_structured_0001"", ""160203_structured_0002""]",13722.0552,0.0,0.0,1.0,1.0,1.0,1.0,0.3333333333333333,0.5
160104_3,hybrid,Vì sao Kiều Anh quyết định nhận vai Phương trong phim Gia đình mình vui bất thình lình dù nhân vật khá nhạt nhoà?,160104,"[""160104_structured_0000""]","[""160104_structured_0000"", ""82830_structured_0001"", ""82830_structured_0000"", ""82830_structured_0002"", ""82830_structured_0003"", ""82830_structured_0004"", ""168756_structured_0000"", ""83233_structured_0000"", ""160035_structured_0000"", ""83233_structured_0001"", ""80042_structured_0000"", ""16637_structured_0001"", ""168756_structured_0001"", ""160214_structured_0000"", ""160219_structured_0000"", ""160035_structured_0001"", ""168756_structured_0002"", ""168756_structured_0003"", ""160104_structured_0001"", ""164647_structured_0000"", ""81459_structured_0001"", ""81459_structured_0000"", ""82671_structured_0001"", ""88173_structured_0000"", ""91244_structured_0000"", ""11739_structured_0001"", ""158749_structured_0000"", ""11739_structured_0000"", ""10907_structured_0000"", ""157377_structured_0001"", ""13092_structured_0001"", ""86088_structured_0001"", ""10714_structured_0001"", ""157377_structured_0000"", ""93552_structured_0000"", ""86088_structured_0000"", ""81340_structured_0000"", ""80572_structured_0002"", ""81508_structured_0001"", ""11283_structured_0000"", ""168756_structured_0004"", ""81171_structured_0000"", ""11556_structured_0000"", ""13092_structured_0000"", ""91244_structured_0001"", ""158705_structured_0000"", ""87925_structured_0000"", ""83130_structured_0000"", ""158793_structured_0000"", ""168642_structured_0000""]",13568.8815,1.0,1.0,1.0,1.0,1.0,1.0,1.0,1.0
160104_4,bm25,Vai Phương của Kiều Anh và vai Hà của Lan Phương khác nhau thế nào trong cùng bộ phim?,160104,"[""160104_structured_0001""]","[""160104_structured_0000"", ""160104_structured_0001"", ""168756_structured_0000"", ""82830_structured_0001"", ""164647_structured_0001"", ""160035_structured_0001"", ""82830_structured_0000"", ""164647_structured_0000"", ""16637_structured_0001"", ""168756_structured_0004"", ""160035_structured_0000"", ""168756_structured_0001"", ""168756_structured_0003"", ""81508_structured_0001"", ""88143_structured_0000"", ""90439_structured_0000"", ""165194_structured_0003"", ""157377_structured_0001"", ""159768_structured_0000"", ""12809_structured_0001"", ""82830_structured_0003"", ""81340_structured_0000"", ""168756_structured_0002"", ""12480_structured_0001"", ""10016_structured_0000"", ""80244_structured_0000"", ""169914_structured_0000"", ""82671_structured_0001"", ""160219_structured_0000"", ""88173_structured_0001"", ""165194_structured_0000"", ""82698_structured_0002"", ""90963_structured_0000"", ""82287_structured_0004"", ""88173_structured_0000"", ""117174_structured_0001"", ""165577_structured_0001"", ""158546_structured_0000"", ""160214_structured_0000"", ""82830_structured_0002"", ""80064_structured_0000"", ""81172_structured_0003"", ""97601_structured_0003"", ""164717_structured_0001"", ""11116_structured_0000"", ""11116_structured_0001"", ""168674_structured_0001"", ""81172_structured_0000"", ""80042_structured_0000"", ""170191_structured_0000""]",202.0658,0.0,0.0,1.0,1.0,1.0,1.0,0.5,0.6309297535714575
160104_4,dense,Vai Phương của Kiều Anh và vai Hà của Lan Phương khác nhau thế nào trong cùng bộ phim?,160104,"[""160104_structured_0001""]","[""160104_structured_0001"", ""168756_structured_0001"", ""160104_structured_0000"", ""168756_structured_0000"", ""168756_structured_0003"", ""80572_structured_0002"", ""82830_structured_0001"", ""164647_structured_0000"", ""168756_structured_0002"", ""82830_structured_0000"", ""80701_structured_0000"", ""165194_structured_0002"", ""81237_structured_0000"", ""160214_structured_0000"", ""82830_structured_0004"", ""80572_structured_0001"", ""82830_structured_0002"", ""82671_structured_0001"", ""168756_structured_0004"", ""82830_structured_0003"", ""80701_structured_0001"", ""160035_structured_0001"", ""11739_structured_0001"", ""10907_structured_0001"", ""160035_structured_0000"", ""82671_structured_0002"", ""83130_structured_0000"", ""11739_structured_0000"", ""84095_structured_0000"", ""86088_structured_0000"", ""156668_structured_0000"", ""16637_structured_0001"", ""156567_structured_0001"", ""11895_structured_0001"", ""164717_structured_0003"", ""81229_structured_0001"", ""81229_structured_0000"", ""164647_structured_0001"", ""160006_structured_0001"", ""13092_structured_0000"", ""12480_structured_0001"", ""165194_structured_0003"", ""80572_structured_0000"", ""159725_structured_0000"", ""10907_structured_0000"", ""157216_structured_0000"", ""160466_structured_0001"", ""164034_structured_0001"", ""160466_structured_0000"", ""93126_structured_0001""]",13385.2796,1.0,1.0,1.0,1.0,1.0,1.0,1.0,1.0
160104_4,hybrid,Vai Phương của Kiều Anh và vai Hà của Lan Phương khác nhau thế nào trong cùng bộ phim?,160104,"[""160104_structured_0001""]","[""160104_structured_0001"", ""160104_structured_0000"", ""168756_structured_0000"", ""82830_structured_0001"", ""168756_structured_0001"", ""164647_structured_0000"", ""82830_structured_0000"", ""168756_structured_0003"", ""160035_structured_0001"", ""168756_structured_0004"", ""168756_structured_0002"", ""160035_structured_0000"", ""164647_structured_0001"", ""16637_structured_0001"", ""82830_structured_0003"", ""82671_structured_0001"", ""160214_structured_0000"", ""82830_structured_0002"", ""165194_structured_0003"", ""12480_structured_0001"", ""80572_structured_0002"", ""80701_structured_0000"", ""165194_structured_0002"", ""81237_structured_0000"", ""81508_structured_0001"", ""82830_structured_0004"", ""88143_structured_0000"", ""80572_structured_0001"", ""90439_structured_0000"", ""157377_structured_0001"", ""159768_structured_0000"", ""12809_structured_0001"", ""80701_structured_0001"", ""81340_structured_0000"", ""11739_structured_0001"", ""10907_structured_0001"", ""10016_structured_0000"", ""80244_structured_0000"", ""82671_structured_0002"", ""169914_structured_0000"", ""83130_structured_0000"", ""11739_structured_0000"", ""160219_structured_0000"", ""84095_structured_0000"", ""86088_structured_0000"", ""88173_structured_0001"", ""156668_structured_0000"", ""165194_structured_0000"", ""82698_structured_0002"", ""156567_structured_0001""]",13554.701,1.0,1.0,1.0,1.0,1.0,1.0,1.0,1.0
253647_1,bm25,Chiếc Mercedes-Benz C180 đang được rao bán với giá rẻ bất ngờ thuộc phiên bản nào và được sản xuất vào năm bao nhiêu?,253647,"[""253647_structured_0000""]","[""253647_structured_0000"", ""253647_structured_0001"", ""253876_structured_0000"", ""51164_structured_0000"", ""146976_structured_0000"", ""146976_structured_0001"", ""48415_structured_0000"", ""254332_structured_0001"", ""253024_structured_0001"", ""249229_structured_0000"", ""253721_structured_0001"", ""53314_structured_0000"", ""253645_structured_0000"", ""48415_structured_0001"", ""253630_structured_0000"", ""248760_structured_0000"", ""51164_structured_0001"", ""254332_structured_0000"", ""146069_structured_0000"", ""200312_structured_0000"", ""47959_structured_0000"", ""253776_structured_0001"", ""50911_structured_0000"", ""252535_structured_0000"", ""253024_structured_0000"", ""253510_structured_0000"", ""254332_structured_0002"", ""143645_structured_0000"", ""48790_structured_0001"", ""190905_structured_0000"", ""253655_structured_0001"", ""254009_structured_0000"", ""48644_structured_0002"", ""249074_structured_0001"", ""253233_structured_0000"", ""248633_structured_0001"", ""253717_structured_0000"", ""200154_structured_0001"", ""253372_structured_0000"", ""200082_structured_0000"", ""253297_structured_0001"", ""252489_structured_0001"", ""254121_structured_0001"", ""146548_structured_0001"", ""253712_structured_0001"", ""253655_structured_0000"", ""47635_structured_0002"", ""253590_structured_0000"", ""195796_structured_0001"", ""182143_structured_0000""]",243.9921,1.0,1.0,1.0,1.0,1.0,1.0,1.0,1.0
253647_1,dense,Chiếc Mercedes-Benz C180 đang được rao bán với giá rẻ bất ngờ thuộc phiên bản nào và được sản xuất vào năm bao nhiêu?,253647,"[""253647_structured_0000""]","[""253647_structured_0000"", ""253647_structured_0001"", ""253233_structured_0000"", ""146069_structured_0000"", ""47959_structured_0001"", ""253233_structured_0002"", ""47959_structured_0000"", ""253233_structured_0001"", ""249950_structured_0000"", ""47635_structured_0003"", ""144626_structured_0001"", ""247725_structured_0000"", ""146027_structured_0000"", ""47921_structured_0001"", ""254121_structured_0001"", ""50994_structured_0000"", ""253372_structured_0000"", ""50911_structured_0000"", ""47635_structured_0000"", ""48415_structured_0000"", ""146976_structured_0001"", ""144173_structured_0001"", ""47635_structured_0002"", ""146027_structured_0001"", ""253712_structured_0003"", ""51141_structured_0000"", ""51164_structured_0001"", ""145294_structured_0001"", ""145473_structured_0000"", ""253372_structured_0002"", ""249539_structured_0000"", ""51180_structured_0000"", ""254489_structured_0002"", ""247447_structured_0000"", ""51067_structured_0000"", ""254364_structured_0000"", ""145294_structured_0000"", ""247725_structured_0001"", ""145294_structured_0002"", ""252769_structured_0000"", ""47921_structured_0000"", ""146137_structured_0001"", ""190905_structured_0000"", ""145473_structured_0001"", ""146976_structured_0000"", ""254489_structured_0001"", ""145458_structured_0000"", ""253510_structured_0002"", ""253510_structured_0000"", ""51180_structured_0001""]",13434.1938,1.0,1.0,1.0,1.0,1.0,1.0,1.0,1.0
253647_1,hybrid,Chiếc Mercedes-Benz C180 đang được rao bán với giá rẻ bất ngờ thuộc phiên bản nào và được sản xuất vào năm bao nhiêu?,253647,"[""253647_structured_0000""]","[""253647_structured_0000"", ""253647_structured_0001"", ""146069_structured_0000"", ""146976_structured_0001"", ""48415_structured_0000"", ""47959_structured_0000"", ""253233_structured_0000"", ""146976_structured_0000"", ""50911_structured_0000"", ""51164_structured_0001"", ""253372_structured_0000"", ""254121_structured_0001"", ""47635_structured_0002"", ""190905_structured_0000"", ""253510_structured_0000"", ""253876_structured_0000"", ""51164_structured_0000"", ""47959_structured_0001"", ""253233_structured_0002"", ""253233_structured_0001"", ""254332_structured_0001"", ""249950_structured_0000"", ""253024_structured_0001"", ""249229_structured_0000"", ""47635_structured_0003"", ""144626_structured_0001"", ""253721_structured_0001"", ""247725_structured_0000"", ""53314_structured_0000"", ""146027_structured_0000"", ""253645_structured_0000"", ""47921_structured_0001"", ""48415_structured_0001"", ""253630_structured_0000"", ""248760_structured_0000"", ""50994_structured_0000"", ""254332_structured_0000"", ""47635_structured_0000"", ""200312_structured_0000"", ""144173_structured_0001"", ""253776_structured_0001"", ""146027_structured_0001"", ""252535_structured_0000"", ""253024_structured_0000"", ""253712_structured_0003"", ""51141_structured_0000"", ""254332_structured_0002"", ""143645_structured_0000"", ""145294_structured_0001"", ""145473_structured_0000""]",13491.3316,1.0,1.0,1.0,1.0,1.0,1.0,1.0,1.0
253647_2,bm25,Tình trạng thực tế về ngoại thất và nội thất của chiếc Mercedes-Benz C180 đã qua hơn hai thập kỷ sử dụng hiện nay ra sao?,253647,"[""253647_structured_0001""]","[""253647_structured_0001"", ""253647_structured_0000"", ""253645_structured_0000"", ""47959_structured_0000"", ""247725_structured_0000"", ""47635_structured_0003"", ""248760_structured_0000"", ""50308_structured_0003"", ""247831_structured_0000"", ""254489_structured_0001"", ""247725_structured_0001"", ""51164_structured_0000"", ""50994_structured_0001"", ""253510_structured_0000"", ""253645_structured_0001"", ""48644_structured_0001"", ""51141_structured_0000"", ""249539_structured_0000"", ""48711_structured_0000"", ""47991_structured_0000"", ""66351_structured_0001"", ""66351_structured_0002"", ""252668_structured_0000"", ""50723_structured_0000"", ""253233_structured_0002"", ""146027_structured_0000"", ""249525_structured_0000"", ""35486_structured_0002"", ""49313_structured_0001"", ""43901_structured_0001"", ""50621_structured_0000"", ""248760_structured_0001"", ""50994_structured_0000"", ""66351_structured_0000"", ""116071_structured_0000"", ""248608_structured_0000"", ""145294_structured_0000"", ""51431_structured_0001"", ""253630_structured_0000"", ""252535_structured_0000"", ""253277_structured_0001"", ""59379_structured_0000"", ""51116_structured_0001"", ""249898_structured_0000"", ""145294_structured_0001"", ""50805_structured_0000"", ""188505_structured_0000"", ""47635_structured_0000"", ""146698_structured_0000"", ""52020_structured_0000""]",233.5982,1.0,1.0,1.0,1.0,1.0,1.0,1.0,1.0
253647_2,dense,Tình trạng thực tế về ngoại thất và nội thất của chiếc Mercedes-Benz C180 đã qua hơn hai thập kỷ sử dụng hiện nay ra sao?,253647,"[""253647_structured_0001""]","[""253647_structured_0000"", ""253647_structured_0001"", ""253233_structured_0002"", ""47635_structured_0003"", ""47635_structured_0004"", ""47635_structured_0002"", ""253233_structured_0001"", ""47635_structured_0000"", ""47959_structured_0001"", ""144626_structured_0000"", ""249950_structured_0000"", ""247725_structured_0000"", ""253233_structured_0000"", ""143922_structured_0000"", ""145294_structured_0000"", ""253372_structured_0002"", ""143645_structured_0001"", ""249539_structured_0000"", ""51580_structured_0001"", ""47959_structured_0000"", ""146976_structured_0001"", ""249898_structured_0000"", ""50994_structured_0001"", ""146069_structured_0000"", ""50621_structured_0001"", ""254489_structured_0001"", ""253510_structured_0002"", ""253717_structured_0000"", ""51141_structured_0000"", ""47921_structured_0001"", ""51141_structured_0001"", ""248792_structured_0000"", ""254489_structured_0002"", ""51067_structured_0000"", ""253372_structured_0000"", ""252218_structured_0001"", ""50994_structured_0000"", ""51116_structured_0001"", ""49313_structured_0000"", ""257586_structured_0002"", ""47635_structured_0001"", ""247725_structured_0001"", ""49313_structured_0001"", ""248792_structured_0001"", ""253372_structured_0001"", ""48415_structured_0000"", ""145473_structured_0001"", ""145473_structured_0000"", ""252218_structured_0000"", ""248760_structured_0000""]",13009.2174,0.0,0.0,1.0,1.0,1.0,1.0,0.5,0.6309297535714575
253647_2,hybrid,Tình trạng thực tế về ngoại thất và nội thất của chiếc Mercedes-Benz C180 đã qua hơn hai thập kỷ sử dụng hiện nay ra sao?,253647,"[""253647_structured_0001""]","[""253647_structured_0000"", ""253647_structured_0001"", ""47635_structured_0003"", ""247725_structured_0000"", ""47959_structured_0000"", ""253233_structured_0002"", ""254489_structured_0001"", ""50994_structured_0001"", ""249539_structured_0000"", ""51141_structured_0000"", ""248760_structured_0000"", ""47635_structured_0000"", ""247725_structured_0001"", ""145294_structured_0000"", ""249898_structured_0000"", ""50994_structured_0000"", ""49313_structured_0001"", ""51116_structured_0001"", ""253645_structured_0000"", ""47635_structured_0004"", ""47635_structured_0002"", ""253233_structured_0001"", ""50308_structured_0003"", ""247831_structured_0000"", ""47959_structured_0001"", ""144626_structured_0000"", ""249950_structured_0000"", ""51164_structured_0000"", ""253233_structured_0000"", ""143922_structured_0000"", ""253510_structured_0000"", ""253645_structured_0001"", ""253372_structured_0002"", ""48644_structured_0001"", ""143645_structured_0001"", ""48711_structured_0000"", ""51580_structured_0001"", ""47991_structured_0000"", ""146976_structured_0001"", ""66351_structured_0001"", ""66351_structured_0002"", ""252668_structured_0000"", ""146069_structured_0000"", ""50723_structured_0000"", ""50621_structured_0001"", ""146027_structured_0000"", ""249525_structured_0000"", ""253510_structured_0002"", ""253717_structured_0000"", ""35486_structured_0002""]",12975.0415,0.0,0.0,1.0,1.0,1.0,1.0,0.5,0.6309297535714575
253647_3,bm25,Mức giá hiện tại của chiếc Mercedes-Benz C180 cũ đang được so sánh ngang bằng với mẫu xe tay ga nào trên thị trường?,253647,"[""253647_structured_0000""]","[""253647_structured_0000"", ""253647_structured_0001"", ""253645_structured_0000"", ""253233_structured_0002"", ""253821_structured_0000"", ""247725_structured_0000"", ""253821_structured_0001"", ""253233_structured_0001"", ""253372_structured_0002"", ""47959_structured_0000"", ""47635_structured_0000"", ""253372_structured_0000"", ""254260_structured_0000"", ""51141_structured_0000"", ""254332_structured_0002"", ""253745_structured_0000"", ""253745_structured_0001"", ""47959_structured_0001"", ""143938_structured_0000"", ""143645_structured_0000"", ""253876_structured_0000"", ""253277_structured_0000"", ""254332_structured_0000"", ""253940_structured_0000"", ""249878_structured_0003"", ""253233_structured_0000"", ""146976_structured_0000"", ""146499_structured_0000"", ""143553_structured_0000"", ""48415_structured_0000"", ""253237_structured_0003"", ""254332_structured_0001"", ""48790_structured_0001"", ""254372_structured_0000"", ""247406_structured_0002"", ""145915_structured_0001"", ""253501_structured_0000"", ""253372_structured_0001"", ""51067_structured_0001"", ""143446_structured_0000"", ""247562_structured_0001"", ""254364_structured_0001"", ""144173_structured_0001"", ""48644_structured_0002"", ""47823_structured_0001"", ""251939_structured_0001"", ""145294_structured_0000"", ""253522_structured_0000"", ""146069_structured_0000"", ""143938_structured_0001""]",253.4773,1.0,1.0,1.0,1.0,1.0,1.0,1.0,1.0
253647_3,dense,Mức giá hiện tại của chiếc Mercedes-Benz C180 cũ đang được so sánh ngang bằng với mẫu xe tay ga nào trên thị trường?,253647,"[""253647_structured_0000""]","[""253647_structured_0000"", ""253647_structured_0001"", ""51164_structured_0001"", ""146069_structured_0000"", ""51141_structured_0002"", ""47959_structured_0001"", ""253372_structured_0002"", ""51141_structured_0000"", ""144566_structured_0001"", ""47921_structured_0001"", ""253233_structured_0001"", ""249950_structured_0000"", ""50911_structured_0000"", ""253372_structured_0000"", ""145915_structured_0001"", ""253821_structured_0001"", ""47921_structured_0000"", ""253669_structured_0002"", ""146027_structured_0000"", ""47959_structured_0000"", ""51164_structured_0000"", ""51836_structured_0000"", ""253821_structured_0000"", ""146027_structured_0001"", ""144626_structured_0001"", ""253233_structured_0000"", ""253233_structured_0002"", ""47635_structured_0003"", ""247725_structured_0001"", ""51957_structured_0001"", ""253712_structured_0003"", ""253787_structured_0003"", ""249878_structured_0003"", ""247406_structured_0002"", ""143645_structured_0000"", ""254121_structured_0001"", ""247406_structured_0001"", ""253669_structured_0000"", ""144173_structured_0001"", ""47635_structured_0002"", ""253721_structured_0001"", ""51141_structured_0001"", ""247725_structured_0000"", ""143645_structured_0001"", ""253883_structured_0001"", ""248760_structured_0000"", ""247447_structured_0000"", ""48415_structured_0000"", ""247751_structured_0001"", ""190905_structured_0000""]",12744.057,1.0,1.0,1.0,1.0,1.0,1.0,1.0,1.0
253647_3,hybrid,Mức giá hiện tại của chiếc Mercedes-Benz C180 cũ đang được so sánh ngang bằng với mẫu xe tay ga nào trên thị trường?,253647,"[""253647_structured_0000""]","[""253647_structured_0000"", ""253647_structured_0001"", ""253372_structured_0002"", ""253233_structured_0001"", ""51141_structured_0000"", ""253821_structured_0001"", ""47959_structured_0001"", ""253821_structured_0000"", ""253372_structured_0000"", ""253233_structured_0002"", ""47959_structured_0000"", ""247725_structured_0000"", ""146069_structured_0000"", ""145915_structured_0001"", ""253233_structured_0000"", ""143645_structured_0000"", ""249878_structured_0003"", ""247406_structured_0002"", ""48415_structured_0000"", ""144173_structured_0001"", ""253645_structured_0000"", ""51164_structured_0001"", ""51141_structured_0002"", ""144566_structured_0001"", ""47921_structured_0001"", ""47635_structured_0000"", ""249950_structured_0000"", ""254260_structured_0000"", ""50911_structured_0000"", ""254332_structured_0002"", ""253745_structured_0000"", ""253745_structured_0001"", ""47921_structured_0000"", ""253669_structured_0002"", ""143938_structured_0000"", ""146027_structured_0000"", ""253876_structured_0000"", ""51164_structured_0000"", ""253277_structured_0000"", ""51836_structured_0000"", ""254332_structured_0000"", ""146027_structured_0001"", ""253940_structured_0000"", ""144626_structured_0001"", ""146976_structured_0000"", ""146499_structured_0000"", ""47635_structured_0003"", ""143553_structured_0000"", ""247725_structured_0001"", ""51957_structured_0001""]",13218.6206,1.0,1.0,1.0,1.0,1.0,1.0,1.0,1.0
253647_4,bm25,Vì sao những người lần đầu mua ô tô hoặc có điều kiện kinh tế hạn hẹp được khuyên không nên chọn mua các mẫu xe sang Đức đã qua sử dụng quá lâu năm?,253647,"[""253647_structured_0000""]","[""253647_structured_0001"", ""146976_structured_0001"", ""254845_structured_0002"", ""254294_structured_0002"", ""255070_structured_0002"", ""143697_structured_0003"", ""253372_structured_0003"", ""47409_structured_0002"", ""249060_structured_0000"", ""253721_structured_0000"", ""255103_structured_0001"", ""254958_structured_0000"", ""146092_structured_0000"", ""253510_structured_0002"", ""143697_structured_0004"", ""254845_structured_0001"", ""254958_structured_0001"", ""51067_structured_0001"", ""47614_structured_0001"", ""144301_structured_0000"", ""254478_structured_0000"", ""253024_structured_0001"", ""249060_structured_0001"", ""255181_structured_0000"", ""48528_structured_0000"", ""47614_structured_0000"", ""248760_structured_0000"", ""143456_structured_0001"", ""48528_structured_0001"", ""253940_structured_0002"", ""47635_structured_0000"", ""252246_structured_0001"", ""248435_structured_0000"", ""50853_structured_0000"", ""144476_structured_0001"", ""253630_structured_0001"", ""47615_structured_0000"", ""251819_structured_0000"", ""254776_structured_0001"", ""48206_structured_0003"", ""146976_structured_0002"", ""51219_structured_0000"", ""51067_structured_0000"", ""47405_structured_0001"", ""47615_structured_0001"", ""255513_structured_0000"", ""252246_structured_0000"", ""254686_structured_0002"", ""143358_structured_0000"", ""47632_structured_0002""]",348.6013,0.0,0.0,0.0,0.0,0.0,0.0,0.0,0.0
253647_4,dense,Vì sao những người lần đầu mua ô tô hoặc có điều kiện kinh tế hạn hẹp được khuyên không nên chọn mua các mẫu xe sang Đức đã qua sử dụng quá lâu năm?,253647,"[""253647_structured_0000""]","[""146976_structured_0001"", ""146976_structured_0002"", ""255383_structured_0000"", ""254845_structured_0002"", ""254845_structured_0000"", ""47605_structured_0001"", ""254845_structured_0001"", ""252246_structured_0001"", ""51067_structured_0000"", ""49273_structured_0000"", ""51067_structured_0001"", ""255383_structured_0001"", ""253233_structured_0001"", ""47605_structured_0000"", ""255383_structured_0002"", ""254700_structured_0000"", ""146698_structured_0001"", ""252318_structured_0000"", ""47405_structured_0002"", ""47551_structured_0000"", ""47513_structured_0001"", ""47529_structured_0000"", ""47632_structured_0004"", ""253372_structured_0002"", ""51067_structured_0002"", ""252218_structured_0001"", ""253745_structured_0001"", ""48576_structured_0005"", ""252816_structured_0003"", ""48206_structured_0003"", ""252246_structured_0002"", ""244448_structured_0001"", ""252246_structured_0000"", ""248633_structured_0001"", ""254489_structured_0000"", ""254489_structured_0002"", ""47529_structured_0001"", ""47409_structured_0002"", ""252122_structured_0000"", ""248760_structured_0001"", ""248760_structured_0000"", ""109650_structured_0002"", ""47632_structured_0000"", ""253372_structured_0003"", ""47615_structured_0001"", ""47632_structured_0002"", ""253745_structured_0002"", ""252909_structured_0002"", ""51219_structured_0003"", ""147232_structured_0000""]",13159.9534,0.0,0.0,0.0,0.0,0.0,0.0,0.0,0.0
253647_4,hybrid,Vì sao những người lần đầu mua ô tô hoặc có điều kiện kinh tế hạn hẹp được khuyên không nên chọn mua các mẫu xe sang Đức đã qua sử dụng quá lâu năm?,253647,"[""253647_structured_0000""]","[""146976_structured_0001"", ""254845_structured_0002"", ""254845_structured_0001"", ""51067_structured_0001"", ""146976_structured_0002"", ""252246_structured_0001"", ""47409_structured_0002"", ""253372_structured_0003"", ""51067_structured_0000"", ""248760_structured_0000"", ""48206_structured_0003"", ""252246_structured_0000"", ""47615_structured_0001"", ""47632_structured_0002"", ""253647_structured_0001"", ""255383_structured_0000"", ""254294_structured_0002"", ""254845_structured_0000"", ""255070_structured_0002"", ""143697_structured_0003"", ""47605_structured_0001"", ""249060_structured_0000"", ""253721_structured_0000"", ""49273_structured_0000"", ""255103_structured_0001"", ""254958_structured_0000"", ""255383_structured_0001"", ""146092_structured_0000"", ""253233_structured_0001"", ""253510_structured_0002"", ""47605_structured_0000"", ""143697_structured_0004"", ""255383_structured_0002"", ""254700_structured_0000"", ""146698_structured_0001"", ""254958_structured_0001"", ""252318_structured_0000"", ""47405_structured_0002"", ""47614_structured_0001"", ""144301_structured_0000"", ""47551_structured_0000"", ""254478_structured_0000"", ""47513_structured_0001"", ""253024_structured_0001"", ""47529_structured_0000"", ""249060_structured_0001"", ""47632_structured_0004"", ""253372_structured_0002"", ""255181_structured_0000"", ""48528_structured_0000""]",13081.9959,0.0,0.0,0.0,0.0,0.0,0.0,0.0,0.0
64976_1,bm25,Những doanh nghiệp khởi nghiệp sáng tạo nào tại Khu Công nghệ cao đã phát triển vươn tầm thế giới?,64976,"[""64976_structured_0001""]","[""64976_structured_0001"", ""64976_structured_0000"", ""137863_structured_0000"", ""5322_structured_0000"", ""184793_structured_0001"", ""104975_structured_0003"", ""22728_structured_0000"", ""59270_structured_0000"", ""137863_structured_0001"", ""181956_structured_0000"", ""59270_structured_0001"", ""74838_structured_0000"", ""104975_structured_0000"", ""65400_structured_0000"", ""181956_structured_0001"", ""104975_structured_0004"", ""105571_structured_0004"", ""164459_structured_0000"", ""131651_structured_0001"", ""197588_structured_0002"", ""106617_structured_0001"", ""184808_structured_0002"", ""199220_structured_0000"", ""200690_structured_0000"", ""139309_structured_0000"", ""198666_structured_0001"", ""173474_structured_0001"", ""5322_structured_0001"", ""182501_structured_0000"", ""199857_structured_0000"", ""185000_structured_0002"", ""106617_structured_0000"", ""170487_structured_0002"", ""132078_structured_0000"", ""33209_structured_0002"", ""23783_structured_0000"", ""22904_structured_0003"", ""133755_structured_0003"", ""198887_structured_0000"", ""77211_structured_0000"", ""131651_structured_0000"", ""105571_structured_0003"", ""196858_structured_0001"", ""107410_structured_0002"", ""91481_structured_0000"", ""201282_structured_0000"", ""44188_structured_0001"", ""184986_structured_0000"", ""149746_structured_0000"", ""105614_structured_0000""]",249.8502,1.0,1.0,1.0,1.0,1.0,1.0,1.0,1.0
64976_1,dense,Những doanh nghiệp khởi nghiệp sáng tạo nào tại Khu Công nghệ cao đã phát triển vươn tầm thế giới?,64976,"[""64976_structured_0001""]","[""65431_structured_0000"", ""104025_structured_0000"", ""184986_structured_0001"", ""137863_structured_0001"", ""198887_structured_0000"", ""139309_structured_0000"", ""107410_structured_0002"", ""65431_structured_0001"", ""107410_structured_0001"", ""183947_structured_0000"", ""59270_structured_0000"", ""59270_structured_0001"", ""65400_structured_0000"", ""181956_structured_0000"", ""188267_structured_0000"", ""184986_structured_0000"", ""105800_structured_0000"", ""77211_structured_0001"", ""134408_structured_0003"", ""184928_structured_0000"", ""21352_structured_0000"", ""181956_structured_0002"", ""18419_structured_0002"", ""22126_structured_0001"", ""64976_structured_0001"", ""105355_structured_0001"", ""97022_structured_0001"", ""183947_structured_0001"", ""132078_structured_0001"", ""106521_structured_0000"", ""137059_structured_0000"", ""22728_structured_0001"", ""194541_structured_0000"", ""202548_structured_0000"", ""58498_structured_0000"", ""198519_structured_0001"", ""23488_structured_0001"", ""185000_structured_0000"", ""104025_structured_0001"", ""182962_structured_0000"", ""182827_structured_0000"", ""22473_structured_0000"", ""97616_structured_0000"", ""185000_structured_0002"", ""182827_structured_0001"", ""23488_structured_0000"", ""198823_structured_0000"", ""196363_structured_0001"", ""197692_structured_0002"", ""196539_structured_0001""]",13356.3775,0.0,0.0,0.0,0.0,0.0,0.0,0.0,0.0
64976_1,hybrid,Những doanh nghiệp khởi nghiệp sáng tạo nào tại Khu Công nghệ cao đã phát triển vươn tầm thế giới?,64976,"[""64976_structured_0001""]","[""137863_structured_0001"", ""59270_structured_0000"", ""64976_structured_0001"", ""59270_structured_0001"", ""181956_structured_0000"", ""65400_structured_0000"", ""139309_structured_0000"", ""198887_structured_0000"", ""107410_structured_0002"", ""184986_structured_0000"", ""185000_structured_0002"", ""65431_structured_0000"", ""104025_structured_0000"", ""64976_structured_0000"", ""137863_structured_0000"", ""184986_structured_0001"", ""5322_structured_0000"", ""184793_structured_0001"", ""104975_structured_0003"", ""22728_structured_0000"", ""65431_structured_0001"", ""107410_structured_0001"", ""183947_structured_0000"", ""74838_structured_0000"", ""104975_structured_0000"", ""181956_structured_0001"", ""188267_structured_0000"", ""104975_structured_0004"", ""105571_structured_0004"", ""105800_structured_0000"", ""164459_structured_0000"", ""77211_structured_0001"", ""131651_structured_0001"", ""134408_structured_0003"", ""184928_structured_0000"", ""197588_structured_0002"", ""106617_structured_0001"", ""21352_structured_0000"", ""181956_structured_0002"", ""184808_structured_0002"", ""18419_structured_0002"", ""199220_structured_0000"", ""200690_structured_0000"", ""22126_structured_0001"", ""105355_structured_0001"", ""198666_structured_0001"", ""173474_structured_0001"", ""97022_structured_0001"", ""183947_structured_0001"", ""5322_structured_0001""]",13753.9408,0.0,0.0,1.0,1.0,1.0,1.0,0.3333333333333333,0.5
64976_2,bm25,Hội thảo về phát triển hệ sinh thái Drone/UAV thông minh đặt ra những mục tiêu chính nào?,64976,"[""64976_structured_0000"", ""64976_structured_0001""]","[""64976_structured_0000"", ""64976_structured_0001"", ""186326_structured_0001"", ""184172_structured_0001"", ""120324_structured_0001"", ""13837_structured_0000"", ""182827_structured_0000"", ""184172_structured_0000"", ""22473_structured_0000"", ""121323_structured_0002"", ""59270_structured_0000"", ""197301_structured_0001"", ""213793_structured_0001"", ""198995_structured_0001"", ""198699_structured_0000"", ""186326_structured_0002"", ""106521_structured_0000"", ""104203_structured_0007"", ""120891_structured_0000"", ""213793_structured_0000"", ""182827_structured_0001"", ""32879_structured_0002"", ""255178_structured_0002"", ""32879_structured_0001"", ""122604_structured_0001"", ""184172_structured_0002"", ""22819_structured_0000"", ""121335_structured_0000"", ""32879_structured_0000"", ""6202_structured_0002"", ""6202_structured_0003"", ""187301_structured_0000"", ""122626_structured_0001"", ""56415_structured_0000"", ""163752_structured_0001"", ""99986_structured_0000"", ""20995_structured_0000"", ""191718_structured_0001"", ""216338_structured_0000"", ""183947_structured_0001"", ""104203_structured_0006"", ""121596_structured_0000"", ""199577_structured_0001"", ""193844_structured_0000"", ""197004_structured_0000"", ""122626_structured_0000"", ""105614_structured_0000"", ""22819_structured_0001"", ""182255_structured_0001"", ""121437_structured_0002""]",187.8206,0.5,1.0,1.0,1.0,1.0,1.0,1.0,1.0
64976_2,dense,Hội thảo về phát triển hệ sinh thái Drone/UAV thông minh đặt ra những mục tiêu chính nào?,64976,"[""64976_structured_0000"", ""64976_structured_0001""]","[""64976_structured_0000"", ""64976_structured_0001"", ""186326_structured_0001"", ""182501_structured_0000"", ""183147_structured_0003"", ""65431_structured_0001"", ""65400_structured_0000"", ""65434_structured_0001"", ""182689_structured_0001"", ""186726_structured_0000"", ""137863_structured_0001"", ""184911_structured_0001"", ""58498_structured_0000"", ""182827_structured_0001"", ""185000_structured_0000"", ""45400_structured_0002"", ""185466_structured_0001"", ""185466_structured_0000"", ""21991_structured_0001"", ""186326_structured_0002"", ""21991_structured_0000"", ""185000_structured_0002"", ""185631_structured_0001"", ""52728_structured_0001"", ""121596_structured_0001"", ""184172_structured_0000"", ""184639_structured_0002"", ""104191_structured_0001"", ""173021_structured_0001"", ""60787_structured_0000"", ""182517_structured_0000"", ""58498_structured_0001"", ""22730_structured_0001"", ""184928_structured_0000"", ""108544_structured_0001"", ""185000_structured_0001"", ""19982_structured_0000"", ""184639_structured_0000"", ""181956_structured_0000"", ""65400_structured_0002"", ""58169_structured_0000"", ""35424_structured_0001"", ""22696_structured_0001"", ""182827_structured_0000"", ""217012_structured_0000"", ""122115_structured_0001"", ""170821_structured_0000"", ""65134_structured_0000"", ""114376_structured_0004"", ""213793_structured_0001""]",13379.2847,0.5,1.0,1.0,1.0,1.0,1.0,1.0,1.0
64976_2,hybrid,Hội thảo về phát triển hệ sinh thái Drone/UAV thông minh đặt ra những mục tiêu chính nào?,64976,"[""64976_structured_0000"", ""64976_structured_0001""]","[""64976_structured_0000"", ""64976_structured_0001"", ""186326_structured_0001"", ""184172_structured_0000"", ""182827_structured_0001"", ""186326_structured_0002"", ""182827_structured_0000"", ""213793_structured_0001"", ""182501_structured_0000"", ""184172_structured_0001"", ""120324_structured_0001"", ""183147_structured_0003"", ""13837_structured_0000"", ""65431_structured_0001"", ""65400_structured_0000"", ""65434_structured_0001"", ""182689_structured_0001"", ""22473_structured_0000"", ""121323_structured_0002"", ""186726_structured_0000"", ""137863_structured_0001"", ""59270_structured_0000"", ""184911_structured_0001"", ""197301_structured_0001"", ""58498_structured_0000"", ""198995_structured_0001"", ""185000_structured_0000"", ""198699_structured_0000"", ""45400_structured_0002"", ""106521_structured_0000"", ""185466_structured_0001"", ""104203_structured_0007"", ""185466_structured_0000"", ""120891_structured_0000"", ""21991_structured_0001"", ""213793_structured_0000"", ""21991_structured_0000"", ""185000_structured_0002"", ""32879_structured_0002"", ""185631_structured_0001"", ""255178_structured_0002"", ""32879_structured_0001"", ""52728_structured_0001"", ""121596_structured_0001"", ""122604_structured_0001"", ""184172_structured_0002"", ""184639_structured_0002"", ""22819_structured_0000"", ""104191_structured_0001"", ""121335_structured_0000""]",13501.2311,0.5,1.0,1.0,1.0,1.0,1.0,1.0,1.0
64976_3,bm25,Điều gì thúc đẩy Việt Nam cần phát triển hệ sinh thái Drone/UAV trong giáo dục và công nghiệp?,64976,"[""64976_structured_0000""]","[""64976_structured_0000"", ""64976_structured_0001"", ""186326_structured_0001"", ""6202_structured_0003"", ""35424_structured_0001"", ""35223_structured_0002"", ""182517_structured_0000"", ""94819_structured_0001"", ""6202_structured_0002"", ""196237_structured_0001"", ""65400_structured_0000"", ""132078_structured_0000"", ""199229_structured_0000"", ""35424_structured_0000"", ""217736_structured_0001"", ""22126_structured_0000"", ""186326_structured_0002"", ""59270_structured_0001"", ""6808_structured_0001"", ""35577_structured_0001"", ""65400_structured_0001"", ""138694_structured_0002"", ""183147_structured_0003"", ""13837_structured_0000"", ""151803_structured_0000"", ""187301_structured_0000"", ""6202_structured_0004"", ""6202_structured_0001"", ""137863_structured_0001"", ""181956_structured_0000"", ""120324_structured_0001"", ""217012_structured_0000"", ""21192_structured_0001"", ""120374_structured_0001"", ""200376_structured_0002"", ""104191_structured_0002"", ""65431_structured_0000"", ""121323_structured_0002"", ""108695_structured_0001"", ""105496_structured_0001"", ""35577_structured_0000"", ""196237_structured_0002"", ""121736_structured_0000"", ""20995_structured_0001"", ""121736_structured_0001"", ""109559_structured_0003"", ""133755_structured_0001"", ""104974_structured_0000"", ""106617_structured_0002"", ""106521_structured_0000""]",185.5336,1.0,1.0,1.0,1.0,1.0,1.0,1.0,1.0
64976_3,dense,Điều gì thúc đẩy Việt Nam cần phát triển hệ sinh thái Drone/UAV trong giáo dục và công nghiệp?,64976,"[""64976_structured_0000""]","[""64976_structured_0000"", ""64976_structured_0001"", ""186326_structured_0001"", ""173021_structured_0000"", ""35424_structured_0001"", ""6074_structured_0001"", ""186326_structured_0002"", ""100664_structured_0001"", ""5446_structured_0001"", ""182517_structured_0000"", ""173021_structured_0001"", ""99986_structured_0002"", ""181956_structured_0000"", ""65400_structured_0001"", ""137863_structured_0001"", ""185545_structured_0003"", ""21192_structured_0001"", ""65416_structured_0000"", ""184928_structured_0000"", ""182517_structured_0001"", ""182517_structured_0002"", ""100664_structured_0000"", ""19982_structured_0000"", ""99617_structured_0003"", ""65416_structured_0001"", ""53110_structured_0001"", ""45641_structured_0001"", ""65310_structured_0000"", ""104771_structured_0002"", ""53110_structured_0000"", ""182501_structured_0000"", ""178032_structured_0001"", ""188267_structured_0000"", ""183147_structured_0003"", ""65400_structured_0000"", ""44869_structured_0002"", ""99617_structured_0000"", ""180510_structured_0002"", ""109065_structured_0000"", ""65400_structured_0002"", ""178032_structured_0002"", ""6202_structured_0001"", ""173021_structured_0002"", ""99617_structured_0002"", ""185086_structured_0000"", ""99617_structured_0001"", ""183947_structured_0001"", ""99986_structured_0001"", ""5014_structured_0001"", ""101701_structured_0000""]",13355.4026,1.0,1.0,1.0,1.0,1.0,1.0,1.0,1.0
64976_3,hybrid,Điều gì thúc đẩy Việt Nam cần phát triển hệ sinh thái Drone/UAV trong giáo dục và công nghiệp?,64976,"[""64976_structured_0000""]","[""64976_structured_0000"", ""64976_structured_0001"", ""186326_structured_0001"", ""35424_structured_0001"", ""182517_structured_0000"", ""186326_structured_0002"", ""65400_structured_0001"", ""181956_structured_0000"", ""65400_structured_0000"", ""137863_structured_0001"", ""21192_structured_0001"", ""183147_structured_0003"", ""6202_structured_0001"", ""173021_structured_0000"", ""6202_structured_0003"", ""35223_structured_0002"", ""6074_structured_0001"", ""100664_structured_0001"", ""94819_structured_0001"", ""5446_structured_0001"", ""6202_structured_0002"", ""196237_structured_0001"", ""173021_structured_0001"", ""132078_structured_0000"", ""99986_structured_0002"", ""199229_structured_0000"", ""35424_structured_0000"", ""217736_structured_0001"", ""185545_structured_0003"", ""22126_structured_0000"", ""59270_structured_0001"", ""65416_structured_0000"", ""184928_structured_0000"", ""6808_structured_0001"", ""182517_structured_0001"", ""35577_structured_0001"", ""182517_structured_0002"", ""100664_structured_0000"", ""138694_structured_0002"", ""19982_structured_0000"", ""13837_structured_0000"", ""99617_structured_0003"", ""151803_structured_0000"", ""65416_structured_0001"", ""187301_structured_0000"", ""53110_structured_0001"", ""45641_structured_0001"", ""6202_structured_0004"", ""65310_structured_0000"", ""104771_structured_0002""]",13663.1233,1.0,1.0,1.0,1.0,1.0,1.0,1.0,1.0
64976_4,bm25,Ban quản lý Khu Công nghệ cao đóng vai trò gì trong việc phát triển hệ sinh thái Drone/UAV?,64976,"[""64976_structured_0001""]","[""64976_structured_0001"", ""64976_structured_0000"", ""139309_structured_0000"", ""186326_structured_0001"", ""132078_structured_0000"", ""133755_structured_0003"", ""132602_structured_0002"", ""133755_structured_0002"", ""65431_structured_0000"", ""133437_structured_0000"", ""20912_structured_0002"", ""106521_structured_0000"", ""186326_structured_0002"", ""139309_structured_0001"", ""6202_structured_0003"", ""138694_structured_0000"", ""65400_structured_0000"", ""184986_structured_0002"", ""218640_structured_0001"", ""52997_structured_0002"", ""153336_structured_0001"", ""105614_structured_0000"", ""6202_structured_0002"", ""217012_structured_0000"", ""105496_structured_0000"", ""217734_structured_0000"", ""151666_structured_0000"", ""184986_structured_0001"", ""151666_structured_0001"", ""132602_structured_0001"", ""106617_structured_0001"", ""75391_structured_0003"", ""104191_structured_0002"", ""20995_structured_0001"", ""13837_structured_0000"", ""132078_structured_0001"", ""197510_structured_0003"", ""343_structured_0008"", ""120324_structured_0001"", ""217600_structured_0000"", ""35577_structured_0001"", ""197510_structured_0001"", ""137863_structured_0001"", ""35424_structured_0000"", ""35424_structured_0001"", ""121323_structured_0002"", ""185405_structured_0001"", ""180510_structured_0004"", ""52997_structured_0000"", ""22904_structured_0001""]",189.8521,1.0,1.0,1.0,1.0,1.0,1.0,1.0,1.0
64976_4,dense,Ban quản lý Khu Công nghệ cao đóng vai trò gì trong việc phát triển hệ sinh thái Drone/UAV?,64976,"[""64976_structured_0001""]","[""64976_structured_0001"", ""64976_structured_0000"", ""139309_structured_0000"", ""139309_structured_0001"", ""137863_structured_0001"", ""186326_structured_0001"", ""65431_structured_0001"", ""65400_structured_0002"", ""186326_structured_0002"", ""185545_structured_0001"", ""138694_structured_0002"", ""107410_structured_0002"", ""65400_structured_0000"", ""21991_structured_0000"", ""183147_structured_0003"", ""65431_structured_0000"", ""65400_structured_0001"", ""124_structured_0001"", ""35424_structured_0001"", ""244238_structured_0000"", ""133755_structured_0003"", ""184928_structured_0000"", ""62478_structured_0000"", ""53110_structured_0000"", ""187301_structured_0000"", ""184986_structured_0000"", ""200376_structured_0002"", ""185466_structured_0000"", ""217012_structured_0000"", ""5446_structured_0002"", ""18794_structured_0000"", ""104025_structured_0000"", ""202414_structured_0000"", ""187301_structured_0002"", ""17668_structured_0002"", ""138694_structured_0003"", ""765_structured_0001"", ""141617_structured_0001"", ""109400_structured_0002"", ""52997_structured_0002"", ""185466_structured_0001"", ""197510_structured_0001"", ""200376_structured_0000"", ""35577_structured_0001"", ""197692_structured_0002"", ""120743_structured_0000"", ""197692_structured_0000"", ""134408_structured_0003"", ""16823_structured_0001"", ""185545_structured_0003""]",13226.8259,1.0,1.0,1.0,1.0,1.0,1.0,1.0,1.0
64976_4,hybrid,Ban quản lý Khu Công nghệ cao đóng vai trò gì trong việc phát triển hệ sinh thái Drone/UAV?,64976,"[""64976_structured_0001""]","[""64976_structured_0001"", ""64976_structured_0000"", ""139309_structured_0000"", ""186326_structured_0001"", ""139309_structured_0001"", ""186326_structured_0002"", ""65431_structured_0000"", ""133755_structured_0003"", ""65400_structured_0000"", ""137863_structured_0001"", ""217012_structured_0000"", ""52997_structured_0002"", ""35424_structured_0001"", ""197510_structured_0001"", ""35577_structured_0001"", ""132078_structured_0000"", ""132602_structured_0002"", ""65431_structured_0001"", ""133755_structured_0002"", ""65400_structured_0002"", ""133437_structured_0000"", ""185545_structured_0001"", ""138694_structured_0002"", ""20912_structured_0002"", ""106521_structured_0000"", ""107410_structured_0002"", ""21991_structured_0000"", ""183147_structured_0003"", ""6202_structured_0003"", ""138694_structured_0000"", ""65400_structured_0001"", ""124_structured_0001"", ""184986_structured_0002"", ""218640_structured_0001"", ""244238_structured_0000"", ""153336_structured_0001"", ""105614_structured_0000"", ""184928_structured_0000"", ""6202_structured_0002"", ""62478_structured_0000"", ""53110_structured_0000"", ""105496_structured_0000"", ""187301_structured_0000"", ""184986_structured_0000"", ""217734_structured_0000"", ""151666_structured_0000"", ""200376_structured_0002"", ""184986_structured_0001"", ""185466_structured_0000"", ""151666_structured_0001""]",13320.9863,1.0,1.0,1.0,1.0,1.0,1.0,1.0,1.0
44651_1,bm25,Fidel Castro đến thăm Khu chính phủ cách mạng lâm thời Cộng hòa miền Nam Việt Nam tại địa điểm nào?,44651,"[""44651_structured_0000""]","[""44651_structured_0000"", ""44651_structured_0001"", ""105719_structured_0001"", ""214150_structured_0000"", ""214150_structured_0001"", ""154952_structured_0002"", ""75604_structured_0000"", ""42372_structured_0000"", ""22730_structured_0000"", ""132865_structured_0001"", ""75980_structured_0001"", ""190013_structured_0000"", ""123141_structured_0000"", ""75980_structured_0000"", ""76864_structured_0000"", ""132865_structured_0002"", ""164773_structured_0000"", ""1516_structured_0000"", ""36199_structured_0000"", ""105719_structured_0000"", ""21352_structured_0000"", ""74838_structured_0000"", ""151463_structured_0001"", ""74976_structured_0002"", ""154952_structured_0001"", ""149494_structured_0000"", ""197510_structured_0001"", ""122300_structured_0001"", ""143027_structured_0000"", ""75604_structured_0001"", ""70481_structured_0001"", ""109353_structured_0000"", ""75615_structured_0000"", ""79595_structured_0001"", ""45253_structured_0000"", ""45253_structured_0001"", ""19991_structured_0000"", ""243162_structured_0000"", ""79595_structured_0000"", ""247184_structured_0000"", ""160975_structured_0001"", ""197510_structured_0003"", ""76413_structured_0002"", ""749_structured_0002"", ""197692_structured_0001"", ""78002_structured_0000"", ""77285_structured_0000"", ""75539_structured_0000"", ""154952_structured_0000"", ""79595_structured_0002""]",183.954,1.0,1.0,1.0,1.0,1.0,1.0,1.0,1.0
44651_1,dense,Fidel Castro đến thăm Khu chính phủ cách mạng lâm thời Cộng hòa miền Nam Việt Nam tại địa điểm nào?,44651,"[""44651_structured_0000""]","[""44651_structured_0001"", ""44651_structured_0000"", ""132779_structured_0000"", ""140618_structured_0000"", ""140618_structured_0001"", ""107037_structured_0000"", ""68835_structured_0001"", ""35797_structured_0000"", ""107564_structured_0000"", ""154952_structured_0000"", ""132779_structured_0001"", ""142796_structured_0000"", ""107564_structured_0001"", ""66646_structured_0001"", ""127062_structured_0003"", ""127062_structured_0002"", ""32945_structured_0004"", ""162577_structured_0000"", ""67101_structured_0001"", ""21823_structured_0001"", ""139545_structured_0000"", ""140742_structured_0000"", ""132171_structured_0000"", ""127062_structured_0000"", ""2230_structured_0000"", ""74976_structured_0001"", ""19991_structured_0000"", ""67101_structured_0000"", ""32945_structured_0002"", ""2230_structured_0002"", ""43358_structured_0002"", ""74976_structured_0003"", ""127062_structured_0004"", ""121951_structured_0000"", ""43929_structured_0001"", ""13472_structured_0001"", ""66646_structured_0000"", ""76413_structured_0000"", ""7291_structured_0000"", ""142796_structured_0001"", ""43358_structured_0004"", ""32803_structured_0000"", ""76859_structured_0000"", ""105024_structured_0002"", ""127062_structured_0001"", ""32945_structured_0000"", ""260070_structured_0002"", ""74976_structured_0002"", ""138826_structured_0002"", ""47219_structured_0000""]",12892.5814,0.0,0.0,1.0,1.0,1.0,1.0,0.5,0.6309297535714575
44651_1,hybrid,Fidel Castro đến thăm Khu chính phủ cách mạng lâm thời Cộng hòa miền Nam Việt Nam tại địa điểm nào?,44651,"[""44651_structured_0000""]","[""44651_structured_0000"", ""44651_structured_0001"", ""154952_structured_0000"", ""19991_structured_0000"", ""74976_structured_0002"", ""105719_structured_0001"", ""132779_structured_0000"", ""140618_structured_0000"", ""214150_structured_0000"", ""140618_structured_0001"", ""214150_structured_0001"", ""107037_structured_0000"", ""154952_structured_0002"", ""68835_structured_0001"", ""75604_structured_0000"", ""35797_structured_0000"", ""42372_structured_0000"", ""107564_structured_0000"", ""22730_structured_0000"", ""132865_structured_0001"", ""132779_structured_0001"", ""75980_structured_0001"", ""142796_structured_0000"", ""190013_structured_0000"", ""107564_structured_0001"", ""123141_structured_0000"", ""66646_structured_0001"", ""75980_structured_0000"", ""127062_structured_0003"", ""76864_structured_0000"", ""127062_structured_0002"", ""132865_structured_0002"", ""164773_structured_0000"", ""32945_structured_0004"", ""1516_structured_0000"", ""162577_structured_0000"", ""36199_structured_0000"", ""67101_structured_0001"", ""105719_structured_0000"", ""21823_structured_0001"", ""139545_structured_0000"", ""21352_structured_0000"", ""140742_structured_0000"", ""74838_structured_0000"", ""132171_structured_0000"", ""151463_structured_0001"", ""127062_structured_0000"", ""154952_structured_0001"", ""2230_structured_0000"", ""149494_structured_0000""]",13100.6341,1.0,1.0,1.0,1.0,1.0,1.0,1.0,1.0
44651_2,bm25,Chuyến thăm vùng giải phóng Quảng Trị năm 1973 của Fidel Castro diễn ra trong hoàn cảnh như thế nào?,44651,"[""44651_structured_0000""]","[""44651_structured_0000"", ""44651_structured_0001"", ""122344_structured_0000"", ""74976_structured_0002"", ""215405_structured_0000"", ""32847_structured_0000"", ""13837_structured_0000"", ""43154_structured_0003"", ""216326_structured_0000"", ""122008_structured_0000"", ""2089_structured_0000"", ""199837_structured_0002"", ""70481_structured_0000"", ""74976_structured_0001"", ""200516_structured_0001"", ""140618_structured_0000"", ""73349_structured_0002"", ""32847_structured_0002"", ""12178_structured_0000"", ""38183_structured_0002"", ""262256_structured_0000"", ""154386_structured_0000"", ""199784_structured_0000"", ""141927_structured_0003"", ""122300_structured_0002"", ""79760_structured_0000"", ""45253_structured_0001"", ""35625_structured_0000"", ""89776_structured_0000"", ""257151_structured_0002"", ""154492_structured_0000"", ""35220_structured_0001"", ""118049_structured_0000"", ""173300_structured_0000"", ""13837_structured_0001"", ""140742_structured_0000"", ""122408_structured_0001"", ""68023_structured_0001"", ""74976_structured_0003"", ""134492_structured_0001"", ""214139_structured_0000"", ""101170_structured_0000"", ""44816_structured_0000"", ""214139_structured_0001"", ""34044_structured_0001"", ""164887_structured_0000"", ""84081_structured_0000"", ""109597_structured_0000"", ""100777_structured_0000"", ""7349_structured_0004""]",191.2172,1.0,1.0,1.0,1.0,1.0,1.0,1.0,1.0
44651_2,dense,Chuyến thăm vùng giải phóng Quảng Trị năm 1973 của Fidel Castro diễn ra trong hoàn cảnh như thế nào?,44651,"[""44651_structured_0000""]","[""44651_structured_0000"", ""44651_structured_0001"", ""20089_structured_0000"", ""259151_structured_0000"", ""68835_structured_0001"", ""43325_structured_0002"", ""43325_structured_0003"", ""43325_structured_0000"", ""20089_structured_0001"", ""75808_structured_0001"", ""43325_structured_0001"", ""75808_structured_0000"", ""142796_structured_0001"", ""100777_structured_0000"", ""43304_structured_0002"", ""100777_structured_0004"", ""68835_structured_0000"", ""100777_structured_0001"", ""137967_structured_0001"", ""142796_structured_0003"", ""100777_structured_0003"", ""74976_structured_0002"", ""142796_structured_0000"", ""108893_structured_0001"", ""9355_structured_0000"", ""134076_structured_0000"", ""138804_structured_0000"", ""259151_structured_0002"", ""43304_structured_0001"", ""139545_structured_0000"", ""132354_structured_0000"", ""43803_structured_0001"", ""47656_structured_0000"", ""140742_structured_0000"", ""43803_structured_0002"", ""75654_structured_0001"", ""2040_structured_0001"", ""136256_structured_0001"", ""140618_structured_0001"", ""121951_structured_0000"", ""43304_structured_0003"", ""142796_structured_0002"", ""142315_structured_0000"", ""43929_structured_0000"", ""162577_structured_0000"", ""143099_structured_0000"", ""32028_structured_0002"", ""43154_structured_0003"", ""154386_structured_0000"", ""127739_structured_0000""]",12999.0241,1.0,1.0,1.0,1.0,1.0,1.0,1.0,1.0
44651_2,hybrid,Chuyến thăm vùng giải phóng Quảng Trị năm 1973 của Fidel Castro diễn ra trong hoàn cảnh như thế nào?,44651,"[""44651_structured_0000""]","[""44651_structured_0000"", ""44651_structured_0001"", ""74976_structured_0002"", ""43154_structured_0003"", ""100777_structured_0000"", ""154386_structured_0000"", ""140742_structured_0000"", ""122344_structured_0000"", ""20089_structured_0000"", ""259151_structured_0000"", ""215405_structured_0000"", ""68835_structured_0001"", ""32847_structured_0000"", ""43325_structured_0002"", ""13837_structured_0000"", ""43325_structured_0003"", ""43325_structured_0000"", ""20089_structured_0001"", ""216326_structured_0000"", ""122008_structured_0000"", ""75808_structured_0001"", ""2089_structured_0000"", ""43325_structured_0001"", ""199837_structured_0002"", ""75808_structured_0000"", ""142796_structured_0001"", ""70481_structured_0000"", ""74976_structured_0001"", ""200516_structured_0001"", ""43304_structured_0002"", ""100777_structured_0004"", ""140618_structured_0000"", ""68835_structured_0000"", ""73349_structured_0002"", ""100777_structured_0001"", ""32847_structured_0002"", ""12178_structured_0000"", ""137967_structured_0001"", ""142796_structured_0003"", ""38183_structured_0002"", ""100777_structured_0003"", ""262256_structured_0000"", ""142796_structured_0000"", ""199784_structured_0000"", ""108893_structured_0001"", ""141927_structured_0003"", ""122300_structured_0002"", ""9355_structured_0000"", ""134076_structured_0000"", ""79760_structured_0000""]",13258.8843,1.0,1.0,1.0,1.0,1.0,1.0,1.0,1.0
44651_3,bm25,"Điều gì đã thúc đẩy Cuba xây dựng bệnh viện Việt Nam - Cuba tại Đồng Hới, Quảng Bình?",44651,"[""44651_structured_0001""]","[""44651_structured_0001"", ""44651_structured_0000"", ""170866_structured_0001"", ""170866_structured_0000"", ""240121_structured_0000"", ""218258_structured_0000"", ""77232_structured_0000"", ""209184_structured_0002"", ""175185_structured_0000"", ""199022_structured_0001"", ""99625_structured_0000"", ""106873_structured_0000"", ""99625_structured_0001"", ""209184_structured_0001"", ""183549_structured_0000"", ""154787_structured_0000"", ""35239_structured_0000"", ""106873_structured_0002"", ""183549_structured_0001"", ""75654_structured_0000"", ""106873_structured_0001"", ""74250_structured_0000"", ""241750_structured_0000"", ""15473_structured_0000"", ""129516_structured_0000"", ""78002_structured_0001"", ""109037_structured_0001"", ""42168_structured_0003"", ""75654_structured_0001"", ""29383_structured_0000"", ""139297_structured_0000"", ""29077_structured_0000"", ""207956_structured_0000"", ""48576_structured_0003"", ""77232_structured_0001"", ""109181_structured_0001"", ""26619_structured_0001"", ""206663_structured_0001"", ""215131_structured_0000"", ""28576_structured_0002"", ""232449_structured_0001"", ""200690_structured_0000"", ""181956_structured_0000"", ""198649_structured_0002"", ""28576_structured_0003"", ""26619_structured_0000"", ""26887_structured_0000"", ""6223_structured_0003"", ""114868_structured_0000"", ""129552_structured_0000""]",191.5783,1.0,1.0,1.0,1.0,1.0,1.0,1.0,1.0
44651_3,dense,"Điều gì đã thúc đẩy Cuba xây dựng bệnh viện Việt Nam - Cuba tại Đồng Hới, Quảng Bình?",44651,"[""44651_structured_0001""]","[""44651_structured_0001"", ""44651_structured_0000"", ""207688_structured_0000"", ""106873_structured_0000"", ""207933_structured_0000"", ""139035_structured_0000"", ""132679_structured_0002"", ""134757_structured_0000"", ""114376_structured_0003"", ""42168_structured_0003"", ""134757_structured_0002"", ""139035_structured_0001"", ""206676_structured_0000"", ""149447_structured_0002"", ""207932_structured_0002"", ""114376_structured_0000"", ""114376_structured_0001"", ""117545_structured_0000"", ""149447_structured_0000"", ""136443_structured_0001"", ""207688_structured_0001"", ""134757_structured_0001"", ""199022_structured_0001"", ""29077_structured_0001"", ""149447_structured_0001"", ""132679_structured_0001"", ""207933_structured_0001"", ""109037_structured_0001"", ""29478_structured_0003"", ""106873_structured_0001"", ""29077_structured_0000"", ""28576_structured_0002"", ""206172_structured_0000"", ""117505_structured_0000"", ""117505_structured_0002"", ""29478_structured_0000"", ""117505_structured_0001"", ""140666_structured_0000"", ""216317_structured_0000"", ""211177_structured_0002"", ""163586_structured_0000"", ""74976_structured_0002"", ""43358_structured_0003"", ""114399_structured_0000"", ""142816_structured_0000"", ""209549_structured_0000"", ""208045_structured_0003"", ""31836_structured_0000"", ""28576_structured_0003"", ""131921_structured_0001""]",12720.8776,1.0,1.0,1.0,1.0,1.0,1.0,1.0,1.0
44651_3,hybrid,"Điều gì đã thúc đẩy Cuba xây dựng bệnh viện Việt Nam - Cuba tại Đồng Hới, Quảng Bình?",44651,"[""44651_structured_0001""]","[""44651_structured_0001"", ""44651_structured_0000"", ""106873_structured_0000"", ""199022_structured_0001"", ""42168_structured_0003"", ""106873_structured_0001"", ""109037_structured_0001"", ""29077_structured_0000"", ""28576_structured_0002"", ""28576_structured_0003"", ""170866_structured_0001"", ""207688_structured_0000"", ""170866_structured_0000"", ""207933_structured_0000"", ""240121_structured_0000"", ""139035_structured_0000"", ""218258_structured_0000"", ""132679_structured_0002"", ""77232_structured_0000"", ""134757_structured_0000"", ""209184_structured_0002"", ""114376_structured_0003"", ""175185_structured_0000"", ""134757_structured_0002"", ""99625_structured_0000"", ""139035_structured_0001"", ""206676_structured_0000"", ""99625_structured_0001"", ""149447_structured_0002"", ""209184_structured_0001"", ""183549_structured_0000"", ""207932_structured_0002"", ""114376_structured_0000"", ""154787_structured_0000"", ""114376_structured_0001"", ""35239_structured_0000"", ""106873_structured_0002"", ""117545_structured_0000"", ""149447_structured_0000"", ""183549_structured_0001"", ""136443_structured_0001"", ""75654_structured_0000"", ""207688_structured_0001"", ""134757_structured_0001"", ""74250_structured_0000"", ""241750_structured_0000"", ""15473_structured_0000"", ""29077_structured_0001"", ""129516_structured_0000"", ""149447_structured_0001""]",13985.3935,1.0,1.0,1.0,1.0,1.0,1.0,1.0,1.0
44651_4,bm25,Cuba đã hỗ trợ Việt Nam những công trình cụ thể nào sau chuyến thăm lịch sử của Fidel Castro?,44651,"[""44651_structured_0001""]","[""44651_structured_0001"", ""44651_structured_0000"", ""2089_structured_0001"", ""77232_structured_0000"", ""218258_structured_0000"", ""199022_structured_0001"", ""1510_structured_0001"", ""77316_structured_0001"", ""74976_structured_0001"", ""36522_structured_0000"", ""260099_structured_0000"", ""77396_structured_0001"", ""75574_structured_0001"", ""74976_structured_0002"", ""214913_structured_0000"", ""142796_structured_0001"", ""101170_structured_0000"", ""2089_structured_0000"", ""77316_structured_0002"", ""5987_structured_0000"", ""79049_structured_0000"", ""77316_structured_0003"", ""101170_structured_0001"", ""122344_structured_0000"", ""43901_structured_0001"", ""21823_structured_0004"", ""55634_structured_0000"", ""5987_structured_0001"", ""13837_structured_0000"", ""10022_structured_0000"", ""17261_structured_0000"", ""43901_structured_0000"", ""76845_structured_0001"", ""242679_structured_0000"", ""75615_structured_0001"", ""122941_structured_0002"", ""32873_structured_0001"", ""242679_structured_0001"", ""43230_structured_0002"", ""136443_structured_0000"", ""214139_structured_0000"", ""154386_structured_0000"", ""119081_structured_0000"", ""45253_structured_0000"", ""79760_structured_0000"", ""34044_structured_0001"", ""215405_structured_0000"", ""32847_structured_0000"", ""75615_structured_0000"", ""129516_structured_0000""]",215.3686,1.0,1.0,1.0,1.0,1.0,1.0,1.0,1.0
44651_4,dense,Cuba đã hỗ trợ Việt Nam những công trình cụ thể nào sau chuyến thăm lịch sử của Fidel Castro?,44651,"[""44651_structured_0001""]","[""44651_structured_0001"", ""44651_structured_0000"", ""136445_structured_0001"", ""199022_structured_0001"", ""139545_structured_0002"", ""43358_structured_0004"", ""216317_structured_0000"", ""43358_structured_0003"", ""32803_structured_0001"", ""32803_structured_0002"", ""105024_structured_0002"", ""139545_structured_0000"", ""136445_structured_0002"", ""32803_structured_0003"", ""107037_structured_0000"", ""20089_structured_0000"", ""141936_structured_0003"", ""32945_structured_0002"", ""107037_structured_0001"", ""177369_structured_0001"", ""22730_structured_0001"", ""1032_structured_0000"", ""43358_structured_0002"", ""197692_structured_0002"", ""42486_structured_0004"", ""32803_structured_0000"", ""105701_structured_0001"", ""139545_structured_0001"", ""136445_structured_0000"", ""141936_structured_0002"", ""154952_structured_0000"", ""106225_structured_0003"", ""99323_structured_0001"", ""119963_structured_0001"", ""23113_structured_0002"", ""140618_structured_0000"", ""184821_structured_0000"", ""44869_structured_0002"", ""22730_structured_0000"", ""119425_structured_0000"", ""119425_structured_0001"", ""106697_structured_0000"", ""13472_structured_0001"", ""151190_structured_0000"", ""67101_structured_0001"", ""218258_structured_0000"", ""78760_structured_0000"", ""194_structured_0000"", ""74976_structured_0002"", ""43929_structured_0001""]",13564.651,1.0,1.0,1.0,1.0,1.0,1.0,1.0,1.0
44651_4,hybrid,Cuba đã hỗ trợ Việt Nam những công trình cụ thể nào sau chuyến thăm lịch sử của Fidel Castro?,44651,"[""44651_structured_0001""]","[""44651_structured_0001"", ""44651_structured_0000"", ""199022_structured_0001"", ""218258_structured_0000"", ""74976_structured_0002"", ""136445_structured_0001"", ""2089_structured_0001"", ""77232_structured_0000"", ""139545_structured_0002"", ""43358_structured_0004"", ""1510_structured_0001"", ""216317_structured_0000"", ""43358_structured_0003"", ""77316_structured_0001"", ""32803_structured_0001"", ""74976_structured_0001"", ""32803_structured_0002"", ""36522_structured_0000"", ""105024_structured_0002"", ""260099_structured_0000"", ""139545_structured_0000"", ""77396_structured_0001"", ""136445_structured_0002"", ""75574_structured_0001"", ""32803_structured_0003"", ""107037_structured_0000"", ""214913_structured_0000"", ""142796_structured_0001"", ""20089_structured_0000"", ""101170_structured_0000"", ""141936_structured_0003"", ""2089_structured_0000"", ""32945_structured_0002"", ""107037_structured_0001"", ""77316_structured_0002"", ""177369_structured_0001"", ""5987_structured_0000"", ""22730_structured_0001"", ""79049_structured_0000"", ""1032_structured_0000"", ""77316_structured_0003"", ""101170_structured_0001"", ""43358_structured_0002"", ""122344_structured_0000"", ""197692_structured_0002"", ""42486_structured_0004"", ""43901_structured_0001"", ""21823_structured_0004"", ""32803_structured_0000"", ""105701_structured_0001""]",13635.9577,1.0,1.0,1.0,1.0,1.0,1.0,1.0,1.0
246182_1,bm25,Ai có mặt tại hiện trường để chỉ đạo công tác tìm kiếm cứu hộ vụ lật tàu trên vịnh Hạ Long?,246182,"[""246182_structured_0001""]","[""46605_structured_0001"", ""246182_structured_0000"", ""246182_structured_0003"", ""46605_structured_0000"", ""246182_structured_0001"", ""246182_structured_0002"", ""14304_structured_0001"", ""20963_structured_0001"", ""20963_structured_0000"", ""14304_structured_0000"", ""45190_structured_0001"", ""46293_structured_0000"", ""20963_structured_0002"", ""134356_structured_0000"", ""45759_structured_0001"", ""45898_structured_0000"", ""47117_structured_0000"", ""184645_structured_0001"", ""47117_structured_0001"", ""73610_structured_0000"", ""134342_structured_0000"", ""78031_structured_0000"", ""239255_structured_0000"", ""239048_structured_0000"", ""139128_structured_0000"", ""137541_structured_0000"", ""216624_structured_0001"", ""132378_structured_0000"", ""2246_structured_0001"", ""239260_structured_0000"", ""34891_structured_0000"", ""32991_structured_0003"", ""136912_structured_0000"", ""2246_structured_0000"", ""45759_structured_0000"", ""136001_structured_0000"", ""137725_structured_0000"", ""245795_structured_0000"", ""32991_structured_0002"", ""243312_structured_0000"", ""242406_structured_0000"", ""245066_structured_0000"", ""150992_structured_0000"", ""150992_structured_0002"", ""132529_structured_0002"", ""240761_structured_0000"", ""78031_structured_0001"", ""238339_structured_0000"", ""78031_structured_0002"", ""239453_structured_0000""]",191.5333,0.0,0.0,1.0,1.0,1.0,1.0,0.2,0.3868528072345416
246182_1,dense,Ai có mặt tại hiện trường để chỉ đạo công tác tìm kiếm cứu hộ vụ lật tàu trên vịnh Hạ Long?,246182,"[""246182_structured_0001""]","[""46605_structured_0001"", ""46605_structured_0000"", ""246182_structured_0000"", ""246182_structured_0003"", ""246182_structured_0001"", ""246182_structured_0002"", ""20963_structured_0002"", ""20963_structured_0000"", ""46293_structured_0000"", ""140714_structured_0000"", ""136912_structured_0001"", ""46828_structured_0000"", ""20963_structured_0001"", ""136912_structured_0000"", ""45190_structured_0001"", ""134076_structured_0002"", ""237734_structured_0000"", ""46828_structured_0001"", ""28231_structured_0000"", ""14304_structured_0000"", ""134356_structured_0000"", ""245574_structured_0000"", ""246221_structured_0000"", ""238339_structured_0001"", ""118690_structured_0000"", ""214754_structured_0003"", ""122344_structured_0000"", ""14304_structured_0001"", ""136527_structured_0001"", ""134076_structured_0000"", ""206411_structured_0000"", ""138086_structured_0001"", ""140404_structured_0000"", ""242406_structured_0000"", ""134076_structured_0001"", ""238339_structured_0000"", ""46007_structured_0001"", ""45391_structured_0000"", ""45190_structured_0002"", ""245795_structured_0000"", ""207628_structured_0000"", ""142796_structured_0003"", ""214754_structured_0002"", ""214754_structured_0001"", ""96523_structured_0000"", ""138086_structured_0002"", ""47266_structured_0000"", ""137611_structured_0001"", ""137611_structured_0003"", ""240279_structured_0000""]",13486.8875,0.0,0.0,1.0,1.0,1.0,1.0,0.2,0.3868528072345416
246182_1,hybrid,Ai có mặt tại hiện trường để chỉ đạo công tác tìm kiếm cứu hộ vụ lật tàu trên vịnh Hạ Long?,246182,"[""246182_structured_0001""]","[""46605_structured_0001"", ""246182_structured_0000"", ""46605_structured_0000"", ""246182_structured_0003"", ""246182_structured_0001"", ""246182_structured_0002"", ""20963_structured_0000"", ""20963_structured_0002"", ""20963_structured_0001"", ""46293_structured_0000"", ""45190_structured_0001"", ""14304_structured_0000"", ""14304_structured_0001"", ""134356_structured_0000"", ""136912_structured_0000"", ""242406_structured_0000"", ""245795_structured_0000"", ""238339_structured_0000"", ""140714_structured_0000"", ""136912_structured_0001"", ""46828_structured_0000"", ""45759_structured_0001"", ""134076_structured_0002"", ""45898_structured_0000"", ""237734_structured_0000"", ""47117_structured_0000"", ""184645_structured_0001"", ""46828_structured_0001"", ""28231_structured_0000"", ""47117_structured_0001"", ""73610_structured_0000"", ""134342_structured_0000"", ""245574_structured_0000"", ""78031_structured_0000"", ""239255_structured_0000"", ""246221_structured_0000"", ""238339_structured_0001"", ""239048_structured_0000"", ""118690_structured_0000"", ""139128_structured_0000"", ""137541_structured_0000"", ""214754_structured_0003"", ""122344_structured_0000"", ""216624_structured_0001"", ""132378_structured_0000"", ""136527_structured_0001"", ""2246_structured_0001"", ""134076_structured_0000"", ""239260_structured_0000"", ""206411_structured_0000""]",13417.9849,0.0,0.0,1.0,1.0,1.0,1.0,0.2,0.3868528072345416
246182_2,bm25,Quá trình cứu hộ và trục vớt tàu du lịch bị lật trên vịnh Hạ Long diễn ra như thế nào?,246182,"[""246182_structured_0000""]","[""246182_structured_0001"", ""46605_structured_0001"", ""246182_structured_0002"", ""14304_structured_0001"", ""246182_structured_0000"", ""246182_structured_0003"", ""20963_structured_0001"", ""46605_structured_0000"", ""20963_structured_0000"", ""14304_structured_0000"", ""2089_structured_0000"", ""78031_structured_0001"", ""2246_structured_0000"", ""184645_structured_0001"", ""20963_structured_0002"", ""2246_structured_0001"", ""214754_structured_0003"", ""78031_structured_0002"", ""78031_structured_0000"", ""150992_structured_0000"", ""76859_structured_0000"", ""216624_structured_0001"", ""2230_structured_0002"", ""150992_structured_0002"", ""46293_structured_0000"", ""155785_structured_0001"", ""155785_structured_0002"", ""214754_structured_0002"", ""80436_structured_0002"", ""149746_structured_0002"", ""2089_structured_0001"", ""79595_structured_0003"", ""150992_structured_0001"", ""2240_structured_0000"", ""749_structured_0002"", ""251374_structured_0000"", ""79735_structured_0002"", ""78714_structured_0000"", ""218258_structured_0000"", ""79735_structured_0000"", ""160975_structured_0000"", ""249950_structured_0000"", ""79595_structured_0002"", ""149746_structured_0000"", ""216213_structured_0000"", ""149321_structured_0002"", ""35625_structured_0000"", ""1846_structured_0000"", ""136912_structured_0000"", ""245066_structured_0000""]",171.2128,0.0,0.0,1.0,1.0,1.0,1.0,0.2,0.3868528072345416
246182_2,dense,Quá trình cứu hộ và trục vớt tàu du lịch bị lật trên vịnh Hạ Long diễn ra như thế nào?,246182,"[""246182_structured_0000""]","[""246182_structured_0000"", ""246182_structured_0003"", ""46605_structured_0001"", ""246182_structured_0002"", ""46605_structured_0000"", ""246182_structured_0001"", ""20963_structured_0002"", ""20963_structured_0001"", ""20963_structured_0000"", ""136912_structured_0001"", ""136912_structured_0000"", ""46828_structured_0000"", ""46293_structured_0000"", ""14304_structured_0000"", ""46828_structured_0001"", ""14304_structured_0001"", ""28231_structured_0000"", ""140714_structured_0000"", ""206411_structured_0000"", ""238339_structured_0001"", ""45190_structured_0001"", ""30846_structured_0000"", ""79735_structured_0002"", ""67140_structured_0000"", ""149746_structured_0000"", ""238339_structured_0000"", ""214754_structured_0003"", ""237734_structured_0000"", ""136337_structured_0000"", ""118690_structured_0000"", ""79735_structured_0001"", ""30846_structured_0001"", ""2246_structured_0000"", ""240279_structured_0000"", ""78116_structured_0000"", ""200490_structured_0002"", ""237980_structured_0000"", ""45190_structured_0000"", ""214754_structured_0000"", ""79300_structured_0000"", ""214754_structured_0001"", ""34536_structured_0000"", ""214754_structured_0002"", ""45190_structured_0002"", ""245795_structured_0000"", ""52402_structured_0001"", ""46007_structured_0001"", ""135210_structured_0000"", ""184645_structured_0001"", ""78714_structured_0000""]",13214.4644,1.0,1.0,1.0,1.0,1.0,1.0,1.0,1.0
246182_2,hybrid,Quá trình cứu hộ và trục vớt tàu du lịch bị lật trên vịnh Hạ Long diễn ra như thế nào?,246182,"[""246182_structured_0000""]","[""46605_structured_0001"", ""246182_structured_0000"", ""246182_structured_0001"", ""246182_structured_0002"", ""246182_structured_0003"", ""46605_structured_0000"", ""20963_structured_0001"", ""20963_structured_0000"", ""14304_structured_0001"", ""20963_structured_0002"", ""14304_structured_0000"", ""46293_structured_0000"", ""214754_structured_0003"", ""2246_structured_0000"", ""136912_structured_0000"", ""184645_structured_0001"", ""79735_structured_0002"", ""149746_structured_0000"", ""214754_structured_0002"", ""78714_structured_0000"", ""136912_structured_0001"", ""2089_structured_0000"", ""46828_structured_0000"", ""78031_structured_0001"", ""46828_structured_0001"", ""2246_structured_0001"", ""28231_structured_0000"", ""140714_structured_0000"", ""78031_structured_0002"", ""206411_structured_0000"", ""78031_structured_0000"", ""150992_structured_0000"", ""238339_structured_0001"", ""45190_structured_0001"", ""76859_structured_0000"", ""216624_structured_0001"", ""30846_structured_0000"", ""2230_structured_0002"", ""150992_structured_0002"", ""67140_structured_0000"", ""155785_structured_0001"", ""238339_structured_0000"", ""155785_structured_0002"", ""237734_structured_0000"", ""136337_structured_0000"", ""80436_structured_0002"", ""118690_structured_0000"", ""149746_structured_0002"", ""2089_structured_0001"", ""79735_structured_0001""]",13369.8345,0.0,0.0,1.0,1.0,1.0,1.0,0.5,0.6309297535714575
246182_3,bm25,Phó Thủ tướng Trần Hồng Hà yêu cầu gì đối với lực lượng cứu hộ vụ lật tàu?,246182,"[""246182_structured_0001""]","[""246182_structured_0000"", ""46605_structured_0000"", ""46605_structured_0001"", ""246182_structured_0001"", ""104164_structured_0000"", ""46293_structured_0000"", ""246182_structured_0003"", ""108091_structured_0000"", ""104142_structured_0000"", ""104836_structured_0001"", ""246182_structured_0002"", ""107672_structured_0001"", ""153256_structured_0000"", ""107980_structured_0001"", ""47117_structured_0001"", ""243527_structured_0000"", ""197579_structured_0000"", ""104164_structured_0001"", ""135220_structured_0000"", ""47117_structured_0000"", ""153256_structured_0001"", ""138764_structured_0000"", ""20963_structured_0002"", ""14304_structured_0001"", ""213_structured_0001"", ""133333_structured_0000"", ""107672_structured_0002"", ""240540_structured_0002"", ""20963_structured_0000"", ""213_structured_0000"", ""240540_structured_0001"", ""136912_structured_0000"", ""188952_structured_0000"", ""20963_structured_0001"", ""153075_structured_0000"", ""140714_structured_0000"", ""104805_structured_0000"", ""107672_structured_0000"", ""27082_structured_0000"", ""188952_structured_0001"", ""14304_structured_0000"", ""45190_structured_0001"", ""153256_structured_0002"", ""43564_structured_0002"", ""136382_structured_0002"", ""197192_structured_0001"", ""140312_structured_0002"", ""245066_structured_0000"", ""123020_structured_0002"", ""4137_structured_0001""]",150.2752,0.0,0.0,1.0,1.0,1.0,1.0,0.25,0.430676558073393
246182_3,dense,Phó Thủ tướng Trần Hồng Hà yêu cầu gì đối với lực lượng cứu hộ vụ lật tàu?,246182,"[""246182_structured_0001""]","[""46605_structured_0000"", ""46605_structured_0001"", ""246182_structured_0000"", ""246182_structured_0001"", ""246182_structured_0002"", ""45836_structured_0003"", ""138764_structured_0001"", ""137611_structured_0003"", ""137611_structured_0000"", ""134076_structured_0000"", ""140312_structured_0000"", ""137611_structured_0001"", ""262951_structured_0000"", ""137611_structured_0002"", ""45190_structured_0001"", ""138764_structured_0000"", ""45836_structured_0002"", ""134076_structured_0002"", ""46293_structured_0000"", ""262951_structured_0001"", ""45391_structured_0000"", ""14304_structured_0001"", ""246182_structured_0003"", ""47219_structured_0000"", ""136443_structured_0001"", ""136472_structured_0000"", ""45836_structured_0001"", ""20963_structured_0002"", ""45321_structured_0001"", ""45321_structured_0002"", ""132354_structured_0001"", ""197192_structured_0000"", ""17843_structured_0000"", ""20963_structured_0001"", ""45321_structured_0000"", ""206919_structured_0000"", ""135220_structured_0000"", ""45455_structured_0000"", ""134076_structured_0001"", ""136382_structured_0001"", ""20963_structured_0000"", ""46828_structured_0000"", ""45836_structured_0000"", ""136382_structured_0002"", ""140312_structured_0001"", ""136912_structured_0001"", ""138086_structured_0001"", ""132354_structured_0000"", ""207628_structured_0000"", ""75228_structured_0007""]",12908.615,0.0,0.0,1.0,1.0,1.0,1.0,0.25,0.430676558073393
246182_3,hybrid,Phó Thủ tướng Trần Hồng Hà yêu cầu gì đối với lực lượng cứu hộ vụ lật tàu?,246182,"[""246182_structured_0001""]","[""46605_structured_0000"", ""246182_structured_0000"", ""46605_structured_0001"", ""246182_structured_0001"", ""246182_structured_0002"", ""46293_structured_0000"", ""246182_structured_0003"", ""138764_structured_0000"", ""14304_structured_0001"", ""20963_structured_0002"", ""45190_structured_0001"", ""135220_structured_0000"", ""20963_structured_0001"", ""20963_structured_0000"", ""136382_structured_0002"", ""104164_structured_0000"", ""45836_structured_0003"", ""138764_structured_0001"", ""108091_structured_0000"", ""137611_structured_0003"", ""104142_structured_0000"", ""137611_structured_0000"", ""104836_structured_0001"", ""134076_structured_0000"", ""140312_structured_0000"", ""107672_structured_0001"", ""137611_structured_0001"", ""153256_structured_0000"", ""262951_structured_0000"", ""107980_structured_0001"", ""137611_structured_0002"", ""47117_structured_0001"", ""243527_structured_0000"", ""197579_structured_0000"", ""45836_structured_0002"", ""104164_structured_0001"", ""134076_structured_0002"", ""262951_structured_0001"", ""47117_structured_0000"", ""153256_structured_0001"", ""45391_structured_0000"", ""47219_structured_0000"", ""136443_structured_0001"", ""213_structured_0001"", ""133333_structured_0000"", ""136472_structured_0000"", ""107672_structured_0002"", ""45836_structured_0001"", ""240540_structured_0002"", ""45321_structured_0001""]",12921.8866,0.0,0.0,1.0,1.0,1.0,1.0,0.25,0.430676558073393
246182_4,bm25,Điều gì khiến công tác tìm kiếm nạn nhân vụ lật tàu trở nên khó khăn?,246182,"[""246182_structured_0001""]","[""246182_structured_0000"", ""246182_structured_0001"", ""246182_structured_0002"", ""46605_structured_0000"", ""46605_structured_0001"", ""20963_structured_0002"", ""246182_structured_0003"", ""20963_structured_0001"", ""20963_structured_0000"", ""14304_structured_0001"", ""14304_structured_0000"", ""134342_structured_0000"", ""140714_structured_0000"", ""134342_structured_0001"", ""45190_structured_0001"", ""134356_structured_0000"", ""45190_structured_0002"", ""47117_structured_0001"", ""32991_structured_0003"", ""207628_structured_0000"", ""46293_structured_0000"", ""214754_structured_0003"", ""245795_structured_0000"", ""209039_structured_0000"", ""45190_structured_0000"", ""250068_structured_0001"", ""245066_structured_0000"", ""214754_structured_0002"", ""242492_structured_0000"", ""47117_structured_0000"", ""136912_structured_0001"", ""238339_structured_0000"", ""44416_structured_0000"", ""74548_structured_0001"", ""10649_structured_0000"", ""257290_structured_0002"", ""238339_structured_0001"", ""133043_structured_0000"", ""259438_structured_0002"", ""57154_structured_0000"", ""214754_structured_0000"", ""80436_structured_0002"", ""32991_structured_0002"", ""244498_structured_0000"", ""137611_structured_0000"", ""168561_structured_0000"", ""203829_structured_0000"", ""51823_structured_0001"", ""239373_structured_0000"", ""133153_structured_0000""]",146.0214,0.0,0.0,1.0,1.0,1.0,1.0,0.5,0.6309297535714575
246182_4,dense,Điều gì khiến công tác tìm kiếm nạn nhân vụ lật tàu trở nên khó khăn?,246182,"[""246182_structured_0001""]","[""246182_structured_0002"", ""246182_structured_0003"", ""246182_structured_0000"", ""246182_structured_0001"", ""46605_structured_0001"", ""46605_structured_0000"", ""46293_structured_0000"", ""136912_structured_0001"", ""214754_structured_0003"", ""20963_structured_0002"", ""238339_structured_0000"", ""32991_structured_0003"", ""20963_structured_0001"", ""45190_structured_0001"", ""14304_structured_0001"", ""140714_structured_0000"", ""238339_structured_0001"", ""118690_structured_0000"", ""14304_structured_0000"", ""20963_structured_0000"", ""214754_structured_0000"", ""214754_structured_0001"", ""136912_structured_0000"", ""245795_structured_0000"", ""238339_structured_0002"", ""134356_structured_0000"", ""11245_structured_0001"", ""138523_structured_0001"", ""243278_structured_0002"", ""47117_structured_0001"", ""45190_structured_0002"", ""137823_structured_0002"", ""214754_structured_0002"", ""134342_structured_0000"", ""45190_structured_0000"", ""11245_structured_0002"", ""74548_structured_0001"", ""32991_structured_0002"", ""262951_structured_0000"", ""141927_structured_0002"", ""142796_structured_0003"", ""237696_structured_0000"", ""260714_structured_0000"", ""245088_structured_0000"", ""44625_structured_0000"", ""243278_structured_0000"", ""237734_structured_0000"", ""206411_structured_0000"", ""260357_structured_0000"", ""74750_structured_0001""]",13391.6338,0.0,0.0,1.0,1.0,1.0,1.0,0.25,0.430676558073393
246182_4,hybrid,Điều gì khiến công tác tìm kiếm nạn nhân vụ lật tàu trở nên khó khăn?,246182,"[""246182_structured_0001""]","[""246182_structured_0000"", ""246182_structured_0002"", ""246182_structured_0001"", ""246182_structured_0003"", ""46605_structured_0000"", ""46605_structured_0001"", ""20963_structured_0002"", ""20963_structured_0001"", ""14304_structured_0001"", ""46293_structured_0000"", ""20963_structured_0000"", ""140714_structured_0000"", ""45190_structured_0001"", ""14304_structured_0000"", ""214754_structured_0003"", ""32991_structured_0003"", ""136912_structured_0001"", ""238339_structured_0000"", ""134356_structured_0000"", ""134342_structured_0000"", ""45190_structured_0002"", ""245795_structured_0000"", ""47117_structured_0001"", ""238339_structured_0001"", ""45190_structured_0000"", ""214754_structured_0000"", ""214754_structured_0002"", ""74548_structured_0001"", ""32991_structured_0002"", ""134342_structured_0001"", ""118690_structured_0000"", ""207628_structured_0000"", ""214754_structured_0001"", ""136912_structured_0000"", ""209039_structured_0000"", ""238339_structured_0002"", ""250068_structured_0001"", ""11245_structured_0001"", ""245066_structured_0000"", ""138523_structured_0001"", ""242492_structured_0000"", ""243278_structured_0002"", ""47117_structured_0000"", ""137823_structured_0002"", ""44416_structured_0000"", ""10649_structured_0000"", ""11245_structured_0002"", ""257290_structured_0002"", ""133043_structured_0000"", ""259438_structured_0002""]",14188.6242,0.0,0.0,1.0,1.0,1.0,1.0,0.3333333333333333,0.5
157600_1,bm25,Ai là đạo diễn của bộ phim truyền hình 'Đi về phía lửa'?,157600,"[""157600_structured_0000""]","[""157600_structured_0000"", ""157600_structured_0001"", ""82251_structured_0000"", ""13048_structured_0000"", ""157600_structured_0003"", ""80572_structured_0000"", ""9572_structured_0000"", ""157600_structured_0002"", ""81508_structured_0000"", ""9572_structured_0001"", ""157216_structured_0001"", ""10603_structured_0000"", ""9041_structured_0000"", ""81945_structured_0000"", ""81340_structured_0002"", ""12809_structured_0001"", ""158641_structured_0001"", ""80064_structured_0001"", ""82750_structured_0001"", ""158641_structured_0000"", ""13844_structured_0001"", ""81136_structured_0000"", ""10431_structured_0001"", ""83130_structured_0000"", ""81136_structured_0001"", ""156840_structured_0000"", ""9041_structured_0001"", ""13844_structured_0002"", ""157216_structured_0000"", ""166088_structured_0001"", ""168756_structured_0000"", ""9426_structured_0000"", ""81172_structured_0001"", ""160513_structured_0001"", ""16304_structured_0000"", ""11191_structured_0002"", ""9197_structured_0000"", ""10276_structured_0000"", ""9360_structured_0001"", ""158955_structured_0000"", ""158705_structured_0000"", ""6617_structured_0001"", ""81340_structured_0001"", ""164034_structured_0001"", ""80244_structured_0000"", ""10431_structured_0000"", ""80042_structured_0000"", ""81172_structured_0000"", ""160513_structured_0000"", ""80298_structured_0000""]",209.9622,1.0,1.0,1.0,1.0,1.0,1.0,1.0,1.0
157600_1,dense,Ai là đạo diễn của bộ phim truyền hình 'Đi về phía lửa'?,157600,"[""157600_structured_0000""]","[""157600_structured_0003"", ""157600_structured_0000"", ""157600_structured_0002"", ""157600_structured_0001"", ""83239_structured_0000"", ""11116_structured_0002"", ""160204_structured_0000"", ""10988_structured_0000"", ""81136_structured_0000"", ""11116_structured_0000"", ""157216_structured_0001"", ""158641_structured_0001"", ""9691_structured_0001"", ""12473_structured_0002"", ""9691_structured_0000"", ""81630_structured_0000"", ""88235_structured_0000"", ""81630_structured_0002"", ""9641_structured_0001"", ""11116_structured_0001"", ""88235_structured_0001"", ""80572_structured_0001"", ""15749_structured_0002"", ""15781_structured_0002"", ""157216_structured_0000"", ""12473_structured_0000"", ""9006_structured_0000"", ""83101_structured_0001"", ""16659_structured_0001"", ""157413_structured_0000"", ""14857_structured_0000"", ""9723_structured_0002"", ""158641_structured_0000"", ""80572_structured_0000"", ""10276_structured_0002"", ""11950_structured_0001"", ""156520_structured_0000"", ""16659_structured_0002"", ""11106_structured_0001"", ""11085_structured_0000"", ""12956_structured_0000"", ""14857_structured_0001"", ""11085_structured_0001"", ""159768_structured_0000"", ""11066_structured_0000"", ""11950_structured_0000"", ""83239_structured_0001"", ""11323_structured_0000"", ""80572_structured_0003"", ""57816_structured_0001""]",13347.363,0.0,0.0,1.0,1.0,1.0,1.0,0.5,0.6309297535714575
157600_1,hybrid,Ai là đạo diễn của bộ phim truyền hình 'Đi về phía lửa'?,157600,"[""157600_structured_0000""]","[""157600_structured_0000"", ""157600_structured_0003"", ""157600_structured_0001"", ""157600_structured_0002"", ""157216_structured_0001"", ""158641_structured_0001"", ""81136_structured_0000"", ""80572_structured_0000"", ""158641_structured_0000"", ""157216_structured_0000"", ""82251_structured_0000"", ""13048_structured_0000"", ""83239_structured_0000"", ""11116_structured_0002"", ""160204_structured_0000"", ""9572_structured_0000"", ""10988_structured_0000"", ""81508_structured_0000"", ""11116_structured_0000"", ""9572_structured_0001"", ""10603_structured_0000"", ""9041_structured_0000"", ""9691_structured_0001"", ""12473_structured_0002"", ""81945_structured_0000"", ""81340_structured_0002"", ""9691_structured_0000"", ""12809_structured_0001"", ""81630_structured_0000"", ""88235_structured_0000"", ""80064_structured_0001"", ""81630_structured_0002"", ""82750_structured_0001"", ""9641_structured_0001"", ""11116_structured_0001"", ""13844_structured_0001"", ""88235_structured_0001"", ""80572_structured_0001"", ""10431_structured_0001"", ""15749_structured_0002"", ""15781_structured_0002"", ""83130_structured_0000"", ""81136_structured_0001"", ""12473_structured_0000"", ""156840_structured_0000"", ""9006_structured_0000"", ""9041_structured_0001"", ""13844_structured_0002"", ""83101_structured_0001"", ""16659_structured_0001""]",13874.2159,1.0,1.0,1.0,1.0,1.0,1.0,1.0,1.0
157600_2,bm25,Bộ phim 'Đi về phía lửa' khai thác đề tài gì và quá trình sản xuất có điều gì đặc biệt?,157600,"[""157600_structured_0000""]","[""157600_structured_0001"", ""157600_structured_0000"", ""158641_structured_0001"", ""158677_structured_0001"", ""158677_structured_0000"", ""158641_structured_0000"", ""157600_structured_0002"", ""157600_structured_0003"", ""80440_structured_0003"", ""81136_structured_0001"", ""13048_structured_0000"", ""80373_structured_0001"", ""81854_structured_0000"", ""81172_structured_0000"", ""13844_structured_0002"", ""160879_structured_0001"", ""87368_structured_0000"", ""8896_structured_0000"", ""80572_structured_0000"", ""160879_structured_0000"", ""16304_structured_0000"", ""238173_structured_0008"", ""162159_structured_0001"", ""81945_structured_0000"", ""82644_structured_0001"", ""160353_structured_0001"", ""92301_structured_0000"", ""11050_structured_0002"", ""81172_structured_0001"", ""159799_structured_0000"", ""9507_structured_0001"", ""91244_structured_0000"", ""80440_structured_0002"", ""82698_structured_0000"", ""158729_structured_0001"", ""82698_structured_0004"", ""11116_structured_0000"", ""81854_structured_0001"", ""32945_structured_0003"", ""9867_structured_0001"", ""255181_structured_0000"", ""89850_structured_0003"", ""10555_structured_0001"", ""88194_structured_0001"", ""82698_structured_0002"", ""165501_structured_0000"", ""11323_structured_0002"", ""157985_structured_0000"", ""10630_structured_0000"", ""10761_structured_0000""]",278.9722,0.0,0.0,1.0,1.0,1.0,1.0,0.5,0.6309297535714575
157600_2,dense,Bộ phim 'Đi về phía lửa' khai thác đề tài gì và quá trình sản xuất có điều gì đặc biệt?,157600,"[""157600_structured_0000""]","[""157600_structured_0000"", ""157600_structured_0003"", ""157600_structured_0001"", ""157600_structured_0002"", ""10988_structured_0000"", ""8996_structured_0001"", ""158641_structured_0001"", ""9006_structured_0000"", ""158641_structured_0000"", ""81136_structured_0000"", ""8896_structured_0000"", ""160204_structured_0000"", ""158641_structured_0002"", ""157216_structured_0001"", ""83239_structured_0000"", ""163072_structured_0001"", ""9426_structured_0001"", ""157216_structured_0000"", ""11177_structured_0000"", ""10988_structured_0001"", ""11323_structured_0002"", ""159768_structured_0000"", ""80572_structured_0001"", ""15749_structured_0002"", ""11116_structured_0001"", ""8896_structured_0001"", ""9075_structured_0001"", ""11323_structured_0000"", ""80572_structured_0002"", ""11116_structured_0002"", ""12473_structured_0002"", ""156668_structured_0001"", ""81945_structured_0001"", ""10584_structured_0000"", ""114660_structured_0000"", ""157698_structured_0001"", ""81421_structured_0000"", ""82698_structured_0002"", ""15781_structured_0002"", ""11116_structured_0000"", ""9691_structured_0001"", ""157698_structured_0004"", ""13844_structured_0000"", ""9691_structured_0000"", ""11050_structured_0001"", ""11323_structured_0001"", ""81854_structured_0000"", ""11245_structured_0000"", ""156840_structured_0000"", ""81630_structured_0002""]",13729.2832,1.0,1.0,1.0,1.0,1.0,1.0,1.0,1.0
157600_2,hybrid,Bộ phim 'Đi về phía lửa' khai thác đề tài gì và quá trình sản xuất có điều gì đặc biệt?,157600,"[""157600_structured_0000""]","[""157600_structured_0000"", ""157600_structured_0001"", ""157600_structured_0003"", ""158641_structured_0001"", ""157600_structured_0002"", ""158641_structured_0000"", ""8896_structured_0000"", ""81854_structured_0000"", ""11323_structured_0002"", ""11116_structured_0000"", ""82698_structured_0002"", ""158677_structured_0001"", ""10988_structured_0000"", ""158677_structured_0000"", ""8996_structured_0001"", ""9006_structured_0000"", ""80440_structured_0003"", ""81136_structured_0000"", ""81136_structured_0001"", ""13048_structured_0000"", ""160204_structured_0000"", ""80373_structured_0001"", ""158641_structured_0002"", ""157216_structured_0001"", ""81172_structured_0000"", ""13844_structured_0002"", ""83239_structured_0000"", ""160879_structured_0001"", ""163072_structured_0001"", ""87368_structured_0000"", ""9426_structured_0001"", ""157216_structured_0000"", ""11177_structured_0000"", ""80572_structured_0000"", ""10988_structured_0001"", ""160879_structured_0000"", ""16304_structured_0000"", ""159768_structured_0000"", ""238173_structured_0008"", ""162159_structured_0001"", ""80572_structured_0001"", ""15749_structured_0002"", ""81945_structured_0000"", ""11116_structured_0001"", ""82644_structured_0001"", ""160353_structured_0001"", ""8896_structured_0001"", ""9075_structured_0001"", ""92301_structured_0000"", ""11050_structured_0002""]",13769.5824,1.0,1.0,1.0,1.0,1.0,1.0,1.0,1.0
157600_3,bm25,Phòng cảnh sát PCCC và CNCH thành phố Đà Nẵng đóng vai trò gì trong quá trình sản xuất phim 'Đi về phía lửa'?,157600,"[""157600_structured_0001""]","[""157600_structured_0001"", ""237783_structured_0000"", ""238380_structured_0000"", ""157600_structured_0000"", ""244763_structured_0001"", ""243312_structured_0002"", ""243312_structured_0001"", ""244763_structured_0000"", ""238380_structured_0001"", ""152128_structured_0001"", ""244789_structured_0000"", ""245756_structured_0000"", ""237980_structured_0000"", ""245066_structured_0000"", ""140312_structured_0002"", ""152128_structured_0000"", ""246528_structured_0000"", ""152128_structured_0002"", ""184321_structured_0003"", ""244962_structured_0000"", ""132171_structured_0004"", ""132171_structured_0003"", ""157600_structured_0002"", ""239255_structured_0000"", ""136474_structured_0000"", ""132529_structured_0002"", ""81136_structured_0001"", ""159799_structured_0000"", ""158641_structured_0001"", ""88194_structured_0002"", ""142000_structured_0002"", ""184321_structured_0004"", ""140312_structured_0001"", ""82644_structured_0001"", ""9867_structured_0001"", ""184321_structured_0000"", ""168642_structured_0001"", ""168642_structured_0002"", ""157600_structured_0003"", ""158641_structured_0000"", ""245795_structured_0000"", ""10461_structured_0001"", ""47635_structured_0000"", ""69958_structured_0000"", ""87427_structured_0000"", ""65400_structured_0000"", ""82251_structured_0000"", ""9573_structured_0000"", ""88194_structured_0001"", ""157216_structured_0001""]",223.392,1.0,1.0,1.0,1.0,1.0,1.0,1.0,1.0
157600_3,dense,Phòng cảnh sát PCCC và CNCH thành phố Đà Nẵng đóng vai trò gì trong quá trình sản xuất phim 'Đi về phía lửa'?,157600,"[""157600_structured_0001""]","[""157600_structured_0001"", ""157600_structured_0000"", ""157600_structured_0002"", ""157600_structured_0003"", ""237783_structured_0000"", ""134356_structured_0000"", ""136474_structured_0000"", ""135220_structured_0000"", ""237980_structured_0000"", ""238380_structured_0000"", ""136474_structured_0001"", ""11177_structured_0000"", ""243312_structured_0002"", ""45707_structured_0000"", ""45898_structured_0000"", ""132743_structured_0000"", ""142081_structured_0002"", ""245756_structured_0000"", ""238380_structured_0001"", ""238653_structured_0001"", ""152128_structured_0001"", ""136061_structured_0001"", ""333_structured_0001"", ""136061_structured_0000"", ""133008_structured_0001"", ""243312_structured_0001"", ""45707_structured_0001"", ""246802_structured_0000"", ""333_structured_0000"", ""5618_structured_0001"", ""136527_structured_0001"", ""114660_structured_0000"", ""152128_structured_0000"", ""207424_structured_0000"", ""134356_structured_0001"", ""78760_structured_0001"", ""141927_structured_0000"", ""8996_structured_0001"", ""157698_structured_0001"", ""104287_structured_0000"", ""137967_structured_0004"", ""132171_structured_0003"", ""184321_structured_0005"", ""142395_structured_0001"", ""138086_structured_0001"", ""69958_structured_0000"", ""78760_structured_0000"", ""164887_structured_0000"", ""10649_structured_0001"", ""138086_structured_0000""]",13548.7003,1.0,1.0,1.0,1.0,1.0,1.0,1.0,1.0
157600_3,hybrid,Phòng cảnh sát PCCC và CNCH thành phố Đà Nẵng đóng vai trò gì trong quá trình sản xuất phim 'Đi về phía lửa'?,157600,"[""157600_structured_0001""]","[""157600_structured_0001"", ""157600_structured_0000"", ""237783_structured_0000"", ""238380_structured_0000"", ""243312_structured_0002"", ""237980_structured_0000"", ""157600_structured_0002"", ""238380_structured_0001"", ""245756_structured_0000"", ""136474_structured_0000"", ""152128_structured_0001"", ""243312_structured_0001"", ""157600_structured_0003"", ""152128_structured_0000"", ""132171_structured_0003"", ""69958_structured_0000"", ""244763_structured_0001"", ""134356_structured_0000"", ""135220_structured_0000"", ""244763_structured_0000"", ""136474_structured_0001"", ""244789_structured_0000"", ""11177_structured_0000"", ""245066_structured_0000"", ""45707_structured_0000"", ""140312_structured_0002"", ""45898_structured_0000"", ""132743_structured_0000"", ""142081_structured_0002"", ""246528_structured_0000"", ""152128_structured_0002"", ""184321_structured_0003"", ""238653_structured_0001"", ""244962_structured_0000"", ""132171_structured_0004"", ""136061_structured_0001"", ""333_structured_0001"", ""136061_structured_0000"", ""239255_structured_0000"", ""133008_structured_0001"", ""132529_structured_0002"", ""45707_structured_0001"", ""81136_structured_0001"", ""159799_structured_0000"", ""246802_structured_0000"", ""158641_structured_0001"", ""333_structured_0000"", ""5618_structured_0001"", ""88194_structured_0002"", ""136527_structured_0001""]",13711.5015,1.0,1.0,1.0,1.0,1.0,1.0,1.0,1.0
157600_4,bm25,Vì sao đạo diễn Trần Thanh Huy yêu cầu sử dụng lửa thật thay vì hiệu ứng kỹ xảo trong phim 'Đi về phía lửa'?,157600,"[""157600_structured_0001""]","[""157600_structured_0001"", ""157600_structured_0000"", ""157600_structured_0002"", ""157600_structured_0003"", ""8911_structured_0000"", ""158641_structured_0000"", ""81799_structured_0000"", ""158641_structured_0001"", ""157216_structured_0000"", ""157216_structured_0001"", ""81136_structured_0000"", ""81136_structured_0001"", ""15956_structured_0002"", ""157698_structured_0001"", ""82251_structured_0000"", ""159768_structured_0000"", ""83169_structured_0001"", ""158641_structured_0002"", ""81854_structured_0001"", ""9551_structured_0001"", ""81799_structured_0001"", ""157698_structured_0002"", ""11177_structured_0000"", ""158332_structured_0001"", ""49472_structured_0000"", ""82756_structured_0001"", ""8911_structured_0001"", ""158332_structured_0000"", ""8570_structured_0001"", ""168642_structured_0000"", ""80397_structured_0001"", ""81854_structured_0002"", ""168674_structured_0001"", ""10013_structured_0000"", ""81854_structured_0000"", ""9006_structured_0002"", ""81197_structured_0000"", ""81854_structured_0003"", ""81172_structured_0000"", ""11166_structured_0002"", ""158849_structured_0000"", ""80572_structured_0000"", ""251813_structured_0001"", ""158955_structured_0000"", ""9075_structured_0000"", ""81945_structured_0001"", ""82644_structured_0001"", ""80776_structured_0001"", ""9511_structured_0001"", ""13844_structured_0000""]",259.154,1.0,1.0,1.0,1.0,1.0,1.0,1.0,1.0
157600_4,dense,Vì sao đạo diễn Trần Thanh Huy yêu cầu sử dụng lửa thật thay vì hiệu ứng kỹ xảo trong phim 'Đi về phía lửa'?,157600,"[""157600_structured_0001""]","[""157600_structured_0001"", ""157600_structured_0002"", ""157600_structured_0000"", ""157600_structured_0003"", ""11116_structured_0001"", ""158332_structured_0000"", ""80572_structured_0001"", ""158641_structured_0002"", ""8896_structured_0000"", ""158641_structured_0000"", ""11116_structured_0000"", ""158641_structured_0001"", ""80298_structured_0001"", ""9006_structured_0000"", ""157698_structured_0002"", ""156840_structured_0002"", ""157698_structured_0001"", ""81136_structured_0000"", ""11323_structured_0000"", ""156685_structured_0001"", ""157216_structured_0001"", ""11116_structured_0002"", ""13844_structured_0000"", ""163072_structured_0001"", ""81854_structured_0000"", ""8996_structured_0001"", ""81136_structured_0001"", ""158332_structured_0001"", ""11050_structured_0001"", ""81854_structured_0002"", ""156840_structured_0000"", ""11177_structured_0000"", ""156840_structured_0001"", ""14857_structured_0001"", ""157735_structured_0001"", ""80244_structured_0000"", ""11323_structured_0002"", ""160339_structured_0001"", ""9075_structured_0001"", ""81854_structured_0003"", ""167244_structured_0002"", ""14857_structured_0002"", ""163072_structured_0000"", ""9426_structured_0001"", ""80572_structured_0002"", ""11050_structured_0000"", ""9691_structured_0001"", ""156668_structured_0001"", ""81528_structured_0002"", ""81164_structured_0001""]",13610.2368,1.0,1.0,1.0,1.0,1.0,1.0,1.0,1.0
157600_4,hybrid,Vì sao đạo diễn Trần Thanh Huy yêu cầu sử dụng lửa thật thay vì hiệu ứng kỹ xảo trong phim 'Đi về phía lửa'?,157600,"[""157600_structured_0001""]","[""157600_structured_0001"", ""157600_structured_0000"", ""157600_structured_0002"", ""157600_structured_0003"", ""158641_structured_0000"", ""158641_structured_0001"", ""158641_structured_0002"", ""81136_structured_0000"", ""157216_structured_0001"", ""158332_structured_0000"", ""157698_structured_0001"", ""157698_structured_0002"", ""81136_structured_0001"", ""158332_structured_0001"", ""11177_structured_0000"", ""81854_structured_0000"", ""81854_structured_0002"", ""13844_structured_0000"", ""81854_structured_0003"", ""11116_structured_0001"", ""8911_structured_0000"", ""80572_structured_0001"", ""81799_structured_0000"", ""157216_structured_0000"", ""8896_structured_0000"", ""11116_structured_0000"", ""15956_structured_0002"", ""80298_structured_0001"", ""9006_structured_0000"", ""82251_structured_0000"", ""156840_structured_0002"", ""159768_structured_0000"", ""83169_structured_0001"", ""11323_structured_0000"", ""81854_structured_0001"", ""156685_structured_0001"", ""9551_structured_0001"", ""81799_structured_0001"", ""11116_structured_0002"", ""163072_structured_0001"", ""49472_structured_0000"", ""82756_structured_0001"", ""8996_structured_0001"", ""8911_structured_0001"", ""11050_structured_0001"", ""8570_structured_0001"", ""168642_structured_0000"", ""156840_structured_0000"", ""80397_structured_0001"", ""156840_structured_0001""]",13205.8567,1.0,1.0,1.0,1.0,1.0,1.0,1.0,1.0
56336_1,bm25,Ai là người đứng đầu Alphabet đã đưa ra quyết định sa thải nhân viên?,56336,"[""56336_structured_0000""]","[""56336_structured_0000"", ""61560_structured_0001"", ""61560_structured_0000"", ""56826_structured_0000"", ""215937_structured_0000"", ""215937_structured_0001"", ""61917_structured_0000"", ""232645_structured_0000"", ""55803_structured_0000"", ""55771_structured_0000"", ""263423_structured_0000"", ""196460_structured_0000"", ""56781_structured_0000"", ""206561_structured_0000"", ""129516_structured_0001"", ""47489_structured_0000"", ""165320_structured_0000"", ""263423_structured_0002"", ""46726_structured_0003"", ""124001_structured_0001"", ""99496_structured_0003"", ""124001_structured_0000"", ""159836_structured_0000"", ""263759_structured_0001"", ""124772_structured_0001"", ""33383_structured_0001"", ""32095_structured_0002"", ""202756_structured_0000"", ""32095_structured_0001"", ""60706_structured_0000"", ""94662_structured_0001"", ""75217_structured_0001"", ""99986_structured_0002"", ""46726_structured_0001"", ""196460_structured_0002"", ""265451_structured_0001"", ""130732_structured_0000"", ""99986_structured_0001"", ""262952_structured_0001"", ""124772_structured_0000"", ""43230_structured_0001"", ""62388_structured_0000"", ""52216_structured_0000"", ""263759_structured_0000"", ""93607_structured_0000"", ""35174_structured_0001"", ""59152_structured_0000"", ""35731_structured_0002"", ""259494_structured_0000"", ""57523_structured_0001""]",185.2807,1.0,1.0,1.0,1.0,1.0,1.0,1.0,1.0
56336_1,dense,Ai là người đứng đầu Alphabet đã đưa ra quyết định sa thải nhân viên?,56336,"[""56336_structured_0000""]","[""56336_structured_0000"", ""61560_structured_0001"", ""61560_structured_0000"", ""256210_structured_0000"", ""57487_structured_0000"", ""57816_structured_0001"", ""196460_structured_0000"", ""57816_structured_0002"", ""58821_structured_0000"", ""56826_structured_0000"", ""96523_structured_0000"", ""62100_structured_0001"", ""61463_structured_0000"", ""57816_structured_0000"", ""62388_structured_0000"", ""186561_structured_0000"", ""94684_structured_0000"", ""63908_structured_0000"", ""186561_structured_0002"", ""63908_structured_0001"", ""186561_structured_0001"", ""33574_structured_0000"", ""20179_structured_0001"", ""202756_structured_0002"", ""55771_structured_0000"", ""196460_structured_0002"", ""176834_structured_0000"", ""202899_structured_0001"", ""257151_structured_0001"", ""186624_structured_0001"", ""188273_structured_0000"", ""14245_structured_0001"", ""186625_structured_0000"", ""96523_structured_0002"", ""33913_structured_0001"", ""202524_structured_0002"", ""87995_structured_0001"", ""119868_structured_0000"", ""23120_structured_0000"", ""87995_structured_0000"", ""181577_structured_0000"", ""33913_structured_0002"", ""55803_structured_0000"", ""226167_structured_0001"", ""58821_structured_0001"", ""196460_structured_0001"", ""188332_structured_0000"", ""188332_structured_0001"", ""186624_structured_0000"", ""64950_structured_0000""]",12954.0751,1.0,1.0,1.0,1.0,1.0,1.0,1.0,1.0
56336_1,hybrid,Ai là người đứng đầu Alphabet đã đưa ra quyết định sa thải nhân viên?,56336,"[""56336_structured_0000""]","[""56336_structured_0000"", ""61560_structured_0001"", ""61560_structured_0000"", ""56826_structured_0000"", ""196460_structured_0000"", ""55771_structured_0000"", ""55803_structured_0000"", ""62388_structured_0000"", ""196460_structured_0002"", ""256210_structured_0000"", ""215937_structured_0000"", ""57487_structured_0000"", ""215937_structured_0001"", ""57816_structured_0001"", ""61917_structured_0000"", ""232645_structured_0000"", ""57816_structured_0002"", ""58821_structured_0000"", ""263423_structured_0000"", ""96523_structured_0000"", ""62100_structured_0001"", ""56781_structured_0000"", ""61463_structured_0000"", ""206561_structured_0000"", ""57816_structured_0000"", ""129516_structured_0001"", ""186561_structured_0000"", ""47489_structured_0000"", ""165320_structured_0000"", ""94684_structured_0000"", ""263423_structured_0002"", ""63908_structured_0000"", ""186561_structured_0002"", ""46726_structured_0003"", ""124001_structured_0001"", ""63908_structured_0001"", ""186561_structured_0001"", ""99496_structured_0003"", ""124001_structured_0000"", ""33574_structured_0000"", ""159836_structured_0000"", ""20179_structured_0001"", ""202756_structured_0002"", ""263759_structured_0001"", ""124772_structured_0001"", ""33383_structured_0001"", ""176834_structured_0000"", ""32095_structured_0002"", ""202756_structured_0000"", ""202899_structured_0001""]",13237.295,1.0,1.0,1.0,1.0,1.0,1.0,1.0,1.0
56336_2,bm25,Đợt sa thải lớn tại Alphabet diễn ra như thế nào và trong bối cảnh gì?,56336,"[""56336_structured_0000""]","[""56336_structured_0000"", ""61560_structured_0001"", ""61560_structured_0000"", ""130732_structured_0000"", ""196460_structured_0000"", ""57487_structured_0000"", ""191142_structured_0003"", ""94684_structured_0000"", ""63909_structured_0000"", ""53110_structured_0003"", ""122980_structured_0003"", ""192577_structured_0000"", ""182331_structured_0000"", ""219346_structured_0000"", ""190863_structured_0003"", ""53110_structured_0002"", ""165320_structured_0000"", ""46452_structured_0002"", ""129516_structured_0001"", ""171180_structured_0000"", ""192360_structured_0002"", ""96008_structured_0003"", ""186726_structured_0001"", ""94729_structured_0000"", ""180997_structured_0000"", ""32715_structured_0002"", ""103521_structured_0000"", ""196460_structured_0002"", ""42347_structured_0003"", ""32302_structured_0002"", ""23558_structured_0000"", ""7030_structured_0002"", ""214150_structured_0001"", ""99611_structured_0001"", ""124001_structured_0000"", ""190863_structured_0002"", ""53110_structured_0000"", ""196460_structured_0001"", ""3232_structured_0000"", ""32181_structured_0000"", ""122980_structured_0002"", ""32095_structured_0002"", ""4151_structured_0000"", ""102479_structured_0000"", ""52216_structured_0000"", ""238302_structured_0000"", ""8705_structured_0000"", ""144429_structured_0000"", ""206561_structured_0000"", ""141733_structured_0000""]",170.1,1.0,1.0,1.0,1.0,1.0,1.0,1.0,1.0
56336_2,dense,Đợt sa thải lớn tại Alphabet diễn ra như thế nào và trong bối cảnh gì?,56336,"[""56336_structured_0000""]","[""56336_structured_0000"", ""61560_structured_0001"", ""61560_structured_0000"", ""196460_structured_0000"", ""57487_structured_0000"", ""94684_structured_0000"", ""188273_structured_0000"", ""188332_structured_0001"", ""256210_structured_0000"", ""55803_structured_0000"", ""63908_structured_0001"", ""188332_structured_0000"", ""53110_structured_0002"", ""63908_structured_0000"", ""196460_structured_0002"", ""196460_structured_0001"", ""186561_structured_0000"", ""186561_structured_0001"", ""206561_structured_0000"", ""184484_structured_0001"", ""188332_structured_0002"", ""56826_structured_0000"", ""183647_structured_0001"", ""35174_structured_0003"", ""215937_structured_0001"", ""57816_structured_0001"", ""62100_structured_0001"", ""61917_structured_0000"", ""51390_structured_0000"", ""57816_structured_0002"", ""161903_structured_0000"", ""198036_structured_0000"", ""202524_structured_0002"", ""23120_structured_0000"", ""58821_structured_0000"", ""215937_structured_0000"", ""180947_structured_0000"", ""19315_structured_0001"", ""35174_structured_0001"", ""259741_structured_0000"", ""33383_structured_0002"", ""193311_structured_0001"", ""35174_structured_0000"", ""53110_structured_0001"", ""181577_structured_0000"", ""226167_structured_0001"", ""176162_structured_0000"", ""35174_structured_0002"", ""43393_structured_0003"", ""61246_structured_0000""]",13373.451,1.0,1.0,1.0,1.0,1.0,1.0,1.0,1.0
56336_2,hybrid,Đợt sa thải lớn tại Alphabet diễn ra như thế nào và trong bối cảnh gì?,56336,"[""56336_structured_0000""]","[""56336_structured_0000"", ""61560_structured_0001"", ""61560_structured_0000"", ""196460_structured_0000"", ""57487_structured_0000"", ""94684_structured_0000"", ""53110_structured_0002"", ""196460_structured_0002"", ""196460_structured_0001"", ""206561_structured_0000"", ""130732_structured_0000"", ""188273_structured_0000"", ""191142_structured_0003"", ""188332_structured_0001"", ""256210_structured_0000"", ""63909_structured_0000"", ""53110_structured_0003"", ""55803_structured_0000"", ""122980_structured_0003"", ""63908_structured_0001"", ""188332_structured_0000"", ""192577_structured_0000"", ""182331_structured_0000"", ""219346_structured_0000"", ""63908_structured_0000"", ""190863_structured_0003"", ""165320_structured_0000"", ""186561_structured_0000"", ""186561_structured_0001"", ""46452_structured_0002"", ""129516_structured_0001"", ""171180_structured_0000"", ""184484_structured_0001"", ""188332_structured_0002"", ""192360_structured_0002"", ""56826_structured_0000"", ""96008_structured_0003"", ""183647_structured_0001"", ""186726_structured_0001"", ""35174_structured_0003"", ""94729_structured_0000"", ""180997_structured_0000"", ""215937_structured_0001"", ""32715_structured_0002"", ""57816_structured_0001"", ""103521_structured_0000"", ""62100_structured_0001"", ""61917_structured_0000"", ""42347_structured_0003"", ""51390_structured_0000""]",13115.1126,1.0,1.0,1.0,1.0,1.0,1.0,1.0,1.0
56336_3,bm25,Điều gì khiến Alphabet phải cắt giảm lực lượng lao động dù trước đó từng tuyển dụng rầm rộ?,56336,"[""56336_structured_0000""]","[""56336_structured_0000"", ""61560_structured_0001"", ""140883_structured_0000"", ""184305_structured_0000"", ""184305_structured_0002"", ""196460_structured_0000"", ""141071_structured_0001"", ""33085_structured_0000"", ""96717_structured_0000"", ""141083_structured_0000"", ""43513_structured_0003"", ""61560_structured_0000"", ""141678_structured_0000"", ""61917_structured_0000"", ""141733_structured_0000"", ""97663_structured_0000"", ""94684_structured_0000"", ""43513_structured_0000"", ""46490_structured_0001"", ""57487_structured_0000"", ""63908_structured_0001"", ""141733_structured_0001"", ""141776_structured_0000"", ""43393_structured_0004"", ""43037_structured_0001"", ""141730_structured_0002"", ""97663_structured_0001"", ""141670_structured_0002"", ""113294_structured_0000"", ""141071_structured_0002"", ""141776_structured_0003"", ""141776_structured_0001"", ""102486_structured_0002"", ""141071_structured_0003"", ""141776_structured_0002"", ""196460_structured_0002"", ""16958_structured_0001"", ""63908_structured_0000"", ""196460_structured_0001"", ""33383_structured_0000"", ""62719_structured_0000"", ""184305_structured_0001"", ""96717_structured_0001"", ""214150_structured_0001"", ""262370_structured_0000"", ""102742_structured_0001"", ""173217_structured_0001"", ""12956_structured_0000"", ""162122_structured_0001"", ""113462_structured_0000""]",237.5971,1.0,1.0,1.0,1.0,1.0,1.0,1.0,1.0
56336_3,dense,Điều gì khiến Alphabet phải cắt giảm lực lượng lao động dù trước đó từng tuyển dụng rầm rộ?,56336,"[""56336_structured_0000""]","[""56336_structured_0000"", ""63908_structured_0001"", ""61560_structured_0001"", ""196460_structured_0000"", ""61560_structured_0000"", ""57487_structured_0000"", ""94684_structured_0000"", ""63908_structured_0000"", ""184484_structured_0001"", ""186561_structured_0001"", ""96717_structured_0000"", ""188273_structured_0000"", ""185357_structured_0001"", ""186561_structured_0000"", ""186561_structured_0002"", ""196460_structured_0001"", ""196460_structured_0002"", ""62100_structured_0001"", ""53110_structured_0002"", ""43393_structured_0003"", ""56826_structured_0000"", ""19315_structured_0001"", ""184305_structured_0000"", ""53110_structured_0001"", ""22334_structured_0000"", ""188332_structured_0001"", ""33265_structured_0000"", ""58821_structured_0000"", ""188332_structured_0000"", ""58856_structured_0000"", ""185357_structured_0000"", ""184305_structured_0001"", ""184484_structured_0000"", ""152223_structured_0000"", ""94684_structured_0002"", ""141733_structured_0000"", ""184484_structured_0002"", ""33383_structured_0002"", ""19315_structured_0000"", ""43513_structured_0000"", ""19315_structured_0002"", ""140883_structured_0000"", ""256210_structured_0000"", ""183647_structured_0001"", ""184305_structured_0002"", ""33574_structured_0000"", ""55803_structured_0000"", ""119927_structured_0000"", ""42347_structured_0004"", ""194169_structured_0003""]",12966.4712,1.0,1.0,1.0,1.0,1.0,1.0,1.0,1.0
56336_3,hybrid,Điều gì khiến Alphabet phải cắt giảm lực lượng lao động dù trước đó từng tuyển dụng rầm rộ?,56336,"[""56336_structured_0000""]","[""56336_structured_0000"", ""61560_structured_0001"", ""196460_structured_0000"", ""61560_structured_0000"", ""96717_structured_0000"", ""63908_structured_0001"", ""94684_structured_0000"", ""184305_structured_0000"", ""57487_structured_0000"", ""140883_structured_0000"", ""63908_structured_0000"", ""184305_structured_0002"", ""141733_structured_0000"", ""196460_structured_0002"", ""196460_structured_0001"", ""43513_structured_0000"", ""184305_structured_0001"", ""141071_structured_0001"", ""33085_structured_0000"", ""184484_structured_0001"", ""141083_structured_0000"", ""186561_structured_0001"", ""43513_structured_0003"", ""188273_structured_0000"", ""141678_structured_0000"", ""185357_structured_0001"", ""186561_structured_0000"", ""61917_structured_0000"", ""186561_structured_0002"", ""97663_structured_0000"", ""62100_structured_0001"", ""46490_structured_0001"", ""53110_structured_0002"", ""43393_structured_0003"", ""56826_structured_0000"", ""141733_structured_0001"", ""19315_structured_0001"", ""141776_structured_0000"", ""43393_structured_0004"", ""53110_structured_0001"", ""22334_structured_0000"", ""43037_structured_0001"", ""141730_structured_0002"", ""188332_structured_0001"", ""33265_structured_0000"", ""97663_structured_0001"", ""141670_structured_0002"", ""58821_structured_0000"", ""113294_structured_0000"", ""188332_structured_0000""]",14051.0425,1.0,1.0,1.0,1.0,1.0,1.0,1.0,1.0
56336_4,bm25,"So với các công ty Big Tech khác, quy mô sa thải của Alphabet ở mức nào?",56336,"[""56336_structured_0000""]","[""61560_structured_0000"", ""61560_structured_0001"", ""56336_structured_0000"", ""196460_structured_0000"", ""111843_structured_0005"", ""61917_structured_0000"", ""55569_structured_0000"", ""195518_structured_0003"", ""31724_structured_0000"", ""184986_structured_0000"", ""196460_structured_0001"", ""57487_structured_0000"", ""165320_structured_0000"", ""108861_structured_0000"", ""63908_structured_0001"", ""108662_structured_0000"", ""701_structured_0000"", ""63908_structured_0000"", ""46726_structured_0001"", ""215937_structured_0001"", ""215937_structured_0000"", ""556_structured_0001"", ""62185_structured_0000"", ""199888_structured_0000"", ""42347_structured_0003"", ""110415_structured_0000"", ""199755_structured_0002"", ""7720_structured_0002"", ""119476_structured_0000"", ""16546_structured_0000"", ""232645_structured_0000"", ""184305_structured_0000"", ""61453_structured_0000"", ""23383_structured_0001"", ""54329_structured_0000"", ""188652_structured_0000"", ""123820_structured_0000"", ""48576_structured_0003"", ""124001_structured_0000"", ""66351_structured_0002"", ""99514_structured_0001"", ""185000_structured_0002"", ""99856_structured_0002"", ""104987_structured_0003"", ""63002_structured_0000"", ""188652_structured_0001"", ""25842_structured_0001"", ""60706_structured_0000"", ""111843_structured_0006"", ""99746_structured_0000""]",193.5732,0.0,0.0,1.0,1.0,1.0,1.0,0.3333333333333333,0.5
56336_4,dense,"So với các công ty Big Tech khác, quy mô sa thải của Alphabet ở mức nào?",56336,"[""56336_structured_0000""]","[""56336_structured_0000"", ""61560_structured_0001"", ""61560_structured_0000"", ""196460_structured_0000"", ""63908_structured_0001"", ""94684_structured_0000"", ""188332_structured_0001"", ""57487_structured_0000"", ""196460_structured_0002"", ""63908_structured_0000"", ""61917_structured_0000"", ""188332_structured_0000"", ""186561_structured_0001"", ""196460_structured_0001"", ""188273_structured_0000"", ""21336_structured_0002"", ""184484_structured_0001"", ""188332_structured_0002"", ""58821_structured_0000"", ""256210_structured_0000"", ""63719_structured_0000"", ""186561_structured_0000"", ""32589_structured_0002"", ""206561_structured_0000"", ""19315_structured_0001"", ""184305_structured_0000"", ""56826_structured_0000"", ""184305_structured_0001"", ""61250_structured_0000"", ""105272_structured_0000"", ""23120_structured_0000"", ""215937_structured_0001"", ""56206_structured_0000"", ""62388_structured_0000"", ""62604_structured_0000"", ""48201_structured_0000"", ""186561_structured_0002"", ""57673_structured_0000"", ""15419_structured_0002"", ""141733_structured_0000"", ""43393_structured_0003"", ""33383_structured_0002"", ""193311_structured_0001"", ""226167_structured_0001"", ""62100_structured_0001"", ""181316_structured_0000"", ""198036_structured_0000"", ""202548_structured_0002"", ""96523_structured_0000"", ""13978_structured_0001""]",13782.7825,1.0,1.0,1.0,1.0,1.0,1.0,1.0,1.0
56336_4,hybrid,"So với các công ty Big Tech khác, quy mô sa thải của Alphabet ở mức nào?",56336,"[""56336_structured_0000""]","[""56336_structured_0000"", ""61560_structured_0000"", ""61560_structured_0001"", ""196460_structured_0000"", ""61917_structured_0000"", ""63908_structured_0001"", ""57487_structured_0000"", ""196460_structured_0001"", ""63908_structured_0000"", ""215937_structured_0001"", ""184305_structured_0000"", ""111843_structured_0005"", ""94684_structured_0000"", ""188332_structured_0001"", ""55569_structured_0000"", ""195518_structured_0003"", ""196460_structured_0002"", ""31724_structured_0000"", ""184986_structured_0000"", ""188332_structured_0000"", ""165320_structured_0000"", ""186561_structured_0001"", ""108861_structured_0000"", ""188273_structured_0000"", ""108662_structured_0000"", ""21336_structured_0002"", ""184484_structured_0001"", ""701_structured_0000"", ""188332_structured_0002"", ""46726_structured_0001"", ""58821_structured_0000"", ""256210_structured_0000"", ""215937_structured_0000"", ""63719_structured_0000"", ""186561_structured_0000"", ""556_structured_0001"", ""32589_structured_0002"", ""62185_structured_0000"", ""199888_structured_0000"", ""206561_structured_0000"", ""19315_structured_0001"", ""42347_structured_0003"", ""110415_structured_0000"", ""199755_structured_0002"", ""56826_structured_0000"", ""184305_structured_0001"", ""7720_structured_0002"", ""119476_structured_0000"", ""61250_structured_0000"", ""105272_structured_0000""]",13821.8978,1.0,1.0,1.0,1.0,1.0,1.0,1.0,1.0
56336_5,bm25,Đúng hay sai: Nhân viên bị sa thải tại Alphabet không nhận được bất kỳ quyền lợi nào sau khi nghỉ việc?,56336,"[""56336_structured_0000""]","[""61560_structured_0001"", ""206561_structured_0000"", ""61560_structured_0000"", ""56336_structured_0000"", ""215937_structured_0001"", ""215937_structured_0000"", ""94662_structured_0001"", ""259534_structured_0003"", ""215131_structured_0000"", ""99718_structured_0002"", ""46726_structured_0001"", ""196460_structured_0000"", ""180947_structured_0000"", ""226567_structured_0000"", ""114043_structured_0002"", ""232586_structured_0000"", ""141388_structured_0002"", ""241885_structured_0000"", ""33383_structured_0001"", ""11988_structured_0001"", ""24913_structured_0001"", ""177010_structured_0002"", ""259534_structured_0004"", ""229075_structured_0002"", ""68519_structured_0001"", ""88194_structured_0002"", ""46867_structured_0000"", ""178842_structured_0000"", ""78292_structured_0000"", ""165320_structured_0000"", ""3684_structured_0002"", ""168648_structured_0000"", ""175333_structured_0000"", ""117234_structured_0001"", ""88621_structured_0001"", ""42347_structured_0004"", ""141383_structured_0002"", ""101603_structured_0000"", ""259534_structured_0002"", ""209746_structured_0003"", ""262435_structured_0000"", ""56444_structured_0000"", ""25992_structured_0000"", ""2283_structured_0002"", ""117263_structured_0001"", ""175333_structured_0001"", ""32095_structured_0002"", ""46726_structured_0003"", ""57487_structured_0000"", ""190582_structured_0000""]",219.1808,0.0,0.0,1.0,1.0,1.0,1.0,0.25,0.430676558073393
56336_5,dense,Đúng hay sai: Nhân viên bị sa thải tại Alphabet không nhận được bất kỳ quyền lợi nào sau khi nghỉ việc?,56336,"[""56336_structured_0000""]","[""56336_structured_0000"", ""61560_structured_0001"", ""61560_structured_0000"", ""215937_structured_0001"", ""94684_structured_0000"", ""206561_structured_0000"", ""46726_structured_0001"", ""215937_structured_0000"", ""35174_structured_0003"", ""259741_structured_0000"", ""46726_structured_0000"", ""141388_structured_0002"", ""55803_structured_0000"", ""141383_structured_0000"", ""46726_structured_0003"", ""19315_structured_0001"", ""196460_structured_0002"", ""196460_structured_0000"", ""259741_structured_0001"", ""141383_structured_0002"", ""57487_structured_0000"", ""141456_structured_0000"", ""26654_structured_0001"", ""188332_structured_0000"", ""259534_structured_0003"", ""43513_structured_0000"", ""16890_structured_0001"", ""42347_structured_0004"", ""56826_structured_0000"", ""188332_structured_0001"", ""43393_structured_0003"", ""46726_structured_0002"", ""186561_structured_0000"", ""243880_structured_0001"", ""43393_structured_0004"", ""99986_structured_0000"", ""140883_structured_0000"", ""263932_structured_0001"", ""62388_structured_0000"", ""55700_structured_0000"", ""53110_structured_0002"", ""55165_structured_0000"", ""141383_structured_0001"", ""243880_structured_0000"", ""19315_structured_0000"", ""188332_structured_0002"", ""141693_structured_0001"", ""141693_structured_0000"", ""186561_structured_0001"", ""159366_structured_0001""]",13515.2989,1.0,1.0,1.0,1.0,1.0,1.0,1.0,1.0
56336_5,hybrid,Đúng hay sai: Nhân viên bị sa thải tại Alphabet không nhận được bất kỳ quyền lợi nào sau khi nghỉ việc?,56336,"[""56336_structured_0000""]","[""61560_structured_0001"", ""56336_structured_0000"", ""61560_structured_0000"", ""206561_structured_0000"", ""215937_structured_0001"", ""215937_structured_0000"", ""46726_structured_0001"", ""141388_structured_0002"", ""196460_structured_0000"", ""259534_structured_0003"", ""141383_structured_0002"", ""46726_structured_0003"", ""42347_structured_0004"", ""57487_structured_0000"", ""94684_structured_0000"", ""94662_structured_0001"", ""215131_structured_0000"", ""35174_structured_0003"", ""259741_structured_0000"", ""99718_structured_0002"", ""46726_structured_0000"", ""180947_structured_0000"", ""55803_structured_0000"", ""141383_structured_0000"", ""226567_structured_0000"", ""114043_structured_0002"", ""19315_structured_0001"", ""232586_structured_0000"", ""196460_structured_0002"", ""241885_structured_0000"", ""259741_structured_0001"", ""33383_structured_0001"", ""11988_structured_0001"", ""24913_structured_0001"", ""141456_structured_0000"", ""177010_structured_0002"", ""259534_structured_0004"", ""26654_structured_0001"", ""188332_structured_0000"", ""229075_structured_0002"", ""68519_structured_0001"", ""43513_structured_0000"", ""88194_structured_0002"", ""16890_structured_0001"", ""46867_structured_0000"", ""178842_structured_0000"", ""56826_structured_0000"", ""78292_structured_0000"", ""165320_structured_0000"", ""188332_structured_0001""]",13686.3974,0.0,0.0,1.0,1.0,1.0,1.0,0.5,0.6309297535714575
5446_1,bm25,Ông Nguyễn Trung Chính đã có cuộc gặp với lãnh đạo của tập đoàn nào để thảo luận về hợp tác chiến lược trong lĩnh vực AI và bán dẫn?,5446,"[""5446_structured_0001""]","[""5446_structured_0001"", ""57017_structured_0000"", ""59379_structured_0000"", ""60787_structured_0000"", ""65400_structured_0001"", ""32803_structured_0001"", ""60787_structured_0001"", ""65134_structured_0000"", ""197588_structured_0001"", ""181995_structured_0000"", ""196229_structured_0001"", ""55771_structured_0000"", ""122604_structured_0002"", ""119753_structured_0001"", ""196420_structured_0000"", ""108652_structured_0001"", ""61321_structured_0001"", ""122059_structured_0000"", ""181995_structured_0001"", ""5446_structured_0002"", ""190593_structured_0001"", ""104975_structured_0003"", ""132078_structured_0000"", ""108652_structured_0002"", ""173021_structured_0001"", ""121390_structured_0002"", ""108652_structured_0000"", ""86969_structured_0001"", ""122231_structured_0004"", ""134646_structured_0000"", ""162259_structured_0001"", ""214167_structured_0000"", ""202905_structured_0001"", ""198519_structured_0001"", ""32796_structured_0000"", ""5446_structured_0000"", ""109037_structured_0004"", ""173021_structured_0002"", ""75217_structured_0003"", ""122920_structured_0002"", ""32112_structured_0000"", ""195991_structured_0002"", ""195991_structured_0000"", ""184172_structured_0001"", ""32803_structured_0002"", ""195469_structured_0000"", ""119906_structured_0000"", ""108652_structured_0003"", ""173021_structured_0000"", ""182850_structured_0000""]",277.1651,1.0,1.0,1.0,1.0,1.0,1.0,1.0,1.0
5446_1,dense,Ông Nguyễn Trung Chính đã có cuộc gặp với lãnh đạo của tập đoàn nào để thảo luận về hợp tác chiến lược trong lĩnh vực AI và bán dẫn?,5446,"[""5446_structured_0001""]","[""181995_structured_0001"", ""181995_structured_0000"", ""184928_structured_0000"", ""184928_structured_0001"", ""181995_structured_0002"", ""5446_structured_0001"", ""56335_structured_0000"", ""183947_structured_0001"", ""19991_structured_0000"", ""184920_structured_0000"", ""22925_structured_0002"", ""45400_structured_0002"", ""22730_structured_0000"", ""60067_structured_0000"", ""184920_structured_0001"", ""59379_structured_0000"", ""199229_structured_0000"", ""22925_structured_0000"", ""195991_structured_0000"", ""56335_structured_0001"", ""132078_structured_0000"", ""184986_structured_0001"", ""198887_structured_0000"", ""195991_structured_0001"", ""21813_structured_0001"", ""186726_structured_0000"", ""65319_structured_0001"", ""202161_structured_0000"", ""119753_structured_0001"", ""58498_structured_0000"", ""65431_structured_0000"", ""196460_structured_0001"", ""22730_structured_0001"", ""197588_structured_0001"", ""65431_structured_0001"", ""185545_structured_0003"", ""21813_structured_0000"", ""119906_structured_0002"", ""23656_structured_0001"", ""183947_structured_0002"", ""60787_structured_0001"", ""60067_structured_0001"", ""181956_structured_0001"", ""196499_structured_0000"", ""188267_structured_0000"", ""119753_structured_0002"", ""60787_structured_0000"", ""196460_structured_0000"", ""132078_structured_0001"", ""200376_structured_0000""]",13166.954,0.0,0.0,0.0,0.0,1.0,1.0,0.1666666666666666,0.3562071871080222
5446_1,hybrid,Ông Nguyễn Trung Chính đã có cuộc gặp với lãnh đạo của tập đoàn nào để thảo luận về hợp tác chiến lược trong lĩnh vực AI và bán dẫn?,5446,"[""5446_structured_0001""]","[""5446_structured_0001"", ""181995_structured_0000"", ""181995_structured_0001"", ""59379_structured_0000"", ""197588_structured_0001"", ""60787_structured_0000"", ""60787_structured_0001"", ""119753_structured_0001"", ""132078_structured_0000"", ""195991_structured_0000"", ""57017_structured_0000"", ""184928_structured_0000"", ""184928_structured_0001"", ""181995_structured_0002"", ""65400_structured_0001"", ""32803_structured_0001"", ""56335_structured_0000"", ""183947_structured_0001"", ""65134_structured_0000"", ""19991_structured_0000"", ""184920_structured_0000"", ""196229_structured_0001"", ""22925_structured_0002"", ""45400_structured_0002"", ""55771_structured_0000"", ""122604_structured_0002"", ""22730_structured_0000"", ""60067_structured_0000"", ""184920_structured_0001"", ""196420_structured_0000"", ""108652_structured_0001"", ""199229_structured_0000"", ""61321_structured_0001"", ""122059_structured_0000"", ""22925_structured_0000"", ""5446_structured_0002"", ""56335_structured_0001"", ""190593_structured_0001"", ""104975_structured_0003"", ""184986_structured_0001"", ""198887_structured_0000"", ""108652_structured_0002"", ""195991_structured_0001"", ""173021_structured_0001"", ""21813_structured_0001"", ""121390_structured_0002"", ""186726_structured_0000"", ""108652_structured_0000"", ""65319_structured_0001"", ""202161_structured_0000""]",13199.8255,1.0,1.0,1.0,1.0,1.0,1.0,1.0,1.0
5446_2,bm25,Khoa Vi Điện tử và Viễn Thông mới thành lập của Trường Đại học CMC tập trung vào những định hướng đào tạo nào?,5446,"[""5446_structured_0000""]","[""5446_structured_0000"", ""5446_structured_0002"", ""57017_structured_0000"", ""5446_structured_0001"", ""57017_structured_0001"", ""3359_structured_0001"", ""3359_structured_0000"", ""174006_structured_0000"", ""176852_structured_0000"", ""174006_structured_0001"", ""176852_structured_0001"", ""176852_structured_0002"", ""100056_structured_0001"", ""184793_structured_0001"", ""3359_structured_0002"", ""65431_structured_0001"", ""184793_structured_0000"", ""185156_structured_0002"", ""180525_structured_0000"", ""103052_structured_0000"", ""180510_structured_0004"", ""115717_structured_0000"", ""5771_structured_0000"", ""2318_structured_0000"", ""172308_structured_0001"", ""5535_structured_0000"", ""95654_structured_0000"", ""180909_structured_0000"", ""180727_structured_0001"", ""94729_structured_0002"", ""3410_structured_0000"", ""103521_structured_0000"", ""172308_structured_0003"", ""3226_structured_0001"", ""2283_structured_0002"", ""179621_structured_0002"", ""97380_structured_0001"", ""177369_structured_0001"", ""175848_structured_0000"", ""180510_structured_0005"", ""172308_structured_0002"", ""102742_structured_0004"", ""115717_structured_0001"", ""134183_structured_0000"", ""173789_structured_0000"", ""181688_structured_0002"", ""96667_structured_0001"", ""99496_structured_0000"", ""4561_structured_0001"", ""185226_structured_0002""]",224.7852,1.0,1.0,1.0,1.0,1.0,1.0,1.0,1.0
5446_2,dense,Khoa Vi Điện tử và Viễn Thông mới thành lập của Trường Đại học CMC tập trung vào những định hướng đào tạo nào?,5446,"[""5446_structured_0000""]","[""5446_structured_0002"", ""57017_structured_0001"", ""5446_structured_0000"", ""5446_structured_0001"", ""57017_structured_0000"", ""3359_structured_0001"", ""103130_structured_0001"", ""103130_structured_0000"", ""3359_structured_0000"", ""103130_structured_0002"", ""184793_structured_0000"", ""3359_structured_0002"", ""65431_structured_0001"", ""180714_structured_0000"", ""95809_structured_0002"", ""102742_structured_0001"", ""95809_structured_0001"", ""183441_structured_0003"", ""95809_structured_0000"", ""109030_structured_0001"", ""181688_structured_0000"", ""173895_structured_0000"", ""183441_structured_0002"", ""102742_structured_0000"", ""198519_structured_0001"", ""94973_structured_0005"", ""4776_structured_0000"", ""185461_structured_0002"", ""180714_structured_0001"", ""183441_structured_0000"", ""174006_structured_0001"", ""17668_structured_0002"", ""184986_structured_0000"", ""185156_structured_0002"", ""94684_structured_0003"", ""132078_structured_0002"", ""185461_structured_0000"", ""64976_structured_0000"", ""17668_structured_0000"", ""102299_structured_0001"", ""184793_structured_0001"", ""185199_structured_0000"", ""95490_structured_0000"", ""2818_structured_0000"", ""102742_structured_0002"", ""109030_structured_0000"", ""184599_structured_0000"", ""198519_structured_0002"", ""103521_structured_0000"", ""94819_structured_0001""]",12991.0803,0.0,0.0,1.0,1.0,1.0,1.0,0.3333333333333333,0.5
5446_2,hybrid,Khoa Vi Điện tử và Viễn Thông mới thành lập của Trường Đại học CMC tập trung vào những định hướng đào tạo nào?,5446,"[""5446_structured_0000""]","[""5446_structured_0002"", ""5446_structured_0000"", ""57017_structured_0001"", ""57017_structured_0000"", ""5446_structured_0001"", ""3359_structured_0001"", ""3359_structured_0000"", ""3359_structured_0002"", ""184793_structured_0000"", ""65431_structured_0001"", ""174006_structured_0001"", ""185156_structured_0002"", ""184793_structured_0001"", ""103521_structured_0000"", ""103130_structured_0001"", ""103130_structured_0000"", ""174006_structured_0000"", ""176852_structured_0000"", ""103130_structured_0002"", ""176852_structured_0001"", ""176852_structured_0002"", ""100056_structured_0001"", ""180714_structured_0000"", ""95809_structured_0002"", ""102742_structured_0001"", ""95809_structured_0001"", ""183441_structured_0003"", ""180525_structured_0000"", ""95809_structured_0000"", ""103052_structured_0000"", ""109030_structured_0001"", ""180510_structured_0004"", ""181688_structured_0000"", ""115717_structured_0000"", ""173895_structured_0000"", ""183441_structured_0002"", ""5771_structured_0000"", ""102742_structured_0000"", ""2318_structured_0000"", ""172308_structured_0001"", ""198519_structured_0001"", ""5535_structured_0000"", ""94973_structured_0005"", ""4776_structured_0000"", ""95654_structured_0000"", ""180909_structured_0000"", ""185461_structured_0002"", ""180714_structured_0001"", ""180727_structured_0001"", ""183441_structured_0000""]",13373.1331,0.0,0.0,1.0,1.0,1.0,1.0,0.5,0.6309297535714575
5446_3,bm25,Tập đoàn Synopsys đóng vai trò gì trong chương trình đào tạo của Trường Đại học CMC?,5446,"[""5446_structured_0001""]","[""5446_structured_0001"", ""5446_structured_0000"", ""5446_structured_0002"", ""3359_structured_0001"", ""57017_structured_0000"", ""65431_structured_0001"", ""57017_structured_0001"", ""3359_structured_0002"", ""198519_structured_0001"", ""174006_structured_0001"", ""3359_structured_0000"", ""180510_structured_0004"", ""94728_structured_0000"", ""6288_structured_0001"", ""184986_structured_0001"", ""180510_structured_0005"", ""95667_structured_0001"", ""95667_structured_0000"", ""2318_structured_0000"", ""65431_structured_0000"", ""184986_structured_0002"", ""100056_structured_0002"", ""3940_structured_0000"", ""184793_structured_0001"", ""208199_structured_0000"", ""6223_structured_0001"", ""2283_structured_0001"", ""5771_structured_0000"", ""5075_structured_0000"", ""198519_structured_0000"", ""175182_structured_0002"", ""100056_structured_0001"", ""4169_structured_0000"", ""98645_structured_0000"", ""64976_structured_0001"", ""172308_structured_0003"", ""3226_structured_0001"", ""5075_structured_0001"", ""5742_structured_0002"", ""65310_structured_0000"", ""178498_structured_0000"", ""97616_structured_0001"", ""94819_structured_0002"", ""64976_structured_0000"", ""4489_structured_0001"", ""100056_structured_0000"", ""177369_structured_0000"", ""184793_structured_0000"", ""94743_structured_0000"", ""5771_structured_0001""]",193.1595,1.0,1.0,1.0,1.0,1.0,1.0,1.0,1.0
5446_3,dense,Tập đoàn Synopsys đóng vai trò gì trong chương trình đào tạo của Trường Đại học CMC?,5446,"[""5446_structured_0001""]","[""5446_structured_0001"", ""5446_structured_0000"", ""3359_structured_0001"", ""57017_structured_0001"", ""57017_structured_0000"", ""65431_structured_0001"", ""3359_structured_0002"", ""198519_structured_0001"", ""5446_structured_0002"", ""198519_structured_0000"", ""3359_structured_0000"", ""65431_structured_0000"", ""184986_structured_0001"", ""198519_structured_0002"", ""185461_structured_0002"", ""185156_structured_0002"", ""17668_structured_0002"", ""185461_structured_0000"", ""181688_structured_0001"", ""185226_structured_0002"", ""185461_structured_0001"", ""17668_structured_0000"", ""184986_structured_0000"", ""20747_structured_0000"", ""95490_structured_0001"", ""173895_structured_0000"", ""99725_structured_0000"", ""19982_structured_0000"", ""188267_structured_0000"", ""64976_structured_0001"", ""185226_structured_0001"", ""5771_structured_0000"", ""6288_structured_0001"", ""184986_structured_0002"", ""5014_structured_0000"", ""19982_structured_0001"", ""94819_structured_0002"", ""94772_structured_0000"", ""35146_structured_0001"", ""95667_structured_0001"", ""185156_structured_0001"", ""5014_structured_0001"", ""202407_structured_0002"", ""20747_structured_0002"", ""20747_structured_0001"", ""17668_structured_0001"", ""94819_structured_0001"", ""202899_structured_0000"", ""109030_structured_0001"", ""99496_structured_0001""]",13223.4968,1.0,1.0,1.0,1.0,1.0,1.0,1.0,1.0
5446_3,hybrid,Tập đoàn Synopsys đóng vai trò gì trong chương trình đào tạo của Trường Đại học CMC?,5446,"[""5446_structured_0001""]","[""5446_structured_0001"", ""5446_structured_0000"", ""3359_structured_0001"", ""57017_structured_0000"", ""57017_structured_0001"", ""5446_structured_0002"", ""65431_structured_0001"", ""3359_structured_0002"", ""198519_structured_0001"", ""3359_structured_0000"", ""184986_structured_0001"", ""65431_structured_0000"", ""198519_structured_0000"", ""6288_structured_0001"", ""95667_structured_0001"", ""184986_structured_0002"", ""5771_structured_0000"", ""64976_structured_0001"", ""94819_structured_0002"", ""174006_structured_0001"", ""180510_structured_0004"", ""94728_structured_0000"", ""198519_structured_0002"", ""185461_structured_0002"", ""180510_structured_0005"", ""185156_structured_0002"", ""17668_structured_0002"", ""185461_structured_0000"", ""95667_structured_0000"", ""181688_structured_0001"", ""2318_structured_0000"", ""185226_structured_0002"", ""185461_structured_0001"", ""100056_structured_0002"", ""17668_structured_0000"", ""184986_structured_0000"", ""3940_structured_0000"", ""184793_structured_0001"", ""20747_structured_0000"", ""208199_structured_0000"", ""95490_structured_0001"", ""173895_structured_0000"", ""6223_structured_0001"", ""2283_structured_0001"", ""99725_structured_0000"", ""19982_structured_0000"", ""188267_structured_0000"", ""5075_structured_0000"", ""175182_structured_0002"", ""185226_structured_0001""]",13192.7382,1.0,1.0,1.0,1.0,1.0,1.0,1.0,1.0
5446_4,bm25,Việc Trường Đại học CMC chọn thiết kế vi mạch làm định hướng đào tạo chính nhằm mục đích gì?,5446,"[""5446_structured_0000""]","[""5446_structured_0000"", ""57017_structured_0001"", ""57017_structured_0000"", ""5446_structured_0001"", ""5446_structured_0002"", ""65431_structured_0001"", ""102299_structured_0001"", ""3359_structured_0000"", ""2283_structured_0000"", ""3359_structured_0001"", ""3359_structured_0002"", ""97563_structured_0000"", ""178001_structured_0001"", ""97563_structured_0001"", ""2283_structured_0001"", ""94684_structured_0002"", ""2283_structured_0004"", ""180510_structured_0004"", ""180525_structured_0001"", ""102299_structured_0002"", ""95433_structured_0001"", ""179963_structured_0001"", ""97857_structured_0001"", ""184793_structured_0000"", ""3226_structured_0001"", ""2318_structured_0000"", ""103130_structured_0000"", ""175182_structured_0000"", ""94729_structured_0002"", ""102600_structured_0000"", ""103130_structured_0001"", ""2283_structured_0003"", ""184793_structured_0001"", ""180510_structured_0005"", ""2283_structured_0002"", ""177328_structured_0000"", ""180525_structured_0000"", ""4938_structured_0001"", ""4950_structured_0002"", ""94684_structured_0001"", ""185156_structured_0002"", ""177709_structured_0000"", ""95885_structured_0001"", ""180909_structured_0000"", ""97563_structured_0002"", ""4776_structured_0000"", ""6074_structured_0001"", ""6096_structured_0003"", ""94973_structured_0002"", ""175182_structured_0001""]",227.678,1.0,1.0,1.0,1.0,1.0,1.0,1.0,1.0
5446_4,dense,Việc Trường Đại học CMC chọn thiết kế vi mạch làm định hướng đào tạo chính nhằm mục đích gì?,5446,"[""5446_structured_0000""]","[""57017_structured_0001"", ""5446_structured_0002"", ""5446_structured_0000"", ""57017_structured_0000"", ""5446_structured_0001"", ""3359_structured_0001"", ""3359_structured_0000"", ""103130_structured_0001"", ""103130_structured_0000"", ""3359_structured_0002"", ""65431_structured_0001"", ""198519_structured_0001"", ""103130_structured_0002"", ""132078_structured_0002"", ""184793_structured_0001"", ""185461_structured_0001"", ""185461_structured_0002"", ""198519_structured_0000"", ""65431_structured_0000"", ""184793_structured_0000"", ""173895_structured_0000"", ""184986_structured_0000"", ""102299_structured_0001"", ""95667_structured_0000"", ""17668_structured_0000"", ""185156_structured_0002"", ""181688_structured_0000"", ""65400_structured_0001"", ""198519_structured_0002"", ""17668_structured_0002"", ""99496_structured_0001"", ""102742_structured_0001"", ""99496_structured_0000"", ""4946_structured_0000"", ""95490_structured_0000"", ""5014_structured_0001"", ""184986_structured_0001"", ""94973_structured_0005"", ""109030_structured_0001"", ""94973_structured_0003"", ""99496_structured_0002"", ""94973_structured_0001"", ""58169_structured_0001"", ""95666_structured_0000"", ""4776_structured_0000"", ""103139_structured_0003"", ""95202_structured_0002"", ""3285_structured_0002"", ""174001_structured_0001"", ""5014_structured_0000""]",13621.8873,0.0,0.0,1.0,1.0,1.0,1.0,0.3333333333333333,0.5
5446_4,hybrid,Việc Trường Đại học CMC chọn thiết kế vi mạch làm định hướng đào tạo chính nhằm mục đích gì?,5446,"[""5446_structured_0000""]","[""57017_structured_0001"", ""5446_structured_0000"", ""5446_structured_0002"", ""57017_structured_0000"", ""5446_structured_0001"", ""3359_structured_0000"", ""3359_structured_0001"", ""65431_structured_0001"", ""3359_structured_0002"", ""102299_structured_0001"", ""103130_structured_0000"", ""103130_structured_0001"", ""184793_structured_0000"", ""184793_structured_0001"", ""185156_structured_0002"", ""4776_structured_0000"", ""2283_structured_0000"", ""198519_structured_0001"", ""97563_structured_0000"", ""103130_structured_0002"", ""178001_structured_0001"", ""132078_structured_0002"", ""97563_structured_0001"", ""2283_structured_0001"", ""185461_structured_0001"", ""94684_structured_0002"", ""185461_structured_0002"", ""2283_structured_0004"", ""180510_structured_0004"", ""198519_structured_0000"", ""180525_structured_0001"", ""65431_structured_0000"", ""102299_structured_0002"", ""173895_structured_0000"", ""95433_structured_0001"", ""179963_structured_0001"", ""184986_structured_0000"", ""97857_structured_0001"", ""95667_structured_0000"", ""17668_structured_0000"", ""3226_structured_0001"", ""2318_structured_0000"", ""181688_structured_0000"", ""175182_structured_0000"", ""65400_structured_0001"", ""198519_structured_0002"", ""94729_structured_0002"", ""102600_structured_0000"", ""17668_structured_0002"", ""99496_structured_0001""]",13938.9448,0.0,0.0,1.0,1.0,1.0,1.0,0.5,0.6309297535714575
16546_1,bm25,"Ai là người đại diện pháp lý cho Baekhyun, Xiumin và Chen trong vụ tranh chấp hợp đồng với SM Entertainment?",16546,"[""16546_structured_0000""]","[""14000_structured_0000"", ""16546_structured_0000"", ""14000_structured_0002"", ""14000_structured_0001"", ""16546_structured_0001"", ""146698_structured_0001"", ""204015_structured_0000"", ""204788_structured_0000"", ""146698_structured_0000"", ""259633_structured_0000"", ""44489_structured_0001"", ""146698_structured_0002"", ""168290_structured_0000"", ""343_structured_0000"", ""117845_structured_0000"", ""132451_structured_0002"", ""26951_structured_0000"", ""204766_structured_0000"", ""86711_structured_0002"", ""55640_structured_0000"", ""6808_structured_0000"", ""131921_structured_0001"", ""122643_structured_0000"", ""16120_structured_0001"", ""88886_structured_0000"", ""186561_structured_0001"", ""70708_structured_0001"", ""7720_structured_0001"", ""6808_structured_0001"", ""91754_structured_0000"", ""26373_structured_0001"", ""26621_structured_0001"", ""15130_structured_0003"", ""125728_structured_0003"", ""125728_structured_0002"", ""216202_structured_0001"", ""90077_structured_0000"", ""7720_structured_0000"", ""225970_structured_0000"", ""226955_structured_0001"", ""14641_structured_0002"", ""152492_structured_0000"", ""167211_structured_0000"", ""204788_structured_0001"", ""173652_structured_0000"", ""240214_structured_0000"", ""15317_structured_0002"", ""58374_structured_0000"", ""88886_structured_0001"", ""24625_structured_0001""]",234.1853,0.0,0.0,1.0,1.0,1.0,1.0,0.5,0.6309297535714575
16546_1,dense,"Ai là người đại diện pháp lý cho Baekhyun, Xiumin và Chen trong vụ tranh chấp hợp đồng với SM Entertainment?",16546,"[""16546_structured_0000""]","[""16546_structured_0000"", ""14000_structured_0000"", ""14000_structured_0001"", ""14000_structured_0002"", ""16546_structured_0001"", ""14929_structured_0000"", ""14929_structured_0001"", ""14523_structured_0000"", ""15209_structured_0000"", ""14135_structured_0001"", ""14930_structured_0000"", ""16213_structured_0000"", ""165645_structured_0000"", ""14135_structured_0000"", ""6806_structured_0000"", ""203913_structured_0000"", ""86966_structured_0001"", ""15300_structured_0000"", ""93652_structured_0000"", ""88073_structured_0000"", ""15806_structured_0003"", ""91166_structured_0000"", ""194351_structured_0001"", ""14930_structured_0001"", ""15209_structured_0001"", ""170316_structured_0002"", ""14930_structured_0002"", ""15317_structured_0001"", ""15317_structured_0002"", ""94662_structured_0002"", ""167211_structured_0000"", ""6806_structured_0001"", ""14867_structured_0002"", ""204230_structured_0001"", ""125728_structured_0001"", ""15956_structured_0001"", ""216156_structured_0000"", ""6600_structured_0001"", ""245226_structured_0000"", ""204819_structured_0000"", ""15130_structured_0003"", ""14633_structured_0002"", ""15419_structured_0002"", ""203898_structured_0000"", ""88194_structured_0000"", ""86521_structured_0001"", ""92593_structured_0003"", ""88073_structured_0002"", ""6804_structured_0000"", ""204697_structured_0000""]",13507.1396,1.0,1.0,1.0,1.0,1.0,1.0,1.0,1.0
16546_1,hybrid,"Ai là người đại diện pháp lý cho Baekhyun, Xiumin và Chen trong vụ tranh chấp hợp đồng với SM Entertainment?",16546,"[""16546_structured_0000""]","[""14000_structured_0000"", ""16546_structured_0000"", ""14000_structured_0001"", ""14000_structured_0002"", ""16546_structured_0001"", ""167211_structured_0000"", ""15130_structured_0003"", ""15317_structured_0002"", ""146698_structured_0001"", ""14929_structured_0000"", ""14929_structured_0001"", ""204015_structured_0000"", ""14523_structured_0000"", ""204788_structured_0000"", ""146698_structured_0000"", ""15209_structured_0000"", ""14135_structured_0001"", ""259633_structured_0000"", ""14930_structured_0000"", ""44489_structured_0001"", ""146698_structured_0002"", ""16213_structured_0000"", ""165645_structured_0000"", ""168290_structured_0000"", ""14135_structured_0000"", ""343_structured_0000"", ""117845_structured_0000"", ""6806_structured_0000"", ""132451_structured_0002"", ""203913_structured_0000"", ""26951_structured_0000"", ""86966_structured_0001"", ""15300_structured_0000"", ""204766_structured_0000"", ""86711_structured_0002"", ""93652_structured_0000"", ""55640_structured_0000"", ""88073_structured_0000"", ""15806_structured_0003"", ""6808_structured_0000"", ""131921_structured_0001"", ""91166_structured_0000"", ""122643_structured_0000"", ""194351_structured_0001"", ""14930_structured_0001"", ""16120_structured_0001"", ""15209_structured_0001"", ""88886_structured_0000"", ""170316_structured_0002"", ""186561_structured_0001""]",13754.7059,0.0,0.0,1.0,1.0,1.0,1.0,0.5,0.6309297535714575
16546_2,bm25,Vụ tranh chấp giữa ba thành viên EXO và SM Entertainment diễn ra như thế nào?,16546,"[""16546_structured_0000""]","[""14000_structured_0002"", ""14000_structured_0001"", ""14000_structured_0000"", ""16546_structured_0000"", ""16546_structured_0001"", ""91754_structured_0000"", ""44489_structured_0001"", ""93902_structured_0001"", ""16602_structured_0000"", ""27302_structured_0003"", ""6808_structured_0000"", ""6808_structured_0001"", ""216161_structured_0000"", ""15018_structured_0002"", ""90077_structured_0000"", ""7720_structured_0000"", ""14641_structured_0002"", ""91166_structured_0000"", ""263177_structured_0002"", ""93902_structured_0000"", ""15806_structured_0002"", ""87091_structured_0000"", ""214157_structured_0001"", ""204788_structured_0000"", ""177010_structured_0002"", ""16120_structured_0001"", ""131634_structured_0000"", ""15201_structured_0002"", ""14069_structured_0000"", ""256122_structured_0000"", ""42890_structured_0001"", ""8493_structured_0000"", ""15018_structured_0000"", ""7720_structured_0001"", ""15806_structured_0003"", ""14423_structured_0001"", ""12543_structured_0001"", ""92593_structured_0002"", ""121437_structured_0002"", ""14683_structured_0001"", ""26951_structured_0000"", ""16602_structured_0001"", ""343_structured_0003"", ""62799_structured_0000"", ""118228_structured_0000"", ""15130_structured_0003"", ""85084_structured_0000"", ""122300_structured_0000"", ""263176_structured_0002"", ""125807_structured_0001""]",187.1695,0.0,0.0,1.0,1.0,1.0,1.0,0.25,0.430676558073393
16546_2,dense,Vụ tranh chấp giữa ba thành viên EXO và SM Entertainment diễn ra như thế nào?,16546,"[""16546_structured_0000""]","[""16546_structured_0000"", ""14000_structured_0000"", ""14000_structured_0001"", ""14000_structured_0002"", ""16546_structured_0001"", ""14135_structured_0001"", ""14523_structured_0000"", ""91166_structured_0000"", ""14135_structured_0000"", ""14930_structured_0000"", ""165645_structured_0000"", ""86966_structured_0001"", ""88073_structured_0000"", ""15419_structured_0002"", ""14930_structured_0002"", ""16628_structured_0001"", ""14930_structured_0001"", ""92593_structured_0001"", ""15806_structured_0003"", ""15317_structured_0002"", ""170316_structured_0002"", ""55803_structured_0000"", ""93652_structured_0000"", ""15317_structured_0001"", ""15130_structured_0003"", ""6806_structured_0000"", ""88073_structured_0001"", ""87972_structured_0000"", ""88621_structured_0001"", ""87972_structured_0001"", ""92593_structured_0003"", ""88194_structured_0000"", ""203898_structured_0000"", ""86925_structured_0002"", ""245226_structured_0000"", ""15419_structured_0001"", ""16628_structured_0000"", ""88073_structured_0002"", ""92593_structured_0000"", ""197709_structured_0001"", ""93993_structured_0000"", ""14571_structured_0001"", ""92593_structured_0002"", ""86711_structured_0001"", ""204230_structured_0001"", ""15300_structured_0000"", ""16659_structured_0002"", ""204819_structured_0000"", ""215329_structured_0000"", ""86521_structured_0001""]",13400.1827,1.0,1.0,1.0,1.0,1.0,1.0,1.0,1.0
16546_2,hybrid,Vụ tranh chấp giữa ba thành viên EXO và SM Entertainment diễn ra như thế nào?,16546,"[""16546_structured_0000""]","[""14000_structured_0002"", ""16546_structured_0000"", ""14000_structured_0000"", ""14000_structured_0001"", ""16546_structured_0001"", ""91166_structured_0000"", ""15806_structured_0003"", ""15130_structured_0003"", ""92593_structured_0002"", ""14135_structured_0001"", ""91754_structured_0000"", ""14523_structured_0000"", ""44489_structured_0001"", ""93902_structured_0001"", ""14135_structured_0000"", ""16602_structured_0000"", ""14930_structured_0000"", ""27302_structured_0003"", ""165645_structured_0000"", ""6808_structured_0000"", ""6808_structured_0001"", ""86966_structured_0001"", ""216161_structured_0000"", ""88073_structured_0000"", ""15018_structured_0002"", ""15419_structured_0002"", ""14930_structured_0002"", ""90077_structured_0000"", ""16628_structured_0001"", ""7720_structured_0000"", ""14641_structured_0002"", ""14930_structured_0001"", ""92593_structured_0001"", ""263177_structured_0002"", ""15317_structured_0002"", ""93902_structured_0000"", ""15806_structured_0002"", ""170316_structured_0002"", ""55803_structured_0000"", ""87091_structured_0000"", ""214157_structured_0001"", ""93652_structured_0000"", ""15317_structured_0001"", ""204788_structured_0000"", ""177010_structured_0002"", ""16120_structured_0001"", ""6806_structured_0000"", ""131634_structured_0000"", ""88073_structured_0001"", ""15201_structured_0002""]",13697.0466,0.0,0.0,1.0,1.0,1.0,1.0,0.5,0.6309297535714575
16546_3,bm25,"Điều gì khiến Baekhyun, Xiumin và Chen quyết định theo đuổi hành động pháp lý chống lại SM Entertainment?",16546,"[""16546_structured_0000""]","[""14000_structured_0002"", ""16546_structured_0000"", ""14000_structured_0000"", ""14000_structured_0001"", ""16546_structured_0001"", ""86925_structured_0002"", ""16213_structured_0000"", ""87091_structured_0000"", ""32095_structured_0002"", ""80988_structured_0000"", ""93902_structured_0001"", ""125036_structured_0001"", ""53110_structured_0003"", ""168290_structured_0000"", ""194169_structured_0001"", ""16602_structured_0001"", ""53110_structured_0002"", ""125036_structured_0000"", ""14423_structured_0001"", ""75299_structured_0001"", ""91754_structured_0000"", ""15419_structured_0002"", ""52942_structured_0000"", ""177146_structured_0000"", ""185640_structured_0001"", ""24186_structured_0003"", ""24186_structured_0001"", ""188612_structured_0002"", ""14641_structured_0002"", ""216202_structured_0000"", ""176549_structured_0001"", ""119868_structured_0000"", ""88073_structured_0002"", ""32082_structured_0002"", ""214797_structured_0000"", ""122339_structured_0000"", ""176162_structured_0000"", ""32498_structured_0002"", ""185931_structured_0001"", ""90077_structured_0000"", ""194169_structured_0000"", ""32733_structured_0000"", ""86519_structured_0001"", ""161559_structured_0002"", ""24186_structured_0000"", ""121232_structured_0000"", ""159836_structured_0000"", ""69987_structured_0000"", ""9006_structured_0000"", ""161559_structured_0001""]",228.0136,0.0,0.0,1.0,1.0,1.0,1.0,0.5,0.6309297535714575
16546_3,dense,"Điều gì khiến Baekhyun, Xiumin và Chen quyết định theo đuổi hành động pháp lý chống lại SM Entertainment?",16546,"[""16546_structured_0000""]","[""16546_structured_0000"", ""14000_structured_0000"", ""14000_structured_0001"", ""14000_structured_0002"", ""16546_structured_0001"", ""15419_structured_0002"", ""14523_structured_0000"", ""15806_structured_0003"", ""86966_structured_0001"", ""15419_structured_0001"", ""16213_structured_0000"", ""14135_structured_0001"", ""15300_structured_0000"", ""15317_structured_0001"", ""15209_structured_0000"", ""14135_structured_0000"", ""14867_structured_0002"", ""92593_structured_0003"", ""14930_structured_0000"", ""91754_structured_0000"", ""86521_structured_0001"", ""91712_structured_0001"", ""88073_structured_0000"", ""6804_structured_0000"", ""16628_structured_0001"", ""15130_structured_0003"", ""94662_structured_0001"", ""14867_structured_0001"", ""92593_structured_0001"", ""15445_structured_0003"", ""92593_structured_0002"", ""16628_structured_0000"", ""15317_structured_0000"", ""165645_structured_0000"", ""6709_structured_0001"", ""6798_structured_0000"", ""14069_structured_0000"", ""15956_structured_0001"", ""165933_structured_0000"", ""7194_structured_0001"", ""15018_structured_0002"", ""91166_structured_0000"", ""15317_structured_0002"", ""15987_structured_0002"", ""88621_structured_0001"", ""170784_structured_0001"", ""86711_structured_0001"", ""14930_structured_0002"", ""88073_structured_0002"", ""14930_structured_0001""]",13169.102,1.0,1.0,1.0,1.0,1.0,1.0,1.0,1.0
16546_3,hybrid,"Điều gì khiến Baekhyun, Xiumin và Chen quyết định theo đuổi hành động pháp lý chống lại SM Entertainment?",16546,"[""16546_structured_0000""]","[""16546_structured_0000"", ""14000_structured_0002"", ""14000_structured_0000"", ""14000_structured_0001"", ""16546_structured_0001"", ""16213_structured_0000"", ""15419_structured_0002"", ""91754_structured_0000"", ""88073_structured_0002"", ""86925_structured_0002"", ""14523_structured_0000"", ""15806_structured_0003"", ""87091_structured_0000"", ""32095_structured_0002"", ""86966_structured_0001"", ""15419_structured_0001"", ""80988_structured_0000"", ""93902_structured_0001"", ""125036_structured_0001"", ""14135_structured_0001"", ""15300_structured_0000"", ""53110_structured_0003"", ""15317_structured_0001"", ""168290_structured_0000"", ""15209_structured_0000"", ""194169_structured_0001"", ""14135_structured_0000"", ""16602_structured_0001"", ""14867_structured_0002"", ""53110_structured_0002"", ""125036_structured_0000"", ""92593_structured_0003"", ""14423_structured_0001"", ""14930_structured_0000"", ""75299_structured_0001"", ""86521_structured_0001"", ""91712_structured_0001"", ""52942_structured_0000"", ""88073_structured_0000"", ""177146_structured_0000"", ""6804_structured_0000"", ""16628_structured_0001"", ""185640_structured_0001"", ""15130_structured_0003"", ""24186_structured_0003"", ""24186_structured_0001"", ""94662_structured_0001"", ""14867_structured_0001"", ""188612_structured_0002"", ""14641_structured_0002""]",13056.7072,1.0,1.0,1.0,1.0,1.0,1.0,1.0,1.0
16546_4,bm25,SM Entertainment phản ứng thế nào trước hành động pháp lý của ba thành viên EXO?,16546,"[""16546_structured_0001""]","[""14000_structured_0000"", ""14000_structured_0002"", ""14000_structured_0001"", ""16546_structured_0000"", ""16546_structured_0001"", ""93902_structured_0001"", ""185931_structured_0001"", ""125036_structured_0001"", ""7720_structured_0000"", ""91754_structured_0000"", ""16602_structured_0000"", ""86925_structured_0002"", ""16602_structured_0001"", ""88073_structured_0002"", ""26951_structured_0000"", ""53110_structured_0002"", ""99856_structured_0000"", ""15419_structured_0002"", ""14069_structured_0000"", ""214157_structured_0000"", ""158453_structured_0001"", ""15317_structured_0002"", ""15806_structured_0002"", ""7720_structured_0001"", ""121232_structured_0001"", ""15806_structured_0003"", ""90077_structured_0000"", ""160035_structured_0000"", ""49600_structured_0002"", ""93902_structured_0000"", ""87091_structured_0000"", ""14641_structured_0002"", ""121437_structured_0002"", ""127015_structured_0000"", ""122838_structured_0002"", ""16213_structured_0000"", ""75299_structured_0001"", ""121232_structured_0000"", ""92593_structured_0001"", ""53110_structured_0003"", ""26951_structured_0001"", ""200321_structured_0002"", ""14423_structured_0001"", ""71595_structured_0000"", ""15419_structured_0001"", ""263176_structured_0002"", ""15130_structured_0003"", ""97601_structured_0003"", ""6808_structured_0000"", ""82671_structured_0002""]",156.2502,0.0,0.0,1.0,1.0,1.0,1.0,0.2,0.3868528072345416
16546_4,dense,SM Entertainment phản ứng thế nào trước hành động pháp lý của ba thành viên EXO?,16546,"[""16546_structured_0001""]","[""16546_structured_0000"", ""14000_structured_0000"", ""14000_structured_0001"", ""14000_structured_0002"", ""16546_structured_0001"", ""14135_structured_0001"", ""165645_structured_0000"", ""88073_structured_0002"", ""14523_structured_0000"", ""91166_structured_0000"", ""16213_structured_0000"", ""15419_structured_0002"", ""6804_structured_0000"", ""15317_structured_0001"", ""16628_structured_0001"", ""92593_structured_0001"", ""88073_structured_0000"", ""86966_structured_0001"", ""14135_structured_0000"", ""14930_structured_0000"", ""86925_structured_0002"", ""14930_structured_0002"", ""14930_structured_0001"", ""6806_structured_0001"", ""15307_structured_0001"", ""165933_structured_0000"", ""6798_structured_0000"", ""92593_structured_0003"", ""86521_structured_0001"", ""92593_structured_0002"", ""15130_structured_0003"", ""6806_structured_0000"", ""14571_structured_0001"", ""15307_structured_0000"", ""14523_structured_0001"", ""15956_structured_0001"", ""86711_structured_0002"", ""15806_structured_0003"", ""27035_structured_0000"", ""88073_structured_0001"", ""14867_structured_0001"", ""16628_structured_0000"", ""83201_structured_0000"", ""6804_structured_0001"", ""16628_structured_0002"", ""16659_structured_0002"", ""92593_structured_0000"", ""88621_structured_0001"", ""15018_structured_0002"", ""91121_structured_0001""]",12971.6138,0.0,0.0,1.0,1.0,1.0,1.0,0.2,0.3868528072345416
16546_4,hybrid,SM Entertainment phản ứng thế nào trước hành động pháp lý của ba thành viên EXO?,16546,"[""16546_structured_0001""]","[""14000_structured_0000"", ""16546_structured_0000"", ""14000_structured_0002"", ""14000_structured_0001"", ""16546_structured_0001"", ""88073_structured_0002"", ""15419_structured_0002"", ""86925_structured_0002"", ""16213_structured_0000"", ""92593_structured_0001"", ""15806_structured_0003"", ""15130_structured_0003"", ""14135_structured_0001"", ""93902_structured_0001"", ""165645_structured_0000"", ""185931_structured_0001"", ""125036_structured_0001"", ""14523_structured_0000"", ""7720_structured_0000"", ""91166_structured_0000"", ""91754_structured_0000"", ""16602_structured_0000"", ""16602_structured_0001"", ""6804_structured_0000"", ""15317_structured_0001"", ""16628_structured_0001"", ""26951_structured_0000"", ""53110_structured_0002"", ""88073_structured_0000"", ""99856_structured_0000"", ""86966_structured_0001"", ""14069_structured_0000"", ""14135_structured_0000"", ""14930_structured_0000"", ""214157_structured_0000"", ""158453_structured_0001"", ""14930_structured_0002"", ""15317_structured_0002"", ""14930_structured_0001"", ""15806_structured_0002"", ""6806_structured_0001"", ""7720_structured_0001"", ""121232_structured_0001"", ""15307_structured_0001"", ""165933_structured_0000"", ""6798_structured_0000"", ""90077_structured_0000"", ""160035_structured_0000"", ""92593_structured_0003"", ""49600_structured_0002""]",13196.4287,0.0,0.0,1.0,1.0,1.0,1.0,0.2,0.3868528072345416
16546_5,bm25,Đúng hay sai: 'SM Entertainment đã cung cấp đầy đủ tài liệu quyết toán thu nhập khi ba nghệ sĩ yêu cầu'?,16546,"[""16546_structured_0000""]","[""16546_structured_0000"", ""14000_structured_0002"", ""14000_structured_0001"", ""14000_structured_0000"", ""16546_structured_0001"", ""91754_structured_0000"", ""15419_structured_0002"", ""203198_structured_0000"", ""24913_structured_0001"", ""125807_structured_0001"", ""125728_structured_0000"", ""15806_structured_0002"", ""15419_structured_0001"", ""94662_structured_0001"", ""28878_structured_0003"", ""18303_structured_0002"", ""12472_structured_0000"", ""108542_structured_0001"", ""127254_structured_0000"", ""14135_structured_0001"", ""160043_structured_0000"", ""16602_structured_0001"", ""36097_structured_0000"", ""98328_structured_0001"", ""167817_structured_0000"", ""264789_structured_0001"", ""86925_structured_0002"", ""30638_structured_0001"", ""93362_structured_0001"", ""156840_structured_0002"", ""44489_structured_0000"", ""13111_structured_0000"", ""43683_structured_0004"", ""15789_structured_0000"", ""195469_structured_0001"", ""14135_structured_0000"", ""15806_structured_0003"", ""26654_structured_0000"", ""32796_structured_0001"", ""17123_structured_0001"", ""159517_structured_0001"", ""28878_structured_0002"", ""66404_structured_0002"", ""87091_structured_0000"", ""70708_structured_0002"", ""70708_structured_0001"", ""91121_structured_0000"", ""15130_structured_0003"", ""185632_structured_0000"", ""66404_structured_0001""]",226.7315,1.0,1.0,1.0,1.0,1.0,1.0,1.0,1.0
16546_5,dense,Đúng hay sai: 'SM Entertainment đã cung cấp đầy đủ tài liệu quyết toán thu nhập khi ba nghệ sĩ yêu cầu'?,16546,"[""16546_structured_0000""]","[""16546_structured_0000"", ""14000_structured_0001"", ""15018_structured_0002"", ""14000_structured_0000"", ""14523_structured_0000"", ""14000_structured_0002"", ""14135_structured_0001"", ""14135_structured_0000"", ""14930_structured_0000"", ""14930_structured_0002"", ""16546_structured_0001"", ""93652_structured_0000"", ""15806_structured_0003"", ""86521_structured_0001"", ""15419_structured_0002"", ""157901_structured_0000"", ""6798_structured_0000"", ""86966_structured_0001"", ""14930_structured_0001"", ""165645_structured_0000"", ""15317_structured_0001"", ""15419_structured_0001"", ""15018_structured_0001"", ""87972_structured_0001"", ""8705_structured_0000"", ""86521_structured_0002"", ""16120_structured_0001"", ""15317_structured_0000"", ""15419_structured_0000"", ""86711_structured_0002"", ""14069_structured_0000"", ""15317_structured_0002"", ""6804_structured_0000"", ""86521_structured_0000"", ""6806_structured_0000"", ""15018_structured_0000"", ""197709_structured_0001"", ""167211_structured_0000"", ""94662_structured_0002"", ""15445_structured_0003"", ""88073_structured_0000"", ""87972_structured_0000"", ""91121_structured_0000"", ""14867_structured_0002"", ""197709_structured_0000"", ""91121_structured_0002"", ""157735_structured_0001"", ""125728_structured_0001"", ""15956_structured_0001"", ""93607_structured_0000""]",13128.3796,1.0,1.0,1.0,1.0,1.0,1.0,1.0,1.0
16546_5,hybrid,Đúng hay sai: 'SM Entertainment đã cung cấp đầy đủ tài liệu quyết toán thu nhập khi ba nghệ sĩ yêu cầu'?,16546,"[""16546_structured_0000""]","[""16546_structured_0000"", ""14000_structured_0001"", ""14000_structured_0002"", ""14000_structured_0000"", ""16546_structured_0001"", ""15419_structured_0002"", ""14135_structured_0001"", ""15419_structured_0001"", ""14135_structured_0000"", ""15806_structured_0003"", ""91121_structured_0000"", ""15018_structured_0002"", ""14523_structured_0000"", ""91754_structured_0000"", ""203198_structured_0000"", ""14930_structured_0000"", ""24913_structured_0001"", ""125807_structured_0001"", ""14930_structured_0002"", ""125728_structured_0000"", ""15806_structured_0002"", ""93652_structured_0000"", ""86521_structured_0001"", ""94662_structured_0001"", ""28878_structured_0003"", ""157901_structured_0000"", ""18303_structured_0002"", ""12472_structured_0000"", ""6798_structured_0000"", ""108542_structured_0001"", ""86966_structured_0001"", ""127254_structured_0000"", ""14930_structured_0001"", ""165645_structured_0000"", ""15317_structured_0001"", ""160043_structured_0000"", ""16602_structured_0001"", ""15018_structured_0001"", ""36097_structured_0000"", ""87972_structured_0001"", ""98328_structured_0001"", ""167817_structured_0000"", ""8705_structured_0000"", ""264789_structured_0001"", ""86521_structured_0002"", ""16120_structured_0001"", ""86925_structured_0002"", ""15317_structured_0000"", ""30638_structured_0001"", ""15419_structured_0000""]",13234.1766,1.0,1.0,1.0,1.0,1.0,1.0,1.0,1.0
78351_1,bm25,Ai được chọn làm đại sứ cho Tuần lễ Văn hóa - Thể thao - Du lịch biển huyện Thạnh Phú lần đầu tiên được tổ chức tại Bến Tre?,78351,"[""78351_structured_0000""]","[""78351_structured_0000"", ""39132_structured_0000"", ""235986_structured_0001"", ""131528_structured_0000"", ""185308_structured_0000"", ""76880_structured_0000"", ""132267_structured_0001"", ""2042_structured_0002"", ""135575_structured_0000"", ""106849_structured_0000"", ""138826_structured_0001"", ""131543_structured_0000"", ""77781_structured_0002"", ""32945_structured_0000"", ""45920_structured_0000"", ""109100_structured_0002"", ""185308_structured_0001"", ""107258_structured_0002"", ""154478_structured_0000"", ""2042_structured_0001"", ""200312_structured_0001"", ""99007_structured_0000"", ""2040_structured_0001"", ""88995_structured_0000"", ""104012_structured_0000"", ""765_structured_0002"", ""131702_structured_0000"", ""10636_structured_0001"", ""39132_structured_0001"", ""1532_structured_0000"", ""8863_structured_0000"", ""1532_structured_0001"", ""132267_structured_0000"", ""77211_structured_0000"", ""77481_structured_0001"", ""154478_structured_0001"", ""129954_structured_0001"", ""235981_structured_0001"", ""19467_structured_0001"", ""74838_structured_0000"", ""77316_structured_0003"", ""10660_structured_0002"", ""15748_structured_0001"", ""98372_structured_0000"", ""107258_structured_0001"", ""1547_structured_0001"", ""138826_structured_0002"", ""131543_structured_0001"", ""77878_structured_0001"", ""14244_structured_0000""]",337.5167,1.0,1.0,1.0,1.0,1.0,1.0,1.0,1.0
78351_1,dense,Ai được chọn làm đại sứ cho Tuần lễ Văn hóa - Thể thao - Du lịch biển huyện Thạnh Phú lần đầu tiên được tổ chức tại Bến Tre?,78351,"[""78351_structured_0000""]","[""78351_structured_0000"", ""109100_structured_0002"", ""45920_structured_0000"", ""109749_structured_0001"", ""79021_structured_0002"", ""138826_structured_0002"", ""163689_structured_0000"", ""12956_structured_0000"", ""39181_structured_0002"", ""39181_structured_0000"", ""109749_structured_0000"", ""154478_structured_0001"", ""39162_structured_0000"", ""131721_structured_0000"", ""163148_structured_0000"", ""154478_structured_0000"", ""39132_structured_0000"", ""138826_structured_0001"", ""108893_structured_0002"", ""12891_structured_0001"", ""153822_structured_0005"", ""166703_structured_0000"", ""79461_structured_0001"", ""42393_structured_0001"", ""12891_structured_0000"", ""78323_structured_0000"", ""129914_structured_0000"", ""73427_structured_0001"", ""263419_structured_0001"", ""45920_structured_0003"", ""132267_structured_0000"", ""131539_structured_0005"", ""6681_structured_0002"", ""7515_structured_0002"", ""103025_structured_0001"", ""8160_structured_0000"", ""235962_structured_0002"", ""114933_structured_0000"", ""15806_structured_0004"", ""46682_structured_0000"", ""131539_structured_0003"", ""39162_structured_0001"", ""92956_structured_0000"", ""16029_structured_0001"", ""14244_structured_0001"", ""39181_structured_0001"", ""226267_structured_0001"", ""7515_structured_0001"", ""263419_structured_0000"", ""199846_structured_0000""]",14044.3934,1.0,1.0,1.0,1.0,1.0,1.0,1.0,1.0
78351_1,hybrid,Ai được chọn làm đại sứ cho Tuần lễ Văn hóa - Thể thao - Du lịch biển huyện Thạnh Phú lần đầu tiên được tổ chức tại Bến Tre?,78351,"[""78351_structured_0000""]","[""78351_structured_0000"", ""109100_structured_0002"", ""45920_structured_0000"", ""39132_structured_0000"", ""138826_structured_0001"", ""154478_structured_0000"", ""138826_structured_0002"", ""154478_structured_0001"", ""132267_structured_0000"", ""235986_structured_0001"", ""109749_structured_0001"", ""131528_structured_0000"", ""185308_structured_0000"", ""79021_structured_0002"", ""76880_structured_0000"", ""132267_structured_0001"", ""163689_structured_0000"", ""12956_structured_0000"", ""2042_structured_0002"", ""135575_structured_0000"", ""39181_structured_0002"", ""106849_structured_0000"", ""39181_structured_0000"", ""109749_structured_0000"", ""131543_structured_0000"", ""39162_structured_0000"", ""77781_structured_0002"", ""131721_structured_0000"", ""32945_structured_0000"", ""163148_structured_0000"", ""185308_structured_0001"", ""107258_structured_0002"", ""108893_structured_0002"", ""12891_structured_0001"", ""2042_structured_0001"", ""153822_structured_0005"", ""200312_structured_0001"", ""166703_structured_0000"", ""99007_structured_0000"", ""2040_structured_0001"", ""79461_structured_0001"", ""42393_structured_0001"", ""88995_structured_0000"", ""104012_structured_0000"", ""12891_structured_0000"", ""765_structured_0002"", ""78323_structured_0000"", ""129914_structured_0000"", ""131702_structured_0000"", ""10636_structured_0001""]",13888.9938,1.0,1.0,1.0,1.0,1.0,1.0,1.0,1.0
78351_2,bm25,Tuần lễ Văn hóa - Thể thao - Du lịch biển huyện Thạnh Phú bao gồm những hoạt động nổi bật nào?,78351,"[""78351_structured_0000""]","[""78351_structured_0000"", ""135575_structured_0000"", ""1532_structured_0001"", ""78323_structured_0000"", ""2042_structured_0002"", ""98088_structured_0000"", ""108893_structured_0002"", ""2042_structured_0001"", ""77781_structured_0002"", ""108893_structured_0001"", ""78858_structured_0000"", ""76880_structured_0001"", ""155036_structured_0001"", ""77211_structured_0000"", ""39132_structured_0000"", ""39132_structured_0001"", ""76880_structured_0000"", ""1547_structured_0001"", ""1532_structured_0000"", ""156227_structured_0000"", ""76864_structured_0001"", ""195911_structured_0000"", ""78858_structured_0001"", ""77316_structured_0000"", ""195911_structured_0002"", ""79616_structured_0000"", ""77781_structured_0001"", ""235986_structured_0001"", ""154478_structured_0000"", ""131543_structured_0000"", ""114933_structured_0000"", ""195911_structured_0001"", ""76864_structured_0000"", ""197692_structured_0002"", ""77211_structured_0001"", ""77878_structured_0001"", ""79595_structured_0000"", ""79595_structured_0003"", ""74483_structured_0001"", ""76413_structured_0001"", ""2240_structured_0000"", ""131528_structured_0000"", ""154555_structured_0000"", ""76864_structured_0003"", ""22222_structured_0001"", ""76413_structured_0000"", ""5983_structured_0000"", ""76864_structured_0002"", ""151748_structured_0000"", ""19684_structured_0001""]",172.8169,1.0,1.0,1.0,1.0,1.0,1.0,1.0,1.0
78351_2,dense,Tuần lễ Văn hóa - Thể thao - Du lịch biển huyện Thạnh Phú bao gồm những hoạt động nổi bật nào?,78351,"[""78351_structured_0000""]","[""78351_structured_0000"", ""76864_structured_0003"", ""109100_structured_0002"", ""155036_structured_0001"", ""155036_structured_0002"", ""163689_structured_0000"", ""163148_structured_0000"", ""39132_structured_0000"", ""79021_structured_0002"", ""78323_structured_0000"", ""79771_structured_0003"", ""163148_structured_0001"", ""149447_structured_0001"", ""77248_structured_0000"", ""154478_structured_0000"", ""108893_structured_0001"", ""149447_structured_0000"", ""149447_structured_0002"", ""108893_structured_0002"", ""79771_structured_0002"", ""129679_structured_0003"", ""154555_structured_0000"", ""39132_structured_0001"", ""76413_structured_0001"", ""79771_structured_0001"", ""1532_structured_0000"", ""79771_structured_0000"", ""154478_structured_0001"", ""108547_structured_0002"", ""1532_structured_0001"", ""135575_structured_0000"", ""154555_structured_0001"", ""2240_structured_0000"", ""6600_structured_0000"", ""79461_structured_0001"", ""131543_structured_0001"", ""138826_structured_0002"", ""76864_structured_0002"", ""257260_structured_0001"", ""79540_structured_0000"", ""257260_structured_0002"", ""235962_structured_0002"", ""7291_structured_0000"", ""6600_structured_0002"", ""78858_structured_0000"", ""163085_structured_0001"", ""131543_structured_0000"", ""6609_structured_0002"", ""138826_structured_0001"", ""1474_structured_0002""]",13424.4716,1.0,1.0,1.0,1.0,1.0,1.0,1.0,1.0
78351_2,hybrid,Tuần lễ Văn hóa - Thể thao - Du lịch biển huyện Thạnh Phú bao gồm những hoạt động nổi bật nào?,78351,"[""78351_structured_0000""]","[""78351_structured_0000"", ""78323_structured_0000"", ""155036_structured_0001"", ""39132_structured_0000"", ""108893_structured_0002"", ""108893_structured_0001"", ""135575_structured_0000"", ""1532_structured_0001"", ""76864_structured_0003"", ""39132_structured_0001"", ""154478_structured_0000"", ""1532_structured_0000"", ""78858_structured_0000"", ""76413_structured_0001"", ""154555_structured_0000"", ""2240_structured_0000"", ""131543_structured_0000"", ""76864_structured_0002"", ""109100_structured_0002"", ""155036_structured_0002"", ""2042_structured_0002"", ""163689_structured_0000"", ""98088_structured_0000"", ""163148_structured_0000"", ""2042_structured_0001"", ""77781_structured_0002"", ""79021_structured_0002"", ""79771_structured_0003"", ""163148_structured_0001"", ""76880_structured_0001"", ""149447_structured_0001"", ""77211_structured_0000"", ""77248_structured_0000"", ""149447_structured_0000"", ""76880_structured_0000"", ""149447_structured_0002"", ""1547_structured_0001"", ""156227_structured_0000"", ""79771_structured_0002"", ""129679_structured_0003"", ""76864_structured_0001"", ""195911_structured_0000"", ""78858_structured_0001"", ""77316_structured_0000"", ""195911_structured_0002"", ""79771_structured_0001"", ""79616_structured_0000"", ""77781_structured_0001"", ""79771_structured_0000"", ""154478_structured_0001""]",13787.1532,1.0,1.0,1.0,1.0,1.0,1.0,1.0,1.0
78351_3,bm25,Hoa hậu Nguyễn Thanh Hà đã thực hiện những hoạt động gì với vai trò đại sứ tại lễ khai mạc tuần lễ du lịch biển Thạnh Phú?,78351,"[""78351_structured_0000""]","[""78351_structured_0000"", ""15748_structured_0001"", ""93301_structured_0000"", ""15427_structured_0000"", ""78858_structured_0000"", ""79735_structured_0000"", ""15427_structured_0003"", ""135575_structured_0000"", ""15748_structured_0000"", ""169886_structured_0000"", ""138826_structured_0001"", ""165252_structured_0000"", ""21195_structured_0001"", ""1532_structured_0001"", ""77781_structured_0002"", ""1532_structured_0000"", ""78858_structured_0001"", ""138826_structured_0002"", ""77781_structured_0001"", ""10636_structured_0001"", ""151451_structured_0000"", ""104012_structured_0000"", ""79735_structured_0001"", ""74483_structured_0000"", ""90428_structured_0000"", ""165252_structured_0001"", ""10636_structured_0000"", ""78323_structured_0000"", ""90428_structured_0001"", ""39132_structured_0000"", ""201936_structured_0000"", ""59270_structured_0000"", ""21195_structured_0000"", ""235089_structured_0000"", ""107012_structured_0000"", ""14925_structured_0000"", ""32945_structured_0000"", ""263501_structured_0000"", ""216338_structured_0000"", ""74494_structured_0000"", ""1846_structured_0000"", ""35625_structured_0001"", ""128838_structured_0003"", ""15427_structured_0001"", ""235986_structured_0001"", ""90961_structured_0000"", ""79577_structured_0000"", ""107012_structured_0001"", ""86539_structured_0000"", ""197111_structured_0000""]",242.3983,1.0,1.0,1.0,1.0,1.0,1.0,1.0,1.0
78351_3,dense,Hoa hậu Nguyễn Thanh Hà đã thực hiện những hoạt động gì với vai trò đại sứ tại lễ khai mạc tuần lễ du lịch biển Thạnh Phú?,78351,"[""78351_structured_0000""]","[""78351_structured_0000"", ""21195_structured_0001"", ""21195_structured_0002"", ""169886_structured_0000"", ""166703_structured_0000"", ""168601_structured_0000"", ""15417_structured_0002"", ""14244_structured_0001"", ""165277_structured_0001"", ""15417_structured_0000"", ""7515_structured_0000"", ""79021_structured_0002"", ""148573_structured_0002"", ""14244_structured_0000"", ""7515_structured_0002"", ""15417_structured_0001"", ""109100_structured_0002"", ""168601_structured_0001"", ""7515_structured_0001"", ""2240_structured_0001"", ""2240_structured_0000"", ""79021_structured_0001"", ""137484_structured_0004"", ""15427_structured_0003"", ""21195_structured_0000"", ""138826_structured_0002"", ""165252_structured_0000"", ""13639_structured_0000"", ""15427_structured_0000"", ""45920_structured_0000"", ""93726_structured_0001"", ""22222_structured_0001"", ""90428_structured_0000"", ""8667_structured_0002"", ""15427_structured_0002"", ""15427_structured_0001"", ""104012_structured_0001"", ""93281_structured_0000"", ""39132_structured_0000"", ""76864_structured_0003"", ""92694_structured_0000"", ""114069_structured_0000"", ""163689_structured_0000"", ""154279_structured_0000"", ""128838_structured_0002"", ""14950_structured_0000"", ""16745_structured_0002"", ""16630_structured_0002"", ""165277_structured_0000"", ""148573_structured_0000""]",13426.0751,1.0,1.0,1.0,1.0,1.0,1.0,1.0,1.0
78351_3,hybrid,Hoa hậu Nguyễn Thanh Hà đã thực hiện những hoạt động gì với vai trò đại sứ tại lễ khai mạc tuần lễ du lịch biển Thạnh Phú?,78351,"[""78351_structured_0000""]","[""78351_structured_0000"", ""169886_structured_0000"", ""21195_structured_0001"", ""15427_structured_0000"", ""15427_structured_0003"", ""165252_structured_0000"", ""138826_structured_0002"", ""21195_structured_0000"", ""90428_structured_0000"", ""39132_structured_0000"", ""15427_structured_0001"", ""15748_structured_0001"", ""21195_structured_0002"", ""93301_structured_0000"", ""166703_structured_0000"", ""78858_structured_0000"", ""168601_structured_0000"", ""79735_structured_0000"", ""15417_structured_0002"", ""135575_structured_0000"", ""14244_structured_0001"", ""15748_structured_0000"", ""165277_structured_0001"", ""15417_structured_0000"", ""138826_structured_0001"", ""7515_structured_0000"", ""79021_structured_0002"", ""148573_structured_0002"", ""14244_structured_0000"", ""1532_structured_0001"", ""7515_structured_0002"", ""77781_structured_0002"", ""1532_structured_0000"", ""15417_structured_0001"", ""109100_structured_0002"", ""78858_structured_0001"", ""168601_structured_0001"", ""7515_structured_0001"", ""77781_structured_0001"", ""10636_structured_0001"", ""2240_structured_0001"", ""151451_structured_0000"", ""2240_structured_0000"", ""104012_structured_0000"", ""79021_structured_0001"", ""137484_structured_0004"", ""79735_structured_0001"", ""74483_structured_0000"", ""165252_structured_0001"", ""10636_structured_0000""]",13280.5608,1.0,1.0,1.0,1.0,1.0,1.0,1.0,1.0
78351_4,bm25,Việc UBND huyện Thạnh Phú phối hợp với Sở VH-TT-DL Bến Tre tổ chức tuần lễ du lịch biển này nhằm mục đích gì?,78351,"[""78351_structured_0000""]","[""78351_structured_0000"", ""132267_structured_0000"", ""132267_structured_0001"", ""135575_structured_0000"", ""185308_structured_0000"", ""126906_structured_0000"", ""109100_structured_0002"", ""42409_structured_0001"", ""194_structured_0002"", ""104334_structured_0000"", ""75978_structured_0000"", ""109749_structured_0001"", ""1532_structured_0000"", ""151748_structured_0000"", ""136766_structured_0004"", ""196161_structured_0001"", ""186570_structured_0000"", ""109749_structured_0000"", ""139373_structured_0001"", ""241735_structured_0000"", ""185308_structured_0001"", ""196161_structured_0000"", ""39132_structured_0000"", ""149048_structured_0000"", ""137531_structured_0001"", ""154478_structured_0000"", ""140357_structured_0002"", ""140357_structured_0000"", ""1532_structured_0001"", ""107258_structured_0001"", ""151748_structured_0001"", ""244026_structured_0001"", ""137531_structured_0002"", ""239021_structured_0000"", ""79254_structured_0001"", ""239021_structured_0001"", ""140357_structured_0001"", ""137207_structured_0001"", ""152626_structured_0001"", ""196703_structured_0000"", ""235962_structured_0001"", ""183018_structured_0000"", ""244265_structured_0000"", ""140485_structured_0001"", ""184334_structured_0001"", ""76880_structured_0000"", ""98610_structured_0001"", ""106350_structured_0001"", ""200312_structured_0001"", ""139373_structured_0000""]",215.2455,1.0,1.0,1.0,1.0,1.0,1.0,1.0,1.0
78351_4,dense,Việc UBND huyện Thạnh Phú phối hợp với Sở VH-TT-DL Bến Tre tổ chức tuần lễ du lịch biển này nhằm mục đích gì?,78351,"[""78351_structured_0000""]","[""78351_structured_0000"", ""109100_structured_0002"", ""79021_structured_0002"", ""149447_structured_0000"", ""109100_structured_0001"", ""2240_structured_0000"", ""108893_structured_0001"", ""35625_structured_0000"", ""109100_structured_0000"", ""132267_structured_0000"", ""35625_structured_0002"", ""154478_structured_0000"", ""108893_structured_0002"", ""149447_structured_0002"", ""19467_structured_0001"", ""132267_structured_0001"", ""153822_structured_0005"", ""74483_structured_0000"", ""45920_structured_0000"", ""109749_structured_0001"", ""78653_structured_0000"", ""263551_structured_0000"", ""206172_structured_0002"", ""43803_structured_0002"", ""163148_structured_0000"", ""163689_structured_0000"", ""104334_structured_0000"", ""237734_structured_0000"", ""235962_structured_0002"", ""262342_structured_0001"", ""2240_structured_0001"", ""75290_structured_0000"", ""47219_structured_0000"", ""139422_structured_0000"", ""155036_structured_0001"", ""109400_structured_0001"", ""109749_structured_0000"", ""1532_structured_0001"", ""19467_structured_0000"", ""78323_structured_0000"", ""136766_structured_0004"", ""77700_structured_0000"", ""141936_structured_0002"", ""154478_structured_0001"", ""153849_structured_0003"", ""137227_structured_0000"", ""134559_structured_0001"", ""19467_structured_0002"", ""77700_structured_0003"", ""79021_structured_0001""]",12977.7969,1.0,1.0,1.0,1.0,1.0,1.0,1.0,1.0
78351_4,hybrid,Việc UBND huyện Thạnh Phú phối hợp với Sở VH-TT-DL Bến Tre tổ chức tuần lễ du lịch biển này nhằm mục đích gì?,78351,"[""78351_structured_0000""]","[""78351_structured_0000"", ""109100_structured_0002"", ""132267_structured_0000"", ""132267_structured_0001"", ""109749_structured_0001"", ""104334_structured_0000"", ""154478_structured_0000"", ""136766_structured_0004"", ""109749_structured_0000"", ""1532_structured_0001"", ""79021_structured_0002"", ""135575_structured_0000"", ""149447_structured_0000"", ""109100_structured_0001"", ""185308_structured_0000"", ""126906_structured_0000"", ""2240_structured_0000"", ""108893_structured_0001"", ""35625_structured_0000"", ""42409_structured_0001"", ""109100_structured_0000"", ""194_structured_0002"", ""35625_structured_0002"", ""75978_structured_0000"", ""108893_structured_0002"", ""1532_structured_0000"", ""149447_structured_0002"", ""151748_structured_0000"", ""19467_structured_0001"", ""196161_structured_0001"", ""153822_structured_0005"", ""186570_structured_0000"", ""74483_structured_0000"", ""139373_structured_0001"", ""45920_structured_0000"", ""241735_structured_0000"", ""185308_structured_0001"", ""78653_structured_0000"", ""196161_structured_0000"", ""263551_structured_0000"", ""206172_structured_0002"", ""39132_structured_0000"", ""149048_structured_0000"", ""43803_structured_0002"", ""137531_structured_0001"", ""163148_structured_0000"", ""163689_structured_0000"", ""140357_structured_0002"", ""140357_structured_0000"", ""237734_structured_0000""]",13244.5305,1.0,1.0,1.0,1.0,1.0,1.0,1.0,1.0
