id,category,title_chars,description_chars,content_chars,title_tokens,description_tokens,content_tokens,has_title,has_description,has_content,has_mojibake
211640,Sức khỏe,44,144,2727,10,30,585,True,True,True,True
152685,Bất động sản,71,213,1885,14,44,420,True,True,True,False
132354,Thời sự,61,196,2688,14,41,599,True,True,True,False
50356,Xe,78,203,5636,15,44,1227,True,True,True,False
148770,Bất động sản,73,159,1709,18,35,373,True,True,True,False
95886,Giáo dục,64,173,2954,13,37,641,True,True,True,False
106745,Kinh doanh,39,193,7246,8,41,1572,True,True,True,False
90345,Giải trí,57,156,1909,12,35,420,True,True,True,False
225322,Thể thao,64,118,1442,11,27,309,True,True,True,False
114604,Sức khỏe,100,302,4446,20,64,963,True,True,True,False
160104,Giải trí,50,104,2319,11,23,507,True,True,True,False
253647,Xe,75,126,2933,16,27,629,True,True,True,False
64976,Khoa học công nghệ,69,197,2283,14,38,473,True,True,True,False
44651,Thời sự,22,249,3210,4,52,700,True,True,True,False
246182,Thời sự,59,241,5663,13,52,1224,True,True,True,False
157600,Giải trí,63,235,5440,14,52,1210,True,True,True,False
56336,Khoa học công nghệ,33,163,1872,6,34,405,True,True,True,False
5446,Giáo dục,78,127,4567,17,28,984,True,True,True,False
16546,Giải trí,50,112,3201,13,21,689,True,True,True,False
78351,Du lịch,63,155,1962,15,36,433,True,True,True,False
56781,Khoa học công nghệ,54,99,2104,12,22,448,True,True,True,False
190847,Kinh doanh,74,240,4392,15,49,930,True,True,True,False
201070,Kinh doanh,51,139,5544,11,31,1171,True,True,True,False
169911,Giải trí,61,133,1373,14,30,287,True,True,True,False
38171,Thể thao,55,159,2425,13,35,526,True,True,True,False
165454,Giải trí,62,135,1700,15,33,388,True,True,True,False
134838,Thời sự,69,145,901,14,30,204,True,True,True,False
138969,Thời sự,56,156,6357,12,34,1391,True,True,True,False
202551,Kinh doanh,71,247,2136,13,51,444,True,True,True,False
81481,Giải trí,55,137,2967,13,31,656,True,True,True,False
165811,Giải trí,73,111,261,14,24,53,True,True,True,False
98483,Giáo dục,73,189,1797,18,42,389,True,True,True,False
139119,Thời sự,48,238,2925,11,53,644,True,True,True,False
131800,Thời sự,72,219,1255,15,48,279,True,True,True,False
62373,Khoa học công nghệ,50,152,937,11,33,209,True,True,True,False
74345,Đời sống,60,288,5242,13,67,1161,True,True,True,False
248068,Xe,60,127,3482,14,27,768,True,True,True,False
247296,Thời sự,64,184,2666,16,44,585,True,True,True,False
146679,Xe,39,167,2237,10,36,506,True,True,True,False
215554,Thế giới,58,131,1436,14,30,321,True,True,True,False
117335,Sức khỏe,75,332,5138,17,78,1186,True,True,True,False
126018,Thể thao,61,164,3375,12,35,745,True,True,True,False
34123,Thế giới,60,164,3366,15,37,758,True,True,True,False
14857,Giải trí,97,177,5636,19,36,1209,True,True,True,False
192647,Kinh doanh,77,177,3661,16,38,743,True,True,True,False
200506,Kinh doanh,74,144,3189,17,33,716,True,True,True,False
43996,Thời sự,42,197,4213,9,41,926,True,True,True,False
47286,Thời sự,55,122,4983,12,26,1087,True,True,True,False
236590,Thể thao,55,150,1143,12,32,250,True,True,True,False
82238,Giải trí,74,148,2762,17,34,634,True,True,True,False
27668,Sức khỏe,70,148,4703,14,34,1003,True,True,True,False
121117,Thế giới,65,109,2305,12,23,492,True,True,True,False
164034,Giải trí,65,110,7051,15,23,1557,True,True,True,False
223075,Thể thao,62,159,2355,12,34,490,True,True,True,False
98783,Giáo dục,60,147,1280,14,31,279,True,True,True,False
100777,Giáo dục,72,258,7167,16,56,1536,True,True,True,False
258494,Đời sống,72,150,4072,16,32,904,True,True,True,False
261200,Đời sống,66,128,2546,17,28,563,True,True,True,False
189300,Kinh doanh,65,208,4291,14,42,900,True,True,True,False
173365,Giáo dục,63,177,1431,15,42,306,True,True,True,False
248463,Xe,64,158,2325,16,35,511,True,True,True,False
165582,Giải trí,64,142,1594,15,32,344,True,True,True,False
143907,Xe,46,184,2716,10,42,597,True,True,True,False
192779,Kinh doanh,49,191,2956,11,43,654,True,True,True,False
143143,Xe,60,161,5072,16,33,1108,True,True,True,False
41977,Thể thao,33,135,2619,8,31,568,True,True,True,False
132947,Thời sự,51,176,4913,11,38,1092,True,True,True,True
9567,Giải trí,49,139,2921,11,29,626,True,True,True,False
68875,Đời sống,65,170,3671,14,38,798,True,True,True,False
179797,Giáo dục,59,171,1332,12,35,276,True,True,True,False
30970,Sức khỏe,70,111,3239,17,25,697,True,True,True,False
64860,Khoa học công nghệ,45,190,1512,11,42,336,True,True,True,False
195386,Kinh doanh,40,248,6464,9,52,1378,True,True,True,False
189126,Kinh doanh,76,216,5748,16,46,1230,True,True,True,False
90936,Giải trí,46,203,2443,11,47,556,True,True,True,False
86521,Giải trí,55,191,4360,12,41,950,True,True,True,False
94819,Giáo dục,76,338,4287,17,75,944,True,True,True,False
97976,Giáo dục,81,248,2440,17,55,538,True,True,True,False
105728,Kinh doanh,68,137,2046,15,31,461,True,True,True,False
205443,Sức khỏe,48,126,3920,11,28,873,True,True,True,False
257503,Đời sống,74,143,5056,17,32,1120,True,True,True,False
163737,Giải trí,49,217,2182,11,45,449,True,True,True,False
40970,Thể thao,59,121,1667,12,26,350,True,True,True,False
185000,Khoa học công nghệ,60,218,4646,12,44,1024,True,True,True,False
182307,Khoa học công nghệ,69,104,3230,15,22,700,True,True,True,False
192620,Kinh doanh,56,165,3275,12,36,702,True,True,True,False
107671,Kinh doanh,67,141,1895,16,31,406,True,True,True,False
160228,Giải trí,65,129,1574,15,29,357,True,True,True,False
228317,Thể thao,45,115,3215,9,25,658,True,True,True,False
225441,Thể thao,50,144,1918,11,33,419,True,True,True,False
49250,Xe,85,153,7406,19,34,1610,True,True,True,False
167530,Giải trí,67,124,904,15,28,197,True,True,True,False
185632,Khoa học công nghệ,67,133,5686,14,29,1203,True,True,True,False
129210,Thể thao,56,211,1068,13,47,236,True,True,True,False
217811,Thế giới,64,163,1286,14,37,281,True,True,True,False
129568,Thể thao,81,154,1931,17,35,419,True,True,True,False
6798,Giải trí,103,206,5188,21,45,1145,True,True,True,False
147505,Xe,71,192,2586,16,44,578,True,True,True,False
45200,Thời sự,65,124,1352,16,27,298,True,True,True,False
179745,Giáo dục,62,124,1645,15,28,353,True,True,True,False
118228,Thế giới,51,117,1939,12,27,436,True,True,True,False
170309,Giải trí,51,135,1470,12,28,289,True,True,True,False
67508,Đời sống,86,189,3823,17,40,826,True,True,True,False
143518,Xe,46,118,1827,11,28,416,True,True,True,False
8134,Giải trí,60,111,2502,13,25,546,True,True,True,False
44263,Thời sự,75,217,2821,16,49,632,True,True,True,False
180467,Giáo dục,47,232,2467,11,53,550,True,True,True,False
186390,Khoa học công nghệ,77,212,2350,17,48,530,True,True,True,False
265355,Đời sống,63,162,3219,16,37,726,True,True,True,False
110110,Kinh doanh,43,89,1500,10,19,320,True,True,True,False
109030,Kinh doanh,67,183,5802,15,38,1273,True,True,True,False
217247,Thế giới,63,170,1172,14,36,238,True,True,True,False
174503,Giáo dục,68,143,1159,17,33,250,True,True,True,False
122101,Thế giới,81,177,4634,16,35,969,True,True,True,False
140022,Thời sự,66,117,4649,14,26,1038,True,True,True,False
103437,Giáo dục,73,253,2223,17,56,489,True,True,True,False
125036,Thể thao,82,229,2936,17,50,646,True,True,True,False
34386,Thế giới,42,124,2984,9,28,648,True,True,True,False
102772,Giáo dục,74,134,1551,17,29,343,True,True,True,False
131258,Thể thao,55,294,2458,11,63,534,True,True,True,False
103500,Giáo dục,79,206,5112,17,47,1128,True,True,True,False
216326,Thế giới,39,137,1431,10,31,309,True,True,True,False
97239,Giáo dục,57,245,5490,12,52,1175,True,True,True,False
169898,Giải trí,61,132,1250,13,29,264,True,True,True,False
114461,Sức khỏe,52,171,1277,12,36,261,True,True,True,False
77124,Du lịch,59,470,3016,13,106,662,True,True,True,False
142519,Thời sự,48,274,5114,11,63,1153,True,True,True,True
185086,Khoa học công nghệ,60,164,4200,14,38,908,True,True,True,False
207117,Sức khỏe,77,181,1388,18,40,312,True,True,True,False
189441,Kinh doanh,77,162,1912,16,33,403,True,True,True,False
97565,Giáo dục,64,149,2239,16,35,488,True,True,True,False
200620,Kinh doanh,67,215,4644,14,44,990,True,True,True,False
166703,Giải trí,67,193,1553,15,42,335,True,True,True,False
192360,Kinh doanh,57,207,5684,14,49,1237,True,True,True,False
41604,Thể thao,52,101,1147,11,23,253,True,True,True,False
118789,Thế giới,83,111,1650,17,24,362,True,True,True,False
197388,Kinh doanh,78,229,3328,16,50,720,True,True,True,False
80902,Giải trí,69,341,6420,15,73,1464,True,True,True,False
15417,Giải trí,72,164,3472,17,37,765,True,True,True,False
195398,Kinh doanh,69,175,1779,15,41,385,True,True,True,False
80069,Giải trí,50,152,1571,10,35,347,True,True,True,False
260537,Đời sống,66,164,2011,15,36,447,True,True,True,False
227086,Thể thao,54,130,1606,11,28,353,True,True,True,False
259164,Đời sống,79,71,4650,18,15,1050,True,True,True,False
73460,Đời sống,58,173,1584,13,41,358,True,True,True,False
185091,Khoa học công nghệ,62,175,3325,14,40,719,True,True,True,False
152578,Bất động sản,53,160,1560,11,33,330,True,True,True,False
174576,Giáo dục,78,136,3370,16,29,722,True,True,True,False
13174,Giải trí,73,123,6133,15,28,1253,True,True,True,False
67894,Đời sống,75,123,1712,15,25,387,True,True,True,False
93994,Giải trí,49,155,1380,9,31,309,True,True,True,False
115392,Sức khỏe,70,278,11828,17,64,2541,True,True,True,False
185357,Khoa học công nghệ,54,148,2369,13,32,510,True,True,True,False
169353,Giải trí,56,156,10853,13,35,2451,True,True,True,False
262261,Đời sống,58,132,610,14,29,131,True,True,True,False
178534,Giáo dục,63,148,1747,13,31,375,True,True,True,False
35132,Thế giới,71,149,1787,15,34,389,True,True,True,False
246620,Thời sự,79,206,1643,17,46,366,True,True,True,False
170219,Giải trí,70,129,2067,15,28,466,True,True,True,False
139151,Thời sự,50,258,2179,11,55,468,True,True,True,False
80099,Giải trí,66,127,3146,14,24,681,True,True,True,False
188173,Khoa học công nghệ,66,209,2770,14,48,605,True,True,True,False
214262,Thế giới,52,169,3147,12,39,694,True,True,True,False
91177,Giải trí,72,196,2347,17,46,525,True,True,True,False
21570,Kinh doanh,57,194,4033,13,42,893,True,True,True,False
131177,Thể thao,72,122,1908,16,29,407,True,True,True,False
71411,Đời sống,58,121,3469,14,28,780,True,True,True,False
4118,Giáo dục,70,229,5207,16,50,1132,True,True,True,False
79298,Du lịch,77,158,3314,17,34,715,True,True,True,False
126418,Thể thao,35,229,3455,8,51,767,True,True,True,False
93552,Giải trí,37,184,2263,9,38,500,True,True,True,False
193770,Kinh doanh,60,209,4923,13,44,1041,True,True,True,False
224728,Thể thao,62,118,3352,15,24,717,True,True,True,True
174015,Giáo dục,40,107,1659,9,25,347,True,True,True,False
247725,Xe,50,173,2376,11,37,522,True,True,True,False
52948,Khoa học công nghệ,85,146,2443,17,31,526,True,True,True,False
188684,Kinh doanh,73,182,4387,18,41,952,True,True,True,False
171105,Giải trí,79,181,3305,17,38,659,True,True,True,False
253883,Xe,73,193,5687,17,41,1237,True,True,True,False
249136,Xe,61,170,3907,13,37,839,True,True,True,False
208674,Sức khỏe,44,123,2788,12,31,644,True,True,True,False
173644,Giáo dục,68,184,2512,16,42,558,True,True,True,False
116592,Sức khỏe,46,160,1158,11,35,248,True,True,True,False
67447,Đời sống,77,137,4455,17,30,997,True,True,True,False
19202,Kinh doanh,60,234,3392,13,51,725,True,True,True,False
145928,Xe,68,202,2750,13,42,600,True,True,True,False
141148,Thời sự,47,153,3344,10,32,704,True,True,True,False
60856,Khoa học công nghệ,31,210,1732,7,46,374,True,True,True,False
55326,Khoa học công nghệ,54,160,3809,12,35,831,True,True,True,False
172838,Giáo dục,78,91,3408,16,18,722,True,True,True,False
217121,Thế giới,51,148,1411,12,34,299,True,True,True,False
73355,Đời sống,65,164,1539,15,39,343,True,True,True,False
237543,Thời sự,73,202,2002,16,45,445,True,True,True,False
71121,Đời sống,65,153,2633,15,36,589,True,True,True,False
173170,Giáo dục,67,142,2021,14,30,439,True,True,True,False
171387,Giải trí,77,121,2708,17,27,591,True,True,True,False
75916,Du lịch,25,166,4373,6,39,973,True,True,True,True
260790,Đời sống,67,126,2974,16,30,675,True,True,True,False
117323,Sức khỏe,57,240,3036,13,53,680,True,True,True,False
42964,Thời sự,77,110,7517,19,21,1707,True,True,True,False
227377,Thể thao,51,82,1059,9,15,215,True,True,True,False
249700,Xe,53,142,4075,13,31,912,True,True,True,False
255164,Xe,50,128,2200,12,28,499,True,True,True,False
31722,Sức khỏe,45,121,1889,10,26,416,True,True,True,False
237414,Thời sự,60,176,3256,14,39,722,True,True,True,False
196649,Kinh doanh,80,236,4117,18,51,880,True,True,True,False
7445,Giải trí,47,129,3982,11,28,859,True,True,True,False
74976,Du lịch,54,121,5605,12,27,1244,True,True,True,False
182517,Khoa học công nghệ,78,208,5266,18,46,1139,True,True,True,False
178065,Giáo dục,72,134,1162,17,30,256,True,True,True,False
75901,Du lịch,59,262,2820,14,57,636,True,True,True,False
259817,Đời sống,78,142,2808,18,31,608,True,True,True,False
43039,Thời sự,76,185,4569,19,43,1014,True,True,True,False
232896,Thể thao,47,113,1120,10,25,229,True,True,True,False
226086,Thể thao,63,149,2182,13,30,466,True,True,True,False
258687,Đời sống,80,147,2286,19,33,511,True,True,True,False
109266,Kinh doanh,70,131,2840,16,28,603,True,True,True,False
93317,Giải trí,75,149,3311,17,34,744,True,True,True,False
147018,Xe,55,126,3056,13,30,702,True,True,True,False
250016,Xe,80,146,2192,19,34,497,True,True,True,False
165645,Giải trí,57,133,1742,13,32,395,True,True,True,False
119896,Thế giới,65,142,2674,14,31,580,True,True,True,False
111777,Kinh doanh,69,234,704,16,54,153,True,True,True,False
153801,Du lịch,55,169,13101,11,37,2907,True,True,True,False
151374,Bất động sản,52,186,4276,12,39,913,True,True,True,False
37105,Thể thao,66,211,1718,14,47,369,True,True,True,False
118490,Thế giới,79,157,1888,16,34,407,True,True,True,False
232449,Thể thao,54,148,5850,10,31,1248,True,True,True,False
105718,Kinh doanh,60,286,2319,16,64,531,True,True,True,False
132779,Thời sự,76,116,2086,15,24,444,True,True,True,False
38301,Thể thao,57,160,4151,12,35,930,True,True,True,False
133621,Thời sự,77,172,1420,18,40,306,True,True,True,False
147476,Xe,78,121,2609,17,27,567,True,True,True,False
200622,Kinh doanh,51,167,4857,11,37,1050,True,True,True,False
102479,Giáo dục,72,250,10183,15,53,2166,True,True,True,False
59531,Khoa học công nghệ,54,221,1570,9,47,332,True,True,True,False
258748,Đời sống,72,122,5572,17,28,1244,True,True,True,False
13111,Giải trí,63,160,6304,14,34,1347,True,True,True,False
217555,Thế giới,57,170,3302,13,37,697,True,True,True,False
22126,Kinh doanh,59,212,3479,11,46,753,True,True,True,False
88011,Giải trí,60,159,2556,14,33,565,True,True,True,False
114265,Sức khỏe,49,171,2332,11,34,476,True,True,True,True
27380,Pháp luật,75,190,3655,17,41,831,True,True,True,False
73444,Đời sống,73,198,3328,18,45,757,True,True,True,False
34646,Thế giới,44,133,1608,10,25,353,True,True,True,False
151666,Bất động sản,75,245,4591,18,56,1028,True,True,True,False
148688,Bất động sản,67,203,4890,12,43,1037,True,True,True,False
229084,Thể thao,67,129,6117,12,23,1192,True,True,True,False
86828,Giải trí,38,117,2820,9,26,624,True,True,True,False
17252,Khoa học công nghệ,53,214,4416,11,43,941,True,True,True,False
148081,Xe,84,242,3608,17,52,783,True,True,True,False
254218,Xe,77,162,2022,19,37,447,True,True,True,False
88074,Giải trí,52,201,4169,12,44,907,True,True,True,False
239500,Thời sự,64,173,1315,14,38,280,True,True,True,False
106953,Kinh doanh,51,244,2507,12,57,552,True,True,True,False
252805,Xe,79,179,2852,18,42,598,True,True,True,False
55240,Khoa học công nghệ,53,151,2003,11,34,441,True,True,True,False
239620,Thời sự,56,170,1868,12,39,403,True,True,True,False
116824,Sức khỏe,73,349,13696,17,76,2837,True,True,True,False
88135,Giải trí,64,127,2523,14,29,551,True,True,True,False
214760,Thế giới,67,141,2262,15,31,481,True,True,True,False
201516,Kinh doanh,74,187,2951,16,40,647,True,True,True,False
188705,Kinh doanh,54,142,1290,14,34,284,True,True,True,False
10654,Giải trí,82,181,3300,19,41,705,True,True,True,False
91220,Giải trí,58,154,2094,12,36,459,True,True,True,False
38598,Thể thao,52,181,2601,11,38,556,True,True,True,False
70687,Đời sống,68,186,3615,16,43,815,True,True,True,False
209444,Sức khỏe,69,167,1832,16,39,390,True,True,True,False
9426,Giải trí,45,152,3670,10,34,807,True,True,True,False
4005,Giáo dục,40,155,7268,10,36,1585,True,True,True,False
251958,Xe,64,172,3664,15,40,802,True,True,True,False
222471,Thể thao,42,96,1511,10,21,328,True,True,True,False
3315,Giáo dục,73,155,3054,17,34,673,True,True,True,False
209184,Sức khỏe,69,224,4600,17,52,1036,True,True,True,False
97980,Giáo dục,71,244,2442,17,53,530,True,True,True,False
182102,Khoa học công nghệ,67,118,3120,11,25,657,True,True,True,False
190635,Kinh doanh,78,114,3574,16,25,754,True,True,True,False
87415,Giải trí,20,118,2337,5,26,518,True,True,True,False
239959,Thời sự,66,153,2169,16,35,467,True,True,True,False
162267,Giải trí,47,125,3687,11,28,808,True,True,True,False
186607,Khoa học công nghệ,69,186,7117,14,40,1554,True,True,True,False
124406,Thể thao,84,146,2484,19,31,568,True,True,True,False
145775,Xe,64,160,2185,12,35,480,True,True,True,False
259397,Đời sống,67,197,4348,16,45,960,True,True,True,False
170495,Giải trí,71,214,6040,16,49,1302,True,True,True,False
49472,Xe,41,61,3315,10,16,752,True,True,True,False
173497,Giáo dục,49,152,853,10,33,174,True,True,True,False
240392,Thời sự,80,124,1810,18,27,402,True,True,True,False
6609,Giải trí,62,125,4819,15,27,1036,True,True,True,False
214150,Thế giới,80,206,3848,19,46,860,True,True,True,False
154725,Du lịch,69,205,3114,15,47,670,True,True,True,False
183647,Khoa học công nghệ,24,175,6485,6,37,1398,True,True,True,False
262990,Đời sống,74,170,3679,17,37,787,True,True,True,False
220113,Thể thao,59,159,3868,13,35,834,True,True,True,False
147699,Xe,72,170,2377,17,39,523,True,True,True,False
53558,Khoa học công nghệ,61,185,2600,13,40,557,True,True,True,False
48394,Xe,97,95,3919,22,20,851,True,True,True,False
225068,Thể thao,43,147,846,8,30,175,True,True,True,False
92457,Giải trí,62,157,2835,14,34,630,True,True,True,False
117545,Sức khỏe,70,302,4574,16,67,1000,True,True,True,False
2246,Du lịch,63,172,3103,13,37,650,True,True,True,False
62522,Khoa học công nghệ,38,123,2358,9,26,512,True,True,True,False
79011,Du lịch,65,172,2687,13,36,597,True,True,True,False
114619,Sức khỏe,77,158,5452,15,35,1107,True,True,True,False
56726,Khoa học công nghệ,46,159,2373,10,35,521,True,True,True,False
164101,Giải trí,66,135,2241,15,31,489,True,True,True,False
239021,Thời sự,70,125,2279,15,27,506,True,True,True,False
2003,Du lịch,58,153,3927,14,36,862,True,True,True,False
205747,Sức khỏe,67,91,2351,16,20,512,True,True,True,False
190540,Kinh doanh,74,204,5399,17,47,1172,True,True,True,False
130731,Thể thao,63,252,3030,14,51,645,True,True,True,False
102603,Giáo dục,70,192,7110,16,41,1605,True,True,True,False
202172,Kinh doanh,57,226,3616,11,50,785,True,True,True,False
211177,Sức khỏe,61,238,4695,13,50,1028,True,True,True,False
22677,Kinh doanh,66,123,3249,14,26,669,True,True,True,False
37659,Thể thao,78,127,1993,18,29,437,True,True,True,False
256914,Đời sống,80,147,2550,18,32,567,True,True,True,False
144961,Xe,59,210,3217,15,49,752,True,True,True,False
174006,Giáo dục,67,211,3146,15,45,672,True,True,True,False
139309,Thời sự,68,139,2231,15,29,473,True,True,True,False
242978,Thời sự,75,170,794,18,38,177,True,True,True,False
178002,Giáo dục,67,132,1390,16,30,308,True,True,True,False
239542,Thời sự,76,202,1167,16,42,260,True,True,True,False
243833,Thời sự,62,143,2817,14,30,625,True,True,True,False
144804,Xe,82,245,2361,16,52,492,True,True,True,False
115746,Sức khỏe,66,351,5252,15,80,1143,True,True,True,False
199869,Kinh doanh,72,221,2595,17,50,571,True,True,True,False
241070,Thời sự,60,172,2612,14,40,559,True,True,True,False
53703,Khoa học công nghệ,54,108,1698,12,25,361,True,True,True,False
146128,Xe,71,178,3103,17,40,687,True,True,True,False
82786,Giải trí,61,136,2898,13,29,655,True,True,True,False
223259,Thể thao,61,133,2549,14,29,538,True,True,True,False
238370,Thời sự,76,187,4060,18,42,899,True,True,True,False
56149,Khoa học công nghệ,62,92,2195,14,20,479,True,True,True,False
27469,Pháp luật,46,132,4592,12,32,1019,True,True,True,False
226545,Thể thao,71,197,1415,15,44,284,True,True,True,False
130334,Thể thao,56,215,1349,13,49,295,True,True,True,False
207740,Sức khỏe,47,111,2636,11,25,572,True,True,True,False
225585,Thể thao,53,106,1590,12,23,337,True,True,True,False
209710,Sức khỏe,58,151,2853,12,35,623,True,True,True,False
165252,Giải trí,72,160,2171,15,35,449,True,True,True,False
102842,Giáo dục,65,185,2669,14,41,556,True,True,True,False
263888,Đời sống,32,178,3327,6,41,718,True,True,True,False
175705,Giáo dục,64,242,2581,16,54,563,True,True,True,False
236685,Thể thao,69,123,253,16,28,55,True,True,True,False
254463,Xe,79,172,4344,16,35,924,True,True,True,False
57091,Khoa học công nghệ,58,126,1470,14,28,331,True,True,True,False
41560,Thể thao,67,87,1628,12,18,344,True,True,True,False
215913,Thế giới,61,152,1208,15,31,273,True,True,True,False
138077,Thời sự,66,113,4908,15,25,1055,True,True,True,False
124963,Thể thao,77,192,3355,18,43,758,True,True,True,False
240214,Thời sự,61,120,891,15,28,200,True,True,True,False
209423,Sức khỏe,59,129,2362,15,29,529,True,True,True,False
17821,Kinh doanh,55,243,5096,12,47,1017,True,True,True,False
210506,Sức khỏe,48,120,5687,11,26,1245,True,True,True,False
13663,Giải trí,42,166,2616,9,35,548,True,True,True,False
55892,Khoa học công nghệ,34,176,1680,6,35,371,True,True,True,False
190151,Kinh doanh,59,185,3705,13,41,790,True,True,True,False
9763,Giải trí,75,179,6102,17,40,1278,True,True,True,False
72255,Đời sống,79,141,1750,18,32,396,True,True,True,False
203975,Pháp luật,42,86,1408,10,19,311,True,True,True,False
97266,Giáo dục,64,210,1946,15,43,429,True,True,True,False
239579,Thời sự,76,174,3896,18,39,846,True,True,True,False
6871,Giải trí,58,181,3771,13,38,810,True,True,True,False
184608,Khoa học công nghệ,39,183,2382,9,40,504,True,True,True,False
236881,Thời sự,56,183,4692,11,39,1006,True,True,True,False
204796,Pháp luật,66,162,2671,15,39,612,True,True,True,False
97663,Giáo dục,72,156,7471,14,34,1611,True,True,True,False
200288,Kinh doanh,43,183,2496,10,42,549,True,True,True,False
145723,Xe,42,142,1966,9,31,431,True,True,True,False
120836,Thế giới,84,216,4226,18,45,889,True,True,True,False
152964,Bất động sản,67,159,3707,16,37,821,True,True,True,False
168879,Giải trí,49,149,2211,10,34,489,True,True,True,False
87058,Giải trí,60,203,2765,14,44,616,True,True,True,False
237613,Thời sự,75,195,1631,17,47,363,True,True,True,False
193707,Kinh doanh,56,186,2821,14,42,614,True,True,True,False
190220,Kinh doanh,72,167,1740,13,34,341,True,True,True,False
34650,Thế giới,78,140,2331,18,31,483,True,True,True,False
138899,Thời sự,52,127,1591,13,28,354,True,True,True,False
86519,Giải trí,35,90,2577,9,22,567,True,True,True,False
201103,Kinh doanh,63,150,2573,13,31,557,True,True,True,False
246551,Thời sự,79,164,1034,20,38,225,True,True,True,False
232187,Thể thao,38,107,1369,6,21,285,True,True,True,False
144855,Xe,52,114,2382,11,25,514,True,True,True,False
49288,Xe,94,191,3060,19,45,667,True,True,True,False
102486,Giáo dục,54,245,5866,13,51,1296,True,True,True,False
168646,Giải trí,65,169,3233,15,37,692,True,True,True,False
120527,Thế giới,64,168,2274,16,38,508,True,True,True,False
71307,Đời sống,80,154,5739,17,37,1298,True,True,True,False
55713,Khoa học công nghệ,42,132,1520,9,31,330,True,True,True,False
110178,Kinh doanh,67,121,1551,15,26,335,True,True,True,False
175911,Giáo dục,80,163,4651,19,37,1007,True,True,True,False
173426,Giáo dục,72,165,1817,17,36,382,True,True,True,False
83169,Giải trí,45,198,3593,10,43,789,True,True,True,False
135998,Thời sự,69,222,3696,15,50,827,True,True,True,False
4640,Giáo dục,64,134,2393,15,31,521,True,True,True,False
175910,Giáo dục,74,143,6665,17,33,1445,True,True,True,False
219713,Thể thao,61,157,1296,15,37,287,True,True,True,False
256302,Đời sống,80,157,3531,17,34,783,True,True,True,False
1983,Du lịch,40,217,3053,9,47,686,True,True,True,False
11556,Giải trí,54,153,4293,12,34,965,True,True,True,False
93774,Giải trí,63,144,1982,14,31,439,True,True,True,False
7720,Giải trí,82,194,4634,17,42,950,True,True,True,False
14110,Giải trí,90,150,3593,20,34,758,True,True,True,False
33051,Thế giới,62,179,3176,13,41,696,True,True,True,False
257429,Đời sống,74,159,3705,17,35,841,True,True,True,False
237601,Thời sự,78,159,2035,18,33,441,True,True,True,False
39996,Thể thao,53,151,3341,12,31,718,True,True,True,False
123045,Thế giới,78,162,4644,17,35,990,True,True,True,False
16294,Giải trí,47,121,2036,9,27,433,True,True,True,False
5550,Giáo dục,57,124,2991,14,29,671,True,True,True,False
238492,Thời sự,51,153,1615,12,35,354,True,True,True,False
40207,Thể thao,89,181,1888,18,37,414,True,True,True,False
222982,Thể thao,53,119,1575,11,27,355,True,True,True,False
242802,Thời sự,65,147,3349,16,35,748,True,True,True,False
158304,Giải trí,69,136,1563,18,30,354,True,True,True,False
9196,Giải trí,48,125,4350,10,26,905,True,True,True,False
7509,Giải trí,79,134,2022,17,27,415,True,True,True,False
195469,Kinh doanh,70,176,3901,16,37,851,True,True,True,False
142001,Thời sự,41,201,7026,9,44,1568,True,True,True,False
156621,Giải trí,73,232,1613,16,53,360,True,True,True,False
6607,Giải trí,51,141,4140,12,30,873,True,True,True,False
42737,Thời sự,27,160,7051,7,37,1594,True,True,True,False
32448,Thế giới,49,168,5302,10,34,1113,True,True,True,False
144421,Xe,86,260,3433,18,58,776,True,True,True,False
41468,Thể thao,69,124,2074,15,25,433,True,True,True,False
14229,Giải trí,69,231,2538,16,49,544,True,True,True,False
212138,Sức khỏe,78,136,2656,18,30,583,True,True,True,False
35855,Thế giới,54,103,4042,11,22,877,True,True,True,False
259354,Đời sống,70,187,4581,17,41,1025,True,True,True,False
152626,Bất động sản,76,176,3394,16,38,746,True,True,True,False
195732,Kinh doanh,47,125,2839,10,27,589,True,True,True,False
251374,Xe,61,165,1176,13,37,256,True,True,True,False
77573,Du lịch,48,344,2805,12,79,621,True,True,True,False
84123,Giải trí,81,131,2361,17,28,517,True,True,True,False
115527,Sức khỏe,66,229,5510,17,47,1170,True,True,True,False
209834,Sức khỏe,74,212,1978,17,46,422,True,True,True,False
209142,Sức khỏe,60,134,2295,15,31,511,True,True,True,False
129185,Thể thao,53,246,2469,11,53,542,True,True,True,False
252208,Xe,40,119,4687,10,27,1051,True,True,True,False
151365,Bất động sản,63,187,1572,14,40,338,True,True,True,False
46936,Thời sự,50,164,3456,11,35,770,True,True,True,False
211731,Sức khỏe,57,192,2399,14,42,509,True,True,True,False
218692,Thế giới,53,181,1916,11,40,403,True,True,True,False
54523,Khoa học công nghệ,45,168,2373,10,36,514,True,True,True,False
5742,Giáo dục,65,125,4678,14,28,1001,True,True,True,False
228387,Thể thao,32,89,1148,7,19,233,True,True,True,False
103047,Giáo dục,72,163,4235,14,37,934,True,True,True,False
63672,Khoa học công nghệ,59,110,1732,14,24,375,True,True,True,False
245914,Thời sự,71,229,3790,18,48,821,True,True,True,False
69356,Đời sống,71,154,1517,18,38,361,True,True,True,False
12280,Giải trí,80,192,3212,17,43,698,True,True,True,False
200598,Kinh doanh,71,176,2907,15,38,618,True,True,True,False
107774,Kinh doanh,65,151,2522,14,34,558,True,True,True,False
119237,Thế giới,61,194,2620,14,44,550,True,True,True,False
43524,Thời sự,72,113,7247,18,24,1646,True,True,True,False
120416,Thế giới,76,199,3913,14,40,808,True,True,True,False
230732,Thể thao,49,110,1078,10,21,225,True,True,True,False
190986,Kinh doanh,68,150,3233,15,30,662,True,True,True,False
240581,Thời sự,78,208,2254,18,47,512,True,True,True,False
173661,Giáo dục,70,157,1653,16,37,368,True,True,True,False
217012,Thế giới,66,171,1314,14,38,283,True,True,True,False
99931,Giáo dục,73,260,6210,16,59,1371,True,True,True,False
225822,Thể thao,51,120,1259,11,24,250,True,True,True,False
102893,Giáo dục,77,280,3186,17,61,683,True,True,True,False
115003,Sức khỏe,75,189,1343,15,41,281,True,True,True,False
98240,Giáo dục,54,254,5637,13,56,1222,True,True,True,False
1510,Du lịch,56,103,3603,12,24,772,True,True,True,True
103684,Giáo dục,39,241,2232,9,52,489,True,True,True,False
181655,Khoa học công nghệ,50,161,4519,11,36,979,True,True,True,False
85215,Giải trí,47,140,2291,12,33,505,True,True,True,False
66051,Đời sống,80,135,3212,17,29,699,True,True,True,False
25037,Kinh doanh,85,141,2574,16,27,535,True,True,True,False
174392,Giáo dục,56,190,2714,12,42,572,True,True,True,False
117926,Thế giới,62,178,1515,16,41,340,True,True,True,False
52783,Khoa học công nghệ,60,299,7193,11,60,1517,True,True,True,False
198266,Kinh doanh,73,247,4377,14,55,931,True,True,True,False
182321,Khoa học công nghệ,36,156,1395,7,34,301,True,True,True,False
45120,Thời sự,14,89,1042,3,22,245,True,True,True,False
241928,Thời sự,63,155,1537,15,34,329,True,True,True,False
79560,Du lịch,51,157,2223,12,34,471,True,True,True,False
198097,Kinh doanh,54,221,3900,11,47,838,True,True,True,False
73028,Đời sống,86,142,5155,20,33,1143,True,True,True,False
251751,Xe,80,216,5303,19,51,1160,True,True,True,False
252718,Xe,58,146,1653,13,33,359,True,True,True,False
79099,Du lịch,62,147,2088,12,32,448,True,True,True,False
225317,Thể thao,70,114,2119,13,22,444,True,True,True,False
241469,Thời sự,31,155,2589,8,37,584,True,True,True,False
14067,Giải trí,45,139,4156,9,28,868,True,True,True,False
249942,Xe,69,230,2049,16,55,445,True,True,True,False
58588,Khoa học công nghệ,64,117,1432,14,26,310,True,True,True,False
36199,Thế giới,83,218,2576,18,47,554,True,True,True,False
55744,Khoa học công nghệ,58,121,2306,12,25,490,True,True,True,False
109037,Kinh doanh,80,310,8330,17,65,1791,True,True,True,False
215131,Thế giới,58,159,2191,13,37,472,True,True,True,False
26345,Pháp luật,68,97,1896,16,23,407,True,True,True,False
220524,Thể thao,50,106,1069,11,23,225,True,True,True,False
13837,Giải trí,56,165,3812,11,34,799,True,True,True,False
138620,Thời sự,65,168,6178,15,37,1360,True,True,True,False
229142,Thể thao,49,124,3599,8,26,731,True,True,True,False
117665,Thế giới,35,144,3649,8,32,807,True,True,True,False
211428,Sức khỏe,60,196,3217,13,40,670,True,True,True,False
205401,Sức khỏe,66,135,3726,15,29,825,True,True,True,True
192378,Kinh doanh,62,180,4582,12,37,958,True,True,True,False
476,Bất động sản,93,183,3646,21,42,819,True,True,True,False
33968,Thế giới,70,177,3571,15,39,774,True,True,True,False
112177,Kinh doanh,41,127,2007,10,29,446,True,True,True,False
88460,Giải trí,74,183,4251,17,39,919,True,True,True,False
2491,Giáo dục,86,152,4456,18,31,1047,True,True,True,False
216624,Thế giới,79,177,2815,16,38,584,True,True,True,False
262385,Đời sống,73,125,3048,18,30,666,True,True,True,False
137725,Thời sự,78,181,1077,16,39,237,True,True,True,False
150603,Bất động sản,46,140,4107,10,31,895,True,True,True,False
82287,Giải trí,68,348,8783,13,74,1937,True,True,True,False
97588,Giáo dục,73,192,1557,15,41,334,True,True,True,False
178522,Giáo dục,51,117,2299,11,25,507,True,True,True,False
34361,Thế giới,55,123,2731,12,25,601,True,True,True,False
80675,Giải trí,70,180,2388,16,42,543,True,True,True,False
210409,Sức khỏe,32,123,973,8,27,212,True,True,True,False
211180,Sức khỏe,56,140,1486,13,32,323,True,True,True,False
240970,Thời sự,37,172,3500,10,38,769,True,True,True,False
20747,Kinh doanh,71,202,5586,15,43,1178,True,True,True,False
255085,Xe,26,151,2681,5,36,609,True,True,True,True
144566,Xe,77,251,2876,16,54,615,True,True,True,False
6124,Giáo dục,71,207,5764,15,44,1252,True,True,True,False
40876,Thể thao,57,150,1562,13,29,343,True,True,True,False
88498,Giải trí,51,151,2931,14,35,620,True,True,True,False
114413,Sức khỏe,64,150,1064,16,35,225,True,True,True,False
54692,Khoa học công nghệ,66,180,1681,13,38,367,True,True,True,False
25441,Kinh doanh,79,188,5946,15,39,1239,True,True,True,False
151621,Bất động sản,80,129,1765,17,30,395,True,True,True,False
108211,Kinh doanh,36,217,13866,9,48,3014,True,True,True,False
90444,Giải trí,52,140,2328,12,30,507,True,True,True,False
177308,Giáo dục,63,165,3273,14,36,722,True,True,True,False
66691,Đời sống,80,109,2189,17,23,479,True,True,True,False
23660,Kinh doanh,89,161,7403,19,38,1609,True,True,True,False
153953,Du lịch,73,230,3129,16,49,660,True,True,True,False
109642,Kinh doanh,54,195,2814,13,45,641,True,True,True,False
122115,Thế giới,71,180,3636,14,38,758,True,True,True,False
71790,Đời sống,76,111,1688,16,24,379,True,True,True,False
34369,Thế giới,22,118,4928,5,26,1045,True,True,True,False
246221,Thời sự,69,247,1680,18,60,383,True,True,True,False
26199,Pháp luật,73,97,2033,16,22,439,True,True,True,False
107980,Kinh doanh,49,224,3189,11,47,685,True,True,True,False
248070,Xe,71,141,3277,16,30,707,True,True,True,False
20767,Kinh doanh,98,131,4871,22,30,1057,True,True,True,False
26490,Pháp luật,55,123,2496,13,27,540,True,True,True,False
154309,Du lịch,76,228,2918,17,49,651,True,True,True,False
175627,Giáo dục,76,249,3059,17,55,675,True,True,True,False
265286,Đời sống,68,110,3451,15,22,773,True,True,True,False
107683,Kinh doanh,68,153,2630,15,31,587,True,True,True,False
56468,Khoa học công nghệ,74,110,1763,17,24,374,True,True,True,False
153138,Bất động sản,66,154,1334,14,35,299,True,True,True,False
41052,Thể thao,64,135,3248,13,30,698,True,True,True,False
128654,Thể thao,75,287,3581,14,59,729,True,True,True,False
67864,Đời sống,84,237,2736,17,49,604,True,True,True,False
220373,Thể thao,48,136,2059,11,29,445,True,True,True,False
343,Bất động sản,58,223,14711,13,49,3279,True,True,True,False
76880,Du lịch,70,314,3885,15,68,835,True,True,True,False
212118,Sức khỏe,36,123,3007,8,27,660,True,True,True,True
108408,Kinh doanh,65,244,3315,13,57,770,True,True,True,False
50068,Xe,48,152,2465,12,34,564,True,True,True,False
220015,Thể thao,65,119,2474,14,25,514,True,True,True,False
203790,Pháp luật,63,139,1712,14,29,358,True,True,True,False
184599,Khoa học công nghệ,65,224,4220,14,48,921,True,True,True,False
179825,Giáo dục,53,107,654,11,24,134,True,True,True,False
166687,Giải trí,76,162,3601,16,35,798,True,True,True,False
232328,Thể thao,50,119,2256,12,24,463,True,True,True,False
74069,Đời sống,80,163,1743,18,33,371,True,True,True,False
56309,Khoa học công nghệ,59,196,4494,12,42,958,True,True,True,False
26200,Pháp luật,66,161,2709,15,37,591,True,True,True,False
93616,Giải trí,67,239,3315,16,53,747,True,True,True,False
238896,Thời sự,79,167,2364,19,38,526,True,True,True,False
71318,Đời sống,58,121,3212,14,28,727,True,True,True,True
86779,Giải trí,74,146,3756,16,33,835,True,True,True,False
119425,Thế giới,56,205,2074,12,42,451,True,True,True,False
124609,Thể thao,82,217,2538,17,48,550,True,True,True,False
136232,Thời sự,74,185,2358,16,41,506,True,True,True,False
146548,Xe,51,146,4169,13,35,941,True,True,True,False
184810,Khoa học công nghệ,66,180,3975,14,35,854,True,True,True,False
15724,Giải trí,61,162,2321,14,37,483,True,True,True,False
216714,Thế giới,75,169,836,16,36,173,True,True,True,False
128804,Thể thao,96,206,3464,21,46,757,True,True,True,False
13493,Giải trí,66,93,2160,14,21,470,True,True,True,False
197419,Kinh doanh,79,212,3573,18,48,788,True,True,True,False
160035,Giải trí,71,120,3911,18,27,869,True,True,True,False
12749,Giải trí,69,146,2933,15,33,633,True,True,True,False
53938,Khoa học công nghệ,56,162,2706,12,35,590,True,True,True,False
133755,Thời sự,60,173,6689,13,40,1433,True,True,True,False
223302,Thể thao,60,155,2636,12,30,569,True,True,True,False
227041,Thể thao,51,108,1108,11,23,230,True,True,True,False
52020,Xe,75,54,1847,15,13,397,True,True,True,False
34276,Thế giới,65,146,2118,13,31,450,True,True,True,False
202919,Kinh doanh,67,206,1960,15,42,404,True,True,True,False
222595,Thể thao,54,130,1800,12,30,408,True,True,True,False
251331,Xe,50,117,1079,11,26,224,True,True,True,False
46920,Thời sự,67,107,1317,14,23,305,True,True,True,False
176513,Giáo dục,69,224,2259,18,51,515,True,True,True,False
35419,Thế giới,58,189,4068,13,43,871,True,True,True,False
208400,Sức khỏe,45,95,1607,11,21,337,True,True,True,False
182470,Khoa học công nghệ,76,220,3364,14,46,727,True,True,True,False
235366,Thể thao,65,152,1024,14,30,214,True,True,True,False
96537,Giáo dục,73,180,4432,16,39,955,True,True,True,False
97531,Giáo dục,74,183,2705,14,35,566,True,True,True,False
72046,Đời sống,51,186,3447,12,40,769,True,True,True,False
124231,Thể thao,90,205,3084,17,42,631,True,True,True,False
142844,Thời sự,61,219,1897,14,49,415,True,True,True,False
56313,Khoa học công nghệ,70,102,1604,15,22,343,True,True,True,False
26621,Pháp luật,82,180,3623,17,39,793,True,True,True,False
129914,Thể thao,77,306,2911,17,65,620,True,True,True,False
129293,Thể thao,66,198,4640,15,45,1035,True,True,True,False
154164,Du lịch,80,128,1863,18,28,403,True,True,True,False
119456,Thế giới,47,155,2120,10,32,468,True,True,True,False
23558,Kinh doanh,82,221,26089,18,48,5681,True,True,True,False
144003,Xe,72,184,2642,15,38,587,True,True,True,False
124074,Thể thao,33,235,4073,7,45,890,True,True,True,False
138509,Thời sự,39,198,1710,10,48,392,True,True,True,False
227174,Thể thao,66,149,2773,13,27,576,True,True,True,False
1394,Du lịch,67,147,3001,15,33,650,True,True,True,False
81864,Giải trí,66,172,2097,17,39,471,True,True,True,False
218963,Thể thao,60,132,1678,13,29,359,True,True,True,False
251189,Xe,58,124,1206,13,28,264,True,True,True,False
237980,Thời sự,70,249,2032,15,56,448,True,True,True,False
47614,Xe,61,219,3708,14,48,782,True,True,True,False
55345,Khoa học công nghệ,46,138,3429,9,29,749,True,True,True,False
183021,Khoa học công nghệ,54,99,5718,13,23,1274,True,True,True,False
62308,Khoa học công nghệ,56,145,4157,12,30,890,True,True,True,False
196594,Kinh doanh,51,108,1881,12,25,415,True,True,True,False
150380,Bất động sản,77,116,4154,17,25,932,True,True,True,False
127933,Thể thao,88,188,3405,20,40,728,True,True,True,False
175140,Giáo dục,69,171,7591,15,37,1580,True,True,True,False
57027,Khoa học công nghệ,39,165,2285,7,37,478,True,True,True,False
38975,Thể thao,70,187,1610,17,42,348,True,True,True,False
217827,Thế giới,52,172,928,12,36,203,True,True,True,False
85458,Giải trí,61,217,3675,15,50,825,True,True,True,False
19026,Kinh doanh,41,215,2386,9,45,504,True,True,True,False
213066,Sức khỏe,59,139,2846,13,31,615,True,True,True,False
213632,Sức khỏe,55,138,1626,12,31,348,True,True,True,False
74304,Đời sống,67,200,4486,16,42,1001,True,True,True,False
54674,Khoa học công nghệ,56,124,2365,11,26,499,True,True,True,False
116876,Sức khỏe,74,158,2371,16,37,480,True,True,True,False
255388,Xe,61,194,4181,14,45,964,True,True,True,False
148339,Xe,48,165,1153,12,35,258,True,True,True,False
264102,Đời sống,41,137,2509,10,29,538,True,True,True,False
93045,Giải trí,75,236,3076,16,50,678,True,True,True,False
180947,Giáo dục,68,128,2605,13,29,554,True,True,True,False
45361,Thời sự,69,133,2590,15,27,593,True,True,True,False
190613,Kinh doanh,80,225,3065,16,45,647,True,True,True,False
238750,Thời sự,69,128,3653,16,27,768,True,True,True,False
265016,Đời sống,76,165,2508,18,37,577,True,True,True,False
97616,Giáo dục,77,168,2430,17,40,550,True,True,True,False
159913,Giải trí,60,154,1128,13,32,228,True,True,True,False
105938,Kinh doanh,56,256,3607,13,60,798,True,True,True,False
155778,Du lịch,72,189,2883,18,43,643,True,True,True,False
86221,Giải trí,67,160,3833,14,34,871,True,True,True,False
110565,Kinh doanh,71,101,1923,15,22,419,True,True,True,False
113886,Kinh doanh,42,127,1908,10,27,406,True,True,True,False
13738,Giải trí,86,185,3364,17,38,713,True,True,True,False
160512,Giải trí,76,80,1573,17,18,345,True,True,True,False
205785,Sức khỏe,77,181,5147,17,37,1117,True,True,True,False
248560,Xe,64,157,2103,14,37,475,True,True,True,False
53384,Khoa học công nghệ,73,153,2485,16,31,530,True,True,True,False
209038,Sức khỏe,77,166,1648,17,36,367,True,True,True,False
91859,Giải trí,63,172,2537,13,37,545,True,True,True,False
18084,Kinh doanh,59,225,5155,14,48,1037,True,True,True,False
5619,Giáo dục,60,119,3330,13,26,716,True,True,True,False
96825,Giáo dục,21,301,3195,5,67,704,True,True,True,False
51116,Xe,62,134,3248,15,30,701,True,True,True,False
56351,Khoa học công nghệ,56,76,1984,11,18,414,True,True,True,False
57516,Khoa học công nghệ,49,81,1533,10,16,325,True,True,True,False
204697,Pháp luật,36,176,1853,9,39,396,True,True,True,False
89749,Giải trí,49,230,2238,10,47,497,True,True,True,False
142083,Thời sự,45,178,1903,10,39,428,True,True,True,False
245346,Thời sự,57,204,2172,14,48,484,True,True,True,False
124308,Thể thao,87,224,2820,17,48,608,True,True,True,False
171865,Giải trí,75,138,2386,17,34,536,True,True,True,False
119382,Thế giới,63,208,3585,14,42,802,True,True,True,False
8570,Giải trí,69,149,3669,14,31,793,True,True,True,False
205878,Sức khỏe,60,136,3784,11,29,801,True,True,True,False
130456,Thể thao,72,174,1932,14,38,399,True,True,True,False
159833,Giải trí,43,126,1634,11,28,361,True,True,True,False
71192,Đời sống,64,121,3284,17,28,738,True,True,True,False
121124,Thế giới,68,120,4635,14,26,983,True,True,True,False
38167,Thể thao,55,194,1957,12,41,415,True,True,True,False
48790,Xe,73,111,6117,17,22,1329,True,True,True,False
87099,Giải trí,31,111,2571,7,25,575,True,True,True,False
71462,Đời sống,58,121,3334,14,28,754,True,True,True,False
191585,Kinh doanh,67,240,3901,17,56,878,True,True,True,False
182524,Khoa học công nghệ,73,219,299,16,48,65,True,True,True,False
186660,Khoa học công nghệ,51,214,4856,11,46,1046,True,True,True,False
249944,Xe,80,146,1574,20,34,346,True,True,True,False
115475,Sức khỏe,53,234,13996,12,51,2969,True,True,True,False
24502,Kinh doanh,80,129,1729,18,27,396,True,True,True,False
219436,Thể thao,45,114,1603,10,25,356,True,True,True,False
21651,Kinh doanh,42,247,5401,9,53,1165,True,True,True,False
117845,Thế giới,60,109,1813,15,24,381,True,True,True,False
136679,Thời sự,35,145,1411,7,31,302,True,True,True,False
212378,Sức khỏe,54,161,1814,12,36,394,True,True,True,False
130485,Thể thao,74,210,4590,16,42,974,True,True,True,False
34624,Thế giới,44,174,5178,10,39,1118,True,True,True,False
76489,Du lịch,54,150,3948,12,35,863,True,True,True,False
114567,Sức khỏe,15,177,1573,4,44,352,True,True,True,False
194836,Kinh doanh,80,217,2665,18,48,584,True,True,True,False
128852,Thể thao,72,165,2325,16,34,501,True,True,True,False
202169,Kinh doanh,65,184,6549,14,40,1383,True,True,True,False
239255,Thời sự,64,179,1184,15,41,256,True,True,True,False
233155,Thể thao,55,167,4010,13,39,859,True,True,True,False
63293,Khoa học công nghệ,75,141,3403,17,29,737,True,True,True,False
6148,Giáo dục,46,191,2637,10,44,551,True,True,True,False
75978,Du lịch,60,144,2861,14,32,640,True,True,True,False
110301,Kinh doanh,61,109,1986,13,24,439,True,True,True,False
197123,Kinh doanh,66,176,6059,14,38,1310,True,True,True,False
199675,Kinh doanh,65,248,2951,15,54,652,True,True,True,False
19896,Kinh doanh,62,210,3210,15,47,708,True,True,True,False
24571,Kinh doanh,60,198,1413,11,41,287,True,True,True,False
173789,Giáo dục,77,205,1276,17,46,291,True,True,True,False
203008,Kinh doanh,64,137,1359,15,31,292,True,True,True,False
88708,Giải trí,27,191,2581,7,43,588,True,True,True,False
20282,Kinh doanh,54,237,4753,12,51,1010,True,True,True,False
107216,Kinh doanh,72,237,2952,15,51,637,True,True,True,False
160006,Giải trí,42,101,2491,10,22,538,True,True,True,False
130891,Thể thao,72,249,1818,17,54,393,True,True,True,False
122239,Thế giới,59,117,3020,13,27,641,True,True,True,False
243457,Thời sự,76,147,1540,19,33,346,True,True,True,False
95958,Giáo dục,69,187,3194,16,44,678,True,True,True,False
211851,Sức khỏe,78,153,2633,18,34,557,True,True,True,False
98575,Giáo dục,71,179,4245,14,37,920,True,True,True,False
235122,Thể thao,61,122,389,15,29,86,True,True,True,False
57438,Khoa học công nghệ,53,110,2062,11,23,430,True,True,True,False
71097,Đời sống,58,121,3357,14,28,764,True,True,True,False
51069,Xe,71,217,3491,15,46,747,True,True,True,False
232484,Thể thao,63,134,655,13,27,95,True,True,True,False
148575,Bất động sản,58,213,4185,13,45,906,True,True,True,False
157345,Giải trí,78,158,1738,20,38,393,True,True,True,False
212599,Sức khỏe,59,101,3285,13,23,720,True,True,True,False
208076,Sức khỏe,61,107,1703,14,25,380,True,True,True,False
262112,Đời sống,56,211,3763,14,46,817,True,True,True,False
12610,Giải trí,72,151,2800,15,33,584,True,True,True,False
74143,Đời sống,78,273,3450,17,57,759,True,True,True,False
23265,Kinh doanh,62,161,2396,14,35,524,True,True,True,False
252080,Xe,66,158,2810,14,36,604,True,True,True,False
53516,Khoa học công nghệ,66,150,5531,14,33,1205,True,True,True,False
248989,Xe,57,170,2461,12,36,529,True,True,True,False
18762,Kinh doanh,45,138,4047,10,30,863,True,True,True,False
202756,Kinh doanh,75,183,4695,15,35,955,True,True,True,False
150992,Bất động sản,66,157,4611,15,31,995,True,True,True,False
2060,Du lịch,63,155,6585,14,37,1435,True,True,True,False
98645,Giáo dục,66,181,1851,15,41,395,True,True,True,False
56115,Khoa học công nghệ,51,84,1985,11,18,424,True,True,True,False
189643,Kinh doanh,71,202,6494,14,41,1334,True,True,True,False
99060,Giáo dục,56,146,1501,12,32,334,True,True,True,False
60556,Khoa học công nghệ,81,246,1923,17,45,415,True,True,True,False
31662,Sức khỏe,74,149,3094,17,33,706,True,True,True,False
127853,Thể thao,92,201,1800,18,41,388,True,True,True,False
94693,Giáo dục,72,197,7434,15,44,1610,True,True,True,False
84927,Giải trí,63,131,2976,14,30,658,True,True,True,False
15201,Giải trí,55,178,5368,12,38,1109,True,True,True,False
247952,Xe,64,115,2364,14,26,514,True,True,True,False
69720,Đời sống,47,133,3205,11,30,737,True,True,True,False
2818,Giáo dục,81,163,1288,17,34,279,True,True,True,False
77373,Du lịch,55,310,2575,13,71,582,True,True,True,False
219263,Thể thao,71,157,2234,15,35,488,True,True,True,False
61880,Khoa học công nghệ,46,119,1656,9,24,362,True,True,True,False
227912,Thể thao,63,212,2350,14,41,452,True,True,True,False
224236,Thể thao,71,174,1393,17,39,305,True,True,True,False
12284,Giải trí,84,178,2817,15,38,544,True,True,True,False
97395,Giáo dục,53,231,4945,11,53,1082,True,True,True,False
62799,Khoa học công nghệ,50,114,2597,11,25,549,True,True,True,False
55700,Khoa học công nghệ,62,105,2263,14,24,500,True,True,True,False
145458,Xe,72,122,2944,16,26,671,True,True,True,False
133333,Thời sự,67,218,3491,15,49,759,True,True,True,False
52982,Khoa học công nghệ,62,102,1970,14,23,428,True,True,True,False
249783,Xe,55,216,4378,11,48,953,True,True,True,False
194663,Kinh doanh,47,118,2052,11,27,429,True,True,True,False
252250,Xe,49,249,4721,11,55,1008,True,True,True,False
75460,Du lịch,80,131,4188,18,29,912,True,True,True,False
9471,Giải trí,65,144,2555,13,29,545,True,True,True,False
248208,Xe,67,143,3059,14,31,665,True,True,True,False
120743,Thế giới,41,112,1635,11,25,360,True,True,True,False
87102,Giải trí,51,123,2315,11,27,525,True,True,True,False
129729,Thể thao,69,257,5458,16,58,1213,True,True,True,False
157558,Giải trí,69,159,1464,14,32,317,True,True,True,False
147217,Xe,44,154,1419,11,34,319,True,True,True,False
26373,Pháp luật,59,92,2760,14,22,610,True,True,True,False
186731,Khoa học công nghệ,66,170,2588,16,38,577,True,True,True,False
168674,Giải trí,65,118,4452,15,27,959,True,True,True,False
661,Bất động sản,71,159,3592,17,34,773,True,True,True,False
211182,Sức khỏe,41,91,2056,10,22,452,True,True,True,False
106367,Kinh doanh,57,220,2425,12,47,514,True,True,True,False
41303,Thể thao,63,140,1386,13,30,282,True,True,True,False
79787,Du lịch,75,259,3227,18,58,679,True,True,True,False
222201,Thể thao,36,106,1779,9,24,395,True,True,True,False
163504,Giải trí,76,145,2811,17,33,612,True,True,True,False
78968,Du lịch,70,214,2000,15,45,446,True,True,True,False
213618,Sức khỏe,63,140,1500,14,30,329,True,True,True,False
258230,Đời sống,69,159,4931,16,34,1076,True,True,True,False
146920,Xe,63,179,2861,15,41,635,True,True,True,False
4950,Giáo dục,49,91,5243,11,19,1124,True,True,True,False
230284,Thể thao,54,93,1557,10,19,315,True,True,True,False
95165,Giáo dục,53,108,2810,12,22,607,True,True,True,False
250049,Xe,77,171,2868,16,38,621,True,True,True,False
234511,Thể thao,52,140,1969,7,28,406,True,True,True,False
248889,Xe,69,166,3771,15,35,823,True,True,True,False
219422,Thể thao,59,114,1559,13,26,334,True,True,True,False
41023,Thể thao,56,165,2988,13,37,664,True,True,True,False
160433,Giải trí,65,96,1042,15,23,235,True,True,True,False
81468,Giải trí,41,207,2573,9,46,566,True,True,True,False
22313,Kinh doanh,85,113,5322,20,25,1161,True,True,True,False
147874,Xe,73,210,3167,17,47,706,True,True,True,False
160644,Giải trí,73,182,1108,16,41,238,True,True,True,False
103869,Giáo dục,52,183,1607,10,37,347,True,True,True,False
190300,Kinh doanh,71,124,2738,17,30,590,True,True,True,False
137876,Thời sự,75,244,2301,18,55,517,True,True,True,False
183375,Khoa học công nghệ,64,105,4927,15,23,1056,True,True,True,False
239373,Thời sự,68,126,1135,19,28,252,True,True,True,False
216874,Thế giới,74,196,1069,16,43,232,True,True,True,False
204267,Pháp luật,71,163,2976,17,39,673,True,True,True,False
65400,Khoa học công nghệ,62,184,3877,14,40,855,True,True,True,False
47991,Xe,95,153,4214,20,34,918,True,True,True,False
233289,Thể thao,53,172,1495,10,38,314,True,True,True,False
132953,Thời sự,75,152,3177,16,34,684,True,True,True,False
52541,Xe,86,200,4999,19,42,998,True,True,True,False
214611,Thế giới,75,118,4481,17,27,995,True,True,True,False
175361,Giáo dục,60,230,2993,15,56,659,True,True,True,False
231508,Thể thao,55,147,3935,11,30,835,True,True,True,False
130185,Thể thao,88,160,1923,17,31,400,True,True,True,False
174223,Giáo dục,41,215,3161,9,49,679,True,True,True,False
141730,Thời sự,58,260,4096,13,55,863,True,True,True,False
66351,Đời sống,73,226,8274,17,52,1818,True,True,True,False
43803,Thời sự,24,250,5818,5,53,1303,True,True,True,False
190708,Kinh doanh,56,249,2175,12,53,464,True,True,True,False
253479,Xe,47,166,3057,11,34,635,True,True,True,False
206409,Sức khỏe,57,140,2848,13,33,627,True,True,True,False
191653,Kinh doanh,53,184,3408,11,37,729,True,True,True,False
11658,Giải trí,46,186,4259,9,40,911,True,True,True,False
185631,Khoa học công nghệ,49,183,4494,11,38,958,True,True,True,False
122243,Thế giới,71,135,2142,15,28,465,True,True,True,False
171310,Giải trí,42,147,1180,9,32,265,True,True,True,False
97165,Giáo dục,46,119,3773,11,29,831,True,True,True,False
192172,Kinh doanh,40,193,5741,8,43,1204,True,True,True,False
78047,Du lịch,67,215,2718,15,48,606,True,True,True,False
157260,Giải trí,74,172,3627,16,39,810,True,True,True,False
239720,Thời sự,71,119,1733,16,26,353,True,True,True,False
7901,Giải trí,84,207,3665,18,47,807,True,True,True,False
65386,Khoa học công nghệ,54,224,2305,12,49,480,True,True,True,False
201701,Kinh doanh,59,164,2870,13,36,612,True,True,True,False
10620,Giải trí,48,152,5327,13,36,1204,True,True,True,False
97901,Giáo dục,78,177,1747,16,36,376,True,True,True,False
55165,Khoa học công nghệ,58,137,3987,11,28,875,True,True,True,False
150656,Bất động sản,78,234,3141,20,57,721,True,True,True,False
72267,Đời sống,81,171,4484,16,36,985,True,True,True,False
71480,Đời sống,59,121,3251,14,28,730,True,True,True,False
201832,Kinh doanh,76,231,3229,17,50,701,True,True,True,False
64048,Khoa học công nghệ,57,140,1766,12,30,390,True,True,True,True
169172,Giải trí,68,94,394,16,21,89,True,True,True,False
202548,Kinh doanh,58,197,4254,13,45,897,True,True,True,False
264721,Đời sống,71,95,2727,16,22,612,True,True,True,False
210480,Sức khỏe,64,138,4260,14,31,946,True,True,True,False
57565,Khoa học công nghệ,59,165,3676,13,36,796,True,True,True,False
45496,Thời sự,97,141,4307,21,31,942,True,True,True,False
217563,Thế giới,50,144,1466,9,32,311,True,True,True,False
68146,Đời sống,49,180,1182,12,40,266,True,True,True,False
84547,Giải trí,68,118,3004,15,27,666,True,True,True,False
12705,Giải trí,68,181,2649,15,38,572,True,True,True,False
17799,Kinh doanh,54,225,4406,12,49,942,True,True,True,False
262424,Đời sống,75,208,3325,17,41,705,True,True,True,False
34888,Thế giới,49,107,1693,12,26,370,True,True,True,False
245088,Thời sự,40,224,1177,9,52,261,True,True,True,False
55462,Khoa học công nghệ,50,166,3393,11,38,764,True,True,True,False
15956,Giải trí,63,176,4228,14,36,888,True,True,True,False
33391,Thế giới,82,209,1899,17,43,411,True,True,True,False
224933,Thể thao,68,118,3719,14,23,713,True,True,True,False
173595,Giáo dục,59,171,5414,13,37,1187,True,True,True,False
261511,Đời sống,36,107,2362,8,24,531,True,True,True,False
24975,Kinh doanh,80,185,4195,17,38,932,True,True,True,False
230305,Thể thao,66,141,2006,15,32,414,True,True,True,False
34491,Thế giới,76,122,1800,15,26,393,True,True,True,False
84598,Giải trí,57,114,2339,13,25,514,True,True,True,False
7033,Giải trí,87,145,3970,18,30,853,True,True,True,False
255551,Xe,61,174,1052,16,39,229,True,True,True,False
150850,Bất động sản,65,165,2733,15,37,600,True,True,True,False
257586,Đời sống,54,148,4668,13,34,1023,True,True,True,False
226429,Thể thao,56,123,1731,14,26,370,True,True,True,False
263355,Đời sống,79,137,3941,20,33,886,True,True,True,False
52618,Xe,87,102,2588,18,21,573,True,True,True,False
62142,Khoa học công nghệ,61,109,1476,14,23,320,True,True,True,False
257062,Đời sống,73,190,4032,17,43,889,True,True,True,False
146974,Xe,61,229,3173,17,51,749,True,True,True,False
42486,Thời sự,71,130,7423,20,30,1649,True,True,True,False
217341,Thế giới,55,120,1461,12,27,318,True,True,True,False
260818,Đời sống,76,145,2438,17,33,547,True,True,True,False
115233,Sức khỏe,76,361,4146,17,78,919,True,True,True,False
77358,Du lịch,65,244,3032,15,56,637,True,True,True,False
200200,Kinh doanh,48,155,4983,11,32,1023,True,True,True,False
1516,Du lịch,70,129,5366,14,28,1142,True,True,True,False
122886,Thế giới,58,95,4617,12,20,987,True,True,True,False
265356,Đời sống,74,104,3729,18,23,849,True,True,True,False
1523,Du lịch,54,168,2595,13,37,578,True,True,True,False
73826,Đời sống,49,108,3558,11,23,794,True,True,True,False
186717,Khoa học công nghệ,76,222,5070,16,49,1131,True,True,True,False
211670,Sức khỏe,63,176,3721,15,42,837,True,True,True,False
147961,Xe,78,244,2751,17,55,618,True,True,True,False
70481,Đời sống,55,215,3818,12,46,848,True,True,True,False
199654,Kinh doanh,49,158,4409,13,36,981,True,True,True,False
34218,Thế giới,47,159,2068,10,34,431,True,True,True,False
262678,Đời sống,66,142,4358,16,31,954,True,True,True,False
14633,Giải trí,68,228,5472,13,48,1168,True,True,True,False
81101,Giải trí,62,292,4015,16,68,906,True,True,True,False
200359,Kinh doanh,57,191,1352,12,43,283,True,True,True,False
231328,Thể thao,47,137,343,10,31,75,True,True,True,False
177734,Giáo dục,59,206,3712,14,46,807,True,True,True,False
138086,Thời sự,76,178,3862,17,40,844,True,True,True,False
33520,Thế giới,100,135,2241,23,30,491,True,True,True,False
157248,Giải trí,79,176,1520,17,36,332,True,True,True,False
97614,Giáo dục,82,261,2851,17,56,619,True,True,True,False
52475,Xe,64,151,1942,15,31,434,True,True,True,False
67820,Đời sống,81,236,3001,17,49,656,True,True,True,False
96665,Giáo dục,32,160,2449,8,37,553,True,True,True,False
2027,Du lịch,56,158,4881,13,37,1088,True,True,True,False
169679,Giải trí,69,143,1694,15,33,361,True,True,True,False
231300,Thể thao,47,137,484,10,31,104,True,True,True,False
214889,Thế giới,61,144,1254,13,31,256,True,True,True,False
129722,Thể thao,73,191,1651,17,39,361,True,True,True,False
147286,Xe,64,143,397,15,32,81,True,True,True,False
229318,Thể thao,44,112,1559,9,24,322,True,True,True,False
64149,Khoa học công nghệ,72,157,2222,16,34,478,True,True,True,False
16469,Giải trí,45,200,3119,9,41,651,True,True,True,False
114399,Sức khỏe,67,236,4578,16,56,1024,True,True,True,False
196947,Kinh doanh,78,241,4589,16,51,990,True,True,True,False
148358,Xe,58,130,976,13,28,209,True,True,True,False
101760,Giáo dục,72,188,7449,14,40,1639,True,True,True,False
192764,Kinh doanh,62,230,2248,13,49,479,True,True,True,False
104975,Kinh doanh,25,286,12609,6,62,2792,True,True,True,False
203172,Kinh doanh,67,156,1327,13,32,276,True,True,True,False
83764,Giải trí,65,189,2365,16,41,528,True,True,True,False
101199,Giáo dục,69,152,2422,14,34,512,True,True,True,False
16602,Giải trí,53,155,3955,12,35,841,True,True,True,False
134205,Thời sự,78,182,1684,16,41,367,True,True,True,False
2268,Giáo dục,56,188,2415,13,43,530,True,True,True,False
66011,Đời sống,81,188,3287,17,42,733,True,True,True,False
201414,Kinh doanh,56,246,2188,14,53,481,True,True,True,False
1892,Du lịch,68,126,2871,17,30,634,True,True,True,False
173589,Giáo dục,77,182,3433,16,40,734,True,True,True,False
83402,Giải trí,71,151,2030,16,33,449,True,True,True,False
61136,Khoa học công nghệ,68,179,2191,15,40,458,True,True,True,False
118500,Thế giới,70,116,2116,16,27,475,True,True,True,False
1298,Du lịch,55,110,4141,13,26,923,True,True,True,False
71888,Đời sống,75,187,2279,17,42,501,True,True,True,False
203200,Kinh doanh,70,181,4436,15,39,954,True,True,True,False
9322,Giải trí,78,169,4654,16,34,952,True,True,True,False
53425,Khoa học công nghệ,74,251,2590,17,53,546,True,True,True,False
122408,Thế giới,66,104,2526,15,22,536,True,True,True,False
249898,Xe,64,135,1931,13,30,397,True,True,True,False
250068,Xe,80,128,2773,18,30,600,True,True,True,False
160214,Giải trí,79,126,1521,18,30,343,True,True,True,False
177146,Giáo dục,36,221,4061,8,50,885,True,True,True,False
261238,Đời sống,68,134,7380,15,32,1656,True,True,True,False
158932,Giải trí,68,147,3151,15,31,681,True,True,True,False
29541,Sức khỏe,65,145,3532,14,33,755,True,True,True,False
228982,Thể thao,66,136,2022,15,29,412,True,True,True,False
226602,Thể thao,68,184,1466,13,36,283,True,True,True,False
146361,Xe,79,232,5544,16,48,1216,True,True,True,False
137724,Thời sự,49,220,2000,11,48,448,True,True,True,False
82644,Giải trí,63,162,3503,13,34,766,True,True,True,False
117425,Sức khỏe,44,179,6625,11,39,1476,True,True,True,False
168601,Giải trí,46,187,2866,11,42,604,True,True,True,False
135785,Thời sự,71,136,1427,15,33,325,True,True,True,False
184,Bất động sản,78,135,2001,19,32,448,True,True,True,False
71565,Đời sống,60,180,1449,14,39,334,True,True,True,False
214167,Thế giới,58,177,4040,11,39,843,True,True,True,False
79884,Du lịch,60,347,3962,13,77,885,True,True,True,False
263927,Đời sống,65,202,1916,14,44,399,True,True,True,False
181179,Giáo dục,64,227,5345,14,50,1185,True,True,True,False
44350,Thời sự,34,174,3582,8,39,814,True,True,True,False
181125,Giáo dục,53,135,4396,11,30,978,True,True,True,False
87189,Giải trí,73,130,2568,17,27,574,True,True,True,False
25153,Kinh doanh,54,246,3915,12,51,861,True,True,True,False
21388,Kinh doanh,85,216,4470,19,48,996,True,True,True,False
41440,Thể thao,40,107,1474,9,22,315,True,True,True,False
241877,Thời sự,71,178,1865,16,40,412,True,True,True,False
156667,Giải trí,78,88,2241,15,18,455,True,True,True,False
102059,Giáo dục,66,167,1224,16,39,291,True,True,True,True
130188,Thể thao,69,115,2460,17,24,538,True,True,True,False
42037,Thể thao,64,180,2169,14,37,465,True,True,True,False
148453,Bất động sản,78,249,4333,17,57,960,True,True,True,False
121335,Thế giới,58,209,1981,14,45,424,True,True,True,False
227432,Thể thao,46,156,1059,10,32,219,True,True,True,False
50945,Xe,63,148,2586,14,33,568,True,True,True,False
146214,Xe,77,205,3129,16,46,685,True,True,True,False
123674,Thể thao,82,214,3962,16,47,855,True,True,True,False
106225,Kinh doanh,33,128,6647,8,29,1485,True,True,True,False
130739,Thể thao,38,277,2160,9,63,469,True,True,True,False
256495,Đời sống,78,112,3151,17,25,691,True,True,True,False
14867,Giải trí,50,180,5750,10,38,1239,True,True,True,False
10211,Giải trí,91,157,4172,18,33,837,True,True,True,False
259494,Đời sống,80,111,1898,19,25,425,True,True,True,False
5784,Giáo dục,90,160,2622,19,33,557,True,True,True,False
165778,Giải trí,52,147,746,13,34,160,True,True,True,False
20630,Kinh doanh,76,143,3152,16,31,691,True,True,True,False
215532,Thế giới,60,117,2291,16,29,512,True,True,True,False
54353,Khoa học công nghệ,51,151,2185,10,31,468,True,True,True,False
243029,Thời sự,60,212,1532,16,47,343,True,True,True,False
73222,Đời sống,55,111,1930,13,26,425,True,True,True,False
67348,Đời sống,73,126,2431,16,28,535,True,True,True,False
81113,Giải trí,63,148,2514,14,32,576,True,True,True,False
123597,Thể thao,77,160,3019,16,34,652,True,True,True,False
168104,Giải trí,41,87,1416,9,19,299,True,True,True,False
89206,Giải trí,71,328,3991,15,70,889,True,True,True,False
95873,Giáo dục,73,100,4192,16,20,913,True,True,True,False
85027,Giải trí,54,119,2949,11,25,658,True,True,True,False
41309,Thể thao,63,99,1370,13,22,282,True,True,True,False
188665,Kinh doanh,67,218,4237,15,50,923,True,True,True,False
248278,Xe,52,135,2046,12,30,428,True,True,True,False
55771,Khoa học công nghệ,50,162,1768,10,33,378,True,True,True,False
53572,Khoa học công nghệ,25,151,1798,7,34,409,True,True,True,False
63541,Khoa học công nghệ,57,112,1748,13,25,380,True,True,True,False
81189,Giải trí,72,130,2251,16,29,513,True,True,True,True
57687,Khoa học công nghệ,61,150,2697,11,30,593,True,True,True,False
172133,Giải trí,73,110,6503,14,24,1444,True,True,True,False
66972,Đời sống,68,136,2234,17,31,481,True,True,True,False
75475,Du lịch,44,155,13183,12,35,2940,True,True,True,True
110234,Kinh doanh,49,105,1825,11,22,410,True,True,True,False
35239,Thế giới,69,171,7258,15,36,1554,True,True,True,False
46407,Thời sự,76,126,1210,18,30,262,True,True,True,False
77232,Du lịch,45,125,3917,11,27,804,True,True,True,False
64127,Khoa học công nghệ,51,97,1426,11,21,310,True,True,True,False
246659,Thời sự,58,235,1336,14,52,298,True,True,True,False
58954,Khoa học công nghệ,55,108,2202,13,24,488,True,True,True,False
75263,Du lịch,29,144,2437,7,30,521,True,True,True,False
52088,Xe,90,120,2705,20,29,601,True,True,True,False
178158,Giáo dục,65,108,877,15,23,191,True,True,True,False
31737,Sức khỏe,64,198,2098,14,42,454,True,True,True,False
179941,Giáo dục,56,146,1957,12,31,393,True,True,True,False
251226,Xe,70,140,741,14,30,157,True,True,True,False
146202,Xe,63,131,2563,12,27,547,True,True,True,False
86409,Giải trí,43,170,2089,10,35,451,True,True,True,False
74838,Du lịch,65,292,6304,15,64,1383,True,True,True,False
94772,Giáo dục,80,111,2635,16,25,543,True,True,True,False
84699,Giải trí,65,120,3149,15,24,677,True,True,True,False
169899,Giải trí,67,127,925,15,27,200,True,True,True,False
167724,Giải trí,37,92,1985,9,21,441,True,True,True,False
99514,Giáo dục,67,224,3566,16,52,804,True,True,True,False
112943,Kinh doanh,80,117,2041,17,27,445,True,True,True,False
190873,Kinh doanh,73,224,3167,15,47,699,True,True,True,False
116906,Sức khỏe,40,238,4506,8,53,972,True,True,True,False
253051,Xe,78,164,3928,17,36,870,True,True,True,False
4489,Giáo dục,54,205,3199,11,44,647,True,True,True,False
166300,Giải trí,57,120,3369,12,26,741,True,True,True,False
136061,Thời sự,68,210,3157,17,44,691,True,True,True,False
230589,Thể thao,38,137,1112,8,31,201,True,True,True,False
264494,Đời sống,64,136,3237,16,29,721,True,True,True,False
252580,Xe,41,124,2383,7,26,515,True,True,True,False
109497,Kinh doanh,44,171,1398,10,37,315,True,True,True,False
201810,Kinh doanh,58,161,4989,13,36,1045,True,True,True,False
222718,Thể thao,69,127,3156,16,30,695,True,True,True,False
96411,Giáo dục,74,180,5438,16,38,1168,True,True,True,False
216470,Thế giới,70,175,2261,17,41,483,True,True,True,False
215848,Thế giới,71,111,1425,18,24,309,True,True,True,False
71039,Đời sống,57,130,4308,14,30,963,True,True,True,False
214460,Thế giới,63,147,3975,13,32,852,True,True,True,False
137914,Thời sự,75,111,2492,17,25,550,True,True,True,False
122993,Thế giới,74,170,5342,15,36,1122,True,True,True,False
20763,Kinh doanh,83,126,3923,18,28,865,True,True,True,False
76610,Du lịch,68,437,2723,16,102,608,True,True,True,False
174461,Giáo dục,62,178,2281,13,39,514,True,True,True,False
38426,Thể thao,69,122,1228,16,28,272,True,True,True,False
258880,Đời sống,45,122,2686,10,27,602,True,True,True,False
242819,Thời sự,70,171,2228,17,37,493,True,True,True,False
262660,Đời sống,46,161,2408,11,37,524,True,True,True,False
236976,Thời sự,66,233,2185,16,52,494,True,True,True,False
208500,Sức khỏe,63,138,3219,14,31,712,True,True,True,False
229867,Thể thao,64,149,2097,14,34,456,True,True,True,False
175185,Giáo dục,72,136,1686,17,31,363,True,True,True,False
230663,Thể thao,53,117,1827,10,25,383,True,True,True,False
23931,Kinh doanh,60,208,2662,14,45,588,True,True,True,False
22523,Kinh doanh,72,158,2745,16,33,588,True,True,True,False
53744,Khoa học công nghệ,60,94,1718,13,20,358,True,True,True,False
6432,Giáo dục,51,134,2495,12,27,539,True,True,True,False
186035,Khoa học công nghệ,48,135,1335,9,28,272,True,True,True,False
106679,Kinh doanh,74,131,3807,16,28,812,True,True,True,False
119214,Thế giới,73,146,5246,15,32,1123,True,True,True,False
168290,Giải trí,43,162,1800,11,37,390,True,True,True,False
7060,Giải trí,100,177,3496,20,36,712,True,True,True,False
81572,Giải trí,60,128,2164,13,30,496,True,True,True,False
254016,Xe,76,112,2377,17,23,474,True,True,True,False
106775,Kinh doanh,73,267,2467,17,58,533,True,True,True,False
263175,Đời sống,74,249,4469,17,53,948,True,True,True,False
143031,Thời sự,68,167,2342,17,38,514,True,True,True,False
244618,Thời sự,74,158,2311,19,37,503,True,True,True,False
136837,Thời sự,73,155,1486,17,36,335,True,True,True,False
43513,Thời sự,85,175,7600,19,34,1623,True,True,True,False
203829,Pháp luật,50,143,3698,13,34,822,True,True,True,False
189634,Kinh doanh,54,200,4674,12,45,1020,True,True,True,False
259786,Đời sống,67,108,2109,15,25,470,True,True,True,False
124055,Thể thao,86,118,1469,19,25,308,True,True,True,False
194280,Kinh doanh,77,159,4141,19,34,896,True,True,True,False
67146,Đời sống,64,109,1529,16,27,352,True,True,True,False
87130,Giải trí,51,141,2445,13,33,565,True,True,True,False
125728,Thể thao,79,205,5025,17,44,1107,True,True,True,False
190013,Kinh doanh,74,140,2879,16,30,622,True,True,True,False
132955,Thời sự,46,118,1217,11,24,266,True,True,True,False
150508,Bất động sản,67,191,1382,14,40,295,True,True,True,False
13011,Giải trí,49,144,2232,11,31,475,True,True,True,False
15644,Giải trí,76,116,2005,18,25,441,True,True,True,False
103702,Giáo dục,84,150,3148,17,31,661,True,True,True,False
84098,Giải trí,68,132,2882,16,27,653,True,True,True,False
258550,Đời sống,35,229,4694,8,53,1047,True,True,True,False
212987,Sức khỏe,64,248,4026,13,52,880,True,True,True,False
34958,Thế giới,43,195,6892,10,42,1515,True,True,True,False
86539,Giải trí,47,90,1628,12,22,360,True,True,True,False
83009,Giải trí,58,131,3056,13,31,686,True,True,True,False
160947,Giải trí,77,219,2396,17,47,519,True,True,True,False
241770,Thời sự,66,135,1286,15,31,280,True,True,True,False
203640,Pháp luật,62,126,993,16,29,224,True,True,True,False
189002,Kinh doanh,69,151,2624,14,32,562,True,True,True,False
98585,Giáo dục,70,235,3919,15,56,889,True,True,True,False
18303,Kinh doanh,62,101,4329,14,22,933,True,True,True,False
210605,Sức khỏe,64,195,1823,16,46,402,True,True,True,False
201612,Kinh doanh,62,184,5334,13,41,1174,True,True,True,False
133290,Thời sự,59,118,1191,13,25,263,True,True,True,True
111137,Kinh doanh,53,92,1915,10,21,408,True,True,True,False
193026,Kinh doanh,47,208,5231,11,46,1119,True,True,True,False
193730,Kinh doanh,48,166,3913,11,36,861,True,True,True,False
415,Bất động sản,42,239,12660,9,52,2785,True,True,True,False
23982,Kinh doanh,76,198,3153,17,45,694,True,True,True,False
205632,Sức khỏe,60,123,1854,13,28,412,True,True,True,False
244957,Thời sự,62,143,831,16,34,183,True,True,True,False
100947,Giáo dục,73,201,6295,17,45,1385,True,True,True,False
232088,Thể thao,42,98,2092,10,22,461,True,True,True,False
7447,Giải trí,88,182,6608,21,41,1470,True,True,True,False
251702,Xe,79,129,1470,19,30,315,True,True,True,False
224903,Thể thao,55,111,2165,13,25,477,True,True,True,False
236686,Thể thao,54,131,1485,12,29,321,True,True,True,False
226955,Thể thao,64,142,4044,12,27,841,True,True,True,False
143697,Xe,65,165,8297,15,34,1845,True,True,True,False
97461,Giáo dục,60,153,1701,15,35,372,True,True,True,False
53564,Khoa học công nghệ,46,188,2899,11,42,627,True,True,True,False
224382,Thể thao,63,149,4796,15,34,1037,True,True,True,False
171727,Giải trí,67,116,342,15,26,71,True,True,True,False
107037,Kinh doanh,83,184,3851,17,37,819,True,True,True,False
242519,Thời sự,78,143,2026,20,34,454,True,True,True,False
16441,Giải trí,63,142,2955,15,31,642,True,True,True,False
68835,Đời sống,58,270,3326,13,56,728,True,True,True,False
227931,Thể thao,29,129,1877,5,25,362,True,True,True,False
161503,Giải trí,46,116,3283,10,27,695,True,True,True,False
188803,Kinh doanh,63,141,1798,15,32,410,True,True,True,False
43274,Thời sự,85,227,6917,21,53,1567,True,True,True,False
248308,Xe,46,147,3140,12,34,684,True,True,True,False
214435,Thế giới,47,160,4005,12,34,868,True,True,True,False
135963,Thời sự,69,184,3543,13,38,782,True,True,True,False
216547,Thế giới,72,141,1469,17,28,320,True,True,True,False
25758,Kinh doanh,61,152,2675,11,29,560,True,True,True,False
218901,Thể thao,69,149,3899,16,33,829,True,True,True,False
193975,Kinh doanh,71,150,4854,17,35,1042,True,True,True,False
129148,Thể thao,63,162,2481,15,39,583,True,True,True,False
240591,Thời sự,68,147,2290,16,32,490,True,True,True,False
19684,Kinh doanh,74,158,4543,16,32,1002,True,True,True,False
56990,Khoa học công nghệ,53,119,2318,11,23,475,True,True,True,False
103025,Giáo dục,77,189,4498,17,44,993,True,True,True,False
156025,Du lịch,73,131,3726,17,29,832,True,True,True,False
141617,Thời sự,40,148,6138,9,31,1325,True,True,True,False
245761,Thời sự,53,140,1307,11,32,290,True,True,True,False
254992,Xe,74,172,1226,17,38,271,True,True,True,False
52734,Khoa học công nghệ,59,206,5806,12,40,1239,True,True,True,False
235981,Thể thao,58,137,2473,12,31,540,True,True,True,False
168086,Giải trí,68,229,3767,14,49,819,True,True,True,False
21752,Kinh doanh,77,153,2638,17,30,585,True,True,True,False
209766,Sức khỏe,58,123,3278,13,28,712,True,True,True,False
251819,Xe,62,218,3112,15,48,679,True,True,True,False
121336,Thế giới,61,131,2888,14,28,634,True,True,True,False
63719,Khoa học công nghệ,54,168,1798,11,36,382,True,True,True,False
66653,Đời sống,57,115,1211,13,26,274,True,True,True,False
92224,Giải trí,70,234,2751,15,51,598,True,True,True,False
110926,Kinh doanh,56,110,1765,11,25,378,True,True,True,False
158221,Giải trí,79,203,1533,20,48,349,True,True,True,False
201776,Kinh doanh,63,145,2193,15,33,466,True,True,True,False
245226,Thời sự,71,138,2104,16,30,454,True,True,True,False
160734,Giải trí,49,173,2689,11,40,587,True,True,True,False
123442,Thể thao,81,204,3371,16,45,709,True,True,True,False
114963,Sức khỏe,64,139,1089,16,30,228,True,True,True,False
47529,Xe,41,88,2217,9,19,487,True,True,True,False
30542,Sức khỏe,79,170,2405,17,37,525,True,True,True,False
230623,Thể thao,54,123,1309,11,24,260,True,True,True,False
136897,Thời sự,52,208,4667,12,47,1023,True,True,True,False
264173,Đời sống,45,135,6174,10,29,1359,True,True,True,False
91712,Giải trí,49,214,2492,11,46,538,True,True,True,False
109839,Kinh doanh,52,115,1490,11,24,320,True,True,True,False
55315,Khoa học công nghệ,43,80,3669,8,17,781,True,True,True,False
32693,Thế giới,58,182,4958,11,39,1027,True,True,True,False
95654,Giáo dục,83,209,2602,17,43,544,True,True,True,False
71395,Đời sống,58,121,3102,14,28,688,True,True,True,False
155703,Du lịch,80,173,4908,18,38,1065,True,True,True,False
186066,Khoa học công nghệ,66,205,3792,15,45,811,True,True,True,False
207451,Sức khỏe,50,110,2686,11,26,576,True,True,True,False
95653,Giáo dục,51,208,1299,11,47,288,True,True,True,False
68421,Đời sống,55,122,3804,12,29,860,True,True,True,False
170048,Giải trí,71,192,5555,16,44,1231,True,True,True,False
149200,Bất động sản,50,248,4361,10,53,935,True,True,True,False
115072,Sức khỏe,79,268,4046,17,61,902,True,True,True,False
154367,Du lịch,66,166,3460,14,35,744,True,True,True,False
95813,Giáo dục,79,117,2588,17,24,570,True,True,True,False
253024,Xe,66,125,2974,16,29,652,True,True,True,False
193920,Kinh doanh,72,159,4643,15,33,985,True,True,True,False
24868,Kinh doanh,62,146,1819,14,33,371,True,True,True,False
56655,Khoa học công nghệ,71,180,2216,15,38,478,True,True,True,False
222839,Thể thao,57,146,2640,11,31,551,True,True,True,False
251233,Xe,50,136,1395,14,31,309,True,True,True,False
183048,Khoa học công nghệ,50,214,4174,12,46,919,True,True,True,False
160043,Giải trí,73,192,9518,16,42,2039,True,True,True,False
156941,Giải trí,57,144,2112,13,30,437,True,True,True,False
102489,Giáo dục,74,237,3071,17,52,680,True,True,True,False
171134,Giải trí,59,174,2781,14,42,596,True,True,True,False
238388,Thời sự,68,165,1731,17,38,383,True,True,True,False
104902,Kinh doanh,39,259,7066,9,57,1560,True,True,True,False
56306,Khoa học công nghệ,81,214,3894,17,45,839,True,True,True,False
7921,Giải trí,43,163,3714,7,33,804,True,True,True,False
46212,Thời sự,79,154,2669,17,35,575,True,True,True,False
77781,Du lịch,48,214,5503,12,49,1190,True,True,True,False
263215,Đời sống,50,205,4916,11,44,1047,True,True,True,False
240329,Thời sự,64,165,2008,15,39,456,True,True,True,False
44934,Thời sự,30,94,949,6,21,211,True,True,True,False
205731,Sức khỏe,27,148,3202,7,34,692,True,True,True,False
4584,Giáo dục,61,158,2520,13,34,534,True,True,True,False
162161,Giải trí,17,140,11914,4,31,2639,True,True,True,False
264389,Đời sống,75,159,3066,17,37,692,True,True,True,False
158006,Giải trí,62,106,2934,15,25,627,True,True,True,False
74777,Du lịch,72,237,5957,16,51,1299,True,True,True,False
243649,Thời sự,61,188,2530,15,43,568,True,True,True,False
47219,Thời sự,72,200,3245,16,44,722,True,True,True,False
24867,Kinh doanh,75,183,3392,17,42,719,True,True,True,False
96761,Giáo dục,42,170,7633,11,37,1683,True,True,True,True
98237,Giáo dục,52,175,3252,13,37,727,True,True,True,False
155953,Du lịch,77,242,6407,19,53,1436,True,True,True,False
110352,Kinh doanh,37,144,1517,7,33,314,True,True,True,False
155378,Du lịch,80,172,1213,17,39,267,True,True,True,False
8616,Giải trí,67,227,2995,15,43,640,True,True,True,False
126617,Thể thao,59,281,2655,14,63,604,True,True,True,False
216002,Thế giới,80,152,2280,18,32,502,True,True,True,False
143099,Thời sự,50,144,1757,12,32,394,True,True,True,False
100056,Giáo dục,76,163,7387,16,36,1650,True,True,True,False
22097,Kinh doanh,50,174,2602,10,39,534,True,True,True,False
165279,Giải trí,77,148,2105,18,33,456,True,True,True,False
5092,Giáo dục,85,185,3137,20,38,703,True,True,True,False
37157,Thể thao,56,132,1810,11,29,395,True,True,True,False
34688,Thế giới,95,165,2089,20,37,466,True,True,True,False
104180,Kinh doanh,24,258,6405,5,55,1396,True,True,True,False
43755,Thời sự,26,158,6869,6,37,1559,True,True,True,False
12120,Giải trí,93,148,5560,18,32,1172,True,True,True,False
66620,Đời sống,75,147,3693,16,33,804,True,True,True,False
83790,Giải trí,79,143,1386,18,32,303,True,True,True,False
40795,Thể thao,46,144,2416,11,30,533,True,True,True,False
74548,Du lịch,61,198,3260,14,47,711,True,True,True,False
196930,Kinh doanh,71,155,6894,15,34,1529,True,True,True,False
15876,Giải trí,94,181,3192,22,36,687,True,True,True,False
246222,Thời sự,70,141,1858,19,32,421,True,True,True,False
255766,Đời sống,73,114,2203,17,24,489,True,True,True,False
210045,Sức khỏe,61,132,1648,13,26,340,True,True,True,False
254700,Xe,58,158,2538,15,37,567,True,True,True,False
184821,Khoa học công nghệ,59,155,4816,14,35,1051,True,True,True,False
71595,Đời sống,69,198,3257,16,44,721,True,True,True,False
141852,Thời sự,19,145,6098,4,30,1329,True,True,True,True
126731,Thể thao,67,140,2581,14,30,573,True,True,True,False
189413,Kinh doanh,71,156,1150,15,34,245,True,True,True,False
250495,Xe,72,131,934,14,30,195,True,True,True,False
127430,Thể thao,64,166,1859,15,38,417,True,True,True,False
148682,Bất động sản,58,240,3836,15,55,842,True,True,True,False
124968,Thể thao,86,132,2840,17,27,602,True,True,True,False
256885,Đời sống,35,228,2451,8,52,545,True,True,True,False
196341,Kinh doanh,77,145,2317,17,32,501,True,True,True,False
44585,Thời sự,43,173,3613,11,41,817,True,True,True,False
54019,Khoa học công nghệ,51,149,2511,12,31,567,True,True,True,False
46682,Thời sự,80,100,3636,18,21,791,True,True,True,False
209549,Sức khỏe,66,232,6616,15,51,1463,True,True,True,False
178842,Giáo dục,51,103,1901,11,22,410,True,True,True,False
79727,Du lịch,70,176,1988,17,39,450,True,True,True,False
145370,Xe,95,260,5301,18,55,1139,True,True,True,False
50946,Xe,55,105,2382,11,23,532,True,True,True,False
159236,Giải trí,52,126,2548,13,29,543,True,True,True,False
45321,Thời sự,82,158,3784,19,34,830,True,True,True,False
110717,Kinh doanh,59,182,2200,13,36,470,True,True,True,False
77722,Du lịch,61,366,2789,14,84,590,True,True,True,False
68469,Đời sống,63,104,2719,13,21,588,True,True,True,True
199162,Kinh doanh,53,157,5240,10,32,1142,True,True,True,False
117432,Sức khỏe,68,249,7245,15,55,1633,True,True,True,False
163869,Giải trí,64,133,4297,13,28,897,True,True,True,False
122141,Thế giới,59,176,5977,13,34,1246,True,True,True,False
234657,Thể thao,42,121,1656,7,25,340,True,True,True,False
27146,Pháp luật,76,133,1385,19,33,312,True,True,True,False
128740,Thể thao,87,155,3166,17,33,700,True,True,True,False
69211,Đời sống,78,172,1470,17,35,319,True,True,True,False
15307,Giải trí,80,113,3358,18,23,716,True,True,True,False
168697,Giải trí,67,161,2253,13,34,481,True,True,True,False
219280,Thể thao,65,152,2097,15,33,467,True,True,True,False
57439,Khoa học công nghệ,50,118,1986,11,25,434,True,True,True,False
42730,Thời sự,89,194,7964,21,40,1759,True,True,True,False
79254,Du lịch,43,199,3011,11,45,658,True,True,True,False
71392,Đời sống,71,116,1471,17,26,329,True,True,True,False
176650,Giáo dục,74,92,1803,18,21,388,True,True,True,False
10137,Giải trí,63,123,4458,14,27,948,True,True,True,False
212952,Sức khỏe,62,139,2862,14,32,618,True,True,True,True
130584,Thể thao,58,118,2185,11,24,467,True,True,True,False
179246,Giáo dục,57,82,1198,14,19,264,True,True,True,False
259617,Đời sống,74,165,4053,18,38,917,True,True,True,False
74329,Đời sống,51,199,4539,11,47,1018,True,True,True,False
262370,Đời sống,73,187,2746,16,41,589,True,True,True,False
206566,Sức khỏe,77,129,2988,17,30,656,True,True,True,False
260176,Đời sống,54,141,1631,12,32,344,True,True,True,False
117272,Sức khỏe,64,309,5194,15,70,1113,True,True,True,False
21101,Kinh doanh,90,171,4775,19,39,1044,True,True,True,False
213445,Sức khỏe,51,117,2656,12,24,585,True,True,True,False
48101,Xe,95,147,3406,20,30,713,True,True,True,False
197004,Kinh doanh,72,224,4433,16,50,963,True,True,True,False
247905,Xe,77,125,3547,17,30,783,True,True,True,False
63002,Khoa học công nghệ,66,138,2444,14,28,537,True,True,True,False
260852,Đời sống,70,129,1375,16,27,303,True,True,True,False
24069,Kinh doanh,53,157,4074,12,35,895,True,True,True,False
143269,Xe,77,214,1992,17,48,435,True,True,True,False
244559,Thời sự,49,187,3422,11,40,790,True,True,True,False
259594,Đời sống,54,154,4355,12,36,986,True,True,True,False
238034,Thời sự,70,156,1903,17,34,409,True,True,True,False
208464,Sức khỏe,70,165,2918,16,37,656,True,True,True,False
556,Bất động sản,71,171,4792,16,37,1061,True,True,True,False
142816,Thời sự,78,151,4276,17,35,938,True,True,True,False
214430,Thế giới,61,169,2685,14,37,589,True,True,True,False
103237,Giáo dục,74,195,4834,17,43,1080,True,True,True,False
80401,Giải trí,54,132,1234,13,30,290,True,True,True,False
13092,Giải trí,66,114,4177,14,24,896,True,True,True,False
138173,Thời sự,20,134,5755,5,30,1266,True,True,True,False
17570,Khoa học công nghệ,50,190,2829,11,41,613,True,True,True,False
216247,Thế giới,63,171,2506,14,37,547,True,True,True,False
6117,Giáo dục,59,129,2002,13,29,400,True,True,True,False
169091,Giải trí,76,124,1624,17,28,320,True,True,True,False
254782,Xe,59,167,3193,14,37,703,True,True,True,False
54644,Khoa học công nghệ,35,147,2442,9,32,548,True,True,True,False
97724,Giáo dục,41,204,7655,9,42,1660,True,True,True,False
2583,Giáo dục,90,98,2467,20,22,545,True,True,True,False
201683,Kinh doanh,65,196,3152,13,41,690,True,True,True,False
13560,Giải trí,71,124,1733,16,28,371,True,True,True,False
169671,Giải trí,54,138,1825,13,31,403,True,True,True,False
128291,Thể thao,85,129,4115,18,30,895,True,True,True,False
36335,Thể thao,63,151,1438,13,32,327,True,True,True,False
94169,Giải trí,50,116,2295,12,29,522,True,True,True,False
228412,Thể thao,42,114,832,9,23,174,True,True,True,False
164791,Giải trí,63,192,492,13,43,103,True,True,True,False
170486,Giải trí,70,209,5181,18,47,1136,True,True,True,False
71781,Đời sống,59,152,3675,13,32,807,True,True,True,False
139297,Thời sự,58,127,1007,12,28,225,True,True,True,False
92906,Giải trí,57,195,2129,12,41,467,True,True,True,False
166414,Giải trí,76,160,1654,17,36,361,True,True,True,False
133246,Thời sự,61,145,3340,13,33,728,True,True,True,False
107257,Kinh doanh,70,149,7148,15,33,1573,True,True,True,False
210422,Sức khỏe,46,123,1526,12,30,342,True,True,True,False
244962,Thời sự,56,172,1200,13,38,255,True,True,True,False
257590,Đời sống,73,139,2698,16,28,587,True,True,True,False
207826,Sức khỏe,78,137,2546,18,32,523,True,True,True,False
39844,Thể thao,53,170,5517,13,37,1187,True,True,True,False
225489,Thể thao,46,176,2723,11,39,606,True,True,True,False
243647,Thời sự,79,169,1537,20,37,338,True,True,True,False
216702,Thế giới,67,135,1491,14,28,323,True,True,True,False
253233,Xe,77,208,4533,17,47,963,True,True,True,False
76485,Du lịch,47,256,2623,10,55,560,True,True,True,False
86697,Giải trí,60,136,2303,14,30,504,True,True,True,False
148763,Bất động sản,80,196,3821,18,44,852,True,True,True,False
17386,Khoa học công nghệ,68,196,1786,16,42,398,True,True,True,False
257095,Đời sống,63,159,2830,16,35,625,True,True,True,False
48283,Xe,45,140,2219,11,31,475,True,True,True,False
81046,Giải trí,64,149,3203,15,32,704,True,True,True,False
212921,Sức khỏe,40,140,2653,10,31,576,True,True,True,False
199001,Kinh doanh,63,196,4374,14,41,926,True,True,True,False
154670,Du lịch,56,112,2476,14,24,537,True,True,True,False
102052,Giáo dục,59,196,2895,14,42,638,True,True,True,False
49720,Xe,85,146,1948,20,34,449,True,True,True,False
46627,Thời sự,86,194,2773,19,45,613,True,True,True,False
258515,Đời sống,72,152,3686,16,33,829,True,True,True,False
186492,Khoa học công nghệ,60,149,2425,15,32,515,True,True,True,False
94484,Giải trí,58,106,1829,12,21,385,True,True,True,False
197754,Kinh doanh,63,244,2068,13,54,442,True,True,True,False
39796,Thể thao,78,143,2308,15,29,491,True,True,True,False
69207,Đời sống,70,129,2618,16,30,579,True,True,True,False
129718,Thể thao,75,130,4009,16,27,877,True,True,True,False
132033,Thời sự,73,134,1708,17,29,382,True,True,True,False
185541,Khoa học công nghệ,74,145,6399,16,32,1364,True,True,True,False
778,Bất động sản,61,176,4889,13,38,1060,True,True,True,False
47656,Xe,76,214,4776,16,46,1017,True,True,True,False
192395,Kinh doanh,59,245,2466,14,56,542,True,True,True,False
187939,Khoa học công nghệ,58,134,1600,12,27,340,True,True,True,False
16614,Giải trí,98,172,3586,22,40,789,True,True,True,False
158614,Giải trí,78,128,2371,19,29,531,True,True,True,False
152055,Bất động sản,64,145,3758,14,31,825,True,True,True,False
122134,Thế giới,80,124,5111,15,24,1076,True,True,True,False
99082,Giáo dục,74,308,1460,16,67,323,True,True,True,False
219346,Thể thao,57,122,2250,12,26,457,True,True,True,False
170560,Giải trí,64,248,5127,13,51,1090,True,True,True,False
5601,Giáo dục,23,176,5412,5,41,1182,True,True,True,False
29284,Sức khỏe,60,221,3428,14,50,750,True,True,True,False
45953,Thời sự,91,205,3178,19,45,706,True,True,True,False
257068,Đời sống,69,152,2301,16,33,521,True,True,True,False
178492,Giáo dục,45,153,533,10,34,113,True,True,True,False
177201,Giáo dục,66,158,2194,17,36,501,True,True,True,False
257489,Đời sống,78,197,8585,18,44,1916,True,True,True,False
19597,Kinh doanh,61,154,1676,14,34,361,True,True,True,False
26085,Pháp luật,59,101,3140,14,24,671,True,True,True,False
230942,Thể thao,54,132,2671,12,29,522,True,True,True,False
84187,Giải trí,69,145,2853,15,30,635,True,True,True,False
16383,Giải trí,51,167,3097,10,39,658,True,True,True,False
119868,Thế giới,57,165,3110,13,35,664,True,True,True,False
67856,Đời sống,77,139,3632,17,31,804,True,True,True,False
160712,Giải trí,51,217,2953,14,51,651,True,True,True,False
242536,Thời sự,78,184,3146,19,40,706,True,True,True,False
265344,Đời sống,74,141,4287,16,31,970,True,True,True,False
82444,Giải trí,59,160,2007,12,32,420,True,True,True,False
233455,Thể thao,46,133,1354,10,26,273,True,True,True,False
230931,Thể thao,54,98,1643,11,20,343,True,True,True,False
134408,Thời sự,54,160,6212,11,34,1334,True,True,True,False
216350,Thế giới,57,119,1454,13,26,321,True,True,True,False
144813,Xe,33,313,4932,8,72,1103,True,True,True,False
75522,Du lịch,36,156,4148,9,35,908,True,True,True,False
98868,Giáo dục,66,149,3217,16,35,711,True,True,True,False
244924,Thời sự,73,155,2308,17,35,506,True,True,True,False
255513,Xe,45,156,1309,10,36,283,True,True,True,False
222138,Thể thao,64,168,1928,15,39,424,True,True,True,False
75179,Du lịch,53,270,1444,14,59,333,True,True,True,False
179906,Giáo dục,72,219,2213,17,48,471,True,True,True,False
169176,Giải trí,74,136,1448,19,32,322,True,True,True,False
119169,Thế giới,23,301,1440,5,65,330,True,True,True,False
111711,Kinh doanh,75,67,2081,15,14,458,True,True,True,False
151084,Bất động sản,67,191,2348,16,40,515,True,True,True,False
210956,Sức khỏe,69,174,3814,16,37,834,True,True,True,False
240659,Thời sự,75,130,863,19,30,195,True,True,True,False
124321,Thể thao,75,222,2954,17,50,628,True,True,True,False
264556,Đời sống,63,171,3166,15,38,717,True,True,True,False
38019,Thể thao,74,123,1889,16,27,408,True,True,True,False
106673,Kinh doanh,62,188,5219,15,43,1140,True,True,True,False
158904,Giải trí,75,136,1453,17,28,309,True,True,True,False
67076,Đời sống,82,169,2432,18,37,537,True,True,True,False
89776,Giải trí,67,154,2177,15,32,481,True,True,True,False
194986,Kinh doanh,58,194,1722,12,40,324,True,True,True,False
263015,Đời sống,66,137,3268,16,31,714,True,True,True,False
30397,Sức khỏe,66,230,879,14,47,190,True,True,True,False
265451,Đời sống,53,67,3365,13,15,758,True,True,True,False
149834,Bất động sản,48,186,4699,11,39,997,True,True,True,False
64346,Khoa học công nghệ,60,162,4100,12,35,900,True,True,True,False
35721,Thế giới,49,211,4473,12,46,977,True,True,True,False
43005,Thời sự,39,147,5075,10,33,1108,True,True,True,False
38873,Thể thao,82,171,2447,19,37,533,True,True,True,False
47409,Xe,89,177,5051,19,39,1139,True,True,True,False
263309,Đời sống,59,164,1888,14,34,418,True,True,True,False
216038,Thế giới,58,195,390,13,44,87,True,True,True,False
227910,Thể thao,67,128,2029,14,27,421,True,True,True,False
204251,Pháp luật,51,203,1990,12,45,453,True,True,True,False
162159,Giải trí,67,172,4399,14,37,953,True,True,True,False
151748,Bất động sản,80,235,2569,19,54,548,True,True,True,False
153570,Bất động sản,58,198,1046,14,44,232,True,True,True,False
78898,Du lịch,56,207,2176,13,50,467,True,True,True,False
39789,Thể thao,59,153,1905,13,33,419,True,True,True,False
226366,Thể thao,73,171,1154,15,36,243,True,True,True,False
239406,Thời sự,79,235,1313,17,51,283,True,True,True,False
125406,Thể thao,73,154,2015,16,31,419,True,True,True,False
82224,Giải trí,54,130,3096,13,31,710,True,True,True,False
139756,Thời sự,20,148,2021,5,34,453,True,True,True,False
117479,Sức khỏe,62,289,1809,13,62,403,True,True,True,False
148573,Bất động sản,68,192,4538,13,42,979,True,True,True,False
255215,Xe,70,195,4711,17,45,1055,True,True,True,False
200954,Kinh doanh,43,141,4643,8,30,986,True,True,True,False
113909,Kinh doanh,59,206,1528,13,44,327,True,True,True,False
159845,Giải trí,64,145,1434,15,32,283,True,True,True,False
157954,Giải trí,65,223,2005,14,45,431,True,True,True,False
132865,Thời sự,58,242,4454,14,54,975,True,True,True,False
233478,Thể thao,39,164,1170,8,36,233,True,True,True,False
155705,Du lịch,79,165,2694,17,35,578,True,True,True,False
139575,Thời sự,64,182,1354,14,42,298,True,True,True,False
147009,Xe,48,162,3825,12,40,879,True,True,True,False
80895,Giải trí,73,151,1814,16,34,422,True,True,True,False
151939,Bất động sản,71,204,3253,18,48,740,True,True,True,False
234738,Thể thao,45,107,877,9,22,186,True,True,True,False
236111,Thể thao,61,161,1423,13,33,310,True,True,True,False
59030,Khoa học công nghệ,74,121,1431,16,25,318,True,True,True,False
63012,Khoa học công nghệ,67,192,3129,14,43,671,True,True,True,False
221109,Thể thao,45,149,1198,10,31,255,True,True,True,False
18138,Kinh doanh,68,186,3192,15,37,678,True,True,True,False
30412,Sức khỏe,52,243,4139,12,55,892,True,True,True,False
170903,Giải trí,68,152,1596,16,36,362,True,True,True,False
9867,Giải trí,84,148,5424,19,33,1164,True,True,True,False
169051,Giải trí,43,112,6384,10,24,1384,True,True,True,False
157225,Giải trí,67,135,1575,16,29,340,True,True,True,False
152221,Bất động sản,65,149,2424,15,34,536,True,True,True,False
253601,Xe,80,122,3869,18,28,831,True,True,True,False
159592,Giải trí,73,167,2834,17,36,609,True,True,True,False
135297,Thời sự,59,126,986,13,28,212,True,True,True,False
31523,Sức khỏe,45,185,4122,11,44,872,True,True,True,False
151898,Bất động sản,65,207,1320,12,42,284,True,True,True,False
209803,Sức khỏe,61,167,3810,14,38,841,True,True,True,True
67082,Đời sống,72,116,1420,17,27,329,True,True,True,False
224389,Thể thao,62,104,1437,14,23,318,True,True,True,False
120995,Thế giới,84,177,4881,18,39,1040,True,True,True,False
175825,Giáo dục,68,135,3722,16,28,806,True,True,True,False
77699,Du lịch,41,243,4227,9,50,906,True,True,True,False
127916,Thể thao,103,96,3642,19,20,799,True,True,True,False
28597,Sức khỏe,56,146,2259,12,31,471,True,True,True,False
165787,Giải trí,65,127,1509,16,30,330,True,True,True,False
21233,Kinh doanh,53,126,2211,12,29,478,True,True,True,False
204588,Pháp luật,53,179,2745,13,39,603,True,True,True,False
166408,Giải trí,69,167,1183,15,39,261,True,True,True,False
66317,Đời sống,73,161,1873,16,37,438,True,True,True,False
228614,Thể thao,59,112,1534,12,21,287,True,True,True,False
29406,Sức khỏe,76,246,6522,16,53,1431,True,True,True,True
19315,Kinh doanh,70,161,3747,16,34,835,True,True,True,False
14652,Giải trí,89,196,4662,19,44,971,True,True,True,False
95057,Giáo dục,40,356,1607,8,75,349,True,True,True,False
151718,Bất động sản,71,180,2288,16,38,508,True,True,True,False
62257,Khoa học công nghệ,54,140,1206,11,28,261,True,True,True,False
55316,Khoa học công nghệ,64,148,3309,14,30,696,True,True,True,False
92799,Giải trí,55,168,2804,14,36,622,True,True,True,False
70017,Đời sống,59,121,3571,14,28,802,True,True,True,False
173021,Giáo dục,68,223,4315,15,48,933,True,True,True,False
80307,Giải trí,43,87,3655,10,18,818,True,True,True,False
174057,Giáo dục,79,132,2512,17,28,545,True,True,True,False
74533,Du lịch,61,141,6083,14,30,1359,True,True,True,False
161176,Giải trí,57,137,2387,13,29,524,True,True,True,False
182292,Khoa học công nghệ,47,122,1079,10,28,230,True,True,True,False
124216,Thể thao,76,198,3428,17,45,755,True,True,True,False
17511,Khoa học công nghệ,58,108,4518,13,24,985,True,True,True,False
182442,Khoa học công nghệ,63,114,840,14,23,177,True,True,True,False
22997,Kinh doanh,49,126,2082,11,26,453,True,True,True,False
204394,Pháp luật,77,133,1391,18,30,310,True,True,True,False
19180,Kinh doanh,71,195,2012,15,45,432,True,True,True,False
224686,Thể thao,57,163,2277,12,36,502,True,True,True,False
99308,Giáo dục,61,241,2785,14,53,609,True,True,True,False
73743,Đời sống,50,187,3638,10,41,804,True,True,True,False
225289,Thể thao,53,162,2153,10,35,460,True,True,True,False
166044,Giải trí,74,182,1252,17,40,269,True,True,True,False
188464,Kinh doanh,66,137,3919,16,29,844,True,True,True,False
156840,Giải trí,73,157,5221,18,34,1156,True,True,True,False
109804,Kinh doanh,60,175,2431,12,36,534,True,True,True,False
73034,Đời sống,55,123,3772,12,26,842,True,True,True,False
59042,Khoa học công nghệ,60,99,2816,12,20,639,True,True,True,False
262551,Đời sống,73,115,3083,16,27,689,True,True,True,False
50152,Xe,81,114,1297,18,25,276,True,True,True,False
22730,Kinh doanh,85,125,3778,18,26,796,True,True,True,False
361,Bất động sản,57,143,2239,13,33,498,True,True,True,False
11900,Giải trí,79,212,2628,19,46,566,True,True,True,False
252543,Xe,76,162,2982,16,37,577,True,True,True,False
115734,Sức khỏe,78,282,4152,16,62,896,True,True,True,False
252122,Xe,73,198,5500,18,44,1207,True,True,True,False
41482,Thể thao,62,99,1664,14,21,342,True,True,True,False
187602,Khoa học công nghệ,79,122,3672,16,27,787,True,True,True,False
263399,Đời sống,71,205,3410,16,44,765,True,True,True,False
6053,Giáo dục,64,88,2576,14,19,568,True,True,True,False
30901,Sức khỏe,56,138,3577,12,28,738,True,True,True,False
191219,Kinh doanh,78,219,4030,17,48,890,True,True,True,False
79021,Du lịch,72,246,4190,16,52,901,True,True,True,False
242932,Thời sự,62,138,3363,14,30,735,True,True,True,False
211588,Sức khỏe,79,132,2273,18,27,493,True,True,True,False
256436,Đời sống,80,114,2699,19,25,597,True,True,True,False
190863,Kinh doanh,77,238,6110,18,51,1300,True,True,True,False
156668,Giải trí,71,158,5532,16,34,1203,True,True,True,False
67590,Đời sống,48,148,2565,10,30,581,True,True,True,False
114445,Sức khỏe,71,170,1062,16,38,228,True,True,True,False
98117,Giáo dục,75,123,4286,16,25,930,True,True,True,False
106011,Kinh doanh,57,199,1845,12,44,401,True,True,True,False
194351,Kinh doanh,62,187,3430,13,41,732,True,True,True,False
108364,Kinh doanh,64,123,2108,14,28,473,True,True,True,False
50530,Xe,65,144,2637,13,31,558,True,True,True,False
263034,Đời sống,72,185,1669,17,43,397,True,True,True,False
154695,Du lịch,72,148,2038,17,33,449,True,True,True,False
132105,Thời sự,53,157,6741,13,34,1503,True,True,True,False
263423,Đời sống,67,132,7946,17,28,1793,True,True,True,False
13112,Giải trí,61,195,3381,14,42,715,True,True,True,False
225387,Thể thao,54,95,2696,12,21,589,True,True,True,False
12454,Giải trí,58,143,2481,13,32,539,True,True,True,False
79361,Du lịch,99,96,2748,22,20,606,True,True,True,False
61446,Khoa học công nghệ,47,92,2027,12,23,463,True,True,True,False
13677,Giải trí,65,118,1685,15,27,363,True,True,True,False
89767,Giải trí,80,167,4540,17,37,1010,True,True,True,False
103532,Giáo dục,73,174,2635,17,37,577,True,True,True,False
18846,Kinh doanh,74,159,1759,17,35,371,True,True,True,False
194759,Kinh doanh,66,220,5054,15,49,1087,True,True,True,False
52308,Xe,73,72,3170,17,16,704,True,True,True,False
111626,Kinh doanh,62,93,2119,12,20,459,True,True,True,False
207679,Sức khỏe,80,140,5943,19,31,1265,True,True,True,False
5077,Giáo dục,72,149,2703,17,34,572,True,True,True,False
194353,Kinh doanh,64,174,5771,14,37,1231,True,True,True,False
193381,Kinh doanh,44,155,4105,9,33,902,True,True,True,False
172051,Giải trí,71,116,2910,17,28,637,True,True,True,False
5212,Giáo dục,58,195,4215,13,40,926,True,True,True,False
198786,Kinh doanh,59,192,2989,14,41,653,True,True,True,False
7623,Giải trí,75,119,2521,16,26,532,True,True,True,False
143650,Xe,59,109,2136,10,21,454,True,True,True,False
53536,Khoa học công nghệ,53,207,4148,13,44,924,True,True,True,False
92500,Giải trí,71,165,2563,15,36,563,True,True,True,False
127383,Thể thao,99,172,2275,18,33,476,True,True,True,False
124183,Thể thao,78,142,3501,16,31,763,True,True,True,False
251858,Xe,60,233,3935,15,53,855,True,True,True,False
53330,Khoa học công nghệ,44,176,2633,9,37,581,True,True,True,False
2773,Giáo dục,81,183,3344,18,40,733,True,True,True,False
235074,Thể thao,65,137,3014,14,28,630,True,True,True,False
42372,Thời sự,64,118,7367,16,26,1627,True,True,True,False
232589,Thể thao,55,100,1460,11,21,308,True,True,True,False
158908,Giải trí,55,144,4618,11,31,1003,True,True,True,False
210734,Sức khỏe,51,192,2083,12,43,461,True,True,True,False
95609,Giáo dục,48,178,3687,11,43,852,True,True,True,False
242689,Thời sự,67,193,3062,15,42,670,True,True,True,False
64140,Khoa học công nghệ,77,226,2193,17,46,481,True,True,True,False
97552,Giáo dục,52,274,3946,12,64,892,True,True,True,False
155339,Du lịch,60,172,1456,14,41,314,True,True,True,False
24016,Kinh doanh,49,118,4895,11,26,1078,True,True,True,False
61293,Khoa học công nghệ,54,117,2582,10,24,550,True,True,True,False
13966,Giải trí,74,149,3288,16,33,692,True,True,True,False
13907,Giải trí,44,202,2506,10,43,552,True,True,True,False
207424,Sức khỏe,70,176,1786,16,38,388,True,True,True,False
209801,Sức khỏe,68,232,3640,14,49,780,True,True,True,False
62742,Khoa học công nghệ,44,92,1445,9,19,313,True,True,True,False
177170,Giáo dục,62,185,1098,16,44,253,True,True,True,False
3258,Giáo dục,63,112,2255,13,22,477,True,True,True,False
83761,Giải trí,71,180,3471,16,39,768,True,True,True,False
228102,Thể thao,59,115,265,11,21,50,True,True,True,False
4151,Giáo dục,62,150,1808,16,35,397,True,True,True,False
173625,Giáo dục,66,202,1785,14,42,375,True,True,True,False
264005,Đời sống,67,153,2654,15,35,597,True,True,True,False
171773,Giải trí,58,219,3211,13,45,671,True,True,True,False
7556,Giải trí,84,190,3159,18,42,684,True,True,True,False
186704,Khoa học công nghệ,66,222,5142,14,48,1118,True,True,True,False
162708,Giải trí,56,167,2805,13,38,611,True,True,True,False
148882,Bất động sản,64,123,1209,15,27,259,True,True,True,False
69206,Đời sống,68,141,3200,17,32,716,True,True,True,False
134977,Thời sự,80,175,3633,20,39,797,True,True,True,False
242253,Thời sự,60,194,4020,15,44,872,True,True,True,False
97942,Giáo dục,79,154,3877,17,31,836,True,True,True,False
47605,Xe,62,121,3420,14,26,760,True,True,True,False
35486,Thế giới,64,169,4850,15,34,1054,True,True,True,False
252218,Xe,77,154,3321,16,36,730,True,True,True,False
130441,Thể thao,88,235,2983,20,51,638,True,True,True,False
140426,Thời sự,55,120,1230,14,28,276,True,True,True,False
91819,Giải trí,73,162,2018,17,36,455,True,True,True,False
68859,Đời sống,71,115,2413,17,29,548,True,True,True,False
139675,Thời sự,52,114,2924,14,26,659,True,True,True,False
170585,Giải trí,76,237,2175,17,53,462,True,True,True,False
12819,Giải trí,33,153,2966,8,34,658,True,True,True,False
44100,Thời sự,33,237,2788,7,50,626,True,True,True,False
194260,Kinh doanh,59,149,2664,12,29,550,True,True,True,False
88423,Giải trí,56,182,2309,13,42,488,True,True,True,False
73568,Đời sống,49,211,3564,12,50,814,True,True,True,False
66646,Đời sống,58,135,3508,11,26,729,True,True,True,False
24678,Kinh doanh,75,192,2901,13,36,585,True,True,True,False
214323,Thế giới,53,174,1759,12,35,378,True,True,True,False
142815,Thời sự,75,135,3219,16,28,685,True,True,True,False
252769,Xe,62,186,2505,12,36,520,True,True,True,False
220857,Thể thao,61,198,2601,13,44,553,True,True,True,False
6808,Giải trí,68,198,3569,16,40,742,True,True,True,False
144957,Xe,60,209,3006,14,47,656,True,True,True,False
167906,Giải trí,74,156,8277,17,34,1839,True,True,True,False
102742,Giáo dục,61,170,8132,12,35,1708,True,True,True,False
108175,Kinh doanh,59,145,1705,13,31,368,True,True,True,False
233290,Thể thao,43,129,1216,10,25,253,True,True,True,False
40814,Thể thao,55,156,3414,11,31,721,True,True,True,False
82914,Giải trí,53,211,6647,11,43,1447,True,True,True,False
265601,Đời sống,49,129,3408,12,27,764,True,True,True,False
168032,Giải trí,41,114,1202,10,24,259,True,True,True,False
35146,Thế giới,57,163,3567,11,35,742,True,True,True,False
196858,Kinh doanh,60,159,4271,13,37,938,True,True,True,False
21641,Kinh doanh,74,153,3940,17,35,837,True,True,True,False
262342,Đời sống,64,247,2840,14,53,619,True,True,True,False
120374,Thế giới,84,210,4038,17,46,857,True,True,True,False
168896,Giải trí,75,170,1903,16,39,415,True,True,True,False
104805,Kinh doanh,62,155,2902,13,34,641,True,True,True,False
243259,Thời sự,66,149,4312,17,35,959,True,True,True,False
143287,Xe,73,190,5076,17,40,1110,True,True,True,False
200491,Kinh doanh,59,188,2481,13,39,538,True,True,True,False
94729,Giáo dục,61,205,8076,12,46,1706,True,True,True,False
193968,Kinh doanh,69,191,3456,14,35,713,True,True,True,False
41592,Thể thao,89,141,1419,17,30,298,True,True,True,False
225400,Thể thao,58,136,1148,14,29,254,True,True,True,False
36659,Thể thao,51,214,4013,13,50,884,True,True,True,False
116115,Sức khỏe,76,290,16423,17,67,3482,True,True,True,False
112449,Kinh doanh,54,88,1662,11,19,352,True,True,True,False
162965,Giải trí,78,147,2135,17,33,454,True,True,True,False
23113,Kinh doanh,61,152,3885,13,34,844,True,True,True,False
97694,Giáo dục,48,209,5777,10,45,1265,True,True,True,False
254489,Xe,57,132,4311,13,29,899,True,True,True,False
91583,Giải trí,76,141,1729,17,30,376,True,True,True,False
245904,Thời sự,76,250,2328,18,55,517,True,True,True,False
23764,Kinh doanh,65,171,3349,15,37,716,True,True,True,False
194135,Kinh doanh,69,232,5817,14,50,1270,True,True,True,False
15806,Giải trí,78,190,6737,17,40,1417,True,True,True,False
111344,Kinh doanh,27,157,1775,6,35,391,True,True,True,False
182850,Khoa học công nghệ,75,219,1763,17,48,382,True,True,True,False
14591,Giải trí,61,242,5007,13,53,1054,True,True,True,False
82251,Giải trí,70,158,3478,16,35,774,True,True,True,False
130362,Thể thao,73,233,3627,16,53,784,True,True,True,False
178415,Giáo dục,80,107,3181,17,23,694,True,True,True,False
13910,Giải trí,65,183,2755,14,38,589,True,True,True,False
173256,Giáo dục,61,141,1793,14,29,398,True,True,True,False
32821,Thế giới,32,192,4793,8,45,1060,True,True,True,False
143553,Xe,65,187,1983,14,41,425,True,True,True,False
253510,Xe,69,246,5237,14,55,1138,True,True,True,False
78610,Du lịch,68,125,2562,16,28,571,True,True,True,False
216772,Thế giới,57,167,1353,13,35,296,True,True,True,False
62100,Khoa học công nghệ,61,310,3295,14,67,708,True,True,True,False
91830,Giải trí,56,113,3716,13,25,824,True,True,True,False
21042,Kinh doanh,43,198,3896,9,41,824,True,True,True,False
186069,Khoa học công nghệ,70,210,3467,15,45,753,True,True,True,False
104706,Kinh doanh,47,122,10539,11,27,2326,True,True,True,False
117715,Thế giới,68,147,1804,17,36,387,True,True,True,False
252787,Xe,77,123,2233,17,29,496,True,True,True,False
241518,Thời sự,67,173,1919,16,42,436,True,True,True,False
127788,Thể thao,79,126,1323,18,27,301,True,True,True,False
81630,Giải trí,49,187,5266,10,38,1107,True,True,True,False
218113,Thế giới,65,145,823,14,29,170,True,True,True,False
117246,Sức khỏe,75,337,4355,16,77,973,True,True,True,False
37798,Thể thao,63,153,4242,13,33,909,True,True,True,False
51180,Xe,62,88,2499,10,18,520,True,True,True,False
244448,Thời sự,67,201,4322,17,45,956,True,True,True,False
88377,Giải trí,79,142,3697,15,29,812,True,True,True,False
56206,Khoa học công nghệ,41,121,2329,9,27,500,True,True,True,False
153296,Bất động sản,79,192,3562,18,43,791,True,True,True,False
169477,Giải trí,67,136,4248,16,30,934,True,True,True,False
240266,Thời sự,71,211,675,18,49,149,True,True,True,False
182332,Khoa học công nghệ,72,176,4074,16,39,886,True,True,True,False
51164,Xe,59,134,2058,11,28,449,True,True,True,False
182236,Khoa học công nghệ,73,128,2231,15,25,477,True,True,True,False
30846,Sức khỏe,62,208,3596,13,44,796,True,True,True,False
64746,Khoa học công nghệ,46,105,2459,10,24,532,True,True,True,False
87100,Giải trí,56,171,2932,14,38,649,True,True,True,False
104000,Kinh doanh,73,152,1995,17,36,471,True,True,True,False
245106,Thời sự,78,192,1916,18,42,419,True,True,True,False
172235,Giải trí,61,97,2207,14,22,485,True,True,True,False
157371,Giải trí,71,133,5018,16,31,1131,True,True,True,False
237696,Thời sự,50,181,4400,12,37,987,True,True,True,False
54262,Khoa học công nghệ,42,124,2009,9,27,427,True,True,True,False
122304,Thế giới,78,182,4759,15,38,1032,True,True,True,False
120767,Thế giới,66,165,3959,14,36,836,True,True,True,False
247561,Xe,60,225,3259,13,49,700,True,True,True,False
55874,Khoa học công nghệ,55,80,1328,11,15,275,True,True,True,False
95138,Giáo dục,75,179,3388,16,41,730,True,True,True,False
71191,Đời sống,70,191,1487,16,42,331,True,True,True,False
76430,Du lịch,53,352,2126,12,80,477,True,True,True,False
125916,Thể thao,76,223,3090,20,52,706,True,True,True,False
96386,Giáo dục,74,145,1704,17,31,373,True,True,True,False
183807,Khoa học công nghệ,68,154,3962,15,32,853,True,True,True,True
161328,Giải trí,51,139,1720,12,28,376,True,True,True,False
224984,Thể thao,35,139,879,8,32,191,True,True,True,False
129396,Thể thao,87,208,2206,19,45,499,True,True,True,False
119081,Thế giới,36,311,1646,7,69,368,True,True,True,False
113872,Kinh doanh,58,173,1444,12,40,299,True,True,True,False
128107,Thể thao,81,159,3226,17,35,686,True,True,True,False
122900,Thế giới,63,162,4370,15,35,941,True,True,True,False
14434,Giải trí,79,220,6808,16,48,1427,True,True,True,False
11988,Giải trí,71,177,3483,17,41,754,True,True,True,False
111049,Kinh doanh,46,204,1631,9,43,332,True,True,True,False
255933,Đời sống,76,237,2344,18,54,515,True,True,True,False
14423,Giải trí,87,185,5309,17,37,1087,True,True,True,False
140667,Thời sự,65,227,3168,17,53,713,True,True,True,False
7013,Giải trí,46,205,2471,10,45,523,True,True,True,False
114868,Sức khỏe,85,320,1209,17,66,252,True,True,True,False
126609,Thể thao,72,221,3835,16,46,820,True,True,True,False
7407,Giải trí,60,211,3342,15,47,711,True,True,True,False
209845,Sức khỏe,70,187,2168,16,42,480,True,True,True,False
69350,Đời sống,76,148,4081,17,35,944,True,True,True,False
15909,Giải trí,59,124,2016,14,30,445,True,True,True,False
116695,Sức khỏe,45,304,5390,9,64,1163,True,True,True,False
47494,Xe,58,154,3615,12,33,781,True,True,True,False
175180,Giáo dục,73,170,4474,17,39,978,True,True,True,False
264214,Đời sống,79,177,3007,16,38,633,True,True,True,False
158297,Giải trí,55,168,1563,13,40,349,True,True,True,False
125213,Thể thao,46,216,3556,11,47,752,True,True,True,False
22819,Kinh doanh,43,168,3515,8,36,726,True,True,True,False
136618,Thời sự,73,170,1506,17,37,338,True,True,True,False
44625,Thời sự,45,114,3029,10,26,675,True,True,True,False
132378,Thời sự,59,96,1453,15,22,326,True,True,True,False
73393,Đời sống,75,136,3796,15,29,836,True,True,True,False
233341,Thể thao,66,136,3148,12,24,624,True,True,True,False
153460,Bất động sản,62,221,4184,15,50,915,True,True,True,False
58404,Khoa học công nghệ,41,88,1624,9,20,340,True,True,True,False
247587,Xe,75,198,3338,14,43,692,True,True,True,False
77981,Du lịch,57,320,2945,13,74,631,True,True,True,False
77679,Du lịch,38,173,2566,9,40,562,True,True,True,False
187040,Khoa học công nghệ,45,116,1540,10,27,327,True,True,True,False
114660,Sức khỏe,65,365,3600,14,78,771,True,True,True,False
40807,Thể thao,69,123,2051,15,27,454,True,True,True,False
13978,Giải trí,61,215,3748,10,46,775,True,True,True,False
225723,Thể thao,61,135,1612,14,29,340,True,True,True,False
108354,Kinh doanh,53,174,2127,12,41,481,True,True,True,False
8206,Giải trí,57,161,2594,13,38,588,True,True,True,False
216749,Thế giới,67,155,2320,16,34,484,True,True,True,False
105000,Kinh doanh,59,311,3522,13,72,778,True,True,True,False
77012,Du lịch,67,326,3792,15,72,826,True,True,True,False
145230,Xe,85,223,3595,16,47,769,True,True,True,False
123255,Thể thao,62,206,2001,13,45,417,True,True,True,False
10603,Giải trí,64,152,3713,15,36,837,True,True,True,False
8374,Giải trí,59,216,2425,14,47,532,True,True,True,False
79520,Du lịch,75,292,4340,16,63,949,True,True,True,False
40562,Thể thao,75,159,2145,15,31,453,True,True,True,False
71043,Đời sống,57,121,3442,14,28,772,True,True,True,False
185821,Khoa học công nghệ,61,136,2105,13,29,412,True,True,True,False
198957,Kinh doanh,68,180,3369,16,42,723,True,True,True,False
240367,Thời sự,77,197,1648,19,42,360,True,True,True,False
177059,Giáo dục,71,188,4451,17,42,980,True,True,True,False
251102,Xe,65,150,1644,15,36,370,True,True,True,False
232452,Thể thao,53,137,438,13,29,54,True,True,True,False
12589,Giải trí,71,182,2771,16,42,603,True,True,True,False
50905,Xe,68,158,4815,12,35,1027,True,True,True,False
19470,Kinh doanh,60,164,3206,14,34,653,True,True,True,False
139155,Thời sự,63,152,929,15,33,215,True,True,True,False
81136,Giải trí,76,191,3096,17,40,678,True,True,True,False
260136,Đời sống,78,214,1416,17,43,299,True,True,True,False
195796,Kinh doanh,44,203,3640,9,43,799,True,True,True,False
87972,Giải trí,55,208,3637,12,47,785,True,True,True,False
123350,Thể thao,81,200,2861,17,41,610,True,True,True,False
191954,Kinh doanh,63,197,3417,14,44,736,True,True,True,False
228543,Thể thao,33,127,1415,7,28,294,True,True,True,False
73643,Đời sống,71,155,1583,15,39,357,True,True,True,False
41365,Thể thao,78,136,1452,18,31,316,True,True,True,False
85906,Giải trí,59,184,3251,14,38,723,True,True,True,False
9808,Giải trí,73,184,4734,14,38,960,True,True,True,False
125259,Thể thao,99,237,2396,18,48,500,True,True,True,False
228083,Thể thao,66,142,1749,13,29,356,True,True,True,False
81172,Giải trí,78,251,7543,17,54,1716,True,True,True,False
165722,Giải trí,67,133,2614,16,31,580,True,True,True,False
6288,Giáo dục,38,151,4264,8,32,889,True,True,True,False
108611,Kinh doanh,28,181,1734,6,39,389,True,True,True,False
74241,Đời sống,59,84,1220,13,19,269,True,True,True,False
97136,Giáo dục,56,274,7400,12,58,1601,True,True,True,False
186452,Khoa học công nghệ,56,211,1606,11,48,344,True,True,True,False
132478,Thời sự,65,154,5364,14,33,1175,True,True,True,False
232425,Thể thao,52,117,3162,14,27,659,True,True,True,False
116990,Sức khỏe,62,332,4760,15,71,1020,True,True,True,False
91774,Giải trí,60,222,3560,12,47,761,True,True,True,False
232586,Thể thao,46,116,1535,8,24,323,True,True,True,False
28357,Sức khỏe,64,126,3038,13,27,671,True,True,True,False
105144,Kinh doanh,72,174,2021,14,39,433,True,True,True,False
248342,Xe,80,156,1966,16,34,420,True,True,True,False
118049,Thế giới,52,136,1849,11,31,400,True,True,True,False
18686,Kinh doanh,72,153,3026,14,33,634,True,True,True,False
112029,Kinh doanh,48,132,1499,10,30,323,True,True,True,False
190551,Kinh doanh,60,227,2150,13,49,455,True,True,True,False
259259,Đời sống,73,131,2744,16,27,596,True,True,True,False
119587,Thế giới,70,138,1912,16,32,426,True,True,True,False
252547,Xe,71,213,2775,17,49,626,True,True,True,False
125359,Thể thao,54,140,1755,13,32,388,True,True,True,False
196726,Kinh doanh,59,139,1566,15,31,342,True,True,True,False
81008,Giải trí,67,131,2351,15,28,535,True,True,True,False
101798,Giáo dục,48,173,3576,11,38,780,True,True,True,False
75494,Du lịch,38,254,1797,10,56,407,True,True,True,False
215790,Thế giới,55,148,1411,13,35,314,True,True,True,False
249238,Xe,79,167,2575,20,39,562,True,True,True,False
233906,Thể thao,69,148,2341,12,28,482,True,True,True,False
86453,Giải trí,56,367,6262,9,81,1352,True,True,True,False
86921,Giải trí,39,141,2255,10,32,502,True,True,True,False
19667,Kinh doanh,58,246,7591,13,55,1639,True,True,True,False
210537,Sức khỏe,66,182,2978,16,40,659,True,True,True,False
237525,Thời sự,65,156,1745,16,37,387,True,True,True,False
198823,Kinh doanh,76,165,2659,16,31,523,True,True,True,False
89700,Giải trí,49,183,2444,12,39,551,True,True,True,False
179085,Giáo dục,63,194,1900,15,42,415,True,True,True,False
124469,Thể thao,90,218,4354,17,44,926,True,True,True,False
248276,Xe,75,206,3085,17,47,664,True,True,True,False
124383,Thể thao,38,96,1766,7,20,379,True,True,True,False
167488,Giải trí,78,137,4549,18,30,1005,True,True,True,False
97857,Giáo dục,37,129,2795,9,28,598,True,True,True,False
257346,Đời sống,69,136,1928,17,31,427,True,True,True,False
167064,Giải trí,77,150,2208,17,34,475,True,True,True,False
58292,Khoa học công nghệ,51,141,2029,10,28,424,True,True,True,False
25468,Kinh doanh,51,157,4518,11,33,997,True,True,True,False
115249,Sức khỏe,48,156,4156,12,34,902,True,True,True,False
52547,Xe,60,109,1521,13,23,336,True,True,True,False
228274,Thể thao,52,109,3824,9,22,787,True,True,True,False
124444,Thể thao,68,216,2427,16,48,536,True,True,True,False
175390,Giáo dục,63,137,988,14,29,210,True,True,True,False
201641,Kinh doanh,54,233,3446,12,50,727,True,True,True,False
223376,Thể thao,44,120,1304,9,23,274,True,True,True,False
234351,Thể thao,48,163,827,9,33,176,True,True,True,False
136256,Thời sự,43,142,2732,10,32,611,True,True,True,False
232160,Thể thao,44,136,867,10,29,172,True,True,True,False
50242,Xe,55,220,4514,13,49,966,True,True,True,False
76864,Du lịch,54,168,6129,13,38,1384,True,True,True,False
163363,Giải trí,80,192,3809,18,43,820,True,True,True,False
156227,Du lịch,59,169,1511,14,36,333,True,True,True,False
147736,Xe,73,131,1976,17,28,437,True,True,True,False
78463,Du lịch,72,322,2258,16,70,510,True,True,True,False
251221,Xe,50,134,758,13,31,162,True,True,True,False
124949,Thể thao,69,199,3855,16,45,853,True,True,True,False
22022,Kinh doanh,83,173,2327,19,39,490,True,True,True,False
189285,Kinh doanh,61,227,5245,13,49,1127,True,True,True,False
258021,Đời sống,67,132,2626,17,32,608,True,True,True,True
56444,Khoa học công nghệ,48,154,4376,11,34,969,True,True,True,False
141927,Thời sự,52,217,6513,11,47,1471,True,True,True,False
16816,Khoa học công nghệ,39,147,2851,7,30,605,True,True,True,False
38501,Thể thao,64,152,2002,15,31,416,True,True,True,False
232785,Thể thao,44,134,2937,11,28,610,True,True,True,False
50932,Xe,81,111,1846,17,24,400,True,True,True,False
159620,Giải trí,72,112,1397,17,26,314,True,True,True,False
50390,Xe,94,150,3125,20,28,653,True,True,True,False
175898,Giáo dục,75,159,4236,19,37,966,True,True,True,False
250476,Xe,80,141,2137,19,34,475,True,True,True,False
222815,Thể thao,65,136,3904,12,29,841,True,True,True,False
248608,Xe,69,120,2669,15,25,563,True,True,True,False
29906,Sức khỏe,33,196,3866,8,43,858,True,True,True,False
161697,Giải trí,56,123,2373,14,27,524,True,True,True,False
186592,Khoa học công nghệ,74,204,2082,17,45,449,True,True,True,False
2042,Du lịch,64,180,3244,15,39,717,True,True,True,False
168461,Giải trí,59,179,2926,12,36,627,True,True,True,False
42168,Thời sự,89,124,7248,21,27,1574,True,True,True,False
247016,Thời sự,67,165,5281,15,34,1129,True,True,True,False
88855,Giải trí,78,193,3346,17,41,761,True,True,True,False
117365,Sức khỏe,64,273,5233,12,63,1151,True,True,True,False
201708,Kinh doanh,61,170,2203,13,39,463,True,True,True,False
141733,Thời sự,79,164,3219,17,39,696,True,True,True,False
16941,Khoa học công nghệ,43,89,2850,9,19,626,True,True,True,False
1474,Du lịch,65,196,5183,15,41,1120,True,True,True,False
210193,Sức khỏe,77,174,3074,16,39,673,True,True,True,False
194541,Kinh doanh,69,228,5548,15,50,1175,True,True,True,False
204788,Pháp luật,62,132,4212,14,32,923,True,True,True,False
130190,Thể thao,89,141,1671,18,31,355,True,True,True,False
221189,Thể thao,60,108,2999,13,23,637,True,True,True,False
164001,Giải trí,74,145,4546,17,33,1002,True,True,True,False
193326,Kinh doanh,79,194,3159,16,42,625,True,True,True,False
215220,Thế giới,54,176,529,14,42,118,True,True,True,False
15781,Giải trí,75,183,4823,16,40,1017,True,True,True,False
54715,Khoa học công nghệ,57,224,2397,13,50,527,True,True,True,False
253481,Xe,59,123,3742,14,27,807,True,True,True,False
249046,Xe,75,180,4424,16,39,946,True,True,True,False
22222,Kinh doanh,79,233,3932,18,51,852,True,True,True,False
256688,Đời sống,55,119,1836,13,26,408,True,True,True,False
170774,Giải trí,76,176,6596,17,36,1492,True,True,True,False
90498,Giải trí,50,173,4112,11,40,909,True,True,True,False
226598,Thể thao,53,117,2524,10,22,525,True,True,True,False
241850,Thời sự,72,148,1470,16,34,334,True,True,True,False
55118,Khoa học công nghệ,36,102,3072,8,23,681,True,True,True,False
146399,Xe,54,167,4510,12,35,998,True,True,True,False
27967,Sức khỏe,44,253,5169,9,56,1159,True,True,True,False
114968,Sức khỏe,82,371,1973,18,77,422,True,True,True,False
196868,Kinh doanh,71,245,5139,15,54,1140,True,True,True,False
46904,Thời sự,50,175,1272,13,39,281,True,True,True,False
58927,Khoa học công nghệ,52,96,1574,12,22,342,True,True,True,False
109778,Kinh doanh,65,79,1870,13,18,401,True,True,True,False
197127,Kinh doanh,80,246,4589,17,53,967,True,True,True,False
66404,Đời sống,58,180,3833,14,40,879,True,True,True,False
125480,Thể thao,76,123,3062,17,27,645,True,True,True,False
23853,Kinh doanh,90,196,3343,19,40,718,True,True,True,False
248630,Xe,59,201,3589,13,41,777,True,True,True,False
191586,Kinh doanh,78,210,4020,17,46,845,True,True,True,False
228493,Thể thao,60,127,2758,13,25,548,True,True,True,False
214510,Thế giới,78,148,1400,16,29,305,True,True,True,False
231652,Thể thao,61,124,1964,13,27,417,True,True,True,False
64094,Khoa học công nghệ,40,87,1198,9,19,262,True,True,True,False
164459,Giải trí,80,189,2405,16,40,522,True,True,True,False
234634,Thể thao,60,171,464,14,37,63,True,True,True,False
28646,Sức khỏe,39,245,2981,9,55,649,True,True,True,True
6600,Giải trí,86,196,6322,19,43,1370,True,True,True,False
86565,Giải trí,37,248,3419,8,55,706,True,True,True,False
227437,Thể thao,30,177,1543,6,34,326,True,True,True,False
183488,Khoa học công nghệ,53,152,2255,13,35,497,True,True,True,False
113523,Kinh doanh,64,208,1963,15,45,414,True,True,True,False
76953,Du lịch,43,428,2973,9,91,634,True,True,True,False
14304,Giải trí,83,182,2948,21,43,662,True,True,True,False
5958,Giáo dục,51,164,2371,11,37,523,True,True,True,False
197654,Kinh doanh,65,209,5373,15,46,1152,True,True,True,False
246275,Thời sự,66,170,1115,15,39,242,True,True,True,False
249525,Xe,78,136,2656,15,30,566,True,True,True,False
38347,Thể thao,55,170,5108,12,37,1125,True,True,True,False
124419,Thể thao,78,210,3080,15,45,667,True,True,True,False
103354,Giáo dục,65,245,5290,14,53,1142,True,True,True,False
145737,Xe,73,241,4391,15,55,966,True,True,True,False
136445,Thời sự,57,148,4123,13,32,893,True,True,True,False
63711,Khoa học công nghệ,59,157,2097,12,33,477,True,True,True,False
64738,Khoa học công nghệ,68,160,4176,13,33,884,True,True,True,False
198449,Kinh doanh,71,145,4172,18,34,905,True,True,True,False
47489,Xe,42,108,3383,12,25,762,True,True,True,False
94699,Giáo dục,75,206,4468,18,46,999,True,True,True,False
141915,Thời sự,79,192,7233,17,43,1590,True,True,True,True
92977,Giải trí,44,93,1918,9,19,421,True,True,True,False
14625,Giải trí,49,192,5516,12,42,1177,True,True,True,False
265497,Đời sống,31,129,5654,8,31,1287,True,True,True,False
144734,Xe,61,212,2379,14,46,518,True,True,True,False
22479,Kinh doanh,58,108,4410,14,24,984,True,True,True,False
50239,Xe,62,120,1723,14,26,371,True,True,True,False
35654,Thế giới,74,154,3645,17,35,779,True,True,True,False
43304,Thời sự,62,129,6488,15,30,1434,True,True,True,False
71680,Đời sống,62,212,3249,15,46,742,True,True,True,False
179303,Giáo dục,78,179,2914,17,40,643,True,True,True,False
27854,Sức khỏe,63,151,5892,14,35,1309,True,True,True,False
107258,Kinh doanh,65,139,4418,16,28,961,True,True,True,False
208531,Sức khỏe,53,176,2180,12,37,464,True,True,True,False
113869,Kinh doanh,61,88,2506,13,17,533,True,True,True,False
197709,Kinh doanh,72,182,4380,14,39,949,True,True,True,False
117085,Sức khỏe,70,243,16404,17,59,3503,True,True,True,False
5448,Giáo dục,88,179,4995,20,37,1067,True,True,True,False
38017,Thể thao,65,126,1910,14,27,411,True,True,True,False
227763,Thể thao,55,143,5675,12,28,1136,True,True,True,False
196161,Kinh doanh,66,239,5075,15,52,1114,True,True,True,False
53319,Khoa học công nghệ,61,128,1819,13,28,394,True,True,True,False
250133,Xe,61,135,2016,14,31,432,True,True,True,False
47501,Xe,37,111,1567,9,25,360,True,True,True,False
2400,Giáo dục,61,106,1089,13,23,233,True,True,True,False
232673,Thể thao,58,119,2158,11,22,431,True,True,True,False
54143,Khoa học công nghệ,45,131,4436,9,30,981,True,True,True,False
227152,Thể thao,51,128,1413,11,25,300,True,True,True,False
216719,Thế giới,59,173,1629,13,37,354,True,True,True,False
42716,Thời sự,80,121,7715,20,27,1697,True,True,True,False
80373,Giải trí,47,199,2863,11,46,641,True,True,True,False
229353,Thể thao,36,136,1443,8,28,299,True,True,True,False
180049,Giáo dục,63,197,1333,13,40,281,True,True,True,False
9555,Giải trí,64,249,4882,13,48,1002,True,True,True,False
58818,Khoa học công nghệ,48,176,2364,11,37,527,True,True,True,False
160768,Giải trí,77,176,2419,17,40,530,True,True,True,False
154646,Du lịch,79,146,2717,17,32,589,True,True,True,False
73131,Đời sống,73,172,3202,17,40,706,True,True,True,False
64815,Khoa học công nghệ,73,141,2902,15,30,637,True,True,True,False
175802,Giáo dục,61,186,4511,12,39,977,True,True,True,False
73308,Đời sống,77,180,3146,17,40,687,True,True,True,False
57124,Khoa học công nghệ,41,159,3875,9,35,868,True,True,True,False
214143,Thế giới,79,143,3943,17,32,846,True,True,True,False
103215,Giáo dục,50,157,1658,11,33,359,True,True,True,False
195372,Kinh doanh,53,204,4615,12,44,952,True,True,True,False
91947,Giải trí,71,185,4051,17,42,921,True,True,True,False
160219,Giải trí,79,113,1181,18,26,264,True,True,True,False
169438,Giải trí,58,100,2215,14,23,482,True,True,True,False
260130,Đời sống,75,235,2051,17,54,447,True,True,True,False
186908,Khoa học công nghệ,72,128,3478,14,28,755,True,True,True,False
175984,Giáo dục,64,200,4541,14,44,982,True,True,True,False
78306,Du lịch,53,148,1882,12,32,397,True,True,True,False
165498,Giải trí,48,172,2483,11,43,539,True,True,True,False
82425,Giải trí,60,236,4478,13,50,975,True,True,True,False
239515,Thời sự,50,143,1431,14,36,316,True,True,True,False
73407,Đời sống,76,199,3036,17,45,669,True,True,True,False
192440,Kinh doanh,78,193,3508,16,44,774,True,True,True,False
98836,Giáo dục,75,157,1842,17,35,390,True,True,True,False
252988,Xe,46,119,3024,10,26,643,True,True,True,False
26666,Pháp luật,75,121,3554,18,26,794,True,True,True,False
114069,Kinh doanh,52,142,4464,12,30,999,True,True,True,False
118130,Thế giới,76,117,1682,16,25,361,True,True,True,False
176702,Giáo dục,66,215,1780,14,43,385,True,True,True,False
257781,Đời sống,74,135,8008,16,30,1739,True,True,True,False
87391,Giải trí,59,185,3359,13,38,753,True,True,True,False
198966,Kinh doanh,78,247,3810,16,50,799,True,True,True,False
141436,Thời sự,67,108,2802,16,24,601,True,True,True,False
45641,Thời sự,51,143,3244,12,32,706,True,True,True,False
47682,Xe,75,183,6028,17,42,1350,True,True,True,False
4226,Giáo dục,77,108,5063,16,23,1075,True,True,True,False
206539,Sức khỏe,66,177,2823,15,39,599,True,True,True,False
104749,Kinh doanh,58,229,6313,14,52,1378,True,True,True,False
99846,Giáo dục,53,225,2804,13,53,616,True,True,True,False
175767,Giáo dục,72,205,3978,17,46,867,True,True,True,False
206243,Sức khỏe,54,126,1233,14,28,256,True,True,True,False
17596,Khoa học công nghệ,62,134,5796,15,32,1283,True,True,True,True
225537,Thể thao,45,153,2341,10,33,524,True,True,True,False
252332,Xe,62,147,2676,15,33,573,True,True,True,False
151870,Bất động sản,62,155,1100,15,36,250,True,True,True,False
85936,Giải trí,68,145,2454,15,30,540,True,True,True,False
222575,Thể thao,51,158,967,13,36,191,True,True,True,False
149970,Bất động sản,66,208,2864,15,44,607,True,True,True,False
65434,Khoa học công nghệ,68,168,2973,16,40,658,True,True,True,False
132468,Thời sự,49,148,1913,11,31,422,True,True,True,False
69300,Đời sống,65,177,2143,16,40,470,True,True,True,False
216953,Thế giới,46,175,840,10,40,178,True,True,True,False
238939,Thời sự,62,141,767,14,32,170,True,True,True,False
28276,Sức khỏe,81,123,3815,17,26,826,True,True,True,False
190604,Kinh doanh,75,153,3215,18,35,726,True,True,True,False
154421,Du lịch,71,242,2797,16,53,615,True,True,True,False
211884,Sức khỏe,19,145,2979,5,32,656,True,True,True,False
74566,Du lịch,60,247,3993,14,55,894,True,True,True,False
87500,Giải trí,60,291,3457,13,61,723,True,True,True,False
81340,Giải trí,67,126,3956,15,28,884,True,True,True,False
86966,Giải trí,56,186,3292,14,41,726,True,True,True,False
12515,Giải trí,71,160,4106,15,35,861,True,True,True,False
189143,Kinh doanh,58,223,1947,12,48,431,True,True,True,False
21545,Kinh doanh,79,172,2880,17,38,642,True,True,True,False
47839,Xe,96,104,3348,22,23,726,True,True,True,False
248160,Xe,74,138,2763,17,30,595,True,True,True,False
93851,Giải trí,57,95,1767,11,15,356,True,True,True,False
193311,Kinh doanh,80,175,5248,17,39,1108,True,True,True,False
246814,Thời sự,80,234,3325,17,50,731,True,True,True,False
229080,Thể thao,64,127,1504,14,28,313,True,True,True,False
151871,Bất động sản,74,243,4227,17,55,937,True,True,True,False
168353,Giải trí,57,165,1563,12,37,333,True,True,True,False
223116,Thể thao,65,130,2125,13,29,464,True,True,True,False
221325,Thể thao,66,122,910,12,26,160,True,True,True,False
126255,Thể thao,28,160,2809,6,38,612,True,True,True,False
145039,Xe,59,174,2698,12,35,599,True,True,True,False
3861,Giáo dục,92,139,2245,19,28,467,True,True,True,False
159618,Giải trí,69,127,1964,16,27,416,True,True,True,False
218960,Thể thao,67,134,2120,14,29,460,True,True,True,False
239056,Thời sự,79,180,2072,19,39,451,True,True,True,False
158739,Giải trí,71,100,2954,17,24,629,True,True,True,False
108745,Kinh doanh,43,174,3279,10,41,736,True,True,True,False
62468,Khoa học công nghệ,42,85,2077,10,20,453,True,True,True,False
55620,Khoa học công nghệ,50,198,1449,10,42,307,True,True,True,False
143922,Xe,56,83,2239,11,19,497,True,True,True,False
50581,Xe,74,159,2770,16,38,612,True,True,True,False
209380,Sức khỏe,74,154,1508,18,34,335,True,True,True,False
73275,Đời sống,67,203,3411,15,42,757,True,True,True,False
100290,Giáo dục,45,176,2939,10,40,648,True,True,True,False
224042,Thể thao,69,146,1836,13,34,386,True,True,True,False
264945,Đời sống,80,186,3520,19,42,811,True,True,True,False
16120,Giải trí,50,164,3585,12,39,795,True,True,True,False
114203,Sức khỏe,80,133,2419,18,30,545,True,True,True,False
106193,Kinh doanh,28,309,7349,6,70,1630,True,True,True,False
25421,Kinh doanh,52,82,2175,12,16,447,True,True,True,False
50230,Xe,70,107,1907,14,22,425,True,True,True,False
195028,Kinh doanh,80,239,4516,16,53,968,True,True,True,False
260437,Đời sống,67,203,1298,15,43,280,True,True,True,False
261518,Đời sống,44,79,1171,11,17,256,True,True,True,False
153508,Bất động sản,67,163,3178,17,37,712,True,True,True,False
109644,Kinh doanh,63,216,2104,15,49,481,True,True,True,False
202206,Kinh doanh,32,250,428,8,55,87,True,True,True,False
252246,Xe,27,136,4556,4,26,992,True,True,True,False
79771,Du lịch,76,226,5690,16,50,1219,True,True,True,False
236531,Thể thao,58,138,1078,13,30,236,True,True,True,False
69319,Đời sống,94,119,6040,24,28,1352,True,True,True,False
148899,Bất động sản,70,219,4623,13,45,1004,True,True,True,False
129386,Thể thao,83,109,3730,19,26,865,True,True,True,False
129921,Thể thao,37,145,2034,8,33,429,True,True,True,False
117409,Sức khỏe,68,271,4179,14,60,883,True,True,True,False
148924,Bất động sản,64,245,3767,15,50,827,True,True,True,False
167250,Giải trí,68,195,1712,16,45,370,True,True,True,False
109332,Kinh doanh,58,269,3845,12,58,840,True,True,True,True
183059,Khoa học công nghệ,43,197,5717,9,42,1207,True,True,True,False
114140,Kinh doanh,70,155,1748,15,33,381,True,True,True,False
66645,Đời sống,41,291,3767,9,66,860,True,True,True,False
65351,Khoa học công nghệ,66,326,1158,13,67,248,True,True,True,False
168712,Giải trí,74,165,3022,14,36,616,True,True,True,False
63440,Khoa học công nghệ,47,132,1655,10,26,346,True,True,True,False
40816,Thể thao,61,173,2588,13,37,571,True,True,True,False
175712,Giáo dục,66,142,2906,16,31,639,True,True,True,False
178948,Giáo dục,72,125,2207,16,27,493,True,True,True,False
62805,Khoa học công nghệ,68,205,2115,14,41,446,True,True,True,False
213206,Sức khỏe,61,202,4151,13,45,904,True,True,True,False
261207,Đời sống,57,124,2289,13,27,512,True,True,True,False
193449,Kinh doanh,62,124,2386,13,26,488,True,True,True,False
98778,Giáo dục,70,113,1966,15,25,433,True,True,True,False
176751,Giáo dục,79,243,3293,20,56,734,True,True,True,False
99398,Giáo dục,59,255,6902,14,57,1589,True,True,True,True
86249,Giải trí,91,242,2707,19,53,598,True,True,True,False
181587,Khoa học công nghệ,76,226,2873,16,48,595,True,True,True,False
220830,Thể thao,44,119,1750,10,27,379,True,True,True,False
179406,Giáo dục,54,110,3859,13,26,861,True,True,True,False
174920,Giáo dục,53,193,2770,13,41,607,True,True,True,False
31990,Sức khỏe,50,124,1807,13,28,413,True,True,True,False
29578,Sức khỏe,75,162,2799,16,35,613,True,True,True,False
208048,Sức khỏe,50,202,7040,12,46,1569,True,True,True,False
46447,Thời sự,96,165,3673,22,37,811,True,True,True,False
1418,Du lịch,79,171,3076,18,37,679,True,True,True,True
34280,Thế giới,77,134,3053,19,30,680,True,True,True,False
203688,Pháp luật,62,117,4073,14,27,906,True,True,True,False
179667,Giáo dục,58,88,2966,11,18,618,True,True,True,False
89798,Giải trí,48,195,2915,10,46,637,True,True,True,False
212648,Sức khỏe,49,101,2504,12,25,556,True,True,True,True
31222,Sức khỏe,40,238,4276,10,54,916,True,True,True,False
128037,Thể thao,75,97,3138,16,18,676,True,True,True,False
9338,Giải trí,74,129,2838,16,28,603,True,True,True,False
83521,Giải trí,67,109,2621,14,24,579,True,True,True,False
34301,Thế giới,58,145,1826,13,31,389,True,True,True,False
216510,Thế giới,76,141,1386,15,29,294,True,True,True,False
142496,Thời sự,63,197,7147,14,42,1539,True,True,True,False
216156,Thế giới,64,182,1650,14,43,364,True,True,True,False
245269,Thời sự,62,182,934,15,42,208,True,True,True,False
93557,Giải trí,56,154,2015,13,33,438,True,True,True,False
116726,Sức khỏe,80,184,2230,16,39,459,True,True,True,False
185875,Khoa học công nghệ,50,222,4384,11,47,952,True,True,True,False
94684,Giáo dục,62,179,5044,14,41,1084,True,True,True,False
101833,Giáo dục,58,164,1177,13,35,250,True,True,True,False
116630,Sức khỏe,82,182,5783,17,37,1190,True,True,True,False
167633,Giải trí,51,92,820,11,20,176,True,True,True,False
188728,Kinh doanh,79,237,6366,18,54,1372,True,True,True,False
89439,Giải trí,48,135,2213,11,30,491,True,True,True,False
247574,Xe,62,183,3267,14,40,708,True,True,True,False
248167,Xe,73,127,4347,17,29,937,True,True,True,False
189044,Kinh doanh,70,152,8438,15,33,1829,True,True,True,False
127071,Thể thao,78,204,2744,17,44,597,True,True,True,False
94662,Giải trí,59,180,6953,13,41,1543,True,True,True,False
13585,Giải trí,57,217,4547,12,46,979,True,True,True,True
99630,Giáo dục,67,155,1866,15,34,396,True,True,True,False
179786,Giáo dục,55,113,8742,12,25,1884,True,True,True,False
188047,Khoa học công nghệ,58,161,3645,13,37,749,True,True,True,False
92186,Giải trí,64,172,4515,14,39,1014,True,True,True,False
75505,Du lịch,58,188,3029,14,43,677,True,True,True,False
59837,Khoa học công nghệ,46,106,2218,11,25,486,True,True,True,False
188724,Kinh doanh,67,168,1443,14,35,316,True,True,True,False
181927,Khoa học công nghệ,51,188,1357,11,41,295,True,True,True,False
38035,Thể thao,31,135,3360,7,31,734,True,True,True,False
1649,Du lịch,65,158,4804,14,31,1016,True,True,True,False
76965,Du lịch,57,126,2516,13,28,553,True,True,True,False
26569,Pháp luật,70,147,3541,16,33,781,True,True,True,False
20355,Kinh doanh,99,241,4203,23,54,906,True,True,True,False
66514,Đời sống,73,165,3092,16,37,671,True,True,True,False
39991,Thể thao,69,101,1613,15,22,340,True,True,True,False
22728,Kinh doanh,47,113,3292,10,23,687,True,True,True,False
208739,Sức khỏe,46,221,2719,10,47,580,True,True,True,False
125830,Thể thao,74,214,3065,16,46,665,True,True,True,False
106881,Kinh doanh,43,184,677,9,35,142,True,True,True,False
182496,Khoa học công nghệ,65,213,1051,15,47,223,True,True,True,False
160697,Giải trí,79,184,1128,18,42,243,True,True,True,False
79461,Du lịch,74,184,3620,17,41,801,True,True,True,False
78907,Du lịch,54,109,1839,12,24,408,True,True,True,False
185461,Khoa học công nghệ,60,223,4508,13,48,970,True,True,True,False
53968,Khoa học công nghệ,39,134,2557,7,27,543,True,True,True,False
225125,Thể thao,61,125,1323,14,27,289,True,True,True,False
39227,Thể thao,52,156,1823,11,36,407,True,True,True,False
175422,Giáo dục,52,69,4111,12,16,871,True,True,True,False
232688,Thể thao,56,162,1621,12,32,353,True,True,True,False
11992,Giải trí,59,142,3356,13,32,748,True,True,True,False
38982,Thể thao,49,194,2277,12,44,511,True,True,True,False
243429,Thời sự,65,223,2862,15,49,611,True,True,True,False
149618,Bất động sản,49,154,2270,11,35,506,True,True,True,False
95667,Giáo dục,58,322,3418,12,68,748,True,True,True,False
197029,Kinh doanh,56,176,1741,12,38,383,True,True,True,False
216563,Thế giới,62,149,2723,14,34,567,True,True,True,False
152681,Bất động sản,79,182,2455,20,41,558,True,True,True,False
239924,Thời sự,52,132,1369,13,31,309,True,True,True,False
72428,Đời sống,90,210,1920,20,46,428,True,True,True,False
123048,Thế giới,60,142,2076,13,32,445,True,True,True,False
17480,Khoa học công nghệ,70,143,2025,17,32,444,True,True,True,False
47405,Xe,48,123,4579,12,28,1024,True,True,True,False
149239,Bất động sản,66,179,4320,13,36,925,True,True,True,False
235755,Thể thao,63,154,1980,14,33,407,True,True,True,False
144775,Xe,70,158,3433,16,35,757,True,True,True,False
131372,Thể thao,81,210,1927,16,48,446,True,True,True,False
108210,Kinh doanh,73,205,2617,16,47,580,True,True,True,False
262382,Đời sống,78,143,4103,16,33,903,True,True,True,False
40725,Thể thao,80,212,5624,16,45,1196,True,True,True,False
217646,Thế giới,56,192,2579,12,42,557,True,True,True,False
208842,Sức khỏe,67,161,2885,16,36,644,True,True,True,False
179011,Giáo dục,46,187,1448,10,41,315,True,True,True,False
233811,Thể thao,53,131,970,11,27,204,True,True,True,False
163733,Giải trí,74,232,4882,16,51,1089,True,True,True,False
69762,Đời sống,58,121,3331,14,28,749,True,True,True,False
236802,Thời sự,71,175,1317,17,40,293,True,True,True,False
225709,Thể thao,66,173,2194,15,36,477,True,True,True,False
231190,Thể thao,46,136,2834,10,31,594,True,True,True,False
172909,Giáo dục,70,166,2042,15,37,446,True,True,True,False
56335,Khoa học công nghệ,58,135,2615,12,30,565,True,True,True,False
5940,Giáo dục,69,158,3130,14,34,678,True,True,True,False
41037,Thể thao,67,210,2340,15,48,524,True,True,True,False
17856,Kinh doanh,70,89,5789,16,20,1275,True,True,True,False
245700,Thời sự,73,169,3483,18,38,766,True,True,True,False
53575,Khoa học công nghệ,53,180,2107,12,38,462,True,True,True,False
113843,Kinh doanh,80,197,1931,16,42,421,True,True,True,False
178896,Giáo dục,55,180,2819,12,39,646,True,True,True,False
104142,Kinh doanh,80,238,1895,17,54,412,True,True,True,False
110990,Kinh doanh,32,236,6683,7,52,1480,True,True,True,False
91266,Giải trí,63,124,1933,12,26,413,True,True,True,False
41162,Thể thao,56,132,2337,13,28,502,True,True,True,False
242128,Thời sự,65,127,3087,13,26,651,True,True,True,False
215649,Thế giới,52,130,1711,12,31,382,True,True,True,False
48548,Xe,50,145,1875,10,31,409,True,True,True,False
208656,Sức khỏe,79,192,3856,17,44,825,True,True,True,False
189152,Kinh doanh,73,239,3786,16,53,822,True,True,True,False
158094,Giải trí,47,72,2186,11,17,487,True,True,True,False
238177,Thời sự,71,207,2336,17,46,510,True,True,True,False
127254,Thể thao,73,164,3636,17,36,793,True,True,True,False
261128,Đời sống,78,138,3077,19,32,698,True,True,True,False
224541,Thể thao,49,108,303,12,24,70,True,True,True,False
170423,Giải trí,54,105,1927,12,25,408,True,True,True,False
133248,Thời sự,54,146,939,12,33,211,True,True,True,False
104290,Kinh doanh,31,112,7137,7,24,1572,True,True,True,False
4799,Giáo dục,56,84,1158,12,18,248,True,True,True,False
167699,Giải trí,70,131,2020,15,29,450,True,True,True,False
44373,Thời sự,57,244,3203,13,54,711,True,True,True,False
167575,Giải trí,68,162,2538,16,36,554,True,True,True,False
242791,Thời sự,67,215,4702,17,50,1061,True,True,True,False
65983,Đời sống,78,120,4779,17,26,1080,True,True,True,False
62038,Khoa học công nghệ,35,120,1713,8,24,357,True,True,True,False
48528,Xe,65,81,5565,16,19,1231,True,True,True,False
29914,Sức khỏe,57,164,3760,13,34,790,True,True,True,False
247496,Xe,73,131,2696,16,29,578,True,True,True,False
141812,Thời sự,41,215,2550,8,44,543,True,True,True,False
178145,Giáo dục,62,228,4670,14,50,1022,True,True,True,False
263759,Đời sống,80,182,3594,20,43,826,True,True,True,False
75407,Du lịch,62,110,3137,15,26,674,True,True,True,False
259213,Đời sống,79,126,2315,18,32,521,True,True,True,False
124775,Thể thao,74,209,2695,16,41,557,True,True,True,False
15558,Giải trí,57,137,2879,12,29,578,True,True,True,False
52866,Khoa học công nghệ,45,129,2037,10,26,430,True,True,True,False
185405,Khoa học công nghệ,56,179,3583,12,37,771,True,True,True,False
146027,Xe,61,134,2804,14,33,621,True,True,True,False
204805,Pháp luật,54,138,2443,11,31,540,True,True,True,False
59270,Khoa học công nghệ,60,230,2197,13,49,459,True,True,True,False
52874,Khoa học công nghệ,54,165,3459,13,36,742,True,True,True,False
14278,Giải trí,73,145,2625,15,34,557,True,True,True,False
124772,Thể thao,97,136,3360,20,28,707,True,True,True,False
98886,Giáo dục,74,188,5907,17,39,1309,True,True,True,False
155184,Du lịch,63,155,2160,15,36,478,True,True,True,False
141453,Thời sự,79,164,2651,15,32,529,True,True,True,False
252712,Xe,79,137,1219,17,29,257,True,True,True,False
182057,Khoa học công nghệ,60,240,3971,13,51,861,True,True,True,False
36349,Thể thao,71,145,1159,15,30,252,True,True,True,False
73233,Đời sống,90,176,4516,20,38,1023,True,True,True,False
165098,Giải trí,79,137,2394,17,31,516,True,True,True,False
110945,Kinh doanh,21,98,6789,5,23,1496,True,True,True,False
261551,Đời sống,77,185,2094,18,46,468,True,True,True,False
193405,Kinh doanh,52,195,2743,12,44,599,True,True,True,False
122339,Thế giới,73,205,4360,14,39,919,True,True,True,False
76229,Du lịch,51,140,2538,12,31,574,True,True,True,False
116427,Sức khỏe,87,221,12871,16,46,2763,True,True,True,False
105581,Kinh doanh,43,189,4109,10,41,885,True,True,True,False
134196,Thời sự,58,164,2239,15,35,497,True,True,True,False
90879,Giải trí,63,106,2247,14,23,498,True,True,True,False
133437,Thời sự,70,232,4168,15,50,899,True,True,True,False
143446,Xe,60,258,2444,13,57,522,True,True,True,False
48874,Xe,88,97,3344,19,21,712,True,True,True,False
194218,Kinh doanh,65,188,2394,15,41,529,True,True,True,False
247447,Xe,75,138,3572,17,29,770,True,True,True,False
7495,Giải trí,58,186,6375,12,37,1330,True,True,True,False
227460,Thể thao,68,116,1591,13,24,342,True,True,True,False
194312,Kinh doanh,68,150,2344,14,32,509,True,True,True,False
4305,Giáo dục,54,145,386,12,32,86,True,True,True,False
114639,Sức khỏe,74,174,3149,17,39,694,True,True,True,False
243417,Thời sự,66,166,3364,16,38,741,True,True,True,False
4183,Giáo dục,48,157,1280,10,34,269,True,True,True,False
99611,Giáo dục,33,211,4287,8,47,943,True,True,True,False
105701,Kinh doanh,60,118,3762,13,26,806,True,True,True,False
157308,Giải trí,60,154,1545,15,34,350,True,True,True,False
124021,Thể thao,26,152,3521,6,31,770,True,True,True,False
31266,Sức khỏe,43,124,1795,11,30,400,True,True,True,False
21282,Kinh doanh,62,250,4591,14,53,990,True,True,True,False
92911,Giải trí,45,139,1435,10,31,316,True,True,True,False
93729,Giải trí,42,187,3001,10,42,667,True,True,True,False
19639,Kinh doanh,56,104,1372,11,21,284,True,True,True,False
149267,Bất động sản,78,173,3160,16,37,681,True,True,True,False
193170,Kinh doanh,57,193,3533,13,42,726,True,True,True,False
144887,Xe,61,225,6249,14,44,1363,True,True,True,False
175351,Giáo dục,54,206,4401,13,45,972,True,True,True,False
241735,Thời sự,66,167,4386,16,39,1017,True,True,True,False
43258,Thời sự,31,143,9036,6,34,2022,True,True,True,False
163900,Giải trí,75,113,2711,16,24,578,True,True,True,False
180425,Giáo dục,49,101,1259,11,23,275,True,True,True,False
42393,Thời sự,44,157,2853,10,32,620,True,True,True,False
230875,Thể thao,57,131,1876,12,29,379,True,True,True,False
211001,Sức khỏe,64,151,1747,14,31,384,True,True,True,False
246764,Thời sự,80,225,4169,18,50,920,True,True,True,False
175121,Giáo dục,53,125,1889,12,25,402,True,True,True,False
198699,Kinh doanh,62,199,3524,13,42,772,True,True,True,False
56542,Khoa học công nghệ,66,205,2530,14,44,524,True,True,True,False
201648,Kinh doanh,66,218,2680,14,48,578,True,True,True,False
243420,Thời sự,52,93,1052,13,22,233,True,True,True,False
30453,Sức khỏe,40,247,3254,10,54,738,True,True,True,False
78953,Du lịch,66,113,1652,15,26,355,True,True,True,False
11569,Giải trí,55,164,2904,14,35,627,True,True,True,False
73326,Đời sống,52,216,4365,12,46,976,True,True,True,False
151044,Bất động sản,64,190,4097,15,43,935,True,True,True,False
59541,Khoa học công nghệ,51,157,1131,12,34,244,True,True,True,False
138639,Thời sự,72,101,1570,16,23,348,True,True,True,False
264085,Đời sống,34,180,3410,8,41,759,True,True,True,False
102507,Giáo dục,66,162,3983,16,34,902,True,True,True,False
244028,Thời sự,66,132,849,15,29,185,True,True,True,False
151548,Bất động sản,43,124,5082,9,26,1137,True,True,True,False
52688,Xe,68,126,1773,15,26,374,True,True,True,False
34557,Thế giới,20,108,1946,6,25,410,True,True,True,True
238883,Thời sự,61,140,1021,15,32,217,True,True,True,False
29872,Sức khỏe,70,150,2394,17,33,525,True,True,True,False
262588,Đời sống,78,226,2899,18,53,655,True,True,True,False
163604,Giải trí,67,135,2530,15,27,538,True,True,True,False
233098,Thể thao,45,115,1197,10,25,258,True,True,True,False
114091,Kinh doanh,51,117,1558,11,24,333,True,True,True,False
160479,Giải trí,47,90,317,10,18,63,True,True,True,False
246802,Thời sự,74,175,2478,16,42,549,True,True,True,False
916,Bất động sản,71,198,3035,16,47,667,True,True,True,False
107504,Kinh doanh,40,238,6474,8,54,1443,True,True,True,False
112255,Kinh doanh,44,94,1823,10,20,399,True,True,True,False
209095,Sức khỏe,79,156,2534,18,35,568,True,True,True,False
191718,Kinh doanh,61,237,3126,13,48,661,True,True,True,False
131782,Thời sự,81,203,2313,17,44,498,True,True,True,False
233310,Thể thao,74,142,3196,13,25,602,True,True,True,False
59859,Khoa học công nghệ,66,74,1621,13,13,340,True,True,True,False
264901,Đời sống,74,151,3844,16,33,872,True,True,True,False
114967,Sức khỏe,71,201,1156,16,42,235,True,True,True,False
252253,Xe,74,157,2084,17,34,436,True,True,True,False
217453,Thế giới,76,166,1118,16,38,238,True,True,True,False
244977,Thời sự,77,112,622,17,25,136,True,True,True,False
134815,Thời sự,53,183,3115,12,38,672,True,True,True,False
133963,Thời sự,68,211,2941,15,44,638,True,True,True,False
7701,Giải trí,94,209,3654,23,44,785,True,True,True,False
214649,Thế giới,59,145,3806,13,32,825,True,True,True,False
61907,Khoa học công nghệ,47,117,2034,10,25,455,True,True,True,False
8520,Giải trí,28,132,4635,8,32,1039,True,True,True,False
143532,Xe,69,134,1836,15,28,416,True,True,True,False
216138,Thế giới,78,148,2977,16,31,644,True,True,True,False
66081,Đời sống,61,197,4487,15,43,967,True,True,True,False
164924,Giải trí,61,123,3483,14,29,764,True,True,True,False
120962,Thế giới,69,154,2675,13,30,561,True,True,True,False
139422,Thời sự,71,136,1854,15,29,403,True,True,True,False
155494,Du lịch,77,149,2834,18,33,633,True,True,True,False
199220,Kinh doanh,78,183,2158,15,35,446,True,True,True,False
24979,Kinh doanh,64,161,4724,12,35,1004,True,True,True,False
32548,Thế giới,36,182,7653,9,41,1661,True,True,True,False
14993,Giải trí,95,224,5804,20,50,1207,True,True,True,False
209140,Sức khỏe,64,135,2845,15,29,640,True,True,True,False
42223,Thời sự,78,129,7478,21,28,1643,True,True,True,False
8243,Giải trí,59,219,4159,14,47,899,True,True,True,False
21662,Kinh doanh,98,171,329,21,37,73,True,True,True,False
105010,Kinh doanh,57,222,4952,14,48,1103,True,True,True,False
256915,Đời sống,41,223,2406,8,49,527,True,True,True,False
210808,Sức khỏe,63,111,884,14,26,192,True,True,True,False
191262,Kinh doanh,52,179,1762,10,38,372,True,True,True,False
90961,Giải trí,75,234,4419,16,51,980,True,True,True,False
160204,Giải trí,69,180,2392,16,41,514,True,True,True,False
215338,Thế giới,52,125,1154,12,30,265,True,True,True,False
56464,Khoa học công nghệ,53,97,1954,12,23,430,True,True,True,False
126685,Thể thao,68,131,3218,14,27,700,True,True,True,False
1756,Du lịch,51,162,1293,12,36,281,True,True,True,False
22191,Kinh doanh,68,183,2006,14,38,412,True,True,True,False
66902,Đời sống,68,152,1465,16,34,338,True,True,True,False
172290,Giải trí,63,161,2988,14,36,662,True,True,True,False
177709,Giáo dục,43,156,1196,11,35,262,True,True,True,False
222330,Thể thao,66,150,4252,15,32,902,True,True,True,False
104025,Kinh doanh,61,150,3983,14,34,873,True,True,True,False
248496,Xe,36,156,2029,8,36,447,True,True,True,False
223242,Thể thao,53,146,1696,12,33,368,True,True,True,False
77506,Du lịch,48,148,2825,12,34,652,True,True,True,True
254159,Xe,52,175,1513,11,36,318,True,True,True,False
75442,Du lịch,59,189,2302,15,45,522,True,True,True,False
15445,Giải trí,94,238,6984,20,51,1465,True,True,True,False
206732,Sức khỏe,73,169,1789,16,34,383,True,True,True,False
104626,Kinh doanh,56,125,6985,13,27,1542,True,True,True,False
140356,Thời sự,68,151,1256,16,37,291,True,True,True,False
203320,Pháp luật,60,99,638,15,25,150,True,True,True,False
182827,Khoa học công nghệ,80,194,3122,17,43,670,True,True,True,False
35580,Thế giới,64,171,2366,14,37,500,True,True,True,False
187099,Khoa học công nghệ,46,116,3983,11,26,847,True,True,True,False
82689,Giải trí,70,157,2307,17,36,541,True,True,True,False
258362,Đời sống,61,105,1360,13,23,287,True,True,True,False
31930,Sức khỏe,55,103,1899,13,24,417,True,True,True,False
44821,Thời sự,23,205,3700,6,49,799,True,True,True,False
33999,Thế giới,94,157,2991,21,35,651,True,True,True,False
238019,Thời sự,70,197,5069,16,43,1113,True,True,True,False
139511,Thời sự,43,203,3773,10,46,850,True,True,True,False
28639,Sức khỏe,69,170,2705,17,39,593,True,True,True,False
162598,Giải trí,51,213,2414,12,48,517,True,True,True,False
151416,Bất động sản,71,191,3642,16,42,812,True,True,True,False
97592,Giáo dục,48,227,7402,10,49,1627,True,True,True,False
8667,Giải trí,84,145,3661,17,32,796,True,True,True,False
77010,Du lịch,75,287,2590,17,62,583,True,True,True,False
140804,Thời sự,59,168,1153,13,37,253,True,True,True,False
223627,Thể thao,67,152,2145,13,32,443,True,True,True,False
85181,Giải trí,70,155,3085,17,33,670,True,True,True,False
180643,Giáo dục,66,233,1012,17,52,225,True,True,True,False
176549,Giáo dục,58,224,3683,14,53,811,True,True,True,False
237480,Thời sự,62,124,3220,15,30,712,True,True,True,False
112313,Kinh doanh,84,236,4847,17,45,1021,True,True,True,False
203398,Pháp luật,74,155,1736,17,34,383,True,True,True,False
264594,Đời sống,63,139,4105,16,33,928,True,True,True,False
151317,Bất động sản,64,218,2739,15,52,627,True,True,True,False
197406,Kinh doanh,77,214,4017,17,46,877,True,True,True,False
201775,Kinh doanh,59,186,3528,13,42,774,True,True,True,False
229249,Thể thao,65,123,1955,16,27,412,True,True,True,False
202524,Kinh doanh,68,211,5862,15,46,1271,True,True,True,False
176559,Giáo dục,66,219,4308,14,48,950,True,True,True,False
244725,Thời sự,72,143,814,17,33,182,True,True,True,False
248565,Xe,78,221,2159,18,50,461,True,True,True,False
9573,Giải trí,73,198,3605,17,46,774,True,True,True,False
3359,Giáo dục,56,146,3718,12,33,788,True,True,True,False
199669,Kinh doanh,50,122,5458,12,28,1134,True,True,True,False
205978,Sức khỏe,71,241,1893,15,55,413,True,True,True,False
121948,Thế giới,43,122,2002,7,23,406,True,True,True,False
138711,Thời sự,75,125,1441,17,28,312,True,True,True,False
36038,Thế giới,41,219,4509,10,49,971,True,True,True,False
140714,Thời sự,61,141,1172,15,32,253,True,True,True,False
200791,Kinh doanh,52,237,2166,11,51,476,True,True,True,False
94743,Giáo dục,70,210,4431,17,44,936,True,True,True,False
114936,Sức khỏe,75,300,3425,17,62,757,True,True,True,False
26742,Pháp luật,50,124,1929,11,30,415,True,True,True,False
220179,Thể thao,57,133,3536,13,27,776,True,True,True,False
49161,Xe,51,221,3223,11,50,704,True,True,True,False
230126,Thể thao,47,210,3713,10,48,788,True,True,True,False
218908,Thể thao,56,143,1550,11,31,317,True,True,True,False
134183,Thời sự,47,99,2286,11,21,490,True,True,True,False
142272,Thời sự,41,255,6477,9,52,1408,True,True,True,False
54945,Khoa học công nghệ,44,162,2366,10,36,531,True,True,True,False
166370,Giải trí,59,136,1584,12,26,324,True,True,True,False
37694,Thể thao,91,127,2361,20,28,517,True,True,True,False
170549,Giải trí,76,128,3519,15,26,709,True,True,True,False
216854,Thế giới,79,176,1201,15,37,248,True,True,True,False
43564,Thời sự,58,110,5337,13,23,1139,True,True,True,False
228425,Thể thao,61,156,1753,13,33,370,True,True,True,False
114933,Sức khỏe,79,229,2380,17,53,511,True,True,True,False
58179,Khoa học công nghệ,67,99,1604,13,20,327,True,True,True,False
161138,Giải trí,71,155,1050,18,35,225,True,True,True,False
204904,Pháp luật,46,143,2320,11,31,515,True,True,True,False
219340,Thể thao,43,108,1340,9,21,295,True,True,True,False
151629,Bất động sản,75,220,2400,18,52,526,True,True,True,False
162416,Giải trí,68,240,2506,14,52,565,True,True,True,False
71468,Đời sống,58,166,1683,13,38,379,True,True,True,False
142611,Thời sự,80,243,11568,17,50,2527,True,True,True,False
123384,Thể thao,96,212,3951,20,47,857,True,True,True,False
240895,Thời sự,69,114,2470,16,27,539,True,True,True,False
140485,Thời sự,67,175,3125,15,40,697,True,True,True,False
135220,Thời sự,58,123,1859,15,27,414,True,True,True,False
241578,Thời sự,58,159,1095,14,36,245,True,True,True,False
159651,Giải trí,69,81,3669,17,19,813,True,True,True,False
130392,Thể thao,73,218,3420,16,46,757,True,True,True,False
247204,Thời sự,65,182,2613,15,43,610,True,True,True,False
246751,Thời sự,50,159,1135,13,35,251,True,True,True,False
45723,Thời sự,68,131,1526,15,29,347,True,True,True,False
71995,Đời sống,70,150,2713,17,35,614,True,True,True,False
110679,Kinh doanh,64,177,2068,13,36,429,True,True,True,False
151701,Bất động sản,74,222,1793,17,47,393,True,True,True,False
249878,Xe,61,181,6563,14,39,1461,True,True,True,False
56147,Khoa học công nghệ,60,171,2140,12,36,459,True,True,True,False
170715,Giải trí,75,221,2872,17,50,616,True,True,True,False
106486,Kinh doanh,49,218,7405,12,49,1621,True,True,True,False
136697,Thời sự,75,194,1654,16,43,365,True,True,True,False
250451,Xe,76,197,1699,17,48,373,True,True,True,False
134733,Thời sự,61,126,1190,13,27,268,True,True,True,False
45058,Thời sự,23,101,1097,6,23,247,True,True,True,False
190582,Kinh doanh,49,120,794,11,28,172,True,True,True,False
145050,Xe,70,190,2404,16,43,540,True,True,True,False
177700,Giáo dục,40,111,3182,8,24,688,True,True,True,False
199577,Kinh doanh,73,185,2693,15,41,596,True,True,True,False
157216,Giải trí,73,135,2642,17,31,580,True,True,True,False
172477,Giáo dục,59,210,2762,13,46,623,True,True,True,False
5075,Giáo dục,84,187,5166,18,40,1091,True,True,True,False
14418,Giải trí,69,144,2421,16,32,542,True,True,True,False
47539,Xe,64,154,1772,15,33,385,True,True,True,False
141823,Thời sự,63,162,5547,13,33,1197,True,True,True,False
96845,Giáo dục,60,148,7022,13,30,1520,True,True,True,False
152876,Bất động sản,65,152,1808,15,36,405,True,True,True,False
115089,Sức khỏe,52,203,1353,12,45,302,True,True,True,False
132922,Thời sự,89,279,4515,20,61,1026,True,True,True,False
42890,Thời sự,69,206,6902,17,43,1448,True,True,True,False
129552,Thể thao,67,141,3149,15,30,681,True,True,True,False
55991,Khoa học công nghệ,65,124,2135,13,26,465,True,True,True,False
58394,Khoa học công nghệ,57,258,3766,12,55,813,True,True,True,False
143938,Xe,45,197,2368,9,44,515,True,True,True,False
241126,Thời sự,62,173,2169,14,38,479,True,True,True,False
113844,Kinh doanh,78,296,3426,16,62,701,True,True,True,False
262288,Đời sống,78,117,1954,17,26,426,True,True,True,False
182501,Khoa học công nghệ,72,170,2370,16,38,501,True,True,True,False
71736,Đời sống,72,171,1743,17,39,386,True,True,True,False
129605,Thể thao,83,218,2112,17,46,470,True,True,True,False
238673,Thời sự,58,191,1807,13,39,393,True,True,True,False
168191,Giải trí,46,104,2088,11,23,447,True,True,True,False
83180,Giải trí,68,140,2935,13,25,629,True,True,True,False
76603,Du lịch,74,305,2575,17,67,546,True,True,True,False
26172,Pháp luật,64,92,2006,14,20,432,True,True,True,False
48422,Xe,90,80,3318,20,17,722,True,True,True,False
10357,Giải trí,71,158,3566,16,35,738,True,True,True,False
150461,Bất động sản,54,223,3890,11,44,826,True,True,True,False
208199,Sức khỏe,74,223,4526,19,52,1002,True,True,True,False
197366,Kinh doanh,77,166,1937,16,35,422,True,True,True,False
109047,Kinh doanh,74,158,3007,17,33,651,True,True,True,False
194955,Kinh doanh,52,110,3674,11,24,794,True,True,True,False
174052,Giáo dục,58,238,4458,12,52,957,True,True,True,False
235569,Thể thao,63,127,1375,14,28,293,True,True,True,False
263977,Đời sống,65,83,3965,14,18,881,True,True,True,False
126463,Thể thao,44,255,1958,8,52,422,True,True,True,False
191329,Kinh doanh,78,215,4314,18,47,937,True,True,True,False
105324,Kinh doanh,67,219,1109,14,47,239,True,True,True,False
133877,Thời sự,60,129,2462,14,29,541,True,True,True,False
7726,Giải trí,71,221,5938,15,46,1273,True,True,True,False
107832,Kinh doanh,56,142,3300,13,33,731,True,True,True,False
7478,Giải trí,63,160,5336,14,35,1180,True,True,True,False
176626,Giáo dục,79,212,2572,17,48,573,True,True,True,False
333,Bất động sản,91,198,2010,22,47,453,True,True,True,False
46917,Thời sự,68,132,1919,16,31,427,True,True,True,False
223166,Thể thao,61,155,1783,12,35,370,True,True,True,False
164636,Giải trí,54,231,2830,11,50,609,True,True,True,False
250941,Xe,75,156,1660,19,37,350,True,True,True,False
130330,Thể thao,86,109,3102,19,25,666,True,True,True,False
117668,Thế giới,44,211,1814,11,47,401,True,True,True,False
240774,Thời sự,55,133,5662,12,26,1200,True,True,True,False
181836,Khoa học công nghệ,77,191,5095,16,40,1072,True,True,True,False
188472,Kinh doanh,50,184,2928,12,41,649,True,True,True,False
131921,Thời sự,55,150,6690,15,36,1529,True,True,True,False
62618,Khoa học công nghệ,32,137,1864,9,29,405,True,True,True,False
3325,Giáo dục,92,140,3107,20,30,651,True,True,True,False
187037,Khoa học công nghệ,40,128,2446,8,28,491,True,True,True,False
139927,Thời sự,76,136,1591,16,30,350,True,True,True,False
171327,Giải trí,58,177,1181,13,40,255,True,True,True,False
100815,Giáo dục,65,149,4557,15,33,1018,True,True,True,False
256694,Đời sống,53,119,3705,13,27,862,True,True,True,False
223446,Thể thao,59,132,2067,13,25,437,True,True,True,False
221825,Thể thao,65,114,3688,15,24,776,True,True,True,False
226588,Thể thao,67,138,2465,13,25,488,True,True,True,False
99999,Giáo dục,76,197,3834,16,47,859,True,True,True,False
96844,Giáo dục,69,218,4133,17,47,937,True,True,True,False
114451,Sức khỏe,81,232,3421,17,52,722,True,True,True,False
224128,Thể thao,63,161,2133,16,36,479,True,True,True,False
88886,Giải trí,73,186,2920,15,42,639,True,True,True,False
138826,Thời sự,76,232,4106,18,52,902,True,True,True,False
207442,Sức khỏe,60,168,2891,13,38,647,True,True,True,False
40620,Thể thao,62,111,1787,13,24,378,True,True,True,False
90106,Giải trí,58,140,2103,14,31,463,True,True,True,False
256768,Đời sống,73,123,2938,16,29,650,True,True,True,False
51162,Xe,64,108,1696,15,25,367,True,True,True,False
115735,Sức khỏe,64,209,5083,14,47,1094,True,True,True,False
158852,Giải trí,56,120,2353,13,26,505,True,True,True,False
16213,Giải trí,63,123,2020,13,25,433,True,True,True,False
249074,Xe,58,163,2363,14,38,524,True,True,True,False
14851,Giải trí,49,120,2117,10,24,411,True,True,True,False
88980,Giải trí,70,117,2811,15,26,620,True,True,True,False
109080,Kinh doanh,31,140,1371,7,32,315,True,True,True,False
224083,Thể thao,58,149,1210,12,34,261,True,True,True,False
73057,Đời sống,66,180,1909,14,40,415,True,True,True,False
33778,Thế giới,61,151,1968,13,31,423,True,True,True,False
57400,Khoa học công nghệ,55,184,6321,11,39,1374,True,True,True,False
69575,Đời sống,60,192,3677,14,41,814,True,True,True,False
114595,Sức khỏe,39,108,1183,9,24,255,True,True,True,False
144429,Xe,79,223,3196,17,48,702,True,True,True,False
208524,Sức khỏe,54,133,3016,13,30,683,True,True,True,False
27301,Pháp luật,40,231,5087,8,54,1132,True,True,True,False
251953,Xe,77,208,6988,18,48,1564,True,True,True,False
14523,Giải trí,88,224,6767,19,52,1444,True,True,True,False
29921,Sức khỏe,63,199,2072,14,45,460,True,True,True,False
228991,Thể thao,52,140,3556,10,29,740,True,True,True,False
138734,Thời sự,55,92,3920,12,22,886,True,True,True,False
101359,Giáo dục,66,273,1743,13,58,377,True,True,True,False
4871,Giáo dục,33,161,4728,7,34,1021,True,True,True,False
37056,Thể thao,67,125,2316,14,26,460,True,True,True,False
167563,Giải trí,69,190,1697,16,43,363,True,True,True,False
43901,Thời sự,35,172,3758,8,40,834,True,True,True,False
136766,Thời sự,33,164,8363,8,37,1837,True,True,True,True
137210,Thời sự,68,216,2185,16,49,472,True,True,True,False
176498,Giáo dục,28,147,3927,7,35,882,True,True,True,False
9197,Giải trí,68,152,3040,15,34,659,True,True,True,False
64706,Khoa học công nghệ,73,205,1571,16,44,345,True,True,True,False
109408,Kinh doanh,66,238,2936,15,52,624,True,True,True,False
180682,Giáo dục,67,109,969,15,24,215,True,True,True,False
235242,Thể thao,50,120,937,12,24,198,True,True,True,False
1074,Bất động sản,54,161,3789,12,36,828,True,True,True,False
199889,Kinh doanh,53,136,1403,11,29,295,True,True,True,False
240582,Thời sự,67,177,1453,15,41,325,True,True,True,False
51298,Xe,69,145,2656,17,34,557,True,True,True,False
226747,Thể thao,59,122,3420,10,24,691,True,True,True,False
74265,Đời sống,78,175,4266,16,35,953,True,True,True,False
67460,Đời sống,70,209,3771,15,46,839,True,True,True,False
205802,Sức khỏe,74,191,3504,17,45,785,True,True,True,False
82652,Giải trí,69,93,1874,16,22,436,True,True,True,False
86680,Giải trí,63,224,3977,14,51,869,True,True,True,False
57065,Khoa học công nghệ,50,123,1532,10,26,334,True,True,True,False
36177,Thế giới,65,117,2690,15,24,586,True,True,True,False
106488,Kinh doanh,75,222,3668,17,50,817,True,True,True,False
1547,Du lịch,59,127,2213,14,27,485,True,True,True,False
192784,Kinh doanh,62,179,1201,14,39,261,True,True,True,False
89368,Giải trí,41,164,2945,10,35,649,True,True,True,False
79305,Du lịch,67,167,1986,16,37,439,True,True,True,False
4554,Giáo dục,45,127,4003,11,27,834,True,True,True,False
199726,Kinh doanh,47,143,5725,10,31,1243,True,True,True,False
124,Bất động sản,97,193,2843,21,42,615,True,True,True,False
74004,Đời sống,60,186,3790,15,42,867,True,True,True,False
110674,Kinh doanh,78,82,2260,17,18,489,True,True,True,False
97380,Giáo dục,76,178,3227,16,38,701,True,True,True,False
179795,Giáo dục,63,172,561,14,36,118,True,True,True,False
215378,Thế giới,70,140,2349,17,30,510,True,True,True,False
156744,Giải trí,49,152,2960,12,35,659,True,True,True,False
228295,Thể thao,54,116,1501,11,23,316,True,True,True,False
160234,Giải trí,71,102,968,17,21,211,True,True,True,False
31739,Sức khỏe,29,198,2295,7,45,504,True,True,True,False
168556,Giải trí,72,135,1840,17,31,428,True,True,True,False
60971,Khoa học công nghệ,39,98,1963,9,23,439,True,True,True,False
216161,Thế giới,57,137,2308,13,30,494,True,True,True,False
63275,Khoa học công nghệ,68,86,2355,13,18,518,True,True,True,False
262803,Đời sống,74,118,3751,17,27,822,True,True,True,False
171147,Giải trí,40,82,1371,9,19,295,True,True,True,False
4473,Giáo dục,44,121,53640,11,27,11740,True,True,True,True
168158,Giải trí,47,149,2809,10,33,619,True,True,True,False
262489,Đời sống,77,190,3073,15,42,674,True,True,True,False
52922,Khoa học công nghệ,69,236,2261,14,48,476,True,True,True,False
249087,Xe,79,170,3529,18,37,749,True,True,True,False
102961,Giáo dục,61,182,939,13,41,206,True,True,True,False
23852,Kinh doanh,55,174,3183,12,34,688,True,True,True,False
172782,Giáo dục,80,163,3031,17,36,665,True,True,True,False
184313,Khoa học công nghệ,50,222,4849,10,45,1023,True,True,True,False
137611,Thời sự,56,222,5676,13,50,1257,True,True,True,False
77264,Du lịch,55,145,3706,13,33,784,True,True,True,False
237898,Thời sự,70,140,4132,16,33,932,True,True,True,False
262363,Đời sống,62,129,1978,14,28,426,True,True,True,False
232891,Thể thao,57,131,1662,13,25,319,True,True,True,False
57673,Khoa học công nghệ,49,190,1336,11,40,296,True,True,True,False
219445,Thể thao,60,169,1483,12,37,299,True,True,True,False
141071,Thời sự,39,215,6283,9,47,1383,True,True,True,False
160064,Giải trí,33,202,3134,7,42,659,True,True,True,False
92987,Giải trí,43,123,3470,10,29,770,True,True,True,False
66505,Đời sống,72,158,3514,15,34,765,True,True,True,False
213079,Sức khỏe,43,105,3053,10,23,659,True,True,True,False
164410,Giải trí,72,161,5784,17,36,1279,True,True,True,False
186080,Khoa học công nghệ,71,208,3809,16,47,849,True,True,True,False
255532,Xe,50,202,1085,12,47,242,True,True,True,False
29194,Sức khỏe,74,215,3261,15,49,717,True,True,True,False
142454,Thời sự,23,109,6141,5,23,1356,True,True,True,False
93022,Giải trí,51,103,904,12,23,182,True,True,True,False
52570,Xe,42,115,2149,10,25,485,True,True,True,False
57537,Khoa học công nghệ,33,201,2082,8,42,450,True,True,True,False
71422,Đời sống,58,127,3199,14,28,716,True,True,True,False
123546,Thể thao,39,318,2806,8,67,582,True,True,True,False
41015,Thể thao,44,194,1937,8,42,402,True,True,True,False
34536,Thế giới,63,231,2371,14,52,525,True,True,True,False
111109,Kinh doanh,83,190,1911,17,41,404,True,True,True,False
206995,Sức khỏe,75,162,1454,18,35,320,True,True,True,False
199056,Kinh doanh,70,199,2263,16,46,500,True,True,True,False
72632,Đời sống,56,170,3862,12,38,867,True,True,True,True
261561,Đời sống,64,184,1727,16,43,384,True,True,True,False
185768,Khoa học công nghệ,79,191,2121,17,42,453,True,True,True,False
242794,Thời sự,79,117,822,18,25,175,True,True,True,False
53922,Khoa học công nghệ,67,158,5422,14,32,1163,True,True,True,False
140312,Thời sự,55,219,3573,13,47,767,True,True,True,False
64484,Khoa học công nghệ,57,139,1788,14,28,390,True,True,True,False
227845,Thể thao,65,146,1572,15,32,342,True,True,True,False
128011,Thể thao,62,115,4016,11,25,875,True,True,True,False
225350,Thể thao,58,148,3294,12,29,687,True,True,True,False
243791,Thời sự,73,169,2770,19,39,624,True,True,True,False
72429,Đời sống,62,146,3664,14,31,829,True,True,True,False
187056,Khoa học công nghệ,53,237,4988,12,52,1109,True,True,True,False
63198,Khoa học công nghệ,56,83,1941,13,17,409,True,True,True,False
31850,Sức khỏe,62,217,5210,13,52,1127,True,True,True,False
105496,Kinh doanh,67,206,2199,15,47,472,True,True,True,False
117298,Sức khỏe,67,346,3673,15,78,807,True,True,True,False
244942,Thời sự,67,114,792,17,27,179,True,True,True,False
73462,Đời sống,81,165,4353,16,33,954,True,True,True,False
167605,Giải trí,64,149,2512,16,35,552,True,True,True,False
206785,Sức khỏe,69,170,1374,17,40,310,True,True,True,False
208488,Sức khỏe,79,154,1313,19,34,283,True,True,True,False
74049,Đời sống,64,243,1866,14,56,412,True,True,True,False
110816,Kinh doanh,72,106,2393,17,23,532,True,True,True,False
239644,Thời sự,65,172,1419,16,40,308,True,True,True,False
253534,Xe,68,122,4593,18,30,995,True,True,True,False
55640,Khoa học công nghệ,53,93,1468,11,20,325,True,True,True,False
48009,Xe,66,88,2428,16,19,517,True,True,True,False
257290,Đời sống,71,215,4818,18,50,1081,True,True,True,False
248452,Xe,79,150,2170,17,31,466,True,True,True,False
254608,Xe,58,176,4573,15,39,982,True,True,True,False
232618,Thể thao,57,158,2289,11,30,452,True,True,True,False
243350,Thời sự,65,148,2032,15,35,451,True,True,True,False
155033,Du lịch,58,182,3913,14,43,849,True,True,True,False
199846,Kinh doanh,73,201,3873,17,43,857,True,True,True,False
236642,Thể thao,37,105,774,8,23,164,True,True,True,False
27486,Pháp luật,56,135,938,14,32,211,True,True,True,False
189782,Kinh doanh,60,114,4898,13,25,1050,True,True,True,False
104334,Kinh doanh,64,177,1845,15,42,414,True,True,True,False
146137,Xe,79,196,5763,17,44,1242,True,True,True,False
81944,Giải trí,56,147,2024,13,34,444,True,True,True,False
109343,Kinh doanh,81,162,1679,16,31,359,True,True,True,False
24875,Kinh doanh,57,224,2320,14,47,495,True,True,True,False
83209,Giải trí,56,127,2647,12,28,587,True,True,True,False
69958,Đời sống,63,147,3614,14,32,809,True,True,True,False
169914,Giải trí,57,95,6286,14,22,1398,True,True,True,False
21518,Kinh doanh,59,150,4534,11,31,961,True,True,True,False
255980,Đời sống,79,208,3087,18,45,680,True,True,True,False
185594,Khoa học công nghệ,48,176,2522,9,35,512,True,True,True,False
202040,Kinh doanh,55,155,2777,11,31,570,True,True,True,False
106773,Kinh doanh,39,121,1595,9,27,344,True,True,True,False
246138,Thời sự,79,184,1101,19,41,249,True,True,True,False
165244,Giải trí,49,164,3589,11,36,783,True,True,True,False
62916,Khoa học công nghệ,64,119,1998,13,22,418,True,True,True,False
42649,Thời sự,37,222,6206,9,52,1330,True,True,True,False
111917,Kinh doanh,76,130,1690,16,29,366,True,True,True,False
161431,Giải trí,64,132,3072,15,29,659,True,True,True,False
84885,Giải trí,60,137,3359,13,29,757,True,True,True,False
217744,Thế giới,66,131,1172,14,28,244,True,True,True,False
217478,Thế giới,75,169,1374,15,34,291,True,True,True,False
49535,Xe,59,143,1320,14,33,290,True,True,True,False
205349,Sức khỏe,61,106,3094,13,26,665,True,True,True,False
237900,Thời sự,69,159,931,16,38,210,True,True,True,False
49734,Xe,72,207,4265,16,44,941,True,True,True,False
121342,Thế giới,52,194,2408,9,40,507,True,True,True,False
111821,Kinh doanh,63,188,4810,13,40,1054,True,True,True,False
56264,Khoa học công nghệ,48,199,1418,11,38,306,True,True,True,False
5230,Giáo dục,76,156,3659,17,31,786,True,True,True,False
224271,Thể thao,64,111,3486,15,25,754,True,True,True,False
99559,Giáo dục,67,162,5082,15,33,1106,True,True,True,False
68241,Đời sống,84,244,2567,17,52,555,True,True,True,False
21140,Kinh doanh,82,134,3239,16,29,672,True,True,True,False
152797,Bất động sản,56,148,2104,12,33,452,True,True,True,False
172939,Giáo dục,79,248,3939,19,54,865,True,True,True,False
258763,Đời sống,77,225,7852,18,49,1757,True,True,True,False
165320,Giải trí,78,125,6772,19,27,1522,True,True,True,False
197945,Kinh doanh,62,104,3908,13,23,873,True,True,True,False
127015,Thể thao,101,141,2884,21,29,616,True,True,True,False
9123,Giải trí,72,147,3008,16,32,647,True,True,True,False
199233,Kinh doanh,38,195,2248,9,41,463,True,True,True,False
4776,Giáo dục,63,164,3110,13,36,645,True,True,True,False
249060,Xe,69,236,3677,18,53,804,True,True,True,False
130801,Thể thao,73,126,3361,15,26,711,True,True,True,False
147073,Xe,47,236,2194,11,53,493,True,True,True,False
75625,Du lịch,68,287,2348,16,64,524,True,True,True,False
29352,Sức khỏe,54,153,4193,12,33,909,True,True,True,False
124634,Thể thao,72,191,1882,16,41,398,True,True,True,False
177764,Giáo dục,70,138,1067,15,29,225,True,True,True,False
90554,Giải trí,60,159,2401,13,33,541,True,True,True,False
81459,Giải trí,80,159,2349,17,36,532,True,True,True,False
77325,Du lịch,44,363,2707,9,82,589,True,True,True,False
96150,Giáo dục,67,162,5176,15,35,1096,True,True,True,False
208092,Sức khỏe,52,116,1421,12,27,312,True,True,True,False
211710,Sức khỏe,61,113,3258,14,25,694,True,True,True,False
75574,Du lịch,52,347,2865,12,78,630,True,True,True,False
48193,Xe,98,196,5345,18,41,1175,True,True,True,False
248128,Xe,76,233,1229,18,51,268,True,True,True,False
167456,Giải trí,59,243,3160,15,58,681,True,True,True,False
223500,Thể thao,56,141,3959,13,29,880,True,True,True,False
113795,Kinh doanh,79,118,1658,14,23,353,True,True,True,False
50029,Xe,48,150,3369,10,35,718,True,True,True,False
222599,Thể thao,66,126,224,16,30,50,True,True,True,False
74194,Đời sống,57,234,4420,13,49,931,True,True,True,False
36533,Thể thao,53,156,1744,11,32,375,True,True,True,False
113008,Kinh doanh,59,194,1831,13,41,401,True,True,True,False
37004,Thể thao,47,107,1518,11,26,337,True,True,True,False
200705,Kinh doanh,67,140,2631,15,29,561,True,True,True,False
94152,Giải trí,62,194,2651,14,43,588,True,True,True,False
62730,Khoa học công nghệ,45,202,2315,10,43,506,True,True,True,False
240279,Thời sự,78,184,2450,19,41,550,True,True,True,False
62936,Khoa học công nghệ,35,119,1689,9,24,378,True,True,True,False
116180,Sức khỏe,75,210,4398,16,47,939,True,True,True,False
183778,Khoa học công nghệ,59,127,5255,14,29,1141,True,True,True,False
27666,Sức khỏe,58,186,2971,16,42,650,True,True,True,False
152719,Bất động sản,31,191,967,8,42,223,True,True,True,False
21588,Kinh doanh,92,213,292,20,48,63,True,True,True,False
68734,Đời sống,70,116,1362,17,29,317,True,True,True,False
207094,Sức khỏe,65,138,2980,16,31,656,True,True,True,False
64950,Khoa học công nghệ,60,150,1521,13,33,334,True,True,True,False
51836,Xe,59,130,1356,14,32,311,True,True,True,False
160684,Giải trí,35,190,2147,7,42,469,True,True,True,False
41512,Thể thao,69,123,1208,14,26,252,True,True,True,False
78094,Du lịch,53,125,1723,13,27,374,True,True,True,False
178583,Giáo dục,58,109,1756,14,25,370,True,True,True,False
139128,Thời sự,72,99,1100,18,23,248,True,True,True,False
255615,Đời sống,65,234,3072,16,58,675,True,True,True,False
262576,Đời sống,69,105,981,16,23,215,True,True,True,False
170601,Giải trí,73,185,2173,16,39,463,True,True,True,False
256662,Đời sống,62,105,2421,16,26,543,True,True,True,False
175170,Giáo dục,70,190,1869,16,44,417,True,True,True,False
198399,Kinh doanh,46,163,2266,11,35,491,True,True,True,False
224127,Thể thao,46,139,1726,10,31,379,True,True,True,False
194080,Kinh doanh,71,170,2053,15,36,437,True,True,True,False
250783,Xe,64,156,1534,14,35,332,True,True,True,False
258671,Đời sống,74,188,4485,17,42,999,True,True,True,False
104974,Kinh doanh,59,144,7199,14,32,1563,True,True,True,False
28452,Sức khỏe,64,216,2536,13,47,556,True,True,True,False
181880,Khoa học công nghệ,79,117,2034,18,25,431,True,True,True,False
131870,Thời sự,64,175,2264,16,37,498,True,True,True,False
40118,Thể thao,90,213,9282,18,44,1972,True,True,True,False
216360,Thế giới,68,209,1207,15,44,251,True,True,True,False
115582,Sức khỏe,79,113,5301,16,23,1166,True,True,True,False
56039,Khoa học công nghệ,37,148,1624,9,33,376,True,True,True,False
38328,Thể thao,34,222,3494,9,50,770,True,True,True,True
107152,Kinh doanh,48,279,7200,12,61,1584,True,True,True,False
29309,Sức khỏe,53,185,7242,10,42,1553,True,True,True,False
18535,Kinh doanh,87,230,5278,19,50,1104,True,True,True,False
32082,Thế giới,49,217,4898,10,47,1057,True,True,True,False
170487,Giải trí,74,244,4435,15,47,956,True,True,True,False
111558,Kinh doanh,74,273,4708,16,57,1027,True,True,True,False
7968,Giải trí,66,121,4256,14,27,925,True,True,True,False
155046,Du lịch,76,163,1462,17,36,334,True,True,True,False
14244,Giải trí,93,196,2710,20,44,586,True,True,True,False
238118,Thời sự,47,75,3036,10,17,672,True,True,True,False
26456,Pháp luật,65,184,2320,14,40,498,True,True,True,False
145077,Xe,64,96,1712,12,19,367,True,True,True,False
49829,Xe,85,177,2912,20,38,639,True,True,True,False
21623,Kinh doanh,81,134,5467,15,26,1131,True,True,True,False
62604,Khoa học công nghệ,58,111,2791,13,23,599,True,True,True,False
23783,Kinh doanh,68,238,5474,13,53,1159,True,True,True,False
341,Bất động sản,77,224,4409,17,49,977,True,True,True,False
162577,Giải trí,68,163,2002,14,35,433,True,True,True,False
73953,Đời sống,54,142,2309,12,32,521,True,True,True,False
17095,Khoa học công nghệ,87,218,2839,17,45,571,True,True,True,False
32879,Thế giới,48,161,3983,11,36,859,True,True,True,False
23577,Kinh doanh,81,113,4805,19,27,1069,True,True,True,False
148214,Xe,54,107,2460,12,25,552,True,True,True,False
164647,Giải trí,74,207,4040,17,45,913,True,True,True,False
169966,Giải trí,60,176,3342,13,39,741,True,True,True,False
104298,Kinh doanh,72,193,2242,16,46,510,True,True,True,False
260381,Đời sống,64,121,720,16,30,157,True,True,True,False
105960,Kinh doanh,75,97,2591,16,21,551,True,True,True,False
259436,Đời sống,57,106,2370,15,24,526,True,True,True,False
153336,Bất động sản,36,238,4049,8,53,876,True,True,True,False
199730,Kinh doanh,64,249,3728,12,51,799,True,True,True,False
70404,Đời sống,70,142,4551,18,32,1037,True,True,True,False
190686,Kinh doanh,70,191,3679,17,43,842,True,True,True,False
36131,Thế giới,57,126,2493,12,27,520,True,True,True,False
133474,Thời sự,60,173,4059,14,36,897,True,True,True,False
157799,Giải trí,54,162,4119,12,37,906,True,True,True,False
194966,Kinh doanh,73,166,3143,16,36,673,True,True,True,False
145940,Xe,73,219,5381,17,47,1180,True,True,True,False
33416,Thế giới,69,238,4204,16,54,926,True,True,True,False
179154,Giáo dục,65,234,4855,15,50,1084,True,True,True,False
64445,Khoa học công nghệ,48,88,2069,11,19,450,True,True,True,False
100352,Giáo dục,70,132,5830,14,30,1267,True,True,True,False
192903,Kinh doanh,65,240,1493,15,48,332,True,True,True,False
143276,Xe,88,224,3463,17,48,738,True,True,True,False
171588,Giải trí,63,142,1909,13,32,422,True,True,True,False
101414,Giáo dục,67,255,4224,15,57,929,True,True,True,False
148060,Xe,70,138,2031,16,30,436,True,True,True,False
23656,Kinh doanh,84,212,3086,17,45,649,True,True,True,False
166983,Giải trí,31,109,1287,7,26,283,True,True,True,False
12809,Giải trí,92,130,3550,21,28,767,True,True,True,False
218660,Thế giới,71,158,1851,15,35,397,True,True,True,False
214386,Thế giới,69,150,1456,15,31,300,True,True,True,False
104203,Kinh doanh,51,225,12710,12,52,2808,True,True,True,False
237836,Thời sự,65,119,1816,14,24,398,True,True,True,False
145938,Xe,51,261,2787,12,59,606,True,True,True,False
143108,Thời sự,48,241,2670,10,46,567,True,True,True,False
12563,Giải trí,50,231,4461,10,47,939,True,True,True,False
147040,Xe,71,188,3057,17,43,681,True,True,True,False
156024,Du lịch,39,214,3096,10,48,702,True,True,True,False
217539,Thế giới,59,165,1463,13,39,312,True,True,True,False
120718,Thế giới,70,167,2411,16,35,496,True,True,True,False
219909,Thể thao,57,145,540,13,31,93,True,True,True,False
26427,Pháp luật,72,123,2776,16,27,611,True,True,True,False
162931,Giải trí,72,157,1946,14,35,413,True,True,True,False
164226,Giải trí,69,178,2452,15,39,551,True,True,True,False
241320,Thời sự,62,187,1102,15,44,248,True,True,True,False
72507,Đời sống,72,161,3726,15,34,822,True,True,True,False
201691,Kinh doanh,66,208,7352,15,43,1606,True,True,True,False
243397,Thời sự,62,191,2440,15,43,542,True,True,True,False
182622,Khoa học công nghệ,77,178,3865,16,37,799,True,True,True,False
149561,Bất động sản,61,199,3976,16,45,897,True,True,True,False
80042,Giải trí,62,153,1918,12,33,422,True,True,True,False
167057,Giải trí,61,114,762,13,26,171,True,True,True,False
165507,Giải trí,71,155,1048,14,33,218,True,True,True,False
149504,Bất động sản,78,161,4483,17,37,1016,True,True,True,False
219953,Thể thao,61,169,2754,14,38,617,True,True,True,False
214797,Thế giới,74,212,4367,16,46,977,True,True,True,False
788,Bất động sản,66,124,3459,17,27,781,True,True,True,False
5618,Giáo dục,51,244,4308,12,54,965,True,True,True,False
130103,Thể thao,83,230,3453,18,48,725,True,True,True,False
228147,Thể thao,58,166,1579,12,31,314,True,True,True,False
109353,Kinh doanh,49,231,3078,11,52,660,True,True,True,False
213,Bất động sản,47,132,3762,12,32,832,True,True,True,False
17579,Khoa học công nghệ,68,181,4000,13,37,848,True,True,True,False
100115,Giáo dục,61,144,2659,15,34,593,True,True,True,False
191108,Kinh doanh,62,195,2427,14,44,540,True,True,True,False
145147,Xe,60,118,2169,13,29,478,True,True,True,False
133043,Thời sự,81,194,1930,16,42,441,True,True,True,False
213664,Sức khỏe,67,110,1426,15,23,308,True,True,True,False
47937,Xe,77,67,2175,17,14,479,True,True,True,False
211195,Sức khỏe,57,88,1887,13,20,425,True,True,True,False
12367,Giải trí,43,219,3088,9,48,626,True,True,True,False
197810,Kinh doanh,65,215,1384,15,49,296,True,True,True,False
82632,Giải trí,74,90,1659,16,20,381,True,True,True,False
50994,Xe,38,147,2267,6,28,485,True,True,True,False
216863,Thế giới,60,172,998,13,37,215,True,True,True,False
235275,Thể thao,69,129,844,15,29,186,True,True,True,False
30188,Sức khỏe,81,227,2492,18,47,556,True,True,True,False
212002,Sức khỏe,56,154,3063,13,34,662,True,True,True,False
5556,Giáo dục,60,162,3436,13,36,740,True,True,True,False
238339,Thời sự,77,197,3564,18,46,790,True,True,True,False
188272,Khoa học công nghệ,58,211,2194,13,44,459,True,True,True,False
130607,Thể thao,89,314,5458,19,68,1214,True,True,True,False
24186,Kinh doanh,86,202,6495,19,47,1451,True,True,True,False
49772,Xe,73,122,2285,18,27,495,True,True,True,False
224023,Thể thao,64,169,2036,13,36,439,True,True,True,False
40901,Thể thao,71,139,2175,16,30,466,True,True,True,False
230272,Thể thao,60,192,495,13,43,80,True,True,True,False
255230,Xe,48,250,2367,12,57,543,True,True,True,False
153239,Bất động sản,71,187,3557,17,44,813,True,True,True,False
100381,Giáo dục,75,158,1704,17,34,368,True,True,True,False
204862,Pháp luật,64,117,2341,15,28,520,True,True,True,False
22295,Kinh doanh,47,172,1613,10,36,341,True,True,True,False
52813,Khoa học công nghệ,39,223,2155,10,49,450,True,True,True,False
11066,Giải trí,72,143,2093,16,30,445,True,True,True,False
117380,Sức khỏe,68,276,4430,13,59,960,True,True,True,False
169922,Giải trí,46,184,1921,11,41,424,True,True,True,False
8094,Giải trí,55,170,2752,14,39,599,True,True,True,False
157061,Giải trí,75,140,1650,18,30,366,True,True,True,False
121232,Thế giới,70,117,2310,14,25,485,True,True,True,False
14271,Giải trí,52,150,3873,13,35,831,True,True,True,False
193818,Kinh doanh,58,149,1742,12,33,361,True,True,True,False
241951,Thời sự,54,157,2354,13,35,534,True,True,True,False
48371,Xe,88,159,4642,20,32,1016,True,True,True,False
100409,Giáo dục,61,214,7445,13,47,1632,True,True,True,True
132482,Thời sự,59,137,2085,13,29,492,True,True,True,False
180893,Giáo dục,66,150,4463,17,35,992,True,True,True,False
113484,Kinh doanh,31,143,1620,6,29,356,True,True,True,False
88222,Giải trí,80,150,1667,16,30,366,True,True,True,False
253590,Xe,76,187,3607,17,45,761,True,True,True,False
76614,Du lịch,59,268,2923,12,57,601,True,True,True,False
189236,Kinh doanh,65,187,5033,13,38,1068,True,True,True,False
228947,Thể thao,73,131,2088,12,25,402,True,True,True,False
220804,Thể thao,55,141,1562,11,28,340,True,True,True,False
168642,Giải trí,74,198,5433,16,43,1221,True,True,True,False
174255,Giáo dục,76,149,2790,18,33,604,True,True,True,False
65416,Khoa học công nghệ,63,190,3335,15,45,731,True,True,True,False
10824,Giải trí,52,155,4098,12,35,919,True,True,True,False
260419,Đời sống,71,114,2042,17,26,444,True,True,True,False
119015,Thế giới,29,207,1502,7,39,325,True,True,True,False
66330,Đời sống,72,273,7800,17,63,1683,True,True,True,False
216960,Thế giới,69,173,2295,16,38,492,True,True,True,False
242423,Thời sự,68,156,1817,17,35,409,True,True,True,False
26011,Pháp luật,83,154,4191,17,31,881,True,True,True,False
42721,Thời sự,43,215,3659,10,44,827,True,True,True,False
33475,Thế giới,53,172,1950,13,37,427,True,True,True,False
61493,Khoa học công nghệ,69,170,5680,15,38,1250,True,True,True,False
137531,Thời sự,43,93,3799,10,20,823,True,True,True,False
263643,Đời sống,40,96,2084,10,20,475,True,True,True,False
116907,Sức khỏe,68,246,5634,17,57,1301,True,True,True,False
125286,Thể thao,74,134,2718,16,30,582,True,True,True,False
248756,Xe,78,197,4423,19,43,1007,True,True,True,False
77481,Du lịch,64,232,3605,15,54,767,True,True,True,False
58597,Khoa học công nghệ,53,174,2228,13,38,488,True,True,True,False
170191,Giải trí,51,96,2107,10,23,466,True,True,True,False
258128,Đời sống,80,127,3681,19,28,839,True,True,True,False
145471,Xe,78,207,2896,17,46,620,True,True,True,False
182868,Khoa học công nghệ,70,171,3708,17,38,817,True,True,True,False
116514,Sức khỏe,67,270,14668,17,64,3110,True,True,True,False
72679,Đời sống,65,207,2809,14,43,603,True,True,True,False
128349,Thể thao,89,157,2177,18,32,470,True,True,True,False
27302,Pháp luật,45,249,5313,11,58,1215,True,True,True,False
30223,Sức khỏe,91,139,2428,21,33,535,True,True,True,False
106521,Kinh doanh,83,188,3623,18,39,779,True,True,True,False
238380,Thời sự,60,233,2593,14,47,574,True,True,True,False
41838,Thể thao,56,110,1585,12,24,334,True,True,True,False
242428,Thời sự,57,183,1296,13,41,293,True,True,True,False
23763,Kinh doanh,58,138,2400,12,27,501,True,True,True,False
9691,Giải trí,91,175,5320,20,36,1119,True,True,True,False
191459,Kinh doanh,62,195,5395,13,38,1145,True,True,True,False
163961,Giải trí,67,152,1714,14,32,366,True,True,True,False
67661,Đời sống,70,145,4943,17,33,1108,True,True,True,False
156012,Du lịch,80,148,4697,19,34,1030,True,True,True,False
161947,Giải trí,76,248,7485,17,55,1653,True,True,True,False
60702,Khoa học công nghệ,38,119,2208,11,27,477,True,True,True,False
100210,Giáo dục,43,156,5127,10,34,1150,True,True,True,False
36359,Thể thao,62,151,1288,13,33,281,True,True,True,False
30955,Sức khỏe,40,183,3039,10,40,687,True,True,True,False
30177,Sức khỏe,67,195,3056,15,42,658,True,True,True,True
243508,Thời sự,74,210,1767,18,46,399,True,True,True,False
180578,Giáo dục,71,199,4330,16,43,936,True,True,True,False
30478,Sức khỏe,45,137,3019,12,31,672,True,True,True,False
46124,Thời sự,90,105,2243,19,23,495,True,True,True,False
169479,Giải trí,41,133,1040,9,28,227,True,True,True,False
92569,Giải trí,68,200,3363,15,38,703,True,True,True,False
9507,Giải trí,85,157,4350,20,36,944,True,True,True,False
36387,Thể thao,70,148,2406,16,34,553,True,True,True,False
245160,Thời sự,76,193,1155,18,43,262,True,True,True,False
65739,Đời sống,69,212,5936,15,48,1348,True,True,True,False
138695,Thời sự,78,253,2887,18,58,647,True,True,True,False
188952,Kinh doanh,53,222,2313,12,50,499,True,True,True,False
230188,Thể thao,44,136,1433,9,25,285,True,True,True,False
437,Bất động sản,79,168,3242,19,35,726,True,True,True,False
192086,Kinh doanh,65,166,1471,15,37,315,True,True,True,False
169108,Giải trí,57,85,1810,12,19,386,True,True,True,False
210723,Sức khỏe,45,220,4237,11,46,925,True,True,True,False
40361,Thể thao,60,143,2419,12,32,528,True,True,True,False
11323,Giải trí,55,149,4440,13,32,974,True,True,True,False
79616,Du lịch,82,238,3362,17,54,746,True,True,True,False
226512,Thể thao,53,116,1917,10,26,391,True,True,True,False
210872,Sức khỏe,64,153,1972,15,34,439,True,True,True,False
185788,Khoa học công nghệ,72,171,3998,17,39,883,True,True,True,False
150196,Bất động sản,74,180,2379,19,40,523,True,True,True,False
203132,Kinh doanh,45,148,5202,11,34,1127,True,True,True,False
30237,Sức khỏe,67,248,3051,15,57,681,True,True,True,False
4997,Giáo dục,70,144,3270,14,31,690,True,True,True,False
9373,Giải trí,42,157,2543,9,34,560,True,True,True,False
168561,Giải trí,73,121,3264,17,28,716,True,True,True,False
69653,Đời sống,75,201,4821,17,43,1040,True,True,True,False
245927,Thời sự,74,103,1214,15,21,266,True,True,True,False
180727,Giáo dục,76,135,3031,17,30,657,True,True,True,False
73865,Đời sống,70,172,3861,15,38,861,True,True,True,False
241728,Thời sự,60,204,2615,14,48,588,True,True,True,False
9572,Giải trí,55,145,2835,12,32,630,True,True,True,False
250118,Xe,70,154,2032,14,37,436,True,True,True,False
174001,Giáo dục,69,171,3193,15,39,691,True,True,True,False
247565,Xe,59,177,1894,12,37,398,True,True,True,False
218126,Thế giới,56,170,1164,13,37,239,True,True,True,False
260089,Đời sống,73,187,1953,16,44,428,True,True,True,False
210424,Sức khỏe,79,183,2203,18,40,474,True,True,True,False
231650,Thể thao,68,107,557,15,24,116,True,True,True,False
165048,Giải trí,57,166,2010,14,39,434,True,True,True,False
88000,Giải trí,60,129,2421,14,27,519,True,True,True,False
235731,Thể thao,60,169,1422,14,38,315,True,True,True,False
176279,Giáo dục,58,146,3333,13,33,696,True,True,True,False
252743,Xe,65,104,1668,15,24,365,True,True,True,False
199687,Kinh doanh,43,198,2438,9,42,502,True,True,True,False
71100,Đời sống,57,130,4394,14,30,987,True,True,True,False
254346,Xe,76,165,2309,16,36,494,True,True,True,False
181831,Khoa học công nghệ,70,138,1464,13,26,310,True,True,True,False
24789,Kinh doanh,74,180,2841,16,37,597,True,True,True,False
197645,Kinh doanh,64,196,1940,16,46,428,True,True,True,False
177479,Giáo dục,58,147,2601,13,33,568,True,True,True,False
230336,Thể thao,65,120,1815,14,26,369,True,True,True,False
121481,Thế giới,65,173,1680,13,36,366,True,True,True,False
24156,Kinh doanh,67,171,3631,16,38,798,True,True,True,False
239512,Thời sự,77,192,2904,19,45,628,True,True,True,False
23488,Kinh doanh,92,179,7375,18,36,1557,True,True,True,False
169144,Giải trí,61,165,2646,13,35,562,True,True,True,False
43282,Thời sự,82,238,7029,20,52,1593,True,True,True,True
219312,Thể thao,42,106,1170,10,23,241,True,True,True,False
28963,Sức khỏe,83,169,2424,20,38,535,True,True,True,False
98051,Giáo dục,61,190,4608,13,38,995,True,True,True,False
17950,Kinh doanh,83,193,2766,19,45,606,True,True,True,False
185052,Khoa học công nghệ,77,182,1034,16,38,216,True,True,True,False
185982,Khoa học công nghệ,71,228,3048,18,50,584,True,True,True,False
65948,Đời sống,84,196,3493,19,43,795,True,True,True,False
177379,Giáo dục,44,123,2894,10,28,626,True,True,True,False
164216,Giải trí,64,191,5976,15,43,1353,True,True,True,False
18120,Kinh doanh,57,182,7486,12,40,1585,True,True,True,False
86404,Giải trí,79,182,3246,16,38,706,True,True,True,False
218658,Thế giới,71,136,2131,16,31,460,True,True,True,False
59893,Khoa học công nghệ,49,137,1273,10,27,275,True,True,True,False
257644,Đời sống,65,149,2809,16,35,644,True,True,True,False
18038,Kinh doanh,61,175,4848,14,38,1015,True,True,True,False
20963,Kinh doanh,76,213,3657,19,47,796,True,True,True,False
130067,Thể thao,87,228,2110,16,48,460,True,True,True,False
151325,Bất động sản,76,198,5188,17,42,1136,True,True,True,False
223556,Thể thao,55,112,1290,13,27,292,True,True,True,False
121429,Thế giới,80,158,5628,16,32,1190,True,True,True,False
74944,Du lịch,32,183,2977,8,40,640,True,True,True,False
112026,Kinh doanh,63,98,1894,14,22,412,True,True,True,False
99608,Giáo dục,77,190,4065,16,41,857,True,True,True,False
164418,Giải trí,68,125,1332,15,27,285,True,True,True,False
201272,Kinh doanh,57,228,5143,11,49,1098,True,True,True,False
9827,Giải trí,85,184,5035,16,35,1057,True,True,True,False
46852,Thời sự,55,187,1118,13,37,244,True,True,True,False
82514,Giải trí,49,108,2271,10,24,492,True,True,True,False
163683,Giải trí,70,193,3099,15,43,669,True,True,True,False
30722,Sức khỏe,58,233,2883,14,55,645,True,True,True,False
189227,Kinh doanh,78,166,4351,15,34,944,True,True,True,False
118760,Thế giới,49,139,2015,10,32,456,True,True,True,False
234520,Thể thao,58,128,606,13,24,87,True,True,True,False
77321,Du lịch,51,121,1783,12,27,392,True,True,True,False
164234,Giải trí,71,142,7085,16,31,1568,True,True,True,False
20967,Kinh doanh,60,248,6215,12,51,1333,True,True,True,False
21216,Kinh doanh,91,171,3562,19,39,779,True,True,True,False
215312,Thế giới,43,167,4975,10,36,1087,True,True,True,False
38602,Thể thao,57,163,2825,12,36,619,True,True,True,False
38437,Thể thao,48,132,2469,11,28,526,True,True,True,False
105700,Kinh doanh,68,123,3508,17,28,793,True,True,True,False
50718,Xe,59,145,3220,14,31,714,True,True,True,False
211528,Sức khỏe,50,147,1936,12,32,432,True,True,True,False
262208,Đời sống,72,153,2855,17,35,625,True,True,True,False
243732,Thời sự,45,160,3653,11,36,802,True,True,True,False
198664,Kinh doanh,62,221,2879,13,47,615,True,True,True,False
129954,Thể thao,76,205,2056,17,45,457,True,True,True,False
161222,Giải trí,62,216,3380,13,46,714,True,True,True,False
178837,Giáo dục,73,111,2479,18,26,560,True,True,True,False
93239,Giải trí,60,132,1794,12,27,387,True,True,True,False
49273,Xe,52,105,1743,13,25,390,True,True,True,False
98610,Giáo dục,49,206,4529,10,44,993,True,True,True,False
132267,Thời sự,64,189,2873,16,42,638,True,True,True,False
131716,Thể thao,56,139,1828,14,30,402,True,True,True,False
236415,Thể thao,65,125,1162,13,27,233,True,True,True,False
5803,Giáo dục,82,136,4401,18,30,965,True,True,True,False
87527,Giải trí,63,189,3755,14,37,751,True,True,True,False
115922,Sức khỏe,72,343,9514,17,79,2114,True,True,True,False
160740,Giải trí,78,205,4210,18,44,926,True,True,True,False
19644,Kinh doanh,56,100,3582,13,24,805,True,True,True,False
194990,Kinh doanh,64,214,1455,14,48,319,True,True,True,False
264762,Đời sống,61,166,3376,15,40,778,True,True,True,True
128477,Thể thao,68,136,3927,15,30,854,True,True,True,False
204870,Pháp luật,58,173,2978,14,36,647,True,True,True,False
256871,Đời sống,61,149,2296,14,34,508,True,True,True,False
236358,Thể thao,65,152,1077,15,29,230,True,True,True,False
174662,Giáo dục,57,161,1561,12,36,346,True,True,True,False
108666,Kinh doanh,29,211,7267,7,49,1652,True,True,True,False
212798,Sức khỏe,63,118,3239,15,26,718,True,True,True,False
178542,Giáo dục,50,120,2347,13,28,525,True,True,True,False
185232,Khoa học công nghệ,66,186,2621,16,43,557,True,True,True,False
212336,Sức khỏe,56,118,2259,13,26,490,True,True,True,False
46631,Thời sự,66,197,1514,17,43,342,True,True,True,False
241085,Thời sự,78,235,2930,17,53,640,True,True,True,False
80191,Giải trí,58,100,3065,13,22,667,True,True,True,False
56986,Khoa học công nghệ,55,154,2326,12,34,504,True,True,True,False
155347,Du lịch,65,163,2536,15,36,562,True,True,True,False
175904,Giáo dục,75,136,3715,17,30,784,True,True,True,False
216888,Thế giới,72,122,1033,16,25,213,True,True,True,False
55262,Khoa học công nghệ,55,72,2806,12,16,604,True,True,True,False
139545,Thời sự,74,201,4043,17,43,889,True,True,True,False
263364,Đời sống,63,197,3636,14,42,801,True,True,True,False
176782,Giáo dục,74,164,3535,15,33,751,True,True,True,False
222579,Thể thao,56,114,3252,14,27,692,True,True,True,False
104678,Kinh doanh,70,102,3454,17,22,771,True,True,True,False
177129,Giáo dục,40,208,1978,10,44,422,True,True,True,False
264789,Đời sống,62,154,3030,14,34,704,True,True,True,False
203264,Kinh doanh,80,154,2927,18,33,653,True,True,True,False
109650,Kinh doanh,55,262,6380,12,57,1419,True,True,True,False
53080,Khoa học công nghệ,38,182,2382,7,42,515,True,True,True,False
190334,Kinh doanh,68,139,2233,14,29,464,True,True,True,False
207732,Sức khỏe,54,115,2178,14,26,476,True,True,True,False
36843,Thể thao,45,134,2149,9,28,456,True,True,True,False
171398,Giải trí,72,182,4977,17,42,1080,True,True,True,False
246770,Thời sự,70,170,1172,16,38,256,True,True,True,False
84049,Giải trí,69,222,3223,16,49,722,True,True,True,False
54006,Khoa học công nghệ,58,185,1594,11,37,347,True,True,True,False
33939,Thế giới,45,173,4302,10,37,919,True,True,True,False
142000,Thời sự,59,239,6945,12,49,1497,True,True,True,True
102655,Giáo dục,72,138,2621,15,30,582,True,True,True,False
201244,Kinh doanh,56,181,3224,12,39,693,True,True,True,False
246314,Thời sự,67,226,1163,17,50,260,True,True,True,False
184305,Khoa học công nghệ,62,185,4956,13,38,1053,True,True,True,False
220642,Thể thao,72,145,1278,15,31,279,True,True,True,False
17909,Kinh doanh,79,165,2832,17,39,613,True,True,True,False
41912,Thể thao,74,118,1313,15,25,279,True,True,True,False
16768,Giải trí,55,158,3598,14,35,780,True,True,True,False
78478,Du lịch,54,196,4593,11,44,985,True,True,True,False
179842,Giáo dục,59,99,923,12,20,195,True,True,True,False
136527,Thời sự,72,248,3750,18,55,843,True,True,True,False
37368,Thể thao,50,148,1782,10,31,318,True,True,True,False
49914,Xe,74,131,2094,17,29,460,True,True,True,False
253297,Xe,77,192,3718,15,42,778,True,True,True,False
118956,Thế giới,37,94,1693,8,19,374,True,True,True,False
130633,Thể thao,73,191,2527,17,40,563,True,True,True,False
218,Bất động sản,73,196,3370,17,41,750,True,True,True,False
54329,Khoa học công nghệ,46,170,2152,10,37,470,True,True,True,False
265056,Đời sống,52,110,4670,12,26,1072,True,True,True,False
266,Bất động sản,76,164,2720,18,39,615,True,True,True,False
210854,Sức khỏe,50,154,3337,11,34,714,True,True,True,False
93281,Giải trí,45,118,2743,11,26,615,True,True,True,False
12456,Giải trí,78,147,3871,15,29,827,True,True,True,False
218745,Thế giới,62,154,1718,14,33,360,True,True,True,False
260461,Đời sống,64,107,1761,14,24,396,True,True,True,False
63918,Khoa học công nghệ,45,172,1936,10,33,412,True,True,True,False
149730,Bất động sản,75,174,4501,14,36,994,True,True,True,False
227775,Thể thao,47,116,1204,10,25,246,True,True,True,False
11554,Giải trí,56,150,2409,14,35,516,True,True,True,False
78760,Du lịch,69,162,2914,16,35,624,True,True,True,False
12230,Giải trí,69,189,3931,13,37,807,True,True,True,False
211823,Sức khỏe,45,115,2640,11,25,570,True,True,True,True
113980,Kinh doanh,72,95,2185,13,21,470,True,True,True,False
101708,Giáo dục,40,181,3008,8,39,656,True,True,True,False
76930,Du lịch,56,331,2989,12,69,640,True,True,True,False
24193,Kinh doanh,77,182,1952,16,37,418,True,True,True,False
205296,Sức khỏe,62,191,4236,16,46,936,True,True,True,False
101561,Giáo dục,72,282,6611,17,60,1442,True,True,True,True
65896,Đời sống,74,145,3735,17,33,862,True,True,True,True
64608,Khoa học công nghệ,70,143,1659,15,30,360,True,True,True,False
126803,Thể thao,97,184,2118,20,34,461,True,True,True,False
122435,Thế giới,53,152,2244,11,33,463,True,True,True,False
180447,Giáo dục,62,121,1681,16,28,371,True,True,True,False
251924,Xe,70,140,2867,17,31,614,True,True,True,False
46924,Thời sự,45,135,2589,10,29,568,True,True,True,False
160318,Giải trí,80,122,1672,17,28,369,True,True,True,False
156714,Giải trí,57,137,2023,13,28,443,True,True,True,False
217381,Thế giới,52,167,889,11,36,184,True,True,True,False
194908,Kinh doanh,66,145,2387,14,32,521,True,True,True,False
36846,Thể thao,56,134,1600,12,30,343,True,True,True,False
111024,Kinh doanh,83,86,2002,17,19,437,True,True,True,False
183453,Khoa học công nghệ,42,95,6366,9,21,1386,True,True,True,False
123820,Thể thao,85,216,2424,16,45,520,True,True,True,False
130732,Thể thao,81,214,2470,17,47,535,True,True,True,False
99624,Giáo dục,62,150,3318,14,32,731,True,True,True,False
187928,Khoa học công nghệ,62,130,3660,13,27,763,True,True,True,False
165577,Giải trí,70,184,5868,17,40,1310,True,True,True,False
186496,Khoa học công nghệ,76,138,2057,16,28,422,True,True,True,False
132698,Thời sự,63,105,2088,14,22,437,True,True,True,False
223507,Thể thao,58,157,1794,13,34,390,True,True,True,False
69087,Đời sống,76,171,3758,17,38,826,True,True,True,False
74750,Du lịch,72,133,2742,15,29,579,True,True,True,False
21192,Kinh doanh,77,149,4403,15,30,945,True,True,True,False
208036,Sức khỏe,74,140,2790,20,34,618,True,True,True,False
246528,Thời sự,58,167,1068,14,40,233,True,True,True,False
153411,Bất động sản,47,197,3290,11,46,740,True,True,True,False
186109,Khoa học công nghệ,70,205,4584,15,47,1023,True,True,True,False
178271,Giáo dục,73,140,1470,17,31,323,True,True,True,False
98233,Giáo dục,63,123,1488,12,26,322,True,True,True,False
186284,Khoa học công nghệ,69,239,2216,16,51,478,True,True,True,False
154338,Du lịch,77,241,4189,16,50,893,True,True,True,False
208630,Sức khỏe,58,158,1527,14,37,342,True,True,True,False
165056,Giải trí,68,132,3201,15,28,714,True,True,True,False
175496,Giáo dục,78,247,4172,17,57,918,True,True,True,False
53571,Khoa học công nghệ,71,219,1167,16,44,240,True,True,True,False
21866,Kinh doanh,87,241,357,20,52,79,True,True,True,False
254776,Xe,52,179,3451,13,39,757,True,True,True,False
161642,Giải trí,63,193,5536,14,41,1176,True,True,True,False
99632,Giáo dục,56,185,4465,13,43,989,True,True,True,False
157102,Giải trí,80,144,2101,18,34,458,True,True,True,False
80824,Giải trí,63,167,2242,14,37,498,True,True,True,False
47571,Xe,59,160,1667,14,35,387,True,True,True,False
11050,Giải trí,69,178,4581,16,37,1001,True,True,True,False
7230,Giải trí,71,232,4324,15,48,916,True,True,True,False
207009,Sức khỏe,64,121,3245,15,28,708,True,True,True,False
79241,Du lịch,27,124,2170,6,26,456,True,True,True,False
192577,Kinh doanh,57,186,3229,11,38,670,True,True,True,False
146329,Xe,68,221,4110,15,46,886,True,True,True,False
129679,Thể thao,94,219,6132,20,47,1332,True,True,True,False
71210,Đời sống,58,121,3312,14,28,747,True,True,True,False
29054,Sức khỏe,71,166,4320,17,37,947,True,True,True,False
5014,Giáo dục,58,166,3433,12,36,706,True,True,True,True
102348,Giáo dục,61,194,1053,14,44,235,True,True,True,False
174151,Giáo dục,64,178,2014,15,40,439,True,True,True,False
162094,Giải trí,53,169,2424,12,36,525,True,True,True,False
213963,Thế giới,51,198,4926,12,47,1060,True,True,True,False
134231,Thời sự,76,234,2085,16,48,444,True,True,True,False
188267,Khoa học công nghệ,57,217,1240,12,43,262,True,True,True,False
199972,Kinh doanh,77,235,2195,14,45,452,True,True,True,False
35125,Thế giới,55,168,2088,13,39,453,True,True,True,False
220478,Thể thao,66,129,1598,15,28,325,True,True,True,False
186344,Khoa học công nghệ,77,229,5997,16,50,1304,True,True,True,False
105719,Kinh doanh,38,116,10467,9,26,2305,True,True,True,False
170482,Giải trí,29,139,1528,7,30,323,True,True,True,False
150341,Bất động sản,48,198,3826,10,44,818,True,True,True,False
206133,Sức khỏe,69,204,3355,16,44,738,True,True,True,False
217763,Thế giới,60,137,1683,13,32,357,True,True,True,False
126346,Thể thao,70,216,3876,16,49,863,True,True,True,False
218993,Thể thao,54,128,1398,11,28,294,True,True,True,False
256389,Đời sống,60,96,3435,15,22,774,True,True,True,False
75615,Du lịch,73,470,2842,17,104,623,True,True,True,False
170794,Giải trí,75,143,1873,16,31,404,True,True,True,False
41839,Thể thao,66,131,1446,12,27,305,True,True,True,False
149428,Bất động sản,49,206,4634,12,43,1009,True,True,True,False
259471,Đời sống,74,113,4491,18,26,1022,True,True,True,False
122542,Thế giới,60,170,2039,13,39,448,True,True,True,False
205939,Sức khỏe,78,193,1894,18,47,417,True,True,True,False
200097,Kinh doanh,58,213,2231,11,46,466,True,True,True,False
259534,Đời sống,63,156,12428,14,34,2761,True,True,True,False
235055,Thể thao,45,106,1590,9,20,347,True,True,True,False
7349,Giải trí,55,226,11232,13,48,2448,True,True,True,False
134492,Thời sự,68,167,6315,15,35,1385,True,True,True,False
88390,Giải trí,59,139,2362,15,28,507,True,True,True,False
88793,Giải trí,47,200,2056,9,45,451,True,True,True,False
194169,Kinh doanh,58,175,5213,11,38,1113,True,True,True,False
150428,Bất động sản,55,175,2722,14,39,611,True,True,True,False
245011,Thời sự,59,177,706,14,40,159,True,True,True,False
114206,Sức khỏe,64,109,3371,16,25,739,True,True,True,False
35408,Thế giới,60,138,3416,14,32,748,True,True,True,False
94803,Giáo dục,55,156,1866,13,35,407,True,True,True,False
141430,Thời sự,46,120,4659,10,27,1016,True,True,True,False
253096,Xe,61,209,2680,13,43,590,True,True,True,False
178923,Giáo dục,53,122,1070,12,27,235,True,True,True,False
263176,Đời sống,77,249,3522,17,53,751,True,True,True,False
174416,Giáo dục,59,101,2465,13,22,538,True,True,True,False
44476,Thời sự,67,229,3001,16,52,668,True,True,True,False
115059,Sức khỏe,67,157,1963,15,36,431,True,True,True,False
55276,Khoa học công nghệ,46,149,3107,11,32,690,True,True,True,True
107250,Kinh doanh,67,109,1380,16,25,296,True,True,True,False
247262,Thời sự,72,108,548,17,25,122,True,True,True,False
112277,Kinh doanh,90,366,1382,17,79,278,True,True,True,False
57276,Khoa học công nghệ,36,134,1464,9,27,324,True,True,True,False
134466,Thời sự,48,92,2095,11,20,472,True,True,True,False
138803,Thời sự,56,135,2098,13,30,459,True,True,True,False
20409,Kinh doanh,50,170,3095,10,35,651,True,True,True,False
135814,Thời sự,44,220,2143,11,48,475,True,True,True,False
253091,Xe,80,205,3007,16,45,658,True,True,True,False
206676,Sức khỏe,51,211,1281,12,47,283,True,True,True,False
38373,Thể thao,65,157,2989,14,35,637,True,True,True,False
80701,Giải trí,81,196,3347,17,43,750,True,True,True,False
244789,Thời sự,60,126,692,14,26,144,True,True,True,False
69702,Đời sống,38,288,4379,8,62,954,True,True,True,False
20179,Kinh doanh,61,146,3673,13,31,802,True,True,True,False
59102,Khoa học công nghệ,56,146,2326,12,32,497,True,True,True,False
50723,Xe,98,223,5498,22,48,1200,True,True,True,False
68369,Đời sống,70,171,1218,15,35,270,True,True,True,False
150474,Bất động sản,62,118,2697,15,27,600,True,True,True,False
74849,Du lịch,65,222,4185,15,48,892,True,True,True,False
141462,Thời sự,68,168,4132,16,37,908,True,True,True,False
80436,Giải trí,78,173,6290,17,39,1397,True,True,True,False
158910,Giải trí,62,160,2524,14,36,570,True,True,True,False
141693,Thời sự,44,98,3565,10,23,799,True,True,True,False
38315,Thể thao,50,116,2294,12,26,496,True,True,True,False
99555,Giáo dục,74,208,2179,17,45,465,True,True,True,False
132209,Thời sự,77,180,3190,17,39,711,True,True,True,False
18873,Kinh doanh,46,249,6644,10,53,1395,True,True,True,False
124222,Thể thao,72,161,2288,16,33,505,True,True,True,False
151009,Bất động sản,56,200,4140,13,45,910,True,True,True,False
135597,Thời sự,72,190,1959,16,41,447,True,True,True,False
16506,Giải trí,83,161,4037,17,34,854,True,True,True,False
235418,Thể thao,62,117,1350,13,24,284,True,True,True,False
175296,Giáo dục,60,109,5146,14,25,1113,True,True,True,False
131740,Thời sự,48,174,1785,11,37,396,True,True,True,False
222354,Thể thao,62,158,1754,12,32,361,True,True,True,False
94691,Giáo dục,54,309,2811,13,71,649,True,True,True,False
107816,Kinh doanh,36,201,12507,8,46,2759,True,True,True,False
106898,Kinh doanh,31,306,6790,6,69,1495,True,True,True,False
184911,Khoa học công nghệ,67,197,3724,15,43,827,True,True,True,False
188987,Kinh doanh,50,162,3232,11,35,694,True,True,True,False
123547,Thể thao,85,207,2871,17,43,614,True,True,True,False
80539,Giải trí,71,169,1873,15,38,407,True,True,True,False
81164,Giải trí,78,157,3243,17,35,734,True,True,True,False
179372,Giáo dục,73,137,781,16,30,169,True,True,True,False
190460,Kinh doanh,72,225,5610,15,46,1203,True,True,True,False
16528,Giải trí,90,189,4457,22,45,969,True,True,True,False
260070,Đời sống,77,162,4098,18,35,905,True,True,True,False
237011,Thời sự,77,204,4600,16,44,1029,True,True,True,False
66036,Đời sống,75,155,3951,17,35,903,True,True,True,True
55004,Khoa học công nghệ,50,116,2497,12,26,538,True,True,True,False
44169,Thời sự,28,166,3431,6,36,749,True,True,True,False
68267,Đời sống,78,156,2675,17,35,586,True,True,True,False
226385,Thể thao,66,129,2539,12,22,496,True,True,True,False
75785,Du lịch,41,124,3288,10,28,704,True,True,True,False
183223,Khoa học công nghệ,62,221,3090,16,51,676,True,True,True,False
33383,Thế giới,80,149,3998,18,35,867,True,True,True,False
160842,Giải trí,31,170,2473,7,39,538,True,True,True,False
75228,Du lịch,39,321,13643,10,68,2975,True,True,True,False
205023,Pháp luật,66,222,3510,17,52,834,True,True,True,False
100917,Giáo dục,69,166,4373,15,35,916,True,True,True,False
176029,Giáo dục,71,221,3644,14,48,818,True,True,True,False
79539,Du lịch,34,256,13856,8,54,2997,True,True,True,False
106391,Kinh doanh,73,334,4026,14,69,816,True,True,True,False
213415,Sức khỏe,64,112,3309,15,25,731,True,True,True,False
261482,Đời sống,59,133,3090,15,32,691,True,True,True,False
200058,Kinh doanh,54,199,2035,12,42,423,True,True,True,False
196365,Kinh doanh,67,197,5326,17,44,1137,True,True,True,False
99268,Giáo dục,56,177,1746,13,40,385,True,True,True,False
228692,Thể thao,46,126,258,11,27,55,True,True,True,False
211263,Sức khỏe,71,158,1263,17,37,284,True,True,True,False
160572,Giải trí,54,141,1711,13,30,373,True,True,True,False
164673,Giải trí,75,184,1276,17,42,279,True,True,True,False
180215,Giáo dục,71,172,9452,16,39,2092,True,True,True,False
61463,Khoa học công nghệ,66,136,2700,15,28,585,True,True,True,False
102336,Giáo dục,84,146,3853,17,32,839,True,True,True,False
143979,Xe,69,232,3864,16,50,843,True,True,True,False
222023,Thể thao,63,119,1382,13,25,300,True,True,True,False
167657,Giải trí,63,158,2766,15,37,604,True,True,True,False
177032,Giáo dục,54,187,3993,13,45,904,True,True,True,False
168862,Giải trí,75,165,3458,18,39,777,True,True,True,False
249252,Xe,77,250,3009,18,58,665,True,True,True,False
182331,Khoa học công nghệ,66,178,2861,13,37,598,True,True,True,False
27048,Pháp luật,78,155,6434,17,32,1403,True,True,True,False
230673,Thể thao,56,128,2957,10,23,578,True,True,True,False
228965,Thể thao,55,116,2398,12,22,458,True,True,True,False
69195,Đời sống,91,133,3449,20,29,750,True,True,True,False
213162,Sức khỏe,66,216,1925,16,48,424,True,True,True,False
186114,Khoa học công nghệ,62,202,2224,14,43,479,True,True,True,False
234189,Thể thao,60,129,3022,13,26,574,True,True,True,False
93604,Giải trí,35,171,2109,10,39,475,True,True,True,False
210042,Sức khỏe,68,143,2823,16,32,618,True,True,True,False
265472,Đời sống,61,172,1549,14,39,358,True,True,True,False
49001,Xe,59,160,2700,14,35,574,True,True,True,False
18902,Kinh doanh,83,219,4585,17,47,1012,True,True,True,False
7586,Giải trí,60,142,3918,14,31,800,True,True,True,False
5504,Giáo dục,72,148,4435,16,33,935,True,True,True,False
120879,Thế giới,73,167,2579,17,37,546,True,True,True,False
30021,Sức khỏe,42,133,4718,9,29,1008,True,True,True,False
128125,Thể thao,44,270,2983,10,60,667,True,True,True,False
31497,Sức khỏe,61,102,2540,15,24,566,True,True,True,False
164567,Giải trí,76,167,2604,19,36,552,True,True,True,False
242042,Thời sự,72,145,1612,18,33,358,True,True,True,False
184048,Khoa học công nghệ,70,157,1191,16,35,275,True,True,True,False
97563,Giáo dục,76,263,3485,17,59,764,True,True,True,False
12126,Giải trí,82,150,3344,19,35,731,True,True,True,False
32945,Thế giới,40,173,6948,9,40,1554,True,True,True,False
147378,Xe,73,146,2696,16,32,594,True,True,True,False
81510,Giải trí,71,133,2515,16,32,582,True,True,True,False
243174,Thời sự,80,204,2320,18,47,506,True,True,True,False
3024,Giáo dục,60,113,2502,14,24,542,True,True,True,False
170588,Giải trí,80,228,1486,18,47,298,True,True,True,False
221651,Thể thao,60,155,2522,12,35,560,True,True,True,False
217167,Thế giới,76,150,849,17,34,179,True,True,True,False
165071,Giải trí,60,174,6221,15,39,1363,True,True,True,False
146606,Xe,50,281,2433,10,58,502,True,True,True,False
245754,Thời sự,62,167,762,15,37,168,True,True,True,False
94469,Giải trí,62,130,3013,14,28,674,True,True,True,False
137933,Thời sự,50,133,2995,11,29,656,True,True,True,False
96976,Giáo dục,73,262,5911,17,54,1276,True,True,True,False
224044,Thể thao,58,132,1708,14,31,367,True,True,True,False
26029,Pháp luật,57,78,2511,12,17,572,True,True,True,False
221413,Thể thao,57,133,3460,14,27,718,True,True,True,False
73478,Đời sống,65,143,3320,15,31,756,True,True,True,False
15635,Giải trí,55,156,2117,11,32,426,True,True,True,False
200376,Kinh doanh,64,175,4628,13,35,1002,True,True,True,False
61849,Khoa học công nghệ,52,119,1301,11,26,283,True,True,True,False
7313,Giải trí,93,191,5924,17,40,1212,True,True,True,False
117674,Thế giới,46,118,1524,10,26,327,True,True,True,False
12569,Giải trí,71,189,2931,17,42,642,True,True,True,False
257852,Đời sống,80,130,5686,20,35,1281,True,True,True,False
201282,Kinh doanh,60,199,2279,13,41,492,True,True,True,False
165450,Giải trí,58,189,5775,14,43,1281,True,True,True,False
255380,Xe,48,158,2470,12,38,545,True,True,True,False
9360,Giải trí,82,138,4052,17,31,879,True,True,True,False
113294,Kinh doanh,42,153,1707,10,33,366,True,True,True,False
104726,Kinh doanh,81,277,1614,17,60,362,True,True,True,False
124926,Thể thao,83,241,2966,17,46,645,True,True,True,False
150718,Bất động sản,60,249,2923,12,55,654,True,True,True,False
21506,Kinh doanh,83,170,300,20,39,65,True,True,True,False
237274,Thời sự,72,200,3783,17,44,837,True,True,True,False
182360,Khoa học công nghệ,53,170,3512,13,35,786,True,True,True,False
240033,Thời sự,64,161,1068,16,39,240,True,True,True,False
224464,Thể thao,35,129,1645,7,29,349,True,True,True,False
82862,Giải trí,76,142,3349,17,31,750,True,True,True,False
109881,Kinh doanh,78,119,2470,18,27,522,True,True,True,False
165360,Giải trí,74,148,931,17,33,195,True,True,True,False
175824,Giáo dục,33,228,3870,8,52,860,True,True,True,False
95460,Giáo dục,82,250,4498,17,56,966,True,True,True,False
93644,Giải trí,79,224,3834,17,52,862,True,True,True,False
80988,Giải trí,78,180,2850,17,40,651,True,True,True,False
188505,Kinh doanh,63,144,3669,15,31,784,True,True,True,False
6102,Giáo dục,53,113,1860,11,26,398,True,True,True,False
81171,Giải trí,76,383,4267,17,85,961,True,True,True,False
29847,Sức khỏe,71,121,3417,17,28,756,True,True,True,False
228203,Thể thao,39,135,1243,7,28,261,True,True,True,False
24663,Kinh doanh,46,104,1817,9,21,379,True,True,True,False
263844,Đời sống,77,181,3628,18,42,788,True,True,True,False
158729,Giải trí,78,170,3042,19,40,654,True,True,True,False
193111,Kinh doanh,73,215,3598,16,43,747,True,True,True,False
238917,Thời sự,63,223,1450,15,52,321,True,True,True,False
201131,Kinh doanh,44,224,1492,8,46,307,True,True,True,False
166011,Giải trí,75,143,1631,15,29,339,True,True,True,False
49534,Xe,38,122,1770,10,29,389,True,True,True,False
129288,Thể thao,85,98,2050,16,21,451,True,True,True,False
108091,Kinh doanh,26,162,7337,6,37,1619,True,True,True,False
13074,Giải trí,53,130,2272,10,30,482,True,True,True,False
150701,Bất động sản,61,161,3674,13,34,833,True,True,True,False
53246,Khoa học công nghệ,36,147,2418,8,32,532,True,True,True,False
99338,Giáo dục,78,150,2643,16,30,578,True,True,True,False
171565,Giải trí,71,165,1316,14,36,288,True,True,True,False
11356,Giải trí,57,156,3861,13,31,803,True,True,True,False
127198,Thể thao,43,111,3334,10,23,730,True,True,True,False
246681,Thời sự,75,203,2294,17,44,501,True,True,True,False
81379,Giải trí,73,169,5233,15,38,1163,True,True,True,False
193462,Kinh doanh,60,223,4807,14,48,1037,True,True,True,False
131634,Thể thao,66,172,4373,16,39,973,True,True,True,False
109181,Kinh doanh,65,243,3591,15,56,836,True,True,True,False
223205,Thể thao,49,122,2121,11,27,451,True,True,True,False
16029,Giải trí,78,208,4631,19,47,993,True,True,True,False
217656,Thế giới,50,149,1896,11,31,398,True,True,True,False
208784,Sức khỏe,69,132,2569,17,28,579,True,True,True,False
32016,Sức khỏe,44,249,4171,9,52,905,True,True,True,False
217362,Thế giới,49,147,1822,11,33,392,True,True,True,False
195514,Kinh doanh,60,250,6075,13,54,1282,True,True,True,False
206868,Sức khỏe,80,187,4294,18,42,945,True,True,True,False
86099,Giải trí,73,180,3358,17,40,753,True,True,True,False
101161,Giáo dục,57,159,1958,14,33,412,True,True,True,False
46458,Thời sự,71,188,3162,14,39,690,True,True,True,False
108542,Kinh doanh,39,244,4982,9,51,1105,True,True,True,True
49915,Xe,79,124,5227,19,33,1193,True,True,True,False
122231,Thế giới,70,167,7371,14,34,1562,True,True,True,False
3146,Giáo dục,71,214,4388,16,49,997,True,True,True,False
52127,Xe,58,203,1917,15,47,419,True,True,True,False
66564,Đời sống,77,164,1836,18,37,403,True,True,True,False
231310,Thể thao,58,120,1234,13,25,267,True,True,True,False
99323,Giáo dục,84,191,3264,17,37,685,True,True,True,False
259743,Đời sống,66,174,4151,15,39,929,True,True,True,False
100831,Giáo dục,86,279,6346,17,57,1370,True,True,True,False
131099,Thể thao,38,183,3108,9,37,677,True,True,True,False
123770,Thể thao,80,211,3002,19,46,669,True,True,True,False
99703,Giáo dục,57,258,7343,12,55,1597,True,True,True,True
83130,Giải trí,69,209,2267,16,46,497,True,True,True,False
196813,Kinh doanh,78,219,5499,17,46,1177,True,True,True,False
63218,Khoa học công nghệ,69,202,2670,13,42,570,True,True,True,False
173652,Giáo dục,71,244,3021,14,52,658,True,True,True,False
207417,Sức khỏe,80,136,1884,21,36,421,True,True,True,False
56232,Khoa học công nghệ,57,131,2039,13,32,461,True,True,True,False
140106,Thời sự,71,175,7257,15,37,1629,True,True,True,False
27022,Pháp luật,74,239,3980,19,54,872,True,True,True,False
221896,Thể thao,56,110,1890,13,25,420,True,True,True,False
162259,Giải trí,25,173,3919,6,38,853,True,True,True,False
55664,Khoa học công nghệ,39,80,1937,10,19,433,True,True,True,False
241690,Thời sự,68,163,1349,16,37,302,True,True,True,False
182536,Khoa học công nghệ,78,146,3787,17,31,811,True,True,True,False
206779,Sức khỏe,77,155,1851,16,34,408,True,True,True,False
224420,Thể thao,61,124,2282,14,27,501,True,True,True,False
99658,Giáo dục,78,251,2467,17,55,560,True,True,True,False
107129,Kinh doanh,72,244,4988,16,56,1109,True,True,True,False
257199,Đời sống,74,94,4068,17,21,895,True,True,True,False
32589,Thế giới,37,174,5462,8,40,1179,True,True,True,False
242400,Thời sự,79,127,1261,18,28,274,True,True,True,False
22004,Kinh doanh,51,231,4334,11,50,919,True,True,True,False
258601,Đời sống,80,126,3553,19,28,785,True,True,True,False
132257,Thời sự,83,227,1441,19,50,313,True,True,True,False
7251,Giải trí,58,175,3055,14,38,665,True,True,True,False
132139,Thời sự,33,112,3346,7,26,749,True,True,True,False
140515,Thời sự,31,293,7697,7,70,1745,True,True,True,False
132987,Thời sự,69,137,1560,16,32,351,True,True,True,False
146994,Xe,53,264,4775,14,64,1092,True,True,True,False
57332,Khoa học công nghệ,46,157,1774,10,36,389,True,True,True,False
164901,Giải trí,38,104,1412,10,22,291,True,True,True,False
209244,Sức khỏe,78,145,3081,18,29,679,True,True,True,False
154926,Du lịch,63,164,1818,13,36,401,True,True,True,False
193485,Kinh doanh,79,109,1490,19,25,326,True,True,True,False
156190,Du lịch,37,196,4599,9,44,1034,True,True,True,False
45591,Thời sự,84,177,2560,17,39,581,True,True,True,False
106250,Kinh doanh,59,103,2522,13,23,560,True,True,True,False
211499,Sức khỏe,49,122,3687,11,28,829,True,True,True,False
183950,Khoa học công nghệ,71,144,2458,14,30,524,True,True,True,False
193802,Kinh doanh,73,233,2249,15,52,484,True,True,True,False
233142,Thể thao,46,154,3095,10,32,653,True,True,True,False
124680,Thể thao,78,174,4672,13,34,971,True,True,True,False
37547,Thể thao,68,119,2088,15,25,448,True,True,True,False
66931,Đời sống,83,102,4932,18,22,1133,True,True,True,False
85568,Giải trí,80,186,3795,17,42,860,True,True,True,False
207739,Sức khỏe,69,149,2888,16,34,645,True,True,True,False
181250,Khoa học công nghệ,59,152,5013,13,33,1061,True,True,True,False
6146,Giáo dục,60,147,1800,14,33,391,True,True,True,False
8793,Giải trí,61,136,2485,13,28,508,True,True,True,False
95521,Giáo dục,79,166,1980,17,35,426,True,True,True,False
207557,Sức khỏe,62,143,2054,17,34,452,True,True,True,False
65895,Đời sống,86,188,4122,16,41,881,True,True,True,False
109701,Kinh doanh,57,202,3597,14,43,801,True,True,True,False
251483,Xe,68,135,1494,15,29,315,True,True,True,False
251931,Xe,62,165,1606,11,35,345,True,True,True,False
207933,Sức khỏe,70,182,3995,16,41,873,True,True,True,False
43728,Thời sự,67,161,7032,17,37,1535,True,True,True,False
78441,Du lịch,76,146,1970,17,32,434,True,True,True,False
60706,Khoa học công nghệ,74,128,1216,15,27,257,True,True,True,False
232734,Thể thao,65,163,2417,10,30,509,True,True,True,False
114769,Sức khỏe,62,172,1093,15,38,227,True,True,True,False
240795,Thời sự,78,130,1800,17,28,375,True,True,True,False
118035,Thế giới,52,211,1257,13,44,274,True,True,True,False
103117,Giáo dục,63,204,5426,14,41,1205,True,True,True,False
221834,Thể thao,62,127,3704,15,26,798,True,True,True,False
17506,Khoa học công nghệ,91,171,3335,20,35,716,True,True,True,False
62185,Khoa học công nghệ,58,136,1962,12,31,426,True,True,True,False
119927,Thế giới,51,166,2216,10,37,474,True,True,True,False
70778,Đời sống,29,195,5276,6,43,1179,True,True,True,False
42228,Thời sự,86,247,7763,23,54,1709,True,True,True,False
233048,Thể thao,55,142,2406,11,29,503,True,True,True,False
218731,Thế giới,74,116,2165,16,26,457,True,True,True,False
78654,Du lịch,70,108,3716,16,24,829,True,True,True,False
119038,Thế giới,17,156,1400,4,35,314,True,True,True,False
111100,Kinh doanh,35,177,5489,9,40,1220,True,True,True,False
81576,Giải trí,49,148,3620,10,36,780,True,True,True,False
132679,Thời sự,56,144,8163,13,32,1814,True,True,True,False
94193,Giải trí,44,197,2103,9,42,454,True,True,True,False
130669,Thể thao,82,226,2250,16,46,476,True,True,True,False
177066,Giáo dục,62,193,2335,13,38,488,True,True,True,False
88235,Giải trí,74,167,3101,16,35,690,True,True,True,False
218344,Thế giới,64,162,991,14,35,203,True,True,True,False
232491,Thể thao,66,160,2579,13,31,534,True,True,True,False
36098,Thế giới,85,131,2147,20,30,460,True,True,True,False
213989,Thế giới,79,178,4627,18,38,980,True,True,True,False
248334,Xe,67,187,3428,15,40,746,True,True,True,False
243162,Thời sự,40,141,1395,10,33,315,True,True,True,False
136598,Thời sự,65,119,1395,14,24,306,True,True,True,False
150169,Bất động sản,65,171,2824,16,42,678,True,True,True,False
169636,Giải trí,50,117,1918,12,27,413,True,True,True,False
25708,Kinh doanh,74,216,3960,16,50,858,True,True,True,False
137869,Thời sự,71,168,2280,15,38,502,True,True,True,False
60716,Khoa học công nghệ,63,130,1038,12,27,223,True,True,True,False
113480,Kinh doanh,39,94,2036,9,21,438,True,True,True,False
74562,Du lịch,67,160,1690,16,37,387,True,True,True,False
89740,Giải trí,73,158,2480,16,33,539,True,True,True,False
139627,Thời sự,78,106,2505,17,24,538,True,True,True,False
59844,Khoa học công nghệ,47,87,1571,9,19,331,True,True,True,False
109126,Kinh doanh,40,230,2010,9,51,471,True,True,True,False
118969,Thế giới,20,231,1298,5,52,288,True,True,True,False
55510,Khoa học công nghệ,50,143,3059,10,30,636,True,True,True,False
248033,Xe,67,169,4490,15,36,968,True,True,True,False
209039,Sức khỏe,61,145,2011,14,32,443,True,True,True,False
11491,Giải trí,74,154,2331,15,35,509,True,True,True,False
163251,Giải trí,37,193,3954,9,46,866,True,True,True,False
170593,Giải trí,68,177,4278,16,40,907,True,True,True,False
250958,Xe,67,120,1506,15,28,324,True,True,True,False
256831,Đời sống,55,124,1573,13,28,344,True,True,True,False
227003,Thể thao,59,107,1492,11,22,305,True,True,True,False
35688,Thế giới,46,169,7084,11,39,1523,True,True,True,False
10500,Giải trí,35,118,4347,7,26,941,True,True,True,False
125546,Thể thao,67,218,2561,14,45,563,True,True,True,False
258566,Đời sống,56,197,2019,13,44,449,True,True,True,False
240003,Thời sự,67,150,1874,15,34,408,True,True,True,False
249375,Xe,57,141,2323,13,32,497,True,True,True,False
180863,Giáo dục,60,149,3776,17,33,835,True,True,True,False
224308,Thể thao,55,154,1790,13,34,407,True,True,True,False
45391,Thời sự,79,229,2797,19,53,620,True,True,True,False
232343,Thể thao,33,114,1141,8,24,239,True,True,True,False
166792,Giải trí,79,159,245,18,34,53,True,True,True,False
207932,Sức khỏe,59,177,4814,14,42,1060,True,True,True,False
10022,Giải trí,86,193,4287,20,40,901,True,True,True,False
222110,Thể thao,50,111,1872,12,24,410,True,True,True,False
162140,Giải trí,45,119,1113,11,26,241,True,True,True,False
129157,Thể thao,89,154,1828,17,31,394,True,True,True,False
36111,Thế giới,63,196,2514,12,41,530,True,True,True,False
179574,Giáo dục,66,169,1316,14,36,281,True,True,True,False
225690,Thể thao,72,107,1692,17,24,365,True,True,True,False
95085,Giáo dục,65,216,6274,16,47,1374,True,True,True,False
46877,Thời sự,88,181,4477,19,40,988,True,True,True,False
19703,Kinh doanh,81,196,3725,19,45,840,True,True,True,False
8911,Giải trí,65,155,3141,14,30,664,True,True,True,False
149161,Bất động sản,46,135,4483,10,26,985,True,True,True,False
258252,Đời sống,53,164,2481,13,38,555,True,True,True,False
195788,Kinh doanh,67,153,3524,14,33,744,True,True,True,False
185326,Khoa học công nghệ,66,148,2991,15,33,675,True,True,True,False
36084,Thế giới,56,193,2796,12,42,597,True,True,True,False
69470,Đời sống,65,269,3549,14,58,768,True,True,True,False
8368,Giải trí,66,140,2165,14,30,467,True,True,True,False
24691,Kinh doanh,34,117,2371,8,23,485,True,True,True,False
251771,Xe,74,153,4053,17,35,892,True,True,True,False
122300,Thế giới,87,149,4549,18,32,930,True,True,True,False
136018,Thời sự,72,178,2208,16,41,482,True,True,True,False
109421,Kinh doanh,52,167,2091,12,35,482,True,True,True,False
20067,Kinh doanh,82,209,4036,16,45,851,True,True,True,False
104097,Kinh doanh,66,208,3258,14,46,713,True,True,True,False
204819,Pháp luật,56,85,2112,11,17,451,True,True,True,False
74603,Du lịch,41,226,4775,9,50,1065,True,True,True,False
233947,Thể thao,62,160,2172,12,32,454,True,True,True,False
60383,Khoa học công nghệ,44,74,1454,11,18,331,True,True,True,False
131543,Thể thao,79,231,3922,16,49,850,True,True,True,False
210979,Sức khỏe,46,151,1625,12,33,354,True,True,True,False
18794,Kinh doanh,80,207,2806,20,48,619,True,True,True,False
104958,Kinh doanh,48,160,1830,12,38,414,True,True,True,False
115541,Sức khỏe,69,245,10724,14,51,2294,True,True,True,False
113173,Kinh doanh,55,118,1792,11,28,384,True,True,True,False
169484,Giải trí,67,104,2265,16,23,500,True,True,True,False
147003,Xe,60,265,3782,14,60,851,True,True,True,False
189481,Kinh doanh,76,178,6956,14,35,1451,True,True,True,False
214284,Thế giới,71,177,1772,15,35,353,True,True,True,False
253669,Xe,79,199,4095,18,42,892,True,True,True,False
12445,Giải trí,61,178,3824,13,38,812,True,True,True,False
68095,Đời sống,69,137,1527,15,30,340,True,True,True,False
260162,Đời sống,80,120,2395,18,26,511,True,True,True,False
141332,Thời sự,82,150,2084,17,33,428,True,True,True,False
132743,Thời sự,70,178,1320,16,36,298,True,True,True,False
150632,Bất động sản,55,212,4233,12,47,916,True,True,True,False
54354,Khoa học công nghệ,55,128,2158,11,30,461,True,True,True,False
186396,Khoa học công nghệ,64,174,4842,14,37,1048,True,True,True,False
13228,Giải trí,70,175,4046,16,38,883,True,True,True,False
206009,Sức khỏe,62,146,2980,15,33,629,True,True,True,False
204666,Pháp luật,73,138,2077,16,31,472,True,True,True,False
22775,Kinh doanh,87,124,3901,18,25,839,True,True,True,False
133161,Thời sự,55,198,4350,13,44,933,True,True,True,False
143986,Xe,68,167,2650,16,37,577,True,True,True,False
171157,Giải trí,80,200,2706,17,40,575,True,True,True,False
18282,Kinh doanh,60,221,3855,12,46,809,True,True,True,False
229400,Thể thao,64,136,1482,12,27,300,True,True,True,False
263939,Đời sống,61,139,2957,13,32,654,True,True,True,False
130406,Thể thao,74,301,5448,15,67,1192,True,True,True,False
146848,Xe,64,277,6332,17,63,1422,True,True,True,False
123591,Thể thao,71,207,2932,15,41,638,True,True,True,False
167827,Giải trí,57,95,1927,13,21,425,True,True,True,False
194477,Kinh doanh,68,146,3046,17,32,675,True,True,True,False
208939,Sức khỏe,78,141,3321,17,30,714,True,True,True,True
122088,Thế giới,69,174,1615,15,38,350,True,True,True,False
83201,Giải trí,66,213,2350,15,47,524,True,True,True,False
29980,Sức khỏe,62,114,755,15,28,166,True,True,True,False
53745,Khoa học công nghệ,64,120,2102,14,25,455,True,True,True,False
116071,Sức khỏe,74,281,15735,16,60,3416,True,True,True,False
137597,Thời sự,75,150,1981,18,34,433,True,True,True,False
123714,Thể thao,68,154,1865,17,37,397,True,True,True,False
15790,Giải trí,74,116,2021,15,25,435,True,True,True,False
132607,Thời sự,48,257,5588,11,57,1249,True,True,True,False
120891,Thế giới,68,132,2473,15,28,555,True,True,True,False
77923,Du lịch,59,248,3539,12,54,758,True,True,True,False
119359,Thế giới,76,146,1829,17,34,399,True,True,True,False
77878,Du lịch,80,246,6098,17,53,1320,True,True,True,True
264174,Đời sống,40,85,5679,10,17,1246,True,True,True,False
68739,Đời sống,45,122,2701,10,28,627,True,True,True,False
103699,Giáo dục,63,73,1757,14,16,367,True,True,True,False
242368,Thời sự,74,140,3699,17,34,840,True,True,True,False
26262,Pháp luật,87,191,1867,21,44,411,True,True,True,False
117109,Sức khỏe,73,218,3146,15,45,677,True,True,True,False
213449,Sức khỏe,34,110,1521,8,24,333,True,True,True,False
240285,Thời sự,78,172,2529,17,38,548,True,True,True,False
59580,Khoa học công nghệ,66,226,2775,13,45,582,True,True,True,False
69089,Đời sống,66,122,1469,16,31,337,True,True,True,False
217293,Thế giới,76,163,1968,17,38,423,True,True,True,False
261339,Đời sống,71,116,5204,17,26,1173,True,True,True,False
231912,Thể thao,56,137,1223,14,31,267,True,True,True,False
118001,Thế giới,70,174,2036,15,39,444,True,True,True,False
27895,Sức khỏe,73,230,4797,17,51,1054,True,True,True,False
123327,Thể thao,78,235,2139,14,48,462,True,True,True,False
216673,Thế giới,78,170,1261,16,37,258,True,True,True,False
51787,Xe,96,85,2726,19,17,585,True,True,True,False
123613,Thể thao,63,203,2838,13,42,619,True,True,True,False
41347,Thể thao,64,143,1387,13,31,297,True,True,True,False
226141,Thể thao,58,147,4030,11,29,835,True,True,True,False
243083,Thời sự,66,142,833,17,36,189,True,True,True,False
127739,Thể thao,74,98,3060,16,21,663,True,True,True,False
30121,Sức khỏe,56,189,2777,13,42,599,True,True,True,False
4884,Giáo dục,87,178,5201,20,41,1153,True,True,True,False
73990,Đời sống,94,184,7095,20,40,1567,True,True,True,False
87427,Giải trí,51,203,1836,12,43,392,True,True,True,False
97866,Giáo dục,78,205,3159,17,45,684,True,True,True,False
245131,Thời sự,48,130,625,10,30,136,True,True,True,False
5383,Giáo dục,77,171,1786,18,42,403,True,True,True,False
95530,Giáo dục,44,109,2093,10,22,465,True,True,True,False
25064,Kinh doanh,74,214,5140,15,44,1121,True,True,True,False
230060,Thể thao,58,137,706,15,30,130,True,True,True,False
19872,Kinh doanh,87,173,3254,18,38,700,True,True,True,False
73254,Đời sống,63,169,2362,16,41,531,True,True,True,False
111377,Kinh doanh,54,185,1775,11,40,388,True,True,True,False
128139,Thể thao,88,160,3606,18,35,788,True,True,True,False
10714,Giải trí,70,148,3502,16,33,766,True,True,True,False
100858,Giáo dục,63,216,5983,16,49,1354,True,True,True,False
115664,Sức khỏe,64,183,5571,17,42,1210,True,True,True,False
260452,Đời sống,63,184,1182,16,43,246,True,True,True,False
226198,Thể thao,64,128,1241,12,27,227,True,True,True,False
79760,Du lịch,59,129,1882,15,29,400,True,True,True,False
150302,Bất động sản,70,229,3027,17,50,677,True,True,True,False
249229,Xe,73,165,2746,17,37,605,True,True,True,False
127646,Thể thao,84,290,2720,19,63,605,True,True,True,False
147670,Xe,61,111,1413,15,25,322,True,True,True,False
55461,Khoa học công nghệ,47,145,2081,11,33,467,True,True,True,False
207290,Sức khỏe,78,133,2703,19,32,570,True,True,True,False
264213,Đời sống,59,206,2418,14,44,520,True,True,True,False
33761,Thế giới,72,198,2033,17,44,421,True,True,True,False
38718,Thể thao,56,132,2437,12,28,545,True,True,True,False
28844,Sức khỏe,40,173,5209,10,39,1157,True,True,True,False
169151,Giải trí,71,233,5852,16,50,1256,True,True,True,False
54568,Khoa học công nghệ,56,128,2735,11,26,596,True,True,True,False
186939,Khoa học công nghệ,70,221,4800,17,50,1051,True,True,True,False
194271,Kinh doanh,72,237,4591,17,52,989,True,True,True,False
115920,Sức khỏe,70,231,14218,16,50,3035,True,True,True,False
122315,Thế giới,77,124,5158,16,27,1088,True,True,True,False
163445,Giải trí,44,140,2671,10,29,585,True,True,True,False
154386,Du lịch,42,178,1757,10,39,388,True,True,True,False
131219,Thể thao,99,234,3527,20,52,737,True,True,True,False
136001,Thời sự,77,147,1444,18,34,318,True,True,True,False
46452,Thời sự,85,149,4567,20,34,1000,True,True,True,False
116586,Sức khỏe,64,226,5372,14,48,1121,True,True,True,False
92151,Giải trí,56,160,2509,13,35,558,True,True,True,False
174457,Giáo dục,50,178,2847,12,41,629,True,True,True,False
63642,Khoa học công nghệ,71,113,2218,14,23,465,True,True,True,False
142762,Thời sự,26,84,1846,6,19,405,True,True,True,False
190711,Kinh doanh,63,185,3791,14,43,829,True,True,True,False
40184,Thể thao,100,183,3070,18,33,622,True,True,True,False
207688,Sức khỏe,79,147,2711,17,34,593,True,True,True,False
23212,Kinh doanh,63,110,2910,14,23,641,True,True,True,False
34541,Thế giới,51,147,2470,10,32,514,True,True,True,False
51812,Xe,62,154,989,14,34,212,True,True,True,False
127628,Thể thao,92,132,1613,19,29,352,True,True,True,False
66819,Đời sống,69,132,2982,16,31,676,True,True,True,False
32664,Thế giới,51,137,4706,10,30,1010,True,True,True,False
56381,Khoa học công nghệ,57,121,1431,12,26,306,True,True,True,False
235301,Thể thao,66,175,757,13,37,163,True,True,True,False
28202,Sức khỏe,54,198,2816,12,44,619,True,True,True,False
51056,Xe,75,163,4463,16,37,966,True,True,True,False
217976,Thế giới,66,153,573,13,30,121,True,True,True,False
43973,Thời sự,46,118,2989,9,27,679,True,True,True,False
84018,Giải trí,79,133,2835,16,29,622,True,True,True,False
7605,Giải trí,78,144,4255,17,30,915,True,True,True,False
25105,Kinh doanh,65,160,4273,14,35,931,True,True,True,False
63542,Khoa học công nghệ,33,90,1405,7,19,306,True,True,True,False
207162,Sức khỏe,79,164,2602,17,37,569,True,True,True,False
261209,Đời sống,70,133,2509,16,32,555,True,True,True,False
262121,Đời sống,61,218,4165,13,47,901,True,True,True,False
14819,Giải trí,73,222,4175,16,47,868,True,True,True,False
254223,Xe,71,147,1621,16,33,349,True,True,True,False
83502,Giải trí,42,149,2491,11,32,566,True,True,True,False
198179,Kinh doanh,78,122,3164,17,27,668,True,True,True,False
157917,Giải trí,45,117,1524,10,26,328,True,True,True,False
246210,Thời sự,76,115,1166,17,27,254,True,True,True,False
128985,Thể thao,45,146,6865,11,33,1519,True,True,True,False
46293,Thời sự,37,107,1355,8,23,298,True,True,True,False
108154,Kinh doanh,43,153,6062,9,29,1311,True,True,True,False
43061,Thời sự,48,249,7133,10,54,1541,True,True,True,False
9545,Giải trí,55,135,3184,12,28,683,True,True,True,False
27057,Pháp luật,71,121,2863,16,28,649,True,True,True,False
132884,Thời sự,71,95,798,17,23,179,True,True,True,False
237192,Thời sự,78,207,4508,16,44,1020,True,True,True,False
170316,Giải trí,75,197,5549,16,45,1213,True,True,True,False
210264,Sức khỏe,66,138,2491,17,32,566,True,True,True,False
10007,Giải trí,44,90,2876,9,17,564,True,True,True,False
246896,Thời sự,62,134,1597,15,30,363,True,True,True,False
107676,Kinh doanh,40,252,7319,8,55,1611,True,True,True,False
236771,Thời sự,78,190,1840,16,41,385,True,True,True,False
198958,Kinh doanh,61,154,3099,15,33,676,True,True,True,False
152492,Bất động sản,61,221,4386,15,48,971,True,True,True,False
259151,Đời sống,72,221,4184,16,50,940,True,True,True,False
33915,Thế giới,65,196,2367,15,45,500,True,True,True,False
190473,Kinh doanh,49,195,2692,11,44,604,True,True,True,False
240678,Thời sự,69,166,4098,16,39,905,True,True,True,False
131539,Thể thao,106,144,11396,21,29,2419,True,True,True,False
148558,Bất động sản,49,240,3688,10,52,809,True,True,True,False
168594,Giải trí,70,123,3602,16,27,789,True,True,True,False
80560,Giải trí,69,127,3369,15,29,785,True,True,True,False
214511,Thế giới,73,145,6245,16,29,1327,True,True,True,False
215956,Thế giới,60,135,2188,15,34,490,True,True,True,False
144167,Xe,45,183,1750,10,40,369,True,True,True,False
207069,Sức khỏe,59,136,2709,15,31,609,True,True,True,False
75391,Du lịch,37,192,7304,8,41,1586,True,True,True,False
161949,Giải trí,58,162,1927,12,34,412,True,True,True,False
141319,Thời sự,68,207,2142,15,45,451,True,True,True,False
141564,Thời sự,54,270,3187,11,56,661,True,True,True,False
151184,Bất động sản,80,170,3686,20,39,831,True,True,True,False
104287,Kinh doanh,67,231,3063,15,48,660,True,True,True,False
260099,Đời sống,37,192,9007,9,44,1986,True,True,True,False
107672,Kinh doanh,60,255,4896,15,56,1061,True,True,True,False
151597,Bất động sản,72,178,1943,16,41,425,True,True,True,False
95693,Giáo dục,56,230,1960,13,50,435,True,True,True,False
259280,Đời sống,71,149,3598,18,33,820,True,True,True,False
756,Bất động sản,75,218,4915,17,50,1110,True,True,True,False
127580,Thể thao,96,130,3282,20,26,696,True,True,True,False
42752,Thời sự,93,244,7735,23,56,1737,True,True,True,False
105063,Kinh doanh,44,225,2734,11,52,615,True,True,True,False
59,Bất động sản,69,151,2884,15,32,631,True,True,True,False
257884,Đời sống,59,132,4501,14,30,1012,True,True,True,False
138848,Thời sự,49,111,2274,10,26,501,True,True,True,False
242889,Thời sự,72,183,2010,17,43,455,True,True,True,False
45447,Thời sự,64,145,1580,16,35,360,True,True,True,False
2119,Du lịch,73,183,2803,17,39,589,True,True,True,False
933,Bất động sản,50,206,3546,11,43,746,True,True,True,False
78116,Du lịch,73,174,1976,16,37,430,True,True,True,False
187441,Khoa học công nghệ,77,167,3602,15,37,771,True,True,True,False
177098,Giáo dục,63,179,1200,15,37,264,True,True,True,False
21991,Kinh doanh,56,124,3500,12,28,762,True,True,True,False
212616,Sức khỏe,64,114,3202,16,26,704,True,True,True,False
119251,Thế giới,62,179,3986,15,39,865,True,True,True,False
121877,Thế giới,61,138,1836,12,28,383,True,True,True,False
109581,Kinh doanh,37,155,1456,9,38,326,True,True,True,False
2078,Du lịch,64,133,2297,14,27,484,True,True,True,False
15018,Giải trí,83,212,6272,18,49,1384,True,True,True,False
121951,Thế giới,71,162,1968,15,37,421,True,True,True,False
223414,Thể thao,48,137,1191,11,32,270,True,True,True,False
91919,Giải trí,43,174,2095,11,42,464,True,True,True,False
8301,Giải trí,72,181,3395,16,40,738,True,True,True,False
246870,Thời sự,50,145,1960,12,32,429,True,True,True,False
122008,Thế giới,83,183,1960,16,36,418,True,True,True,False
39480,Thể thao,62,154,1605,14,36,346,True,True,True,False
229308,Thể thao,63,155,1958,13,34,419,True,True,True,False
147128,Xe,68,137,2154,17,29,478,True,True,True,False
93347,Giải trí,45,128,2356,10,29,544,True,True,True,False
4926,Giáo dục,71,168,1446,17,37,321,True,True,True,False
215558,Thế giới,52,102,1289,14,23,292,True,True,True,False
228623,Thể thao,54,175,1420,12,38,301,True,True,True,False
48692,Xe,76,135,2055,18,28,436,True,True,True,False
195452,Kinh doanh,59,169,1627,14,38,358,True,True,True,False
200446,Kinh doanh,68,206,4281,15,45,942,True,True,True,False
238717,Thời sự,46,172,3799,11,41,821,True,True,True,False
231091,Thể thao,58,153,1612,14,31,353,True,True,True,False
148884,Bất động sản,59,197,5274,11,40,1120,True,True,True,False
216030,Thế giới,57,182,1787,14,42,398,True,True,True,False
99570,Giáo dục,82,210,2656,17,45,571,True,True,True,False
60976,Khoa học công nghệ,66,111,2033,16,25,440,True,True,True,False
124120,Thể thao,76,233,3737,16,48,795,True,True,True,False
177328,Giáo dục,73,200,1479,18,45,314,True,True,True,False
117103,Sức khỏe,76,312,14309,17,70,3015,True,True,True,False
190175,Kinh doanh,78,176,1880,18,36,408,True,True,True,False
175241,Giáo dục,74,162,1933,16,39,426,True,True,True,False
107006,Kinh doanh,65,295,2395,13,65,514,True,True,True,False
171987,Giải trí,69,126,2237,15,28,475,True,True,True,False
224503,Thể thao,62,130,3310,15,27,722,True,True,True,False
175642,Giáo dục,67,143,2364,16,32,492,True,True,True,False
239694,Thời sự,72,230,1681,18,53,370,True,True,True,False
53607,Khoa học công nghệ,57,143,2218,13,32,492,True,True,True,True
195130,Kinh doanh,39,96,2157,9,21,450,True,True,True,False
61156,Khoa học công nghệ,49,167,2654,10,36,582,True,True,True,False
12514,Giải trí,77,99,3395,16,22,724,True,True,True,False
140618,Thời sự,69,216,2846,15,45,619,True,True,True,False
80152,Giải trí,74,158,2061,17,36,481,True,True,True,False
232061,Thể thao,58,144,1339,13,32,280,True,True,True,False
145468,Xe,41,238,3566,10,50,787,True,True,True,False
262827,Đời sống,64,134,2734,14,31,590,True,True,True,False
57154,Khoa học công nghệ,49,75,2808,12,16,620,True,True,True,False
105158,Kinh doanh,45,246,7254,12,54,1629,True,True,True,False
12246,Giải trí,44,123,1929,10,27,417,True,True,True,False
138772,Thời sự,58,140,1471,14,32,334,True,True,True,False
194066,Kinh doanh,67,197,6989,16,44,1461,True,True,True,False
78600,Du lịch,63,259,2551,15,54,535,True,True,True,False
152435,Bất động sản,49,195,3771,12,41,822,True,True,True,False
66274,Đời sống,63,187,1297,16,46,313,True,True,True,False
25515,Kinh doanh,50,199,3385,12,40,725,True,True,True,False
230538,Thể thao,53,130,2099,12,28,409,True,True,True,False
68725,Đời sống,73,328,4418,17,75,981,True,True,True,False
242156,Thời sự,66,134,840,14,29,183,True,True,True,False
245795,Thời sự,78,189,1297,18,42,288,True,True,True,False
132364,Thời sự,50,125,1344,10,27,290,True,True,True,False
65124,Khoa học công nghệ,47,290,2427,10,62,522,True,True,True,False
128227,Thể thao,78,94,2967,17,21,642,True,True,True,False
102981,Giáo dục,73,299,5029,16,69,1090,True,True,True,False
195462,Kinh doanh,58,244,5842,12,53,1239,True,True,True,False
163912,Giải trí,41,110,1986,10,26,415,True,True,True,False
238315,Thời sự,70,184,1390,16,42,311,True,True,True,False
35198,Thế giới,90,247,3761,19,53,809,True,True,True,False
126906,Thể thao,81,162,2215,19,36,488,True,True,True,False
159799,Giải trí,71,136,4519,16,30,1001,True,True,True,False
29260,Sức khỏe,95,152,6655,19,29,1422,True,True,True,False
52362,Xe,84,99,4633,17,20,974,True,True,True,False
257332,Đời sống,71,108,2576,16,26,572,True,True,True,False
7486,Giải trí,62,137,3143,14,30,700,True,True,True,False
37325,Thể thao,66,176,2250,14,37,466,True,True,True,False
41641,Thể thao,79,182,1749,17,39,359,True,True,True,False
189808,Kinh doanh,57,138,1844,13,27,383,True,True,True,False
58381,Khoa học công nghệ,41,121,1911,8,25,402,True,True,True,False
11283,Giải trí,61,153,2566,13,31,554,True,True,True,False
63499,Khoa học công nghệ,53,77,1478,10,16,308,True,True,True,False
171594,Giải trí,65,133,2030,13,30,425,True,True,True,False
146219,Xe,68,196,2675,15,42,575,True,True,True,False
183018,Khoa học công nghệ,56,128,4117,12,27,875,True,True,True,False
47452,Xe,55,188,1602,12,42,349,True,True,True,False
169390,Giải trí,62,121,2000,16,27,406,True,True,True,False
196843,Kinh doanh,40,149,3183,9,34,705,True,True,True,False
222973,Thể thao,58,156,2874,11,33,608,True,True,True,False
91481,Giải trí,31,153,1877,8,36,412,True,True,True,False
47632,Xe,107,197,8320,21,43,1858,True,True,True,False
159226,Giải trí,58,117,1000,12,24,216,True,True,True,False
123332,Thể thao,77,147,3201,16,33,668,True,True,True,False
104987,Kinh doanh,33,209,7601,9,45,1704,True,True,True,False
107888,Kinh doanh,67,216,4613,14,48,985,True,True,True,False
26527,Pháp luật,76,198,4489,19,45,978,True,True,True,False
12473,Giải trí,84,136,4257,19,31,930,True,True,True,False
98359,Giáo dục,75,262,2339,17,55,496,True,True,True,False
15419,Giải trí,95,154,4859,21,34,1059,True,True,True,False
61025,Khoa học công nghệ,56,159,2244,11,33,477,True,True,True,False
182996,Khoa học công nghệ,76,144,5115,17,31,1121,True,True,True,False
15226,Giải trí,67,191,4247,14,41,910,True,True,True,False
45190,Thời sự,81,160,3876,18,36,849,True,True,True,False
244529,Thời sự,77,186,1410,19,42,304,True,True,True,False
1619,Du lịch,65,132,2606,14,29,571,True,True,True,False
111541,Kinh doanh,73,128,1527,13,25,326,True,True,True,False
163831,Giải trí,52,234,4081,13,55,890,True,True,True,False
81229,Giải trí,66,109,2233,16,26,515,True,True,True,False
11895,Giải trí,81,180,3472,17,37,738,True,True,True,False
226556,Thể thao,64,132,3402,11,26,705,True,True,True,False
43212,Thời sự,75,215,6883,19,47,1493,True,True,True,False
132667,Thời sự,80,187,2167,17,40,495,True,True,True,False
25035,Kinh doanh,76,142,4168,17,31,894,True,True,True,False
118710,Thế giới,59,124,2079,12,27,454,True,True,True,False
262527,Đời sống,58,150,1883,14,33,397,True,True,True,True
175672,Giáo dục,58,196,2862,12,40,639,True,True,True,False
39495,Thể thao,72,139,1432,17,31,316,True,True,True,False
123125,Thế giới,69,156,1985,14,34,419,True,True,True,False
123457,Thể thao,50,99,3877,10,21,830,True,True,True,False
244783,Thời sự,78,212,3345,19,46,733,True,True,True,False
251451,Xe,69,175,3708,16,37,823,True,True,True,False
253716,Xe,65,210,2325,15,46,512,True,True,True,False
220392,Thể thao,60,141,1129,14,29,239,True,True,True,False
209272,Sức khỏe,71,242,2172,17,55,482,True,True,True,False
148058,Xe,70,227,2407,16,50,528,True,True,True,False
244876,Thời sự,64,129,1944,17,30,434,True,True,True,False
30705,Sức khỏe,52,125,3412,12,31,746,True,True,True,False
257572,Đời sống,79,200,3645,18,43,797,True,True,True,False
14251,Giải trí,97,174,2234,21,38,471,True,True,True,False
201104,Kinh doanh,58,170,5085,14,39,1064,True,True,True,False
195283,Kinh doanh,61,155,3164,12,36,681,True,True,True,False
115925,Sức khỏe,81,265,3623,17,58,778,True,True,True,False
178863,Giáo dục,65,161,2093,15,36,450,True,True,True,False
226359,Thể thao,66,129,5190,15,28,1050,True,True,True,False
42232,Thời sự,65,114,4542,14,24,1025,True,True,True,False
257281,Đời sống,75,135,1772,15,30,375,True,True,True,False
236046,Thể thao,58,145,1643,12,33,364,True,True,True,False
128727,Thể thao,84,183,4604,17,38,1001,True,True,True,False
226167,Thể thao,57,127,2301,10,25,477,True,True,True,False
163749,Giải trí,73,82,1324,17,19,294,True,True,True,False
101121,Giáo dục,64,193,4246,12,41,922,True,True,True,False
139153,Thời sự,76,178,3596,16,39,801,True,True,True,False
202076,Kinh doanh,45,163,2543,9,34,534,True,True,True,False
96379,Giáo dục,82,167,4966,17,36,1061,True,True,True,False
235986,Thể thao,57,159,2525,13,34,540,True,True,True,False
161529,Giải trí,76,173,3251,16,37,683,True,True,True,False
147549,Xe,68,145,1650,16,33,370,True,True,True,False
148909,Bất động sản,75,152,3521,18,30,754,True,True,True,False
261928,Đời sống,68,250,1614,15,60,377,True,True,True,False
51588,Xe,67,133,2083,13,30,449,True,True,True,False
225975,Thể thao,54,145,1844,12,33,376,True,True,True,False
148607,Bất động sản,66,245,4218,15,54,916,True,True,True,False
198666,Kinh doanh,66,196,3171,14,43,674,True,True,True,False
190905,Kinh doanh,67,163,1659,17,38,370,True,True,True,False
30125,Sức khỏe,68,184,4768,16,42,1043,True,True,True,False
65764,Đời sống,79,114,2550,17,24,575,True,True,True,True
191602,Kinh doanh,37,212,3397,9,49,742,True,True,True,False
91288,Giải trí,55,138,1952,12,31,429,True,True,True,False
105272,Kinh doanh,82,166,2067,15,34,448,True,True,True,False
129091,Thể thao,78,191,1774,17,44,387,True,True,True,False
253721,Xe,72,196,4176,18,45,886,True,True,True,False
20669,Kinh doanh,68,194,5014,15,41,1065,True,True,True,False
35447,Thế giới,98,145,6575,24,29,1431,True,True,True,False
220048,Thể thao,57,129,3230,13,28,708,True,True,True,False
167388,Giải trí,35,94,1994,8,22,434,True,True,True,False
97968,Giáo dục,87,221,2241,18,48,481,True,True,True,False
223325,Thể thao,63,98,1530,16,22,336,True,True,True,False
193550,Kinh doanh,79,183,4912,18,39,1059,True,True,True,False
105428,Kinh doanh,57,130,1797,14,31,397,True,True,True,False
248780,Xe,64,243,2269,14,53,479,True,True,True,False
147773,Xe,76,201,2632,17,44,577,True,True,True,False
84081,Giải trí,61,110,3273,14,23,719,True,True,True,False
38267,Thể thao,51,150,4274,12,32,912,True,True,True,False
67644,Đời sống,102,187,1434,21,37,303,True,True,True,False
78858,Du lịch,61,164,2519,14,37,557,True,True,True,False
255850,Đời sống,74,242,5902,17,56,1314,True,True,True,False
189676,Kinh doanh,78,182,3908,15,41,838,True,True,True,False
194341,Kinh doanh,57,163,4893,14,35,1018,True,True,True,False
167817,Giải trí,44,139,6832,10,33,1532,True,True,True,False
97109,Giáo dục,34,169,3763,7,36,825,True,True,True,False
105571,Kinh doanh,39,246,7490,8,54,1661,True,True,True,False
136999,Thời sự,57,163,2007,13,34,466,True,True,True,False
202414,Kinh doanh,47,139,2812,11,31,598,True,True,True,False
149048,Bất động sản,70,162,1937,17,35,424,True,True,True,False
130975,Thể thao,82,175,1254,17,39,274,True,True,True,False
229099,Thể thao,53,121,1114,11,24,233,True,True,True,False
221474,Thể thao,57,109,1022,11,21,200,True,True,True,False
185304,Khoa học công nghệ,79,160,1847,15,34,390,True,True,True,False
172485,Giáo dục,74,146,3226,17,33,682,True,True,True,False
213695,Sức khỏe,78,154,1422,19,34,307,True,True,True,False
143954,Xe,63,146,3041,13,32,662,True,True,True,False
25343,Kinh doanh,78,173,3171,18,41,697,True,True,True,False
228906,Thể thao,59,136,1833,12,29,354,True,True,True,False
73609,Đời sống,72,133,1551,16,27,333,True,True,True,False
175692,Giáo dục,65,194,3939,13,40,881,True,True,True,False
108480,Kinh doanh,42,112,1198,9,24,288,True,True,True,False
94788,Giáo dục,44,195,4655,10,44,1020,True,True,True,False
142124,Thời sự,57,186,6775,13,40,1493,True,True,True,False
199477,Kinh doanh,77,191,3668,18,42,776,True,True,True,False
230231,Thể thao,52,146,1998,13,34,458,True,True,True,False
37281,Thể thao,58,102,2210,12,21,482,True,True,True,False
35731,Thế giới,50,187,5256,11,40,1162,True,True,True,False
226230,Thể thao,51,152,1293,11,32,272,True,True,True,False
28605,Sức khỏe,39,153,2712,10,34,602,True,True,True,False
43270,Thời sự,63,129,3854,15,29,861,True,True,True,False
217134,Thế giới,74,165,1368,15,35,291,True,True,True,False
264484,Đời sống,73,173,2822,18,40,627,True,True,True,True
197692,Kinh doanh,72,243,5135,16,51,1145,True,True,True,False
74378,Đời sống,33,201,3984,8,45,890,True,True,True,False
176834,Giáo dục,63,104,1530,13,22,327,True,True,True,False
65762,Đời sống,90,151,5212,18,33,1121,True,True,True,False
61721,Khoa học công nghệ,47,148,1943,10,33,407,True,True,True,False
256775,Đời sống,80,161,4408,20,36,990,True,True,True,False
177627,Giáo dục,76,221,3613,17,48,782,True,True,True,False
166147,Giải trí,63,169,1789,15,39,388,True,True,True,False
252489,Xe,73,154,3305,17,36,743,True,True,True,False
193595,Kinh doanh,77,211,5365,16,46,1157,True,True,True,False
136912,Thời sự,80,211,2811,19,48,624,True,True,True,False
221622,Thể thao,58,124,1103,13,28,244,True,True,True,False
183180,Khoa học công nghệ,41,183,1588,8,38,343,True,True,True,False
110958,Kinh doanh,81,111,2271,17,25,483,True,True,True,False
229683,Thể thao,68,174,2673,16,39,592,True,True,True,False
235754,Thể thao,50,139,2034,11,28,438,True,True,True,False
133957,Thời sự,66,178,2045,17,42,458,True,True,True,False
111351,Kinh doanh,55,193,5105,10,40,1054,True,True,True,False
59069,Khoa học công nghệ,62,132,1901,13,26,399,True,True,True,False
117787,Thế giới,58,185,2526,13,38,551,True,True,True,False
88918,Giải trí,54,114,1627,12,25,362,True,True,True,False
104771,Kinh doanh,25,213,7231,6,49,1605,True,True,True,False
193132,Kinh doanh,64,237,2212,14,52,500,True,True,True,False
101040,Giáo dục,66,222,2080,14,50,459,True,True,True,False
49080,Xe,81,235,2492,17,52,533,True,True,True,False
174206,Giáo dục,66,128,3538,17,28,790,True,True,True,False
205946,Sức khỏe,65,168,4134,16,39,921,True,True,True,False
8526,Giải trí,70,186,5606,16,42,1241,True,True,True,False
78287,Du lịch,61,206,1495,14,44,327,True,True,True,False
138490,Thời sự,65,145,3691,16,35,820,True,True,True,False
215363,Thế giới,42,149,3245,11,34,719,True,True,True,False
86551,Giải trí,48,145,2448,11,35,558,True,True,True,False
181013,Giáo dục,57,139,4544,13,32,1010,True,True,True,False
4514,Giáo dục,64,104,2193,14,23,478,True,True,True,False
188616,Kinh doanh,73,108,2512,15,22,541,True,True,True,False
17641,Khoa học công nghệ,44,176,2879,9,36,606,True,True,True,False
70316,Đời sống,58,121,2613,14,28,577,True,True,True,False
188652,Kinh doanh,63,223,3682,15,47,796,True,True,True,False
256991,Đời sống,49,172,1308,13,40,300,True,True,True,False
166918,Giải trí,38,161,1536,10,32,328,True,True,True,False
60339,Khoa học công nghệ,59,138,3469,13,28,763,True,True,True,False
34489,Thế giới,50,141,2070,11,32,444,True,True,True,False
100438,Giáo dục,78,220,3045,16,48,666,True,True,True,False
126117,Thể thao,59,180,3405,13,40,753,True,True,True,False
153822,Du lịch,29,142,9894,6,33,2199,True,True,True,False
178980,Giáo dục,70,145,965,15,32,209,True,True,True,False
58952,Khoa học công nghệ,50,159,2363,10,36,502,True,True,True,False
104398,Kinh doanh,41,313,11651,10,70,2569,True,True,True,False
254364,Xe,72,167,2329,18,41,507,True,True,True,False
101910,Giáo dục,75,159,1720,17,35,385,True,True,True,False
56713,Khoa học công nghệ,51,74,1491,12,16,302,True,True,True,False
213461,Sức khỏe,48,157,4165,10,33,890,True,True,True,False
113429,Kinh doanh,73,246,3627,14,51,763,True,True,True,False
69029,Đời sống,76,150,3733,17,34,830,True,True,True,False
76810,Du lịch,53,240,2551,12,52,537,True,True,True,False
162615,Giải trí,57,198,2712,13,41,578,True,True,True,False
87331,Giải trí,58,162,3435,13,34,772,True,True,True,False
1065,Bất động sản,51,115,3660,12,25,809,True,True,True,False
258983,Đời sống,67,127,3934,12,25,846,True,True,True,False
118624,Thế giới,56,95,2908,12,23,654,True,True,True,False
234817,Thể thao,53,105,1713,12,24,358,True,True,True,False
156779,Giải trí,78,143,2246,17,30,481,True,True,True,False
239580,Thời sự,77,197,801,18,44,180,True,True,True,False
113405,Kinh doanh,51,85,2081,12,18,456,True,True,True,False
194797,Kinh doanh,72,129,2090,17,30,423,True,True,True,False
96879,Giáo dục,58,299,6597,12,67,1492,True,True,True,True
109,Bất động sản,63,175,2661,16,39,588,True,True,True,False
147818,Xe,55,194,2561,13,43,563,True,True,True,False
104164,Kinh doanh,70,217,2412,15,47,515,True,True,True,False
235088,Thể thao,65,168,1199,16,39,257,True,True,True,False
68072,Đời sống,68,127,2382,15,29,517,True,True,True,False
53268,Khoa học công nghệ,54,176,3006,11,38,639,True,True,True,False
79300,Du lịch,52,271,1759,12,58,389,True,True,True,False
16349,Giải trí,81,207,3698,16,45,791,True,True,True,False
263501,Đời sống,65,151,2829,16,35,637,True,True,True,False
247960,Xe,67,210,3792,15,47,819,True,True,True,False
181192,Giáo dục,51,182,5111,11,42,1072,True,True,True,False
393,Bất động sản,72,168,4645,17,37,1025,True,True,True,False
66107,Đời sống,15,224,3430,4,48,765,True,True,True,False
128042,Thể thao,26,124,2144,6,28,467,True,True,True,False
147245,Xe,59,146,509,14,34,106,True,True,True,False
154442,Du lịch,75,208,3195,16,43,692,True,True,True,False
84144,Giải trí,76,160,2970,16,35,652,True,True,True,False
41022,Thể thao,71,150,4912,15,33,1009,True,True,True,False
253776,Xe,68,202,4231,19,48,860,True,True,True,False
263381,Đời sống,77,110,2675,20,25,602,True,True,True,False
49479,Xe,61,98,1691,14,22,362,True,True,True,False
169238,Giải trí,45,143,1804,11,32,380,True,True,True,False
106873,Kinh doanh,54,137,5012,13,29,1098,True,True,True,False
96008,Giáo dục,77,163,6381,18,35,1417,True,True,True,False
261369,Đời sống,68,212,2788,16,50,630,True,True,True,False
259622,Đời sống,42,142,3583,9,33,800,True,True,True,False
225368,Thể thao,56,221,4795,14,49,1028,True,True,True,False
27749,Sức khỏe,46,100,5607,11,26,1278,True,True,True,False
251586,Xe,77,241,8064,16,54,1805,True,True,True,False
168938,Giải trí,51,111,1152,12,26,234,True,True,True,False
93301,Giải trí,59,117,1748,14,28,384,True,True,True,False
207759,Sức khỏe,42,151,2307,11,37,506,True,True,True,False
211641,Sức khỏe,61,122,3590,13,29,759,True,True,True,False
221172,Thể thao,67,136,2897,14,29,617,True,True,True,False
170753,Giải trí,49,178,3925,10,38,855,True,True,True,False
36907,Thể thao,33,118,2158,8,26,479,True,True,True,False
99927,Giáo dục,79,142,3636,17,33,766,True,True,True,False
247076,Thời sự,54,103,2652,13,21,587,True,True,True,False
35424,Thế giới,63,151,3393,13,35,719,True,True,True,False
63968,Khoa học công nghệ,47,131,2886,11,28,658,True,True,True,False
221084,Thể thao,74,131,2568,15,26,517,True,True,True,False
179669,Giáo dục,67,110,2339,16,25,523,True,True,True,False
224458,Thể thao,66,158,2331,13,34,488,True,True,True,False
1658,Du lịch,44,99,2659,11,24,586,True,True,True,False
171290,Giải trí,69,162,1590,15,34,326,True,True,True,False
32733,Thế giới,61,235,5084,14,51,1101,True,True,True,False
105167,Kinh doanh,39,157,7004,8,35,1509,True,True,True,False
93607,Giải trí,84,180,2052,18,38,440,True,True,True,False
55305,Khoa học công nghệ,63,191,3942,12,39,856,True,True,True,False
253372,Xe,56,190,6107,11,45,1323,True,True,True,False
182158,Khoa học công nghệ,57,153,2019,11,32,437,True,True,True,False
43429,Thời sự,36,122,7587,8,27,1663,True,True,True,False
153085,Bất động sản,68,168,1951,15,38,457,True,True,True,False
114435,Sức khỏe,82,108,1637,17,23,358,True,True,True,False
221607,Thể thao,60,159,1452,11,32,301,True,True,True,False
173593,Giáo dục,80,171,4379,18,33,924,True,True,True,False
144301,Xe,49,142,5021,11,32,1089,True,True,True,False
222809,Thể thao,45,121,1543,10,26,318,True,True,True,False
109610,Kinh doanh,61,275,3948,14,64,885,True,True,True,False
22675,Kinh doanh,71,154,3396,15,33,717,True,True,True,False
85424,Giải trí,70,120,2542,16,26,561,True,True,True,False
14950,Giải trí,65,152,1899,15,33,402,True,True,True,False
185640,Khoa học công nghệ,70,169,3501,15,36,754,True,True,True,False
206128,Sức khỏe,57,158,2855,14,38,631,True,True,True,False
78323,Du lịch,78,199,2393,18,43,524,True,True,True,False
134727,Thời sự,29,215,4478,7,47,1001,True,True,True,False
9907,Giải trí,63,152,2857,13,31,621,True,True,True,False
157958,Giải trí,72,121,1164,17,28,265,True,True,True,False
84990,Giải trí,63,114,3135,16,25,709,True,True,True,False
63722,Khoa học công nghệ,42,155,1953,10,33,429,True,True,True,False
88680,Giải trí,63,166,2668,14,36,598,True,True,True,False
56054,Khoa học công nghệ,69,97,1100,15,20,239,True,True,True,False
202161,Kinh doanh,80,147,3080,17,32,658,True,True,True,False
70399,Đời sống,64,165,2857,16,38,657,True,True,True,False
179733,Giáo dục,80,169,4333,18,39,952,True,True,True,False
212028,Sức khỏe,45,121,2408,12,29,522,True,True,True,False
181401,Khoa học công nghệ,51,199,5087,11,45,1102,True,True,True,False
203907,Pháp luật,74,173,3657,18,39,817,True,True,True,False
190743,Kinh doanh,72,238,2093,17,54,469,True,True,True,False
160368,Giải trí,62,79,1835,13,17,400,True,True,True,False
112637,Kinh doanh,35,189,7181,8,45,1551,True,True,True,False
111964,Kinh doanh,86,183,6087,20,40,1351,True,True,True,False
3940,Giáo dục,79,181,4737,19,42,1041,True,True,True,False
216495,Thế giới,64,141,2189,13,29,454,True,True,True,False
244916,Thời sự,76,125,1854,18,29,407,True,True,True,False
84918,Giải trí,49,108,2291,12,24,501,True,True,True,False
229075,Thể thao,64,129,4285,14,29,900,True,True,True,False
87766,Giải trí,74,144,2547,17,33,573,True,True,True,False
195052,Kinh doanh,22,149,2400,5,32,493,True,True,True,False
6879,Giải trí,36,155,3227,8,32,687,True,True,True,False
219372,Thể thao,51,147,2169,10,31,476,True,True,True,False
92694,Giải trí,54,140,1964,12,30,437,True,True,True,False
213662,Sức khỏe,76,193,2528,18,44,560,True,True,True,False
198750,Kinh doanh,64,195,2838,13,42,612,True,True,True,False
13634,Giải trí,33,126,4261,7,27,899,True,True,True,False
36391,Thể thao,49,149,1948,12,32,425,True,True,True,False
107241,Kinh doanh,47,334,2669,10,65,564,True,True,True,False
36097,Thế giới,66,188,2910,15,42,629,True,True,True,False
111284,Kinh doanh,44,214,1890,10,48,412,True,True,True,False
101967,Giáo dục,63,150,996,15,35,227,True,True,True,False
147302,Xe,67,146,2563,17,35,577,True,True,True,False
3226,Giáo dục,81,175,3438,20,39,759,True,True,True,False
35797,Thế giới,67,146,3628,13,33,770,True,True,True,False
9243,Giải trí,80,137,3498,15,29,734,True,True,True,False
252908,Xe,63,123,2861,15,30,646,True,True,True,False
51899,Xe,55,107,2075,12,21,440,True,True,True,False
184928,Khoa học công nghệ,80,164,2543,17,37,540,True,True,True,False
211245,Sức khỏe,77,192,2406,19,44,539,True,True,True,False
213569,Sức khỏe,64,127,2024,16,30,444,True,True,True,False
194608,Kinh doanh,61,170,2024,14,37,434,True,True,True,False
145915,Xe,73,219,3911,17,48,866,True,True,True,False
34016,Thế giới,60,153,3077,14,36,669,True,True,True,False
213715,Sức khỏe,65,142,2524,15,30,545,True,True,True,False
104191,Kinh doanh,66,191,4217,16,44,935,True,True,True,False
30946,Sức khỏe,84,139,3768,20,31,832,True,True,True,True
154277,Du lịch,72,173,1072,17,37,234,True,True,True,False
140533,Thời sự,72,140,3788,16,27,807,True,True,True,False
235608,Thể thao,59,152,1617,10,29,339,True,True,True,False
18424,Kinh doanh,36,175,2690,9,41,596,True,True,True,False
62828,Khoa học công nghệ,31,134,1456,6,28,312,True,True,True,False
225754,Thể thao,52,109,581,10,24,113,True,True,True,False
5470,Giáo dục,39,171,5106,10,40,1128,True,True,True,False
85717,Giải trí,69,157,2558,17,33,578,True,True,True,False
145761,Xe,67,210,4067,16,45,891,True,True,True,False
51903,Xe,69,179,3978,14,40,863,True,True,True,False
245066,Thời sự,79,177,1221,19,41,267,True,True,True,False
182557,Khoa học công nghệ,69,225,3541,16,49,759,True,True,True,False
230224,Thể thao,38,119,1423,8,23,292,True,True,True,False
12480,Giải trí,65,152,3100,15,34,662,True,True,True,False
135911,Thời sự,43,133,4419,9,29,975,True,True,True,False
236426,Thể thao,66,139,866,14,31,187,True,True,True,False
185468,Khoa học công nghệ,73,152,3222,16,33,684,True,True,True,False
261606,Đời sống,73,172,2469,18,40,548,True,True,True,False
155730,Du lịch,71,225,2929,16,51,659,True,True,True,True
62260,Khoa học công nghệ,49,183,1385,10,40,287,True,True,True,False
218258,Thế giới,35,105,960,8,22,199,True,True,True,False
250152,Xe,70,126,1261,17,29,269,True,True,True,False
251939,Xe,62,159,2540,13,37,569,True,True,True,False
84025,Giải trí,65,137,3220,16,30,710,True,True,True,False
1360,Du lịch,73,149,3891,17,34,879,True,True,True,False
28348,Sức khỏe,67,213,4203,14,47,917,True,True,True,False
190745,Kinh doanh,74,231,6791,15,49,1466,True,True,True,False
34399,Thế giới,80,151,2251,18,34,482,True,True,True,False
66964,Đời sống,80,159,1807,17,34,397,True,True,True,True
174378,Giáo dục,69,154,3968,15,30,848,True,True,True,False
97601,Giáo dục,65,202,7390,15,45,1660,True,True,True,False
137859,Thời sự,73,195,1504,16,42,319,True,True,True,False
240706,Thời sự,69,221,2714,15,48,591,True,True,True,False
188978,Kinh doanh,59,104,1643,15,25,357,True,True,True,False
174931,Giáo dục,55,201,2956,12,43,656,True,True,True,False
261274,Đời sống,76,138,5395,18,31,1231,True,True,True,False
228581,Thể thao,48,135,2259,9,26,478,True,True,True,False
201871,Kinh doanh,59,229,3787,13,51,846,True,True,True,False
177592,Giáo dục,74,173,3411,16,36,736,True,True,True,False
231133,Thể thao,64,162,1973,13,37,425,True,True,True,False
28878,Sức khỏe,73,215,5206,16,48,1146,True,True,True,False
50853,Xe,84,106,2439,19,22,544,True,True,True,False
164944,Giải trí,54,132,1690,13,29,388,True,True,True,False
81105,Giải trí,33,123,3011,9,26,655,True,True,True,False
102573,Giáo dục,59,142,4562,14,31,981,True,True,True,False
31150,Sức khỏe,58,149,6082,13,34,1294,True,True,True,False
207847,Sức khỏe,63,110,3296,14,24,713,True,True,True,False
11245,Giải trí,88,225,4150,22,49,938,True,True,True,False
137994,Thời sự,62,187,2238,14,40,482,True,True,True,False
141547,Thời sự,66,221,3187,15,49,692,True,True,True,False
175518,Giáo dục,69,105,1627,14,22,353,True,True,True,False
18419,Kinh doanh,65,148,4278,15,35,930,True,True,True,False
91969,Giải trí,62,114,1505,15,25,335,True,True,True,False
88994,Giải trí,60,223,3478,14,52,777,True,True,True,False
91488,Giải trí,43,227,3165,9,47,680,True,True,True,False
136320,Thời sự,45,142,2078,9,28,446,True,True,True,False
197261,Kinh doanh,73,170,2688,17,38,564,True,True,True,False
184951,Khoa học công nghệ,75,186,5226,17,41,1121,True,True,True,False
179206,Giáo dục,69,133,1457,16,30,327,True,True,True,False
164046,Giải trí,58,219,3190,13,45,703,True,True,True,False
197579,Kinh doanh,80,249,5729,20,58,1239,True,True,True,False
164423,Giải trí,79,175,2179,17,38,472,True,True,True,False
178561,Giáo dục,53,119,4974,11,27,1107,True,True,True,False
107803,Kinh doanh,43,122,3681,9,28,793,True,True,True,False
128134,Thể thao,59,188,2912,12,39,624,True,True,True,False
23855,Kinh doanh,74,169,2316,14,38,492,True,True,True,False
162884,Giải trí,50,124,2228,11,26,485,True,True,True,False
88824,Giải trí,60,139,1835,14,33,404,True,True,True,False
192689,Kinh doanh,60,160,4117,12,34,852,True,True,True,False
263583,Đời sống,59,182,3886,14,44,849,True,True,True,False
106617,Kinh doanh,61,170,3894,15,38,833,True,True,True,False
59152,Khoa học công nghệ,44,180,2752,10,39,605,True,True,True,False
254332,Xe,53,131,5349,13,30,1171,True,True,True,False
264449,Đời sống,74,174,3986,17,42,886,True,True,True,False
227894,Thể thao,62,161,1869,12,33,378,True,True,True,False
6088,Giáo dục,54,146,3077,11,33,667,True,True,True,False
38391,Thể thao,64,187,5788,12,38,1251,True,True,True,False
242983,Thời sự,80,176,1441,20,43,324,True,True,True,False
65556,Đời sống,82,286,4856,17,59,1035,True,True,True,False
264096,Đời sống,58,113,3754,13,26,823,True,True,True,False
233220,Thể thao,55,154,585,13,32,89,True,True,True,False
97301,Giáo dục,74,163,4689,17,36,1028,True,True,True,False
235852,Thể thao,72,151,2653,16,33,559,True,True,True,False
46891,Thời sự,50,147,2625,12,32,573,True,True,True,False
223097,Thể thao,58,146,1697,13,31,363,True,True,True,False
222651,Thể thao,52,136,2390,12,29,537,True,True,True,False
264679,Đời sống,74,103,3132,17,23,693,True,True,True,False
162660,Giải trí,80,250,5000,17,58,1093,True,True,True,False
253417,Xe,64,162,4591,12,33,982,True,True,True,False
133792,Thời sự,38,184,1122,8,40,251,True,True,True,False
218998,Thể thao,50,159,2697,11,35,604,True,True,True,False
73431,Đời sống,75,209,3082,17,46,657,True,True,True,False
140018,Thời sự,42,160,7669,9,34,1696,True,True,True,False
18048,Kinh doanh,30,174,3830,6,38,833,True,True,True,False
265566,Đời sống,74,117,2993,18,27,683,True,True,True,False
218356,Thế giới,56,126,1585,13,29,339,True,True,True,False
73283,Đời sống,63,284,3430,15,65,774,True,True,True,False
181316,Khoa học công nghệ,80,196,1800,17,46,382,True,True,True,False
203909,Pháp luật,64,109,1072,15,25,237,True,True,True,False
178986,Giáo dục,64,146,1792,15,32,385,True,True,True,False
159725,Giải trí,70,122,1292,18,29,297,True,True,True,False
259267,Đời sống,71,134,2915,17,30,663,True,True,True,False
51403,Xe,58,94,2891,16,22,626,True,True,True,False
95381,Giáo dục,64,254,6982,14,57,1551,True,True,True,True
96717,Giáo dục,69,165,2765,15,37,570,True,True,True,False
240356,Thời sự,80,176,1250,19,39,278,True,True,True,False
205994,Sức khỏe,80,231,4160,17,49,907,True,True,True,False
159366,Giải trí,58,174,4589,13,37,980,True,True,True,False
61041,Khoa học công nghệ,47,170,3536,9,35,783,True,True,True,False
15869,Giải trí,82,131,3558,19,29,795,True,True,True,False
28624,Sức khỏe,70,240,5294,16,54,1186,True,True,True,False
100644,Giáo dục,80,210,3227,17,47,707,True,True,True,False
129266,Thể thao,69,167,2515,16,33,551,True,True,True,False
71855,Đời sống,41,217,3654,10,47,833,True,True,True,False
233562,Thể thao,32,120,1412,7,25,288,True,True,True,False
53334,Khoa học công nghệ,68,161,2490,15,31,542,True,True,True,False
181056,Giáo dục,46,207,4527,10,41,979,True,True,True,False
240121,Thời sự,75,185,1005,17,41,228,True,True,True,False
223154,Thể thao,60,108,1719,13,22,348,True,True,True,False
203358,Pháp luật,76,160,916,17,35,205,True,True,True,False
53301,Khoa học công nghệ,64,141,1079,12,26,228,True,True,True,False
654,Bất động sản,55,162,2374,12,38,533,True,True,True,False
260425,Đời sống,70,221,1877,15,47,406,True,True,True,False
90102,Giải trí,74,175,2068,16,38,424,True,True,True,False
99496,Giáo dục,46,307,7980,10,68,1765,True,True,True,False
24894,Kinh doanh,73,227,2638,18,54,572,True,True,True,False
181964,Khoa học công nghệ,67,161,2191,14,32,471,True,True,True,False
137244,Thời sự,80,167,15934,16,37,3499,True,True,True,True
128262,Thể thao,49,246,4104,12,56,883,True,True,True,False
132171,Thời sự,75,331,7117,16,75,1555,True,True,True,False
136337,Thời sự,68,220,2360,15,47,527,True,True,True,False
74417,Đời sống,60,213,3817,14,49,887,True,True,True,False
94242,Giải trí,38,210,3921,10,47,867,True,True,True,False
253680,Xe,80,238,3212,16,51,685,True,True,True,False
148605,Bất động sản,65,250,5413,14,53,1186,True,True,True,False
143865,Xe,66,226,2551,15,49,549,True,True,True,False
73369,Đời sống,87,142,2452,16,28,540,True,True,True,False
124063,Thể thao,84,175,3336,18,34,697,True,True,True,False
84095,Giải trí,59,133,3292,14,28,731,True,True,True,False
123867,Thể thao,90,215,2500,19,46,557,True,True,True,False
251160,Xe,35,196,1206,9,47,279,True,True,True,False
154806,Du lịch,44,149,4525,10,34,956,True,True,True,False
119029,Thế giới,34,157,1655,9,35,367,True,True,True,False
25551,Kinh doanh,57,171,4731,13,39,1009,True,True,True,False
5132,Giáo dục,68,242,4672,14,58,1019,True,True,True,False
203588,Pháp luật,68,127,1090,16,28,240,True,True,True,False
261132,Đời sống,62,165,2542,15,39,584,True,True,True,False
122157,Thế giới,59,232,3827,12,47,798,True,True,True,False
182566,Khoa học công nghệ,74,180,2579,15,37,545,True,True,True,False
200722,Kinh doanh,66,220,3731,15,46,807,True,True,True,False
129235,Thể thao,69,178,2239,13,36,469,True,True,True,False
97997,Giáo dục,77,245,2536,17,55,563,True,True,True,False
27887,Sức khỏe,68,245,5765,15,54,1252,True,True,True,False
172229,Giải trí,63,163,4404,15,37,983,True,True,True,False
137321,Thời sự,68,182,1657,17,40,375,True,True,True,False
190747,Kinh doanh,71,190,2579,14,40,528,True,True,True,False
52444,Xe,51,117,2381,11,27,538,True,True,True,False
232026,Thể thao,56,139,1098,14,31,238,True,True,True,False
135147,Thời sự,76,240,3197,16,50,688,True,True,True,False
73998,Đời sống,78,147,1483,17,32,333,True,True,True,False
194053,Kinh doanh,77,200,1958,16,43,413,True,True,True,False
104504,Kinh doanh,58,141,5301,14,31,1165,True,True,True,False
80833,Giải trí,37,214,2224,10,45,486,True,True,True,False
2020,Du lịch,54,111,3594,12,24,788,True,True,True,False
173292,Giáo dục,60,165,5646,13,35,1214,True,True,True,False
260730,Đời sống,62,135,3976,15,33,889,True,True,True,False
7704,Giải trí,92,152,3382,22,32,711,True,True,True,False
98334,Giáo dục,69,144,1952,16,33,442,True,True,True,False
173300,Giáo dục,77,163,1430,16,35,308,True,True,True,False
14480,Giải trí,97,128,2234,21,28,455,True,True,True,False
186176,Khoa học công nghệ,69,162,4557,15,37,1003,True,True,True,False
119435,Thế giới,85,132,2286,17,26,494,True,True,True,False
64934,Khoa học công nghệ,44,147,1617,10,33,350,True,True,True,False
232649,Thể thao,54,125,2506,11,23,505,True,True,True,False
124803,Thể thao,83,276,3176,16,57,672,True,True,True,False
190090,Kinh doanh,68,186,4026,15,41,876,True,True,True,False
160744,Giải trí,62,153,2713,14,33,597,True,True,True,False
260491,Đời sống,56,104,2835,12,23,634,True,True,True,False
258927,Đời sống,59,108,5673,14,24,1218,True,True,True,False
122344,Thế giới,67,138,2978,15,30,662,True,True,True,False
78653,Du lịch,43,173,2565,10,39,551,True,True,True,False
81528,Giải trí,53,103,5148,12,23,1166,True,True,True,False
173835,Giáo dục,47,148,884,10,31,186,True,True,True,False
121051,Thế giới,74,140,1635,15,29,337,True,True,True,False
25426,Kinh doanh,74,119,2383,15,26,498,True,True,True,False
107529,Kinh doanh,68,217,3883,15,48,848,True,True,True,False
68101,Đời sống,76,156,1706,17,33,388,True,True,True,False
166054,Giải trí,73,147,1863,18,33,414,True,True,True,False
96165,Giáo dục,61,178,5118,13,38,1087,True,True,True,False
50265,Xe,86,220,3067,22,51,670,True,True,True,False
216150,Thế giới,79,134,1570,19,31,346,True,True,True,False
132370,Thời sự,70,157,2221,16,32,477,True,True,True,False
43393,Thời sự,72,164,7207,18,34,1565,True,True,True,False
163219,Giải trí,49,210,1111,11,45,239,True,True,True,False
88344,Giải trí,44,131,2655,10,24,577,True,True,True,False
81508,Giải trí,72,133,2265,16,30,514,True,True,True,False
248846,Xe,72,245,5033,16,55,1056,True,True,True,False
191213,Kinh doanh,80,211,3173,19,47,692,True,True,True,False
82698,Giải trí,49,219,9914,12,49,2248,True,True,True,False
129777,Thể thao,69,176,3020,15,40,681,True,True,True,False
240023,Thời sự,64,233,10315,15,50,2273,True,True,True,False
29266,Sức khỏe,47,119,3551,10,26,781,True,True,True,False
47162,Thời sự,66,165,3139,15,36,679,True,True,True,False
198184,Kinh doanh,51,197,4865,12,43,1024,True,True,True,False
255808,Đời sống,72,174,2647,17,40,593,True,True,True,False
210149,Sức khỏe,75,173,6658,17,39,1439,True,True,True,False
105623,Kinh doanh,66,177,2698,14,39,581,True,True,True,False
57609,Khoa học công nghệ,58,197,1870,11,38,383,True,True,True,False
154239,Du lịch,74,198,5089,16,43,1090,True,True,True,False
250199,Xe,73,165,1145,17,39,248,True,True,True,False
243741,Thời sự,71,181,1908,16,44,420,True,True,True,False
114059,Kinh doanh,38,113,2102,8,25,455,True,True,True,False
192110,Kinh doanh,49,85,3029,11,18,630,True,True,True,False
66369,Đời sống,48,149,3642,11,32,812,True,True,True,False
191142,Kinh doanh,77,202,6264,17,39,1303,True,True,True,False
119476,Thế giới,75,153,4183,16,34,939,True,True,True,False
233516,Thể thao,55,116,1504,12,25,317,True,True,True,False
92593,Giải trí,72,169,6479,14,32,1401,True,True,True,False
207751,Sức khỏe,70,202,1876,15,46,405,True,True,True,False
220322,Thể thao,57,132,1984,13,29,430,True,True,True,False
243934,Thời sự,40,194,1711,9,42,356,True,True,True,False
167226,Giải trí,80,177,1867,17,40,416,True,True,True,False
88759,Giải trí,65,138,2650,16,29,583,True,True,True,False
110476,Kinh doanh,59,148,2268,13,34,501,True,True,True,False
204720,Pháp luật,61,127,1689,14,28,383,True,True,True,False
88311,Giải trí,62,170,2327,14,37,521,True,True,True,False
117505,Sức khỏe,78,300,5130,17,67,1129,True,True,True,False
7212,Giải trí,87,141,4720,19,31,976,True,True,True,False
169147,Giải trí,64,139,1803,14,33,396,True,True,True,False
12960,Giải trí,46,138,3296,11,29,708,True,True,True,False
235621,Thể thao,56,144,1260,10,31,269,True,True,True,False
19621,Kinh doanh,48,168,6510,10,37,1404,True,True,True,False
33891,Thế giới,88,205,2596,19,43,557,True,True,True,False
84449,Giải trí,71,129,2219,17,27,503,True,True,True,False
179536,Giáo dục,48,105,1106,12,23,237,True,True,True,False
196207,Kinh doanh,72,225,4600,16,48,993,True,True,True,False
17843,Kinh doanh,68,197,4129,14,45,892,True,True,True,False
187645,Khoa học công nghệ,48,146,1761,11,33,385,True,True,True,False
68447,Đời sống,69,156,2072,15,33,444,True,True,True,False
164592,Giải trí,64,162,1985,16,36,430,True,True,True,False
225328,Thể thao,50,120,3156,12,27,673,True,True,True,False
90724,Giải trí,42,226,2930,9,50,627,True,True,True,False
200064,Kinh doanh,79,169,3118,17,39,686,True,True,True,False
65538,Đời sống,68,208,5005,17,47,1140,True,True,True,False
57570,Khoa học công nghệ,58,152,3956,14,32,835,True,True,True,False
153115,Bất động sản,61,147,1374,13,31,286,True,True,True,False
82830,Giải trí,75,206,6875,16,42,1560,True,True,True,False
248271,Xe,46,163,4129,12,36,903,True,True,True,False
155648,Du lịch,77,176,3653,17,36,799,True,True,True,False
85826,Giải trí,67,184,3098,15,40,695,True,True,True,False
167348,Giải trí,73,138,4558,15,32,996,True,True,True,False
195911,Kinh doanh,54,147,4246,12,33,950,True,True,True,False
177369,Giáo dục,73,178,3719,15,34,786,True,True,True,False
10704,Giải trí,47,192,6178,11,39,1254,True,True,True,False
209372,Sức khỏe,61,167,4443,11,32,928,True,True,True,False
252089,Xe,73,218,5645,16,48,1229,True,True,True,False
109584,Kinh doanh,53,227,1701,12,56,391,True,True,True,False
98877,Giáo dục,76,201,1634,16,42,346,True,True,True,False
172436,Giáo dục,68,110,985,14,23,218,True,True,True,False
40904,Thể thao,68,154,3036,15,31,655,True,True,True,False
46726,Thời sự,71,167,5385,14,35,1193,True,True,True,False
30018,Sức khỏe,55,181,3650,13,41,824,True,True,True,False
254547,Xe,49,177,4562,12,40,1010,True,True,True,False
191918,Kinh doanh,79,178,3984,17,41,874,True,True,True,False
257322,Đời sống,68,163,2160,16,36,480,True,True,True,False
143786,Xe,63,218,2665,17,44,579,True,True,True,False
213386,Sức khỏe,51,72,2116,12,17,458,True,True,True,False
157776,Giải trí,54,95,1524,12,20,325,True,True,True,False
123356,Thể thao,80,221,2360,16,46,512,True,True,True,False
41662,Thể thao,43,138,1573,10,34,352,True,True,True,False
115964,Sức khỏe,77,298,5142,17,64,1101,True,True,True,False
218313,Thế giới,49,124,2489,11,28,547,True,True,True,False
241919,Thời sự,77,171,1943,20,39,444,True,True,True,False
215249,Thế giới,73,160,845,15,34,182,True,True,True,False
151559,Bất động sản,72,152,2236,15,34,491,True,True,True,False
168777,Giải trí,72,118,2492,18,29,548,True,True,True,False
11950,Giải trí,83,190,3130,17,40,633,True,True,True,False
252457,Xe,80,195,3702,20,44,798,True,True,True,False
95414,Giáo dục,74,160,2892,17,35,630,True,True,True,False
16896,Khoa học công nghệ,61,210,5564,13,46,1198,True,True,True,False
125233,Thể thao,68,212,2738,14,41,578,True,True,True,False
149028,Bất động sản,70,245,3980,17,55,880,True,True,True,False
57744,Khoa học công nghệ,65,129,1710,15,28,381,True,True,True,False
93585,Giải trí,55,184,3113,12,39,658,True,True,True,False
193382,Kinh doanh,73,157,4490,17,34,961,True,True,True,False
123020,Thế giới,74,95,5471,14,20,1138,True,True,True,False
198867,Kinh doanh,58,201,3514,14,43,774,True,True,True,False
159259,Giải trí,78,126,1198,17,28,260,True,True,True,False
164114,Giải trí,42,116,2235,10,26,486,True,True,True,False
176778,Giáo dục,71,181,1389,17,38,317,True,True,True,False
183441,Khoa học công nghệ,65,217,6419,15,46,1366,True,True,True,False
147308,Xe,52,122,717,11,25,152,True,True,True,False
88038,Giải trí,47,156,2345,11,34,493,True,True,True,False
35821,Thế giới,81,126,3009,18,27,637,True,True,True,False
111076,Kinh doanh,47,105,1660,10,23,358,True,True,True,False
190809,Kinh doanh,73,170,2963,16,37,628,True,True,True,False
208215,Sức khỏe,75,179,2913,18,38,641,True,True,True,False
226772,Thể thao,55,130,1016,10,24,203,True,True,True,False
93554,Giải trí,48,159,2504,10,36,560,True,True,True,False
48710,Xe,80,135,4117,18,29,882,True,True,True,False
203464,Pháp luật,51,96,1150,14,25,265,True,True,True,False
147885,Xe,38,186,2804,9,41,612,True,True,True,False
232918,Thể thao,51,207,3996,13,44,803,True,True,True,False
206833,Sức khỏe,59,136,1767,14,32,381,True,True,True,False
41975,Thể thao,70,163,1997,16,31,421,True,True,True,False
87975,Giải trí,81,213,3073,17,46,685,True,True,True,False
120324,Thế giới,69,165,4222,14,34,895,True,True,True,False
15748,Giải trí,74,205,5651,16,40,1182,True,True,True,False
44397,Thời sự,41,250,3409,10,56,763,True,True,True,False
38633,Thể thao,57,223,5364,12,51,1202,True,True,True,False
208097,Sức khỏe,39,93,2401,9,21,530,True,True,True,False
103912,Giáo dục,65,164,2919,15,37,640,True,True,True,False
181519,Khoa học công nghệ,72,217,4844,16,46,1067,True,True,True,False
122920,Thế giới,40,104,4689,8,22,1020,True,True,True,False
127722,Thể thao,58,225,1908,14,47,424,True,True,True,False
49699,Xe,51,218,2807,11,45,609,True,True,True,False
11550,Giải trí,67,159,5108,16,37,1143,True,True,True,False
194952,Kinh doanh,50,146,5008,11,31,1057,True,True,True,False
141936,Thời sự,41,198,6017,9,45,1347,True,True,True,False
175941,Giáo dục,53,142,1490,11,30,329,True,True,True,False
149744,Bất động sản,60,239,5150,14,50,1111,True,True,True,False
140852,Thời sự,70,190,4240,16,46,930,True,True,True,False
121485,Thế giới,38,123,1813,7,26,383,True,True,True,False
245418,Thời sự,70,214,1098,17,49,237,True,True,True,False
143615,Xe,68,231,4423,15,53,968,True,True,True,False
265494,Đời sống,77,160,2947,17,38,680,True,True,True,False
204256,Pháp luật,72,148,2631,18,35,572,True,True,True,False
24086,Kinh doanh,82,250,5898,17,51,1216,True,True,True,False
191910,Kinh doanh,79,127,2060,18,27,448,True,True,True,False
210413,Sức khỏe,72,134,3070,18,31,680,True,True,True,False
129161,Thể thao,85,146,1836,17,29,379,True,True,True,False
263122,Đời sống,77,136,1898,17,29,435,True,True,True,False
100253,Giáo dục,72,163,7172,17,35,1565,True,True,True,False
187722,Khoa học công nghệ,60,125,5657,14,29,1225,True,True,True,False
47921,Xe,69,201,2666,16,45,588,True,True,True,False
211376,Sức khỏe,74,182,4137,17,41,891,True,True,True,False
121003,Thế giới,64,135,2217,14,29,488,True,True,True,False
29110,Sức khỏe,64,118,3197,15,26,688,True,True,True,False
52865,Khoa học công nghệ,57,130,3496,12,28,755,True,True,True,False
12956,Giải trí,59,154,2476,14,34,545,True,True,True,False
122980,Thế giới,81,181,6163,17,38,1324,True,True,True,False
89784,Giải trí,68,121,3078,15,28,676,True,True,True,False
43314,Thời sự,75,102,6827,17,23,1520,True,True,True,False
39077,Thể thao,46,120,2631,10,28,583,True,True,True,False
142486,Thời sự,64,147,6214,14,34,1395,True,True,True,False
105488,Kinh doanh,65,136,2099,14,30,462,True,True,True,False
222327,Thể thao,58,154,2321,13,35,507,True,True,True,False
165991,Giải trí,70,140,1348,16,30,284,True,True,True,False
66231,Đời sống,63,103,4685,14,23,1058,True,True,True,False
54660,Khoa học công nghệ,57,148,2984,12,31,626,True,True,True,False
168347,Giải trí,64,97,1794,11,21,385,True,True,True,False
119839,Thế giới,52,129,2064,11,30,455,True,True,True,False
126340,Thể thao,54,212,3469,12,46,766,True,True,True,False
131865,Thời sự,70,151,1356,16,34,303,True,True,True,False
39751,Thể thao,59,191,1842,11,38,390,True,True,True,False
228504,Thể thao,63,112,2703,12,21,552,True,True,True,False
224335,Thể thao,66,157,2027,15,34,441,True,True,True,False
121900,Thế giới,69,184,4162,15,36,838,True,True,True,False
118935,Thế giới,45,102,1572,9,23,336,True,True,True,False
223276,Thể thao,45,120,2493,9,26,524,True,True,True,False
30810,Sức khỏe,49,223,4297,10,50,911,True,True,True,False
193562,Kinh doanh,64,205,5074,16,43,1131,True,True,True,False
233891,Thể thao,65,150,2244,13,29,462,True,True,True,False
105864,Kinh doanh,57,159,5470,10,36,1181,True,True,True,False
72741,Đời sống,75,217,2744,16,45,630,True,True,True,False
209746,Sức khỏe,58,209,7556,13,43,1618,True,True,True,False
218509,Thế giới,47,195,2110,10,42,458,True,True,True,False
5322,Giáo dục,64,224,3944,14,48,838,True,True,True,False
24564,Kinh doanh,45,166,2345,10,36,506,True,True,True,False
127137,Thể thao,79,294,4913,16,62,1049,True,True,True,False
83385,Giải trí,48,125,1864,10,26,413,True,True,True,False
154792,Du lịch,78,217,2638,16,48,567,True,True,True,False
199229,Kinh doanh,53,235,2743,10,50,577,True,True,True,False
47619,Xe,85,100,6495,16,21,1400,True,True,True,False
220421,Thể thao,50,162,2072,12,35,460,True,True,True,False
113362,Kinh doanh,62,109,1767,13,23,387,True,True,True,False
144398,Xe,61,135,1858,13,25,402,True,True,True,False
74267,Đời sống,31,262,4096,8,59,924,True,True,True,False
87091,Giải trí,48,176,2035,11,37,441,True,True,True,False
190264,Kinh doanh,65,178,4370,12,39,919,True,True,True,False
50283,Xe,69,144,2912,16,32,648,True,True,True,False
47117,Thời sự,60,166,2891,16,38,646,True,True,True,True
153233,Bất động sản,72,142,2998,16,33,688,True,True,True,False
160775,Giải trí,70,165,2146,15,36,467,True,True,True,False
186880,Khoa học công nghệ,75,219,3994,19,48,889,True,True,True,False
156786,Giải trí,53,209,3052,12,48,677,True,True,True,False
40088,Thể thao,58,130,2186,13,27,450,True,True,True,False
57421,Khoa học công nghệ,74,202,4113,15,44,887,True,True,True,False
111263,Kinh doanh,55,144,2671,12,32,560,True,True,True,False
237618,Thời sự,63,125,2163,16,28,484,True,True,True,False
36561,Thể thao,66,121,1466,12,26,297,True,True,True,False
176071,Giáo dục,52,132,3224,12,29,696,True,True,True,False
251996,Xe,80,208,2626,20,44,565,True,True,True,False
78787,Du lịch,37,117,2078,8,25,436,True,True,True,False
89840,Giải trí,41,134,1853,9,30,414,True,True,True,False
223306,Thể thao,59,137,2535,12,27,547,True,True,True,False
148480,Bất động sản,74,153,2823,15,33,622,True,True,True,False
31148,Sức khỏe,42,184,3225,11,40,697,True,True,True,False
115665,Sức khỏe,67,217,13308,15,50,2949,True,True,True,False
197378,Kinh doanh,79,211,4664,17,47,996,True,True,True,False
125176,Thể thao,89,208,3520,20,48,784,True,True,True,False
140404,Thời sự,51,167,2108,11,35,445,True,True,True,False
78038,Du lịch,67,260,2502,15,59,524,True,True,True,False
112240,Kinh doanh,32,144,2162,7,32,474,True,True,True,False
178250,Giáo dục,70,151,940,16,34,205,True,True,True,False
101393,Giáo dục,65,144,2290,15,35,511,True,True,True,False
20696,Kinh doanh,72,183,3925,17,40,839,True,True,True,False
21025,Kinh doanh,70,167,3520,13,35,726,True,True,True,False
118187,Thế giới,49,191,1820,10,43,389,True,True,True,False
157985,Giải trí,54,180,1640,12,39,331,True,True,True,False
245790,Thời sự,51,156,2645,12,35,579,True,True,True,False
10274,Giải trí,62,180,3604,12,36,752,True,True,True,False
235617,Thể thao,61,141,1146,11,30,241,True,True,True,False
168486,Giải trí,69,131,3109,14,28,665,True,True,True,False
59379,Khoa học công nghệ,41,211,1495,8,46,316,True,True,True,False
231750,Thể thao,65,142,2064,16,32,445,True,True,True,False
231269,Thể thao,59,156,895,13,33,192,True,True,True,False
113305,Kinh doanh,51,297,3753,12,64,792,True,True,True,False
76867,Du lịch,57,163,2335,13,36,518,True,True,True,True
249754,Xe,64,179,1344,15,43,293,True,True,True,False
89306,Giải trí,74,155,3236,17,35,739,True,True,True,False
178303,Giáo dục,78,126,3555,19,29,770,True,True,True,False
13845,Giải trí,56,144,3482,12,33,767,True,True,True,False
81197,Giải trí,57,195,3468,13,44,772,True,True,True,False
175556,Giáo dục,69,248,3280,16,53,719,True,True,True,False
93599,Giải trí,55,129,2595,14,28,567,True,True,True,False
162608,Giải trí,76,241,5986,17,52,1337,True,True,True,False
186494,Khoa học công nghệ,43,167,2131,9,30,444,True,True,True,False
130115,Thể thao,90,372,5445,17,81,1176,True,True,True,False
31992,Sức khỏe,56,245,2684,13,54,593,True,True,True,False
77007,Du lịch,77,183,3506,17,41,767,True,True,True,False
77285,Du lịch,62,292,2819,15,66,628,True,True,True,False
31836,Sức khỏe,44,243,4281,10,55,940,True,True,True,False
9551,Giải trí,80,144,3384,15,28,698,True,True,True,False
43358,Thời sự,84,128,7364,19,28,1618,True,True,True,False
235962,Thể thao,49,186,4085,10,44,898,True,True,True,False
169748,Giải trí,61,94,1924,14,20,418,True,True,True,False
152879,Bất động sản,69,145,3099,16,32,689,True,True,True,False
74494,Du lịch,77,154,3869,15,33,815,True,True,True,False
192892,Kinh doanh,74,226,4888,16,47,1012,True,True,True,False
218513,Thế giới,79,130,1068,16,28,226,True,True,True,False
35438,Thế giới,79,199,4563,17,45,975,True,True,True,False
148006,Xe,86,192,2965,16,40,633,True,True,True,False
191595,Kinh doanh,77,189,3900,16,41,825,True,True,True,False
94913,Giáo dục,59,233,4425,15,53,967,True,True,True,False
149777,Bất động sản,58,169,2275,13,38,506,True,True,True,False
102478,Giáo dục,54,165,5240,13,36,1157,True,True,True,True
83101,Giải trí,63,102,3079,13,20,698,True,True,True,False
152999,Bất động sản,76,196,4368,18,43,972,True,True,True,False
208779,Sức khỏe,73,206,2057,16,44,453,True,True,True,False
127849,Thể thao,86,153,2257,21,36,505,True,True,True,False
133853,Thời sự,74,131,5920,16,28,1327,True,True,True,False
140377,Thời sự,70,236,5286,17,53,1176,True,True,True,False
197973,Kinh doanh,50,168,2489,12,38,565,True,True,True,False
160617,Giải trí,71,148,2356,16,32,501,True,True,True,False
118531,Thế giới,72,134,1826,16,34,398,True,True,True,False
165501,Giải trí,55,172,4617,11,40,1028,True,True,True,False
49483,Xe,31,159,2953,7,36,646,True,True,True,False
147662,Xe,63,130,2092,15,29,460,True,True,True,False
240034,Thời sự,62,137,1242,12,28,269,True,True,True,False
144935,Xe,69,171,3637,16,40,808,True,True,True,False
32463,Thế giới,68,139,3145,15,30,679,True,True,True,False
121416,Thế giới,60,152,3058,13,30,664,True,True,True,False
226643,Thể thao,69,118,2591,16,27,506,True,True,True,False
227371,Thể thao,45,107,1232,10,22,246,True,True,True,False
264623,Đời sống,65,90,2896,14,22,661,True,True,True,False
208285,Sức khỏe,54,136,3688,12,30,815,True,True,True,False
152511,Bất động sản,76,166,2964,17,37,652,True,True,True,False
229792,Thể thao,63,129,2947,17,30,657,True,True,True,False
24327,Kinh doanh,80,167,3064,18,35,660,True,True,True,False
114771,Sức khỏe,65,200,1083,13,43,234,True,True,True,False
53688,Khoa học công nghệ,77,134,2818,16,28,633,True,True,True,False
225023,Thể thao,33,120,503,7,26,106,True,True,True,False
99725,Giáo dục,73,358,1644,16,78,359,True,True,True,False
102800,Giáo dục,46,212,7294,10,51,1628,True,True,True,False
239518,Thời sự,79,179,4104,19,41,898,True,True,True,False
78689,Du lịch,69,158,3640,17,34,799,True,True,True,False
102826,Giáo dục,34,174,8782,8,40,1937,True,True,True,True
235255,Thể thao,62,80,767,14,18,163,True,True,True,False
151975,Bất động sản,60,195,2640,15,42,602,True,True,True,False
140303,Thời sự,58,150,1336,12,33,292,True,True,True,False
42347,Thời sự,86,231,7441,20,50,1614,True,True,True,False
183989,Khoa học công nghệ,49,140,5402,11,28,1167,True,True,True,False
91439,Giải trí,52,139,2382,11,31,529,True,True,True,False
2760,Giáo dục,55,149,4260,13,36,961,True,True,True,False
251878,Xe,48,141,3871,12,31,831,True,True,True,False
125953,Thể thao,49,219,3391,11,47,745,True,True,True,False
178374,Giáo dục,61,130,877,15,28,203,True,True,True,False
202209,Kinh doanh,70,147,4482,15,32,972,True,True,True,False
134697,Thời sự,69,130,1307,16,30,286,True,True,True,False
72042,Đời sống,51,228,3816,12,50,846,True,True,True,False
71225,Đời sống,80,148,1488,18,35,337,True,True,True,False
70253,Đời sống,39,169,3062,9,39,697,True,True,True,False
27254,Pháp luật,74,181,4126,16,40,944,True,True,True,False
220482,Thể thao,53,167,2217,12,38,480,True,True,True,False
119922,Thế giới,53,179,2343,12,39,514,True,True,True,False
214656,Thế giới,77,174,2483,17,37,512,True,True,True,False
156537,Giải trí,61,159,5182,14,35,1124,True,True,True,False
232163,Thể thao,69,174,2886,12,37,622,True,True,True,False
17261,Khoa học công nghệ,47,195,1373,12,42,294,True,True,True,False
141048,Thời sự,48,133,6040,12,30,1353,True,True,True,False
110819,Kinh doanh,59,129,1798,12,27,396,True,True,True,False
176832,Giáo dục,66,205,2629,14,47,575,True,True,True,False
263512,Đời sống,79,169,4486,16,36,986,True,True,True,False
62093,Khoa học công nghệ,52,147,1869,12,32,411,True,True,True,False
48459,Xe,84,211,9274,16,46,1960,True,True,True,False
120035,Thế giới,72,136,2516,16,28,545,True,True,True,False
233518,Thể thao,58,142,2799,10,26,578,True,True,True,False
118456,Thế giới,61,188,2534,14,44,558,True,True,True,False
158896,Giải trí,74,146,4825,18,33,1021,True,True,True,False
210261,Sức khỏe,55,173,2014,12,40,449,True,True,True,False
123487,Thể thao,74,215,3634,15,48,766,True,True,True,False
16756,Giải trí,58,187,2267,13,42,489,True,True,True,False
154427,Du lịch,79,161,2675,18,34,585,True,True,True,False
146353,Xe,66,216,2650,13,47,560,True,True,True,False
209041,Sức khỏe,51,192,4922,11,42,1062,True,True,True,False
115123,Sức khỏe,64,231,4344,15,53,946,True,True,True,False
91743,Giải trí,62,201,3975,14,48,877,True,True,True,False
173642,Giáo dục,59,194,3876,13,43,853,True,True,True,False
115074,Sức khỏe,61,174,1122,15,38,227,True,True,True,False
220850,Thể thao,56,126,1557,12,27,325,True,True,True,False
181566,Khoa học công nghệ,71,117,3137,16,25,676,True,True,True,False
132965,Thời sự,60,117,1199,15,27,284,True,True,True,False
211744,Sức khỏe,61,121,2340,15,28,517,True,True,True,False
153849,Du lịch,31,145,7116,7,34,1586,True,True,True,False
225695,Thể thao,46,133,1443,12,29,304,True,True,True,False
65477,Khoa học công nghệ,66,174,4069,14,36,864,True,True,True,False
135575,Thời sự,69,159,1747,15,36,375,True,True,True,False
120262,Thế giới,53,115,2488,14,28,557,True,True,True,False
215929,Thế giới,57,127,2292,14,31,504,True,True,True,False
165812,Giải trí,59,208,1131,14,39,213,True,True,True,False
254991,Xe,34,137,3473,9,31,777,True,True,True,False
152128,Bất động sản,60,208,4952,14,46,1094,True,True,True,False
184484,Khoa học công nghệ,69,169,6463,16,37,1395,True,True,True,False
242304,Thời sự,56,153,3914,15,34,866,True,True,True,False
169260,Giải trí,75,243,4805,17,54,1028,True,True,True,False
145709,Xe,52,82,1676,11,18,368,True,True,True,False
222141,Thể thao,55,149,1483,13,33,330,True,True,True,False
11069,Giải trí,57,151,3341,11,29,679,True,True,True,False
162682,Giải trí,28,102,1628,6,23,343,True,True,True,False
143454,Xe,66,201,4785,14,42,1038,True,True,True,False
18114,Kinh doanh,70,178,2198,15,39,474,True,True,True,False
233202,Thể thao,65,147,1425,14,29,303,True,True,True,False
217576,Thế giới,55,125,1447,10,29,294,True,True,True,False
265007,Đời sống,42,140,4035,11,31,917,True,True,True,False
143982,Xe,60,140,2014,13,32,446,True,True,True,False
80776,Giải trí,65,162,3257,15,35,725,True,True,True,False
178068,Giáo dục,71,151,2701,17,35,608,True,True,True,False
148365,Xe,69,190,5952,14,42,1277,True,True,True,False
70606,Đời sống,58,131,3789,14,30,867,True,True,True,False
246780,Thời sự,66,147,758,15,32,170,True,True,True,False
155285,Du lịch,80,187,2455,18,43,552,True,True,True,False
79397,Du lịch,63,249,3505,15,54,749,True,True,True,False
186561,Khoa học công nghệ,68,129,3765,14,28,791,True,True,True,False
240259,Thời sự,69,163,2383,15,35,531,True,True,True,False
85623,Giải trí,66,129,2298,15,28,503,True,True,True,False
241001,Thời sự,54,158,3065,11,36,674,True,True,True,False
37513,Thể thao,57,86,2068,11,17,434,True,True,True,False
72351,Đời sống,72,169,2152,16,36,465,True,True,True,False
252010,Xe,78,223,2218,17,50,477,True,True,True,False
229599,Thể thao,61,133,1657,13,28,356,True,True,True,False
207527,Sức khỏe,78,134,1042,18,29,223,True,True,True,False
132933,Thời sự,68,144,2192,15,31,480,True,True,True,False
123517,Thể thao,88,205,3882,20,44,875,True,True,True,False
135809,Thời sự,74,168,3256,19,39,730,True,True,True,False
206259,Sức khỏe,73,200,3890,16,42,837,True,True,True,False
107324,Kinh doanh,34,313,3362,8,67,748,True,True,True,False
89835,Giải trí,51,179,2972,11,37,657,True,True,True,False
10461,Giải trí,36,152,3888,8,34,842,True,True,True,False
159505,Giải trí,76,89,1558,18,19,357,True,True,True,True
88621,Giải trí,50,148,4494,12,35,1010,True,True,True,False
145389,Xe,68,252,4239,16,55,937,True,True,True,False
19991,Kinh doanh,96,137,6003,23,30,1303,True,True,True,False
59546,Khoa học công nghệ,43,153,1951,10,34,421,True,True,True,False
247294,Thời sự,63,233,2444,14,55,543,True,True,True,False
19468,Kinh doanh,47,112,2811,10,24,620,True,True,True,False
83104,Giải trí,76,107,1374,17,24,315,True,True,True,False
99030,Giáo dục,49,153,1754,11,33,373,True,True,True,False
65518,Đời sống,77,160,2706,17,34,612,True,True,True,False
64427,Khoa học công nghệ,53,151,2172,12,35,488,True,True,True,False
126821,Thể thao,77,129,3246,16,28,714,True,True,True,False
80441,Giải trí,76,145,2576,16,31,575,True,True,True,False
11166,Giải trí,53,161,4872,11,33,979,True,True,True,False
150864,Bất động sản,71,207,4239,17,48,927,True,True,True,False
243191,Thời sự,78,190,4533,16,41,996,True,True,True,False
99718,Giáo dục,80,116,3949,17,26,839,True,True,True,False
103812,Giáo dục,53,162,6641,11,36,1529,True,True,True,False
55634,Khoa học công nghệ,57,86,2511,12,18,553,True,True,True,False
23680,Kinh doanh,64,241,4288,14,54,934,True,True,True,False
171100,Giải trí,43,176,4170,10,42,928,True,True,True,False
216978,Thế giới,71,127,1416,16,30,302,True,True,True,False
95478,Giáo dục,64,283,1662,14,60,364,True,True,True,False
29961,Sức khỏe,44,94,5143,11,20,1115,True,True,True,False
74159,Đời sống,22,260,1055,5,56,237,True,True,True,False
97755,Giáo dục,56,157,7078,13,33,1563,True,True,True,True
263774,Đời sống,57,128,3653,12,29,783,True,True,True,False
41087,Thể thao,65,116,3238,14,23,697,True,True,True,False
42779,Thời sự,98,170,7351,23,35,1655,True,True,True,False
237708,Thời sự,78,125,1755,18,28,385,True,True,True,False
233628,Thể thao,47,91,1130,9,19,224,True,True,True,False
244296,Thời sự,53,179,2355,13,40,507,True,True,True,False
25553,Kinh doanh,66,121,2596,15,27,556,True,True,True,False
259449,Đời sống,78,157,5235,18,36,1189,True,True,True,False
249687,Xe,68,167,2603,16,37,581,True,True,True,False
212833,Sức khỏe,72,91,2419,17,21,526,True,True,True,False
110240,Kinh doanh,28,158,6422,6,36,1363,True,True,True,False
214139,Thế giới,55,202,3020,12,42,642,True,True,True,False
237132,Thời sự,47,220,3504,10,47,758,True,True,True,False
157377,Giải trí,73,114,3882,17,27,866,True,True,True,False
115377,Sức khỏe,70,215,4564,17,45,983,True,True,True,False
203913,Pháp luật,57,103,1948,13,24,421,True,True,True,False
131222,Thể thao,79,103,1061,18,22,237,True,True,True,False
254121,Xe,55,198,4883,12,48,1035,True,True,True,False
31661,Sức khỏe,56,212,3968,13,47,853,True,True,True,False
198995,Kinh doanh,58,167,3963,12,33,841,True,True,True,False
148874,Bất động sản,66,194,3349,16,44,732,True,True,True,False
242336,Thời sự,68,120,3666,14,25,813,True,True,True,False
27735,Sức khỏe,67,240,6178,15,55,1394,True,True,True,False
51707,Xe,64,149,3301,13,33,731,True,True,True,False
245032,Thời sự,65,196,1751,14,42,377,True,True,True,False
11085,Giải trí,80,170,4939,18,38,1066,True,True,True,False
72330,Đời sống,40,211,3464,9,48,767,True,True,True,False
49313,Xe,60,144,3831,11,29,767,True,True,True,False
256173,Đời sống,71,135,1449,18,31,319,True,True,True,False
64319,Khoa học công nghệ,69,121,1087,13,27,224,True,True,True,False
248423,Xe,66,204,2705,15,45,592,True,True,True,False
51419,Xe,78,85,3347,17,19,765,True,True,True,False
21336,Kinh doanh,97,198,4463,20,43,977,True,True,True,False
64403,Khoa học công nghệ,52,97,1357,11,21,294,True,True,True,False
221923,Thể thao,65,143,3394,16,29,754,True,True,True,False
7714,Giải trí,64,233,4298,13,49,894,True,True,True,False
107649,Kinh doanh,71,146,1383,16,29,294,True,True,True,False
244794,Thời sự,63,182,3228,16,43,704,True,True,True,False
175411,Giáo dục,49,173,1426,10,37,308,True,True,True,False
33574,Thế giới,79,148,1982,17,34,427,True,True,True,False
16420,Giải trí,106,191,3845,21,40,818,True,True,True,False
60384,Khoa học công nghệ,46,132,2289,11,30,491,True,True,True,False
171879,Giải trí,70,176,4078,13,38,845,True,True,True,False
254009,Xe,69,176,3086,15,39,657,True,True,True,False
139035,Thời sự,29,207,3337,8,47,740,True,True,True,False
200,Bất động sản,99,208,2190,24,46,484,True,True,True,False
90149,Giải trí,72,140,4550,15,32,998,True,True,True,False
215858,Thế giới,56,156,945,13,36,211,True,True,True,False
230661,Thể thao,49,134,3260,10,30,667,True,True,True,False
216762,Thế giới,63,178,1442,13,36,314,True,True,True,False
180997,Giáo dục,80,127,3342,18,28,751,True,True,True,False
89010,Giải trí,46,103,1640,9,23,355,True,True,True,False
231587,Thể thao,39,152,583,8,34,125,True,True,True,False
217734,Thế giới,70,147,1463,15,32,307,True,True,True,False
158375,Giải trí,65,170,4371,13,36,953,True,True,True,False
264164,Đời sống,56,89,2900,14,22,645,True,True,True,False
173379,Giáo dục,77,194,3989,17,42,870,True,True,True,False
72480,Đời sống,90,100,2263,19,22,498,True,True,True,False
253821,Xe,44,208,3111,12,46,686,True,True,True,False
132530,Thời sự,69,170,5262,14,37,1149,True,True,True,False
34044,Thế giới,48,149,2768,11,32,606,True,True,True,False
2709,Giáo dục,37,142,2390,9,32,511,True,True,True,False
134403,Thời sự,61,253,4384,12,54,958,True,True,True,False
51580,Xe,54,167,2373,13,35,527,True,True,True,False
93824,Giải trí,50,183,2547,12,40,559,True,True,True,False
50178,Xe,61,151,1987,14,35,438,True,True,True,False
251456,Xe,64,81,1761,14,18,392,True,True,True,False
152129,Bất động sản,58,130,2091,13,28,454,True,True,True,False
138843,Thời sự,60,245,2120,15,55,480,True,True,True,False
123980,Thể thao,96,116,2479,20,26,525,True,True,True,False
119141,Thế giới,23,209,1550,5,43,341,True,True,True,False
8493,Giải trí,58,181,2296,14,37,470,True,True,True,False
54223,Khoa học công nghệ,45,185,3646,10,39,789,True,True,True,False
226267,Thể thao,58,121,4782,12,28,1043,True,True,True,False
186585,Khoa học công nghệ,56,179,5751,13,40,1242,True,True,True,False
149720,Bất động sản,58,176,4997,12,35,1088,True,True,True,False
33855,Thế giới,70,198,2825,14,43,614,True,True,True,False
62105,Khoa học công nghệ,48,163,2495,11,35,545,True,True,True,False
6966,Giải trí,68,149,2327,14,29,482,True,True,True,False
81970,Giải trí,63,115,2233,13,26,492,True,True,True,False
212311,Sức khỏe,53,137,2455,13,31,537,True,True,True,False
182143,Khoa học công nghệ,72,135,3639,17,30,784,True,True,True,False
73949,Đời sống,80,203,3585,18,43,791,True,True,True,False
108841,Kinh doanh,53,270,2817,11,59,613,True,True,True,False
45253,Thời sự,64,132,2354,13,28,507,True,True,True,False
84135,Giải trí,67,131,2225,17,31,496,True,True,True,False
239481,Thời sự,62,152,1774,15,33,380,True,True,True,False
65888,Đời sống,80,146,4207,19,33,948,True,True,True,False
60305,Khoa học công nghệ,49,151,2148,12,33,466,True,True,True,False
92389,Giải trí,52,114,2226,11,24,501,True,True,True,False
141164,Thời sự,50,188,3882,11,41,869,True,True,True,False
22674,Kinh doanh,58,180,5304,14,39,1140,True,True,True,False
256015,Đời sống,55,168,3037,14,40,704,True,True,True,False
73869,Đời sống,71,273,3961,16,56,889,True,True,True,False
163393,Giải trí,76,166,2619,16,34,583,True,True,True,False
37035,Thể thao,40,214,1635,8,48,368,True,True,True,False
100879,Giáo dục,71,135,3604,16,32,841,True,True,True,False
159411,Giải trí,77,160,2073,17,36,452,True,True,True,False
33429,Thế giới,74,188,2875,16,39,639,True,True,True,False
47336,Xe,59,246,4056,13,55,885,True,True,True,False
197968,Kinh doanh,69,214,5603,16,45,1194,True,True,True,False
158823,Giải trí,49,80,2439,11,18,526,True,True,True,False
247856,Xe,77,153,2739,15,33,576,True,True,True,False
215055,Thế giới,66,189,1455,15,42,325,True,True,True,False
233484,Thể thao,58,132,2796,11,26,571,True,True,True,False
178498,Giáo dục,60,217,3375,14,47,735,True,True,True,False
24693,Kinh doanh,55,179,3463,12,36,751,True,True,True,False
84231,Giải trí,50,108,2976,11,22,668,True,True,True,False
215193,Thế giới,80,173,1330,19,37,290,True,True,True,False
148250,Xe,80,276,5663,16,56,1240,True,True,True,False
51390,Xe,64,142,1776,15,31,386,True,True,True,False
118690,Thế giới,62,127,1715,14,28,372,True,True,True,False
168648,Giải trí,36,183,1372,7,40,281,True,True,True,False
176353,Giáo dục,73,203,2830,16,45,627,True,True,True,False
49013,Xe,63,142,1948,14,32,439,True,True,True,False
235635,Thể thao,62,125,1576,13,26,327,True,True,True,False
227080,Thể thao,63,122,2574,13,26,495,True,True,True,False
6202,Giáo dục,46,184,7557,10,42,1658,True,True,True,False
181012,Giáo dục,56,198,4170,14,45,908,True,True,True,False
47883,Xe,77,182,2220,18,37,456,True,True,True,False
216011,Thế giới,55,187,1263,13,43,276,True,True,True,False
143824,Xe,56,269,4251,14,57,931,True,True,True,False
82756,Giải trí,53,179,2490,12,41,557,True,True,True,False
194191,Kinh doanh,69,164,2170,14,35,466,True,True,True,False
115885,Sức khỏe,52,229,4868,11,50,1048,True,True,True,False
174653,Giáo dục,77,150,2090,18,34,455,True,True,True,False
228180,Thể thao,62,160,1935,13,33,408,True,True,True,False
253645,Xe,75,128,3072,19,30,693,True,True,True,False
258178,Đời sống,68,130,4328,14,26,982,True,True,True,False
10196,Giải trí,80,167,4166,17,37,843,True,True,True,False
226810,Thể thao,70,114,2894,14,22,564,True,True,True,False
33031,Thế giới,67,180,2169,16,42,460,True,True,True,False
60883,Khoa học công nghệ,70,155,2085,14,35,459,True,True,True,False
164208,Giải trí,51,143,1652,8,30,343,True,True,True,False
14052,Giải trí,76,159,3281,17,35,697,True,True,True,False
12411,Giải trí,50,177,2834,12,41,614,True,True,True,False
179297,Giáo dục,56,143,3508,14,31,786,True,True,True,False
149262,Bất động sản,79,239,2678,18,54,593,True,True,True,False
142791,Thời sự,71,150,4231,15,32,922,True,True,True,False
260190,Đời sống,68,145,1523,15,34,332,True,True,True,False
105355,Kinh doanh,59,188,4200,11,40,903,True,True,True,False
205875,Sức khỏe,79,165,3530,17,36,754,True,True,True,False
148559,Bất động sản,77,243,4744,18,55,1047,True,True,True,False
130710,Thể thao,83,158,2330,17,33,495,True,True,True,False
155607,Du lịch,71,183,2491,18,41,544,True,True,True,False
234919,Thể thao,51,170,4423,10,37,962,True,True,True,False
191238,Kinh doanh,64,154,2984,15,33,642,True,True,True,False
991,Bất động sản,57,210,4055,14,47,892,True,True,True,False
147968,Xe,61,187,2568,13,42,570,True,True,True,False
129516,Thể thao,76,163,3462,18,35,785,True,True,True,False
57502,Khoa học công nghệ,48,125,3669,9,26,780,True,True,True,False
190647,Kinh doanh,78,238,3926,14,46,813,True,True,True,False
184153,Khoa học công nghệ,65,183,4651,14,40,1010,True,True,True,False
8008,Giải trí,60,125,1787,14,29,383,True,True,True,False
70462,Đời sống,72,120,1908,16,28,430,True,True,True,False
32847,Thế giới,31,228,5650,8,49,1241,True,True,True,False
136879,Thời sự,77,220,5524,16,51,1230,True,True,True,False
254845,Xe,64,148,4416,17,34,989,True,True,True,False
21114,Kinh doanh,47,101,3508,14,23,760,True,True,True,False
262393,Đời sống,66,217,4090,16,48,900,True,True,True,False
105817,Kinh doanh,47,168,6529,10,39,1463,True,True,True,False
214481,Thế giới,53,189,3926,11,39,838,True,True,True,False
108652,Kinh doanh,64,266,7718,15,58,1691,True,True,True,False
225467,Thể thao,58,181,3395,13,40,750,True,True,True,False
111966,Kinh doanh,88,190,1734,16,39,369,True,True,True,False
108893,Kinh doanh,38,198,4650,8,43,1022,True,True,True,False
18969,Kinh doanh,70,138,2493,16,30,537,True,True,True,False
150471,Bất động sản,58,113,3384,13,25,760,True,True,True,False
180802,Giáo dục,47,213,3626,12,44,801,True,True,True,False
134653,Thời sự,72,133,1914,16,28,424,True,True,True,False
70006,Đời sống,58,121,3474,14,28,790,True,True,True,False
247055,Thời sự,56,213,1673,14,47,369,True,True,True,False
137967,Thời sự,78,247,7818,17,55,1762,True,True,True,False
52942,Khoa học công nghệ,80,178,4517,17,39,985,True,True,True,False
240574,Thời sự,69,180,2241,16,41,494,True,True,True,False
124768,Thể thao,78,235,4425,16,52,961,True,True,True,False
50067,Xe,63,113,1545,16,27,346,True,True,True,False
71649,Đời sống,82,197,4450,16,45,961,True,True,True,False
96070,Giáo dục,77,212,5548,17,47,1218,True,True,True,False
107527,Kinh doanh,75,218,1618,17,47,344,True,True,True,False
258612,Đời sống,39,138,4375,9,33,979,True,True,True,False
227242,Thể thao,47,128,1120,10,24,237,True,True,True,False
210207,Sức khỏe,55,210,7008,13,50,1531,True,True,True,False
11705,Giải trí,81,187,3247,16,40,635,True,True,True,False
184008,Khoa học công nghệ,53,238,8420,12,51,1818,True,True,True,False
152333,Bất động sản,39,155,3688,9,34,827,True,True,True,False
214699,Thế giới,54,147,3977,12,31,855,True,True,True,False
217764,Thế giới,63,129,1141,12,28,235,True,True,True,False
195991,Kinh doanh,66,181,3968,13,40,820,True,True,True,False
110652,Kinh doanh,44,70,1832,9,15,391,True,True,True,False
39285,Thể thao,51,139,2937,12,30,638,True,True,True,False
33970,Thế giới,78,223,3275,19,49,706,True,True,True,False
96763,Giáo dục,77,191,4607,17,41,1017,True,True,True,False
246291,Thời sự,51,129,667,11,29,142,True,True,True,False
244238,Thời sự,57,218,3753,14,45,818,True,True,True,False
231286,Thể thao,66,150,1613,14,30,342,True,True,True,False
57017,Khoa học công nghệ,59,92,2206,13,20,475,True,True,True,False
92567,Giải trí,73,134,3684,16,30,825,True,True,True,False
4738,Giáo dục,52,153,5562,11,32,1197,True,True,True,False
200375,Kinh doanh,47,180,2273,10,38,464,True,True,True,False
24184,Kinh doanh,80,178,2176,17,40,481,True,True,True,False
69987,Đời sống,57,121,3433,14,28,775,True,True,True,False
136472,Thời sự,60,184,2608,14,40,569,True,True,True,False
156685,Giải trí,77,164,4333,18,40,958,True,True,True,False
238760,Thời sự,65,170,3399,15,39,748,True,True,True,False
22477,Kinh doanh,80,118,1363,19,28,297,True,True,True,False
187838,Khoa học công nghệ,70,152,3171,15,32,685,True,True,True,False
221096,Thể thao,59,121,2803,13,24,583,True,True,True,False
231550,Thể thao,35,127,1168,7,27,238,True,True,True,False
122219,Thế giới,79,226,3195,17,49,682,True,True,True,False
180913,Giáo dục,36,122,3577,9,25,767,True,True,True,False
260945,Đời sống,52,157,1640,12,34,336,True,True,True,False
111833,Kinh doanh,54,104,1520,12,23,325,True,True,True,False
149616,Bất động sản,67,151,3630,17,36,811,True,True,True,False
186632,Khoa học công nghệ,77,194,2815,18,45,605,True,True,True,False
144891,Xe,52,226,3158,11,47,684,True,True,True,False
14000,Giải trí,83,189,4517,19,40,961,True,True,True,False
199203,Kinh doanh,74,215,3875,14,47,820,True,True,True,False
158404,Giải trí,76,191,6155,17,43,1340,True,True,True,False
236738,Thời sự,66,200,2168,16,47,488,True,True,True,False
153075,Bất động sản,71,166,3411,16,36,741,True,True,True,False
69638,Đời sống,83,154,1606,20,39,373,True,True,True,False
164717,Giải trí,78,208,6273,18,46,1410,True,True,True,False
57492,Khoa học công nghệ,62,195,1365,13,42,298,True,True,True,False
79577,Du lịch,77,135,3548,17,32,761,True,True,True,False
118941,Thế giới,24,173,1768,6,34,360,True,True,True,False
111194,Kinh doanh,43,145,1933,10,32,414,True,True,True,False
159049,Giải trí,63,164,3226,13,35,669,True,True,True,False
9227,Giải trí,57,140,2304,14,32,509,True,True,True,False
179479,Giáo dục,74,162,1822,18,34,392,True,True,True,False
49384,Xe,64,172,2602,14,37,553,True,True,True,False
136152,Thời sự,57,219,2577,14,48,559,True,True,True,False
134659,Thời sự,51,180,2397,11,39,523,True,True,True,False
1846,Du lịch,54,175,8205,12,38,1805,True,True,True,False
145183,Xe,69,141,2254,13,32,490,True,True,True,False
116874,Sức khỏe,49,253,14068,12,57,3002,True,True,True,False
87228,Giải trí,46,155,2481,11,36,558,True,True,True,False
112623,Kinh doanh,50,168,1789,9,38,386,True,True,True,False
222193,Thể thao,50,149,1464,13,36,327,True,True,True,False
168659,Giải trí,72,127,2005,17,29,450,True,True,True,False
23636,Kinh doanh,61,195,2197,13,42,481,True,True,True,False
143456,Xe,68,219,4676,16,47,1024,True,True,True,False
29869,Sức khỏe,40,248,10457,9,56,2271,True,True,True,False
138018,Thời sự,85,240,2253,16,51,495,True,True,True,False
101112,Giáo dục,75,166,1918,16,38,416,True,True,True,False
220316,Thể thao,58,130,1928,12,29,425,True,True,True,False
197352,Kinh doanh,63,242,1888,15,53,406,True,True,True,False
3232,Giáo dục,67,209,2460,17,50,544,True,True,True,False
40392,Thể thao,50,162,2516,10,35,543,True,True,True,False
7776,Giải trí,68,249,3172,13,49,659,True,True,True,False
8960,Giải trí,82,214,3984,15,43,791,True,True,True,False
51067,Xe,76,195,6078,18,45,1360,True,True,True,False
198649,Kinh doanh,70,205,4374,15,45,929,True,True,True,False
15388,Giải trí,80,184,3872,16,39,801,True,True,True,False
37041,Thể thao,83,171,1652,18,36,361,True,True,True,False
241050,Thời sự,56,153,1577,14,34,345,True,True,True,False
231863,Thể thao,45,119,1441,9,25,315,True,True,True,False
220022,Thể thao,63,137,1142,15,32,250,True,True,True,False
166296,Giải trí,73,160,2613,14,35,536,True,True,True,False
146205,Xe,79,235,3763,15,50,802,True,True,True,False
248792,Xe,75,128,3278,16,29,723,True,True,True,False
29604,Sức khỏe,62,177,2039,13,39,444,True,True,True,False
215803,Thế giới,66,132,1691,16,29,365,True,True,True,False
131408,Thể thao,65,221,3086,14,46,680,True,True,True,False
114792,Sức khỏe,73,180,918,16,38,180,True,True,True,False
134457,Thời sự,32,159,8455,7,35,1901,True,True,True,False
232055,Thể thao,52,120,1517,11,24,290,True,True,True,False
160992,Giải trí,59,103,1115,13,23,241,True,True,True,False
11954,Giải trí,51,232,3102,12,52,698,True,True,True,False
99698,Giáo dục,32,235,3141,8,55,708,True,True,True,False
129249,Thể thao,89,351,2940,20,78,645,True,True,True,False
203246,Kinh doanh,61,230,4389,13,50,942,True,True,True,False
98460,Giáo dục,64,259,7449,15,57,1665,True,True,True,True
255117,Xe,46,152,3601,11,34,814,True,True,True,False
88194,Giải trí,63,189,4366,14,44,974,True,True,True,False
215884,Thế giới,48,93,1640,10,20,360,True,True,True,False
107234,Kinh doanh,64,152,1940,13,31,412,True,True,True,False
92183,Giải trí,49,122,1926,11,28,415,True,True,True,False
131309,Thể thao,53,106,2499,11,23,549,True,True,True,False
133701,Thời sự,61,156,1836,13,36,414,True,True,True,False
23201,Kinh doanh,62,166,2093,14,38,441,True,True,True,False
49177,Xe,89,156,3396,20,35,736,True,True,True,False
233816,Thể thao,53,132,2379,10,27,492,True,True,True,False
16304,Giải trí,36,134,2053,8,30,445,True,True,True,False
204499,Pháp luật,44,135,3596,10,30,814,True,True,True,False
67716,Đời sống,70,162,1996,16,36,429,True,True,True,False
174553,Giáo dục,78,154,1679,17,34,382,True,True,True,False
201257,Kinh doanh,78,135,2444,16,29,530,True,True,True,False
104242,Kinh doanh,61,161,1919,13,35,408,True,True,True,False
206954,Sức khỏe,59,130,2845,15,30,631,True,True,True,False
233414,Thể thao,65,121,3590,12,23,694,True,True,True,False
99781,Giáo dục,70,272,3557,16,60,777,True,True,True,False
87096,Giải trí,32,128,1769,7,27,385,True,True,True,False
85166,Giải trí,62,102,2458,15,24,544,True,True,True,False
135648,Thời sự,82,187,3944,17,42,875,True,True,True,False
228855,Thể thao,38,130,1227,8,24,258,True,True,True,False
230241,Thể thao,68,116,664,16,24,111,True,True,True,False
79540,Du lịch,48,168,1709,11,37,384,True,True,True,False
110937,Kinh doanh,33,184,5047,8,41,1070,True,True,True,False
92955,Giải trí,80,128,2285,17,28,506,True,True,True,False
147460,Xe,56,251,2724,14,54,603,True,True,True,False
160879,Giải trí,45,174,3515,10,40,741,True,True,True,False
36806,Thể thao,48,193,2233,9,41,493,True,True,True,False
199446,Kinh doanh,65,172,2678,14,38,549,True,True,True,False
45089,Thời sự,22,188,981,5,42,226,True,True,True,False
44313,Thời sự,37,128,3328,8,28,733,True,True,True,False
258321,Đời sống,74,146,7590,18,33,1697,True,True,True,False
102596,Giáo dục,75,182,2703,16,41,608,True,True,True,False
112238,Kinh doanh,68,210,3756,15,44,808,True,True,True,False
122234,Thế giới,71,171,3142,16,37,668,True,True,True,False
118338,Thế giới,60,125,1902,13,30,421,True,True,True,False
260717,Đời sống,68,192,1552,15,43,352,True,True,True,False
29077,Sức khỏe,52,213,3092,12,50,689,True,True,True,False
196499,Kinh doanh,65,228,10709,15,49,2332,True,True,True,False
229344,Thể thao,61,131,1728,13,29,353,True,True,True,False
75290,Du lịch,34,214,6637,8,47,1450,True,True,True,False
58293,Khoa học công nghệ,29,198,1505,7,43,340,True,True,True,False
51506,Xe,64,116,2214,15,24,493,True,True,True,False
106410,Kinh doanh,84,166,1875,18,36,405,True,True,True,False
192813,Kinh doanh,79,244,2828,17,54,612,True,True,True,False
254958,Xe,69,219,4844,15,52,1122,True,True,True,False
223114,Thể thao,50,154,6211,12,34,1299,True,True,True,False
241075,Thời sự,59,154,1562,12,33,342,True,True,True,False
73349,Đời sống,58,170,3738,13,38,839,True,True,True,False
85398,Giải trí,83,199,3200,17,44,712,True,True,True,False
218690,Thế giới,77,190,1529,17,40,323,True,True,True,False
62096,Khoa học công nghệ,36,98,2200,7,20,461,True,True,True,False
221675,Thể thao,63,143,2268,15,32,484,True,True,True,False
184645,Khoa học công nghệ,61,142,5152,13,34,1128,True,True,True,False
103471,Giáo dục,74,171,2298,16,36,528,True,True,True,False
32181,Thế giới,39,124,3521,9,28,764,True,True,True,False
189751,Kinh doanh,76,208,5703,15,44,1210,True,True,True,False
158453,Giải trí,74,140,2636,17,31,589,True,True,True,False
16233,Giải trí,58,137,3718,11,29,782,True,True,True,False
149334,Bất động sản,70,193,5136,14,42,1132,True,True,True,False
47823,Xe,100,141,2895,24,32,629,True,True,True,False
141388,Thời sự,37,135,4768,8,28,1057,True,True,True,False
99785,Giáo dục,63,211,7599,14,47,1692,True,True,True,False
258508,Đời sống,60,140,3208,15,31,722,True,True,True,False
117174,Sức khỏe,74,361,3565,17,80,736,True,True,True,False
131032,Thể thao,73,205,1459,16,44,310,True,True,True,False
48182,Xe,79,127,3427,18,28,750,True,True,True,False
242285,Thời sự,71,165,1018,17,37,229,True,True,True,False
23579,Kinh doanh,68,90,3129,15,20,682,True,True,True,False
171744,Giải trí,76,140,3104,17,31,677,True,True,True,False
93726,Giải trí,68,156,3092,14,35,684,True,True,True,False
194243,Kinh doanh,78,162,6957,18,36,1533,True,True,True,False
214618,Thế giới,65,178,4825,13,41,1048,True,True,True,False
189424,Kinh doanh,68,211,2676,15,47,590,True,True,True,False
66408,Đời sống,79,104,4254,17,24,911,True,True,True,False
160584,Giải trí,67,186,1531,14,41,318,True,True,True,False
12416,Giải trí,65,219,1761,14,45,362,True,True,True,False
145294,Xe,52,230,3773,11,49,807,True,True,True,False
26654,Pháp luật,81,110,2761,18,24,612,True,True,True,False
193785,Kinh doanh,58,170,1886,11,37,390,True,True,True,False
184207,Khoa học công nghệ,62,187,4070,13,39,871,True,True,True,False
79522,Du lịch,52,244,2632,12,52,559,True,True,True,False
191068,Kinh doanh,55,182,5221,13,43,1138,True,True,True,False
220936,Thể thao,64,152,2197,14,34,476,True,True,True,False
177194,Giáo dục,62,167,2623,14,35,573,True,True,True,False
251161,Xe,75,159,759,15,37,162,True,True,True,False
181138,Giáo dục,56,98,3032,13,21,672,True,True,True,False
120875,Thế giới,77,219,3848,16,46,793,True,True,True,False
135414,Thời sự,52,134,2970,11,29,649,True,True,True,False
62978,Khoa học công nghệ,60,166,1954,12,35,438,True,True,True,False
20224,Kinh doanh,52,135,3656,13,33,772,True,True,True,False
93902,Giải trí,65,91,2140,16,21,471,True,True,True,False
197180,Kinh doanh,72,244,4717,16,53,999,True,True,True,False
80280,Giải trí,65,125,2733,15,26,600,True,True,True,False
214214,Thế giới,62,171,4100,14,38,888,True,True,True,False
56222,Khoa học công nghệ,50,214,2227,11,42,452,True,True,True,False
216041,Thế giới,70,148,3601,16,32,789,True,True,True,False
8658,Giải trí,75,162,2050,15,34,434,True,True,True,False
247831,Xe,59,164,3731,14,33,793,True,True,True,False
262272,Đời sống,68,189,4672,15,41,1017,True,True,True,False
50805,Xe,50,120,2289,10,28,499,True,True,True,False
87209,Giải trí,62,101,2008,15,22,447,True,True,True,False
101302,Giáo dục,73,111,1497,17,24,326,True,True,True,False
182416,Khoa học công nghệ,53,194,613,11,42,131,True,True,True,False
48201,Xe,79,206,3601,18,43,763,True,True,True,False
214913,Thế giới,65,181,1186,12,34,240,True,True,True,False
107030,Kinh doanh,58,213,2810,13,49,629,True,True,True,False
177220,Giáo dục,69,210,1384,15,46,292,True,True,True,False
196237,Kinh doanh,70,133,3695,16,27,802,True,True,True,False
194,Bất động sản,77,129,5204,15,27,1122,True,True,True,False
9649,Giải trí,57,177,4600,11,36,908,True,True,True,False
136382,Thời sự,75,230,3984,17,53,897,True,True,True,False
194824,Kinh doanh,58,175,4057,13,40,858,True,True,True,False
51561,Xe,98,180,3295,22,42,728,True,True,True,False
139918,Thời sự,58,143,2103,14,32,468,True,True,True,False
172124,Giải trí,68,130,6901,15,27,1506,True,True,True,False
216213,Thế giới,44,156,1464,11,36,321,True,True,True,False
156323,Du lịch,62,223,1586,12,47,332,True,True,True,False
92552,Giải trí,62,196,2371,14,42,515,True,True,True,False
179269,Giáo dục,69,181,3074,16,42,692,True,True,True,False
149678,Bất động sản,67,215,4703,13,46,1006,True,True,True,False
38005,Thể thao,62,109,1963,14,22,403,True,True,True,False
186280,Khoa học công nghệ,71,171,4510,16,38,969,True,True,True,False
10761,Giải trí,85,153,3376,19,31,717,True,True,True,False
5987,Giáo dục,83,177,3557,20,41,785,True,True,True,False
126694,Thể thao,83,157,3228,18,36,706,True,True,True,False
135002,Thời sự,53,130,1209,12,29,262,True,True,True,False
92403,Giải trí,75,155,2461,16,36,548,True,True,True,False
43769,Thời sự,73,126,2452,16,29,538,True,True,True,False
59926,Khoa học công nghệ,61,130,2057,13,29,428,True,True,True,False
66951,Đời sống,77,218,3042,16,48,684,True,True,True,False
39133,Thể thao,44,159,2507,9,36,545,True,True,True,False
191899,Kinh doanh,75,247,3541,17,53,781,True,True,True,False
207578,Sức khỏe,68,199,2780,15,40,561,True,True,True,False
65699,Đời sống,86,195,4190,18,41,912,True,True,True,False
187761,Khoa học công nghệ,44,139,2244,10,30,481,True,True,True,False
212910,Sức khỏe,49,78,2361,12,18,523,True,True,True,False
22042,Kinh doanh,88,106,2140,18,23,461,True,True,True,False
225956,Thể thao,58,127,4164,11,27,848,True,True,True,False
200691,Kinh doanh,79,247,3979,17,54,849,True,True,True,False
104226,Kinh doanh,28,170,7168,8,40,1561,True,True,True,False
232013,Thể thao,55,160,1244,12,35,268,True,True,True,False
203410,Pháp luật,73,167,2354,18,39,517,True,True,True,False
180024,Giáo dục,67,119,1563,15,27,336,True,True,True,False
253150,Xe,76,228,4243,16,48,900,True,True,True,False
46825,Thời sự,90,185,3929,21,39,847,True,True,True,False
158266,Giải trí,55,144,2668,12,30,592,True,True,True,False
215241,Thế giới,53,161,1549,13,37,328,True,True,True,False
204838,Pháp luật,51,113,1476,11,26,325,True,True,True,False
98968,Giáo dục,59,160,1539,13,35,319,True,True,True,False
14115,Giải trí,76,124,3955,16,23,795,True,True,True,False
143027,Thời sự,70,176,1058,16,40,238,True,True,True,False
16630,Giải trí,66,148,3927,15,33,839,True,True,True,False
221140,Thể thao,54,121,448,12,26,95,True,True,True,False
133943,Thời sự,69,105,3587,14,22,804,True,True,True,False
170338,Giải trí,61,119,2669,13,26,561,True,True,True,False
224219,Thể thao,72,120,1924,15,26,424,True,True,True,False
223508,Thể thao,62,127,2829,13,27,602,True,True,True,False
65757,Đời sống,85,148,5742,17,29,1208,True,True,True,False
185324,Khoa học công nghệ,47,79,2032,11,16,428,True,True,True,False
168756,Giải trí,72,158,7317,17,35,1601,True,True,True,False
47635,Xe,74,222,8477,14,44,1837,True,True,True,False
149230,Bất động sản,66,247,5045,15,56,1142,True,True,True,False
67101,Đời sống,91,182,2509,20,42,559,True,True,True,False
10263,Giải trí,69,115,3010,15,24,597,True,True,True,False
129566,Thể thao,84,207,2373,19,45,519,True,True,True,False
119033,Thế giới,37,252,1448,9,55,329,True,True,True,False
27573,Sức khỏe,38,233,5636,9,51,1215,True,True,True,True
260883,Đời sống,65,174,1870,15,38,401,True,True,True,False
77700,Du lịch,40,256,6253,9,56,1374,True,True,True,False
43930,Thời sự,21,155,3147,4,33,700,True,True,True,False
136153,Thời sự,54,262,4314,11,54,937,True,True,True,False
146698,Xe,78,176,3484,17,39,774,True,True,True,False
111959,Kinh doanh,51,146,1831,11,31,397,True,True,True,False
45920,Thời sự,67,240,5624,15,54,1205,True,True,True,False
225485,Thể thao,42,122,1291,9,26,283,True,True,True,False
78847,Du lịch,60,113,1473,15,26,313,True,True,True,False
113375,Kinh doanh,64,80,2087,13,18,452,True,True,True,False
48829,Xe,65,139,2361,14,29,498,True,True,True,False
87368,Giải trí,48,256,2562,10,54,539,True,True,True,False
89020,Giải trí,69,117,2115,16,27,461,True,True,True,False
175104,Giáo dục,80,167,3657,19,35,803,True,True,True,False
144728,Xe,83,243,3863,16,49,824,True,True,True,False
208438,Sức khỏe,70,240,893,16,56,199,True,True,True,False
196792,Kinh doanh,69,219,2922,15,50,650,True,True,True,False
132075,Thời sự,52,143,2835,11,29,601,True,True,True,False
208443,Sức khỏe,67,144,1898,16,33,426,True,True,True,False
133930,Thời sự,74,220,1774,17,48,390,True,True,True,False
19563,Kinh doanh,45,154,7128,11,32,1482,True,True,True,False
131776,Thời sự,68,157,2361,15,35,504,True,True,True,False
42178,Thời sự,57,158,3296,13,34,724,True,True,True,False
35199,Thế giới,95,171,3856,20,40,806,True,True,True,False
91244,Giải trí,44,128,2175,11,27,482,True,True,True,False
148185,Xe,73,229,2993,15,51,646,True,True,True,False
70647,Đời sống,50,237,3947,11,52,879,True,True,True,False
110374,Kinh doanh,49,145,1509,10,32,314,True,True,True,False
93577,Giải trí,60,149,1668,14,35,376,True,True,True,False
117234,Sức khỏe,47,340,3512,10,78,782,True,True,True,False
96749,Giáo dục,64,159,2262,15,36,493,True,True,True,False
9152,Giải trí,53,192,3233,10,39,653,True,True,True,False
41570,Thể thao,65,146,1161,13,33,253,True,True,True,False
231713,Thể thao,59,141,1168,13,32,253,True,True,True,False
156520,Giải trí,75,142,1395,17,32,300,True,True,True,False
215522,Thế giới,71,140,1684,17,31,355,True,True,True,False
149952,Bất động sản,77,194,3305,17,43,730,True,True,True,False
245215,Thời sự,77,237,3410,18,53,761,True,True,True,False
55303,Khoa học công nghệ,44,119,3006,10,24,646,True,True,True,False
211636,Sức khỏe,70,125,3018,15,28,639,True,True,True,True
117737,Thế giới,70,160,1131,16,35,252,True,True,True,False
83222,Giải trí,65,147,3053,14,32,689,True,True,True,False
42690,Thời sự,64,212,8086,14,47,1733,True,True,True,False
138388,Thời sự,62,143,3154,14,30,684,True,True,True,False
29071,Sức khỏe,60,212,3105,14,47,637,True,True,True,False
113197,Kinh doanh,73,131,1449,17,28,316,True,True,True,False
166756,Giải trí,54,127,1267,13,28,281,True,True,True,False
76062,Du lịch,64,403,3192,13,93,690,True,True,True,False
181196,Giáo dục,57,225,4404,12,49,982,True,True,True,False
209886,Sức khỏe,66,191,2560,17,44,549,True,True,True,False
62084,Khoa học công nghệ,40,156,4177,8,31,907,True,True,True,False
69494,Đời sống,86,162,2154,20,36,479,True,True,True,True
83233,Giải trí,79,139,2882,17,30,644,True,True,True,False
38872,Thể thao,40,176,3277,9,36,696,True,True,True,False
145219,Xe,87,227,5728,17,48,1205,True,True,True,False
150904,Bất động sản,65,240,3872,15,52,837,True,True,True,False
120909,Thế giới,46,176,1480,11,36,306,True,True,True,False
55395,Khoa học công nghệ,43,109,3112,10,24,679,True,True,True,False
232368,Thể thao,42,136,1154,7,28,236,True,True,True,False
198036,Kinh doanh,52,231,3074,13,49,669,True,True,True,False
238963,Thời sự,72,183,2608,16,42,569,True,True,True,False
49503,Xe,59,144,2457,14,29,546,True,True,True,False
81826,Giải trí,64,127,2227,16,30,522,True,True,True,False
83478,Giải trí,63,162,3081,14,35,697,True,True,True,False
55228,Khoa học công nghệ,48,117,2161,11,26,459,True,True,True,False
2727,Giáo dục,73,177,3971,17,37,835,True,True,True,False
160220,Giải trí,61,106,1340,14,24,293,True,True,True,False
30638,Sức khỏe,41,193,13540,9,44,2873,True,True,True,False
80334,Giải trí,65,139,3564,15,33,771,True,True,True,False
66517,Đời sống,64,162,1586,16,41,372,True,True,True,False
153096,Bất động sản,66,138,1234,14,31,277,True,True,True,False
230645,Thể thao,65,204,413,14,41,57,True,True,True,False
253630,Xe,73,133,3030,17,29,677,True,True,True,False
257220,Đời sống,65,143,3843,15,32,861,True,True,True,False
206769,Sức khỏe,73,164,3582,17,38,783,True,True,True,True
79735,Du lịch,54,253,4296,12,55,965,True,True,True,False
66169,Đời sống,42,170,2127,10,42,485,True,True,True,False
240289,Thời sự,67,125,2537,16,28,604,True,True,True,False
60591,Khoa học công nghệ,64,163,1526,14,37,326,True,True,True,False
37028,Thể thao,48,163,2098,10,32,452,True,True,True,False
69895,Đời sống,63,127,3661,15,30,818,True,True,True,False
263184,Đời sống,79,181,3901,16,37,830,True,True,True,False
219145,Thể thao,56,161,2205,12,37,476,True,True,True,False
220013,Thể thao,65,130,1944,14,28,420,True,True,True,False
169601,Giải trí,56,113,1720,13,26,386,True,True,True,False
262736,Đời sống,75,123,2981,18,27,675,True,True,True,False
43929,Thời sự,43,124,3553,10,28,790,True,True,True,False
89719,Giải trí,79,260,2995,17,57,665,True,True,True,False
26387,Pháp luật,58,116,3201,14,28,722,True,True,True,False
222628,Thể thao,57,135,8887,12,30,1728,True,True,True,False
196976,Kinh doanh,74,203,5147,17,44,1106,True,True,True,False
14427,Giải trí,77,119,3477,16,26,735,True,True,True,False
38096,Thể thao,56,97,1866,12,21,416,True,True,True,False
256445,Đời sống,70,174,4618,16,36,994,True,True,True,False
93337,Giải trí,68,136,2435,15,30,541,True,True,True,False
114782,Sức khỏe,63,148,1792,15,32,394,True,True,True,False
50795,Xe,80,180,2644,17,39,545,True,True,True,False
171684,Giải trí,60,135,3756,13,31,831,True,True,True,False
77539,Du lịch,74,172,5609,16,39,1183,True,True,True,False
94313,Giải trí,53,231,2613,11,47,553,True,True,True,False
172710,Giáo dục,73,235,1778,16,50,390,True,True,True,False
146308,Xe,54,243,3066,11,54,663,True,True,True,False
194016,Kinh doanh,54,232,6099,13,54,1304,True,True,True,False
48227,Xe,88,157,5374,16,33,1148,True,True,True,False
90691,Giải trí,50,255,4173,12,54,925,True,True,True,False
30629,Sức khỏe,74,200,4568,14,44,1022,True,True,True,False
19740,Kinh doanh,57,162,3142,12,31,660,True,True,True,False
2235,Du lịch,80,157,4843,19,37,1080,True,True,True,False
27066,Pháp luật,88,132,3654,20,29,810,True,True,True,False
88334,Giải trí,60,144,2780,14,32,632,True,True,True,False
24389,Kinh doanh,57,142,5063,11,29,1047,True,True,True,False
137484,Thời sự,41,235,7671,9,55,1701,True,True,True,False
186642,Khoa học công nghệ,54,111,1368,12,24,287,True,True,True,False
203635,Pháp luật,59,94,3351,13,21,750,True,True,True,False
197192,Kinh doanh,70,193,3054,15,41,653,True,True,True,False
172740,Giáo dục,66,191,1777,16,42,398,True,True,True,False
43683,Thời sự,68,183,7176,15,39,1620,True,True,True,False
147565,Xe,65,208,2861,14,47,620,True,True,True,False
82373,Giải trí,79,166,3032,17,37,645,True,True,True,False
257897,Đời sống,60,175,4941,12,37,1072,True,True,True,False
13472,Giải trí,61,204,4123,14,41,853,True,True,True,False
764,Bất động sản,83,164,3802,18,37,841,True,True,True,False
233373,Thể thao,66,157,1908,14,31,402,True,True,True,False
1967,Du lịch,54,184,3285,12,40,709,True,True,True,False
143999,Xe,81,235,4477,18,52,998,True,True,True,False
13868,Giải trí,61,172,2522,15,40,569,True,True,True,False
178944,Giáo dục,69,120,1380,15,26,303,True,True,True,False
135406,Thời sự,79,179,6993,17,39,1545,True,True,True,False
24381,Kinh doanh,57,100,2358,11,19,499,True,True,True,False
182550,Khoa học công nghệ,65,158,10203,16,36,2251,True,True,True,False
165194,Giải trí,73,110,6112,15,23,1388,True,True,True,False
194078,Kinh doanh,78,155,4583,16,31,978,True,True,True,False
10431,Giải trí,64,173,5463,13,33,1119,True,True,True,False
61870,Khoa học công nghệ,55,133,1723,12,29,380,True,True,True,False
29107,Sức khỏe,45,218,3026,10,45,656,True,True,True,False
62298,Khoa học công nghệ,69,101,2245,14,21,491,True,True,True,False
189733,Kinh doanh,72,220,4453,15,46,928,True,True,True,False
117263,Sức khỏe,54,221,5311,13,51,1196,True,True,True,False
98243,Giáo dục,72,197,3786,16,45,853,True,True,True,False
57523,Khoa học công nghệ,55,268,6145,13,62,1340,True,True,True,False
97448,Giáo dục,42,178,3842,9,40,823,True,True,True,False
24018,Kinh doanh,86,229,3567,20,49,776,True,True,True,False
190106,Kinh doanh,60,176,4000,12,36,866,True,True,True,False
5424,Giáo dục,72,170,3157,18,40,693,True,True,True,False
93603,Giải trí,41,162,2750,9,37,624,True,True,True,False
24406,Kinh doanh,50,162,2486,11,35,521,True,True,True,False
77233,Du lịch,75,309,3015,17,69,656,True,True,True,False
149275,Bất động sản,50,135,2107,13,31,467,True,True,True,False
229268,Thể thao,66,141,1740,13,29,356,True,True,True,False
232597,Thể thao,65,152,5018,14,35,1060,True,True,True,False
44930,Thời sự,7,143,976,2,34,221,True,True,True,False
26455,Pháp luật,49,165,3513,11,39,766,True,True,True,False
65134,Khoa học công nghệ,59,228,2845,13,52,633,True,True,True,False
96923,Giáo dục,37,153,5266,9,32,1193,True,True,True,False
83536,Giải trí,62,246,4775,15,52,1055,True,True,True,False
262938,Đời sống,65,135,2612,16,31,590,True,True,True,False
242522,Thời sự,72,182,2653,17,41,598,True,True,True,False
183080,Khoa học công nghệ,78,245,2116,19,54,449,True,True,True,False
10797,Giải trí,74,176,4158,17,39,879,True,True,True,False
134458,Thời sự,68,203,2964,17,46,655,True,True,True,False
91110,Giải trí,55,142,2509,12,33,553,True,True,True,False
14683,Giải trí,69,178,5452,15,38,1157,True,True,True,False
188612,Kinh doanh,80,131,4625,17,29,1010,True,True,True,False
201664,Kinh doanh,70,226,4679,16,48,1016,True,True,True,False
23215,Kinh doanh,46,160,3762,11,36,799,True,True,True,False
46867,Thời sự,77,154,2270,17,35,510,True,True,True,False
146420,Xe,53,115,1820,12,24,406,True,True,True,False
75299,Du lịch,75,219,3094,16,50,669,True,True,True,False
170926,Giải trí,63,146,3084,15,34,671,True,True,True,False
109794,Kinh doanh,56,116,1905,11,25,412,True,True,True,False
213312,Sức khỏe,53,172,3891,13,40,865,True,True,True,False
185697,Khoa học công nghệ,74,177,3880,18,38,823,True,True,True,False
226376,Thể thao,46,114,1043,9,23,222,True,True,True,False
258978,Đời sống,56,149,3983,12,34,891,True,True,True,False
94430,Giải trí,50,99,1851,11,21,404,True,True,True,False
172613,Giáo dục,76,94,1396,16,21,305,True,True,True,False
167293,Giải trí,58,117,1754,13,27,388,True,True,True,False
32796,Thế giới,47,162,4659,11,39,1027,True,True,True,False
48702,Xe,63,109,3945,14,24,822,True,True,True,False
86919,Giải trí,64,172,1547,13,38,346,True,True,True,False
100877,Giáo dục,73,176,2256,14,41,495,True,True,True,False
159654,Giải trí,52,84,1443,10,19,300,True,True,True,False
89504,Giải trí,51,164,2445,11,36,548,True,True,True,False
91166,Giải trí,58,112,1636,13,25,369,True,True,True,False
194176,Kinh doanh,66,121,4344,14,25,904,True,True,True,False
54431,Khoa học công nghệ,33,262,2425,8,57,544,True,True,True,False
145599,Xe,53,107,2522,11,23,536,True,True,True,False
244763,Thời sự,76,199,2577,18,44,563,True,True,True,False
199380,Kinh doanh,64,245,3937,13,51,834,True,True,True,False
176937,Giáo dục,63,96,2589,15,21,561,True,True,True,False
239239,Thời sự,80,207,1883,20,44,420,True,True,True,False
84092,Giải trí,67,135,2474,16,29,553,True,True,True,False
190728,Kinh doanh,78,196,3325,19,45,726,True,True,True,False
175512,Giáo dục,63,214,4524,14,45,1014,True,True,True,False
133988,Thời sự,82,241,6802,16,53,1480,True,True,True,False
248951,Xe,79,146,3031,16,31,654,True,True,True,False
55650,Khoa học công nghệ,60,141,2107,13,32,449,True,True,True,False
128297,Thể thao,96,236,5474,20,52,1205,True,True,True,False
181729,Khoa học công nghệ,42,122,2330,9,24,499,True,True,True,False
65405,Khoa học công nghệ,74,222,4825,15,47,1006,True,True,True,False
99394,Giáo dục,72,170,2739,14,35,597,True,True,True,False
191285,Kinh doanh,79,221,9660,17,45,1998,True,True,True,False
81546,Giải trí,66,170,3028,15,38,694,True,True,True,False
9641,Giải trí,48,129,5698,11,28,1213,True,True,True,False
25911,Kinh doanh,75,132,3771,14,27,786,True,True,True,False
128078,Thể thao,76,135,3418,17,29,754,True,True,True,False
171777,Giải trí,60,147,2272,14,32,492,True,True,True,False
58227,Khoa học công nghệ,56,77,1624,14,17,362,True,True,True,False
221617,Thể thao,61,182,3512,14,39,734,True,True,True,False
211163,Sức khỏe,54,109,1280,12,23,283,True,True,True,False
218851,Thể thao,50,144,925,12,31,202,True,True,True,False
85989,Giải trí,68,228,3546,16,50,797,True,True,True,False
112616,Kinh doanh,64,355,3937,12,76,807,True,True,True,False
107866,Kinh doanh,37,158,6803,8,34,1512,True,True,True,False
54060,Khoa học công nghệ,61,159,4177,12,34,915,True,True,True,False
114113,Kinh doanh,36,138,2428,9,32,546,True,True,True,False
225523,Thể thao,44,157,3575,11,36,770,True,True,True,False
256131,Đời sống,75,130,3147,19,29,720,True,True,True,False
180340,Giáo dục,53,176,2750,12,37,603,True,True,True,False
97169,Giáo dục,67,179,5027,14,39,1110,True,True,True,False
110727,Kinh doanh,41,117,2211,8,25,481,True,True,True,False
190047,Kinh doanh,61,200,3575,13,39,760,True,True,True,False
135210,Thời sự,60,137,1026,15,32,228,True,True,True,True
188055,Khoa học công nghệ,70,122,4209,17,29,905,True,True,True,False
71054,Đời sống,62,98,1609,16,21,367,True,True,True,False
254372,Xe,45,119,2433,11,29,528,True,True,True,False
120536,Thế giới,71,223,5464,13,50,1124,True,True,True,False
227418,Thể thao,53,113,1960,11,24,410,True,True,True,False
42409,Thời sự,96,210,3560,22,46,771,True,True,True,False
58013,Khoa học công nghệ,68,125,1766,15,25,379,True,True,True,False
21195,Kinh doanh,61,218,4562,12,47,986,True,True,True,True
121596,Thế giới,61,129,3026,13,28,663,True,True,True,False
92012,Giải trí,53,161,3603,13,34,778,True,True,True,False
52652,Xe,64,107,1795,14,23,387,True,True,True,False
22379,Kinh doanh,51,204,2471,11,46,556,True,True,True,False
127038,Thể thao,85,98,2716,18,24,593,True,True,True,False
210597,Sức khỏe,60,161,7498,13,34,1634,True,True,True,False
86361,Giải trí,66,191,3758,17,42,851,True,True,True,False
125515,Thể thao,74,209,2118,17,45,459,True,True,True,False
80251,Giải trí,57,139,2001,14,31,458,True,True,True,False
156477,Giải trí,69,165,2414,16,36,521,True,True,True,False
151158,Bất động sản,78,153,7050,19,34,1548,True,True,True,False
94900,Giáo dục,70,129,3713,15,26,823,True,True,True,False
208342,Sức khỏe,50,96,1461,13,23,321,True,True,True,False
208266,Sức khỏe,34,85,2428,8,19,523,True,True,True,False
153171,Bất động sản,67,134,1327,16,30,290,True,True,True,False
92406,Giải trí,57,224,2541,13,48,557,True,True,True,False
10016,Giải trí,83,162,4271,20,37,927,True,True,True,False
20794,Kinh doanh,46,175,3249,10,37,700,True,True,True,False
31108,Sức khỏe,63,184,5886,15,41,1256,True,True,True,False
23243,Kinh doanh,49,104,3010,9,21,632,True,True,True,False
51691,Xe,80,134,2795,17,31,608,True,True,True,False
246522,Thời sự,80,213,2326,18,48,517,True,True,True,False
75980,Du lịch,64,350,2590,15,80,556,True,True,True,False
117733,Thế giới,55,167,2002,13,36,443,True,True,True,False
49539,Xe,61,104,2708,16,26,594,True,True,True,False
17210,Khoa học công nghệ,57,205,2914,14,46,644,True,True,True,False
88173,Giải trí,59,174,2666,14,38,588,True,True,True,False
31504,Sức khỏe,53,143,4793,13,34,1062,True,True,True,False
158641,Giải trí,72,135,4458,16,29,995,True,True,True,False
193465,Kinh doanh,77,189,2520,16,38,495,True,True,True,False
79190,Du lịch,43,205,3170,10,44,678,True,True,True,False
108688,Kinh doanh,73,174,2844,17,37,626,True,True,True,False
57266,Khoa học công nghệ,48,174,1720,9,35,361,True,True,True,False
37146,Thể thao,67,126,2574,14,25,509,True,True,True,False
13684,Giải trí,82,137,3371,18,30,737,True,True,True,False
168548,Giải trí,53,230,6870,10,49,1534,True,True,True,False
185931,Khoa học công nghệ,61,116,2772,12,28,590,True,True,True,False
219522,Thể thao,54,124,1296,12,28,269,True,True,True,False
70801,Đời sống,76,235,3881,18,52,895,True,True,True,False
151193,Bất động sản,80,217,3234,19,48,706,True,True,True,False
218890,Thể thao,57,142,1172,14,31,254,True,True,True,False
149255,Bất động sản,76,181,3300,18,40,707,True,True,True,False
142395,Thời sự,18,209,5994,5,48,1345,True,True,True,False
64434,Khoa học công nghệ,44,198,2525,10,43,533,True,True,True,False
93512,Giải trí,34,175,5522,9,39,1230,True,True,True,False
193990,Kinh doanh,68,152,4153,12,31,852,True,True,True,False
235505,Thể thao,63,156,1129,13,35,232,True,True,True,False
73442,Đời sống,74,243,2895,17,54,643,True,True,True,False
69165,Đời sống,60,161,5357,14,37,1258,True,True,True,False
156896,Giải trí,46,190,2549,11,44,549,True,True,True,False
256075,Đời sống,61,94,1775,15,22,385,True,True,True,False
116112,Sức khỏe,70,344,4583,16,80,1028,True,True,True,False
201936,Kinh doanh,70,155,1776,15,35,384,True,True,True,False
27640,Sức khỏe,42,211,3632,10,45,766,True,True,True,False
215970,Thế giới,74,122,2552,16,26,574,True,True,True,False
139373,Thời sự,55,160,3674,13,36,825,True,True,True,False
252944,Xe,73,157,3767,16,36,808,True,True,True,False
219924,Thể thao,68,123,1133,15,28,243,True,True,True,False
219999,Thể thao,55,154,2070,11,33,440,True,True,True,False
16628,Giải trí,52,149,3584,12,34,793,True,True,True,False
202717,Kinh doanh,73,128,1570,16,28,330,True,True,True,False
90820,Giải trí,50,177,3875,12,42,841,True,True,True,False
161086,Giải trí,77,164,1381,17,36,303,True,True,True,False
154602,Du lịch,75,166,4249,16,36,904,True,True,True,False
241033,Thời sự,80,134,1993,19,30,436,True,True,True,False
194515,Kinh doanh,77,216,6183,17,48,1363,True,True,True,False
140742,Thời sự,69,281,2502,13,57,530,True,True,True,False
107850,Kinh doanh,69,201,3606,17,46,793,True,True,True,False
57213,Khoa học công nghệ,41,148,1609,9,32,351,True,True,True,False
171369,Giải trí,79,161,2886,18,39,636,True,True,True,False
75382,Du lịch,48,209,5430,11,43,1194,True,True,True,False
264562,Đời sống,65,137,3991,15,31,913,True,True,True,False
138674,Thời sự,65,97,5238,13,19,1136,True,True,True,False
110744,Kinh doanh,84,149,1821,16,31,389,True,True,True,False
30686,Sức khỏe,22,199,4838,6,45,1074,True,True,True,False
257521,Đời sống,71,100,3998,17,24,903,True,True,True,False
50059,Xe,64,135,2018,16,32,458,True,True,True,False
148180,Xe,52,144,3577,11,31,750,True,True,True,False
112825,Kinh doanh,61,135,1808,13,32,398,True,True,True,False
129289,Thể thao,74,167,6249,18,38,1414,True,True,True,False
201275,Kinh doanh,76,176,3045,17,39,661,True,True,True,False
28610,Sức khỏe,68,133,3967,15,29,850,True,True,True,False
48418,Xe,77,170,3996,17,37,870,True,True,True,False
180038,Giáo dục,59,131,2629,13,29,557,True,True,True,False
228077,Thể thao,63,125,3272,13,25,661,True,True,True,False
225070,Thể thao,48,83,1662,11,18,361,True,True,True,False
56389,Khoa học công nghệ,38,191,1996,7,44,439,True,True,True,False
191483,Kinh doanh,53,206,3071,13,44,674,True,True,True,False
222084,Thể thao,72,121,1596,17,30,334,True,True,True,False
235909,Thể thao,68,186,1452,14,35,302,True,True,True,False
242459,Thời sự,66,205,2834,16,46,635,True,True,True,False
125617,Thể thao,85,215,2418,18,44,512,True,True,True,False
242124,Thời sự,73,192,1786,17,42,386,True,True,True,False
153825,Du lịch,39,141,6927,9,32,1525,True,True,True,False
172958,Giáo dục,56,136,3945,13,31,867,True,True,True,False
96523,Giáo dục,69,106,4129,15,24,889,True,True,True,False
135548,Thời sự,69,163,2330,16,38,499,True,True,True,False
10166,Giải trí,89,134,3909,18,30,808,True,True,True,False
27708,Sức khỏe,53,147,5357,12,34,1203,True,True,True,False
125996,Thể thao,59,179,3574,13,39,781,True,True,True,False
27454,Pháp luật,54,127,2679,15,31,605,True,True,True,False
161725,Giải trí,70,229,3683,16,50,806,True,True,True,False
111962,Kinh doanh,53,219,5048,12,45,1109,True,True,True,False
166088,Giải trí,50,174,5351,12,40,1166,True,True,True,False
64162,Khoa học công nghệ,54,163,1886,11,31,415,True,True,True,False
157499,Giải trí,66,195,1848,11,42,381,True,True,True,False
261981,Đời sống,71,138,1658,18,34,372,True,True,True,False
762,Bất động sản,74,190,3868,17,42,857,True,True,True,False
66795,Đời sống,78,294,5055,16,66,1100,True,True,True,False
91832,Giải trí,49,116,3468,11,26,767,True,True,True,False
166966,Giải trí,64,127,1900,15,28,418,True,True,True,False
94850,Giáo dục,58,236,3508,13,53,766,True,True,True,False
252857,Xe,54,153,5926,12,34,1280,True,True,True,False
5905,Giáo dục,71,209,4377,16,43,964,True,True,True,False
36447,Thể thao,43,132,2645,8,27,572,True,True,True,False
138816,Thời sự,61,220,3009,13,48,670,True,True,True,False
80841,Giải trí,69,141,3064,17,33,710,True,True,True,False
201723,Kinh doanh,73,163,3684,16,35,795,True,True,True,False
89178,Giải trí,68,115,2628,14,24,568,True,True,True,False
193329,Kinh doanh,57,165,2629,13,38,584,True,True,True,False
58529,Khoa học công nghệ,41,166,1103,11,39,249,True,True,True,False
218838,Thể thao,52,130,2668,12,30,567,True,True,True,False
261822,Đời sống,45,178,3571,10,40,810,True,True,True,False
68272,Đời sống,58,179,4091,13,40,883,True,True,True,False
81854,Giải trí,45,239,5433,10,54,1204,True,True,True,False
108544,Kinh doanh,81,296,2914,16,62,641,True,True,True,False
150984,Bất động sản,72,144,2037,17,32,457,True,True,True,False
99996,Giáo dục,47,185,2404,10,37,524,True,True,True,False
184334,Khoa học công nghệ,61,184,5346,13,39,1152,True,True,True,False
176563,Giáo dục,80,246,3521,17,52,763,True,True,True,False
86760,Giải trí,45,132,2738,12,29,619,True,True,True,False
153526,Bất động sản,57,125,4015,12,26,858,True,True,True,False
40739,Thể thao,41,106,1597,10,23,348,True,True,True,False
52482,Xe,52,140,1768,12,33,397,True,True,True,False
165851,Giải trí,79,138,994,19,33,206,True,True,True,False
166982,Giải trí,58,143,1854,13,32,395,True,True,True,False
253501,Xe,75,177,3135,16,39,690,True,True,True,False
206663,Sức khỏe,75,171,3866,18,39,876,True,True,True,False
110348,Kinh doanh,51,156,1579,10,34,329,True,True,True,False
7713,Giải trí,69,157,1715,15,36,375,True,True,True,False
83246,Giải trí,82,173,2959,18,39,660,True,True,True,False
55119,Khoa học công nghệ,49,124,4642,11,28,1000,True,True,True,False
47802,Xe,86,154,3709,15,32,792,True,True,True,False
196475,Kinh doanh,79,226,4902,17,48,1090,True,True,True,False
245667,Thời sự,75,199,3465,18,46,771,True,True,True,False
49775,Xe,61,105,4415,14,25,976,True,True,True,False
197562,Kinh doanh,69,203,4635,13,42,982,True,True,True,False
253717,Xe,71,134,2360,17,32,508,True,True,True,False
11106,Giải trí,70,150,2524,16,33,538,True,True,True,False
199957,Kinh doanh,60,175,2958,12,40,621,True,True,True,False
124727,Thể thao,54,191,2027,12,42,429,True,True,True,False
157268,Giải trí,72,154,1411,18,34,308,True,True,True,False
216272,Thế giới,44,142,867,10,31,180,True,True,True,False
149366,Bất động sản,54,248,4492,13,56,984,True,True,True,False
177010,Giáo dục,80,184,4235,21,45,973,True,True,True,False
97089,Giáo dục,62,177,6197,13,39,1398,True,True,True,False
27567,Sức khỏe,27,112,5179,8,24,1152,True,True,True,True
113002,Kinh doanh,60,198,1724,12,43,365,True,True,True,False
66172,Đời sống,60,346,5917,13,73,1310,True,True,True,False
106547,Kinh doanh,68,209,3563,15,44,775,True,True,True,False
44816,Thời sự,26,122,3559,5,27,784,True,True,True,False
252551,Xe,62,190,1544,16,43,346,True,True,True,False
38183,Thể thao,74,180,5718,17,41,1238,True,True,True,False
204979,Pháp luật,61,173,3509,14,39,796,True,True,True,False
112461,Kinh doanh,46,259,6465,10,59,1422,True,True,True,False
197941,Kinh doanh,57,192,3491,13,44,787,True,True,True,False
208459,Sức khỏe,77,200,1685,16,46,357,True,True,True,False
111843,Kinh doanh,32,293,11188,8,61,2526,True,True,True,False
41223,Thể thao,76,196,6839,16,42,1504,True,True,True,False
22078,Kinh doanh,46,207,3076,10,45,661,True,True,True,False
265535,Đời sống,63,142,4898,15,33,1131,True,True,True,False
52988,Khoa học công nghệ,60,216,1657,14,45,365,True,True,True,False
250113,Xe,74,175,3028,15,35,640,True,True,True,False
110887,Kinh doanh,39,138,1660,8,29,346,True,True,True,False
234322,Thể thao,45,120,755,10,24,150,True,True,True,False
124794,Thể thao,85,211,3022,16,42,633,True,True,True,False
195339,Kinh doanh,57,163,3856,13,37,804,True,True,True,False
215137,Thế giới,68,207,2000,15,44,432,True,True,True,False
254294,Xe,71,207,4349,16,48,969,True,True,True,False
169820,Giải trí,48,118,391,11,26,75,True,True,True,False
81147,Giải trí,71,115,3161,15,26,721,True,True,True,False
259633,Đời sống,56,85,3254,14,20,743,True,True,True,False
127964,Thể thao,85,128,2898,18,29,637,True,True,True,False
117896,Thế giới,60,132,1870,13,31,427,True,True,True,False
235372,Thể thao,45,118,2566,9,27,516,True,True,True,False
248625,Xe,80,123,2783,17,27,619,True,True,True,False
128981,Thể thao,73,209,3781,16,47,790,True,True,True,False
24939,Kinh doanh,85,143,3517,18,30,754,True,True,True,False
110243,Kinh doanh,74,113,2015,16,25,438,True,True,True,False
121044,Thế giới,65,169,2266,14,36,479,True,True,True,False
23120,Kinh doanh,59,160,1379,14,34,296,True,True,True,False
117981,Thế giới,52,143,1983,12,33,418,True,True,True,False
228294,Thể thao,44,114,443,9,24,90,True,True,True,False
253787,Xe,80,172,5486,17,34,1221,True,True,True,False
244088,Thời sự,60,194,3182,14,46,710,True,True,True,False
50486,Xe,64,114,3248,14,27,712,True,True,True,False
44996,Thời sự,17,123,974,5,28,218,True,True,True,False
177012,Giáo dục,74,116,2410,16,28,547,True,True,True,False
127905,Thể thao,82,205,2501,18,45,549,True,True,True,False
50232,Xe,84,89,2222,18,19,486,True,True,True,False
142605,Thời sự,37,333,6118,8,76,1362,True,True,True,False
211032,Sức khỏe,37,117,1262,10,25,286,True,True,True,False
147174,Xe,76,128,2248,16,29,500,True,True,True,False
229904,Thể thao,52,130,2621,12,26,514,True,True,True,False
27035,Pháp luật,48,220,3737,11,49,837,True,True,True,False
212353,Sức khỏe,59,116,3359,14,26,763,True,True,True,True
89078,Giải trí,39,130,1900,9,28,412,True,True,True,False
216876,Thế giới,78,168,1639,17,37,361,True,True,True,False
118310,Thế giới,62,108,1254,14,24,265,True,True,True,False
163001,Giải trí,49,169,1601,11,36,348,True,True,True,False
206660,Sức khỏe,42,241,5154,10,54,1120,True,True,True,False
81693,Giải trí,57,128,2405,13,28,545,True,True,True,False
204836,Pháp luật,69,100,974,15,23,215,True,True,True,False
178001,Giáo dục,67,197,4103,14,41,869,True,True,True,False
147832,Xe,71,289,5121,16,64,1136,True,True,True,False
57708,Khoa học công nghệ,56,177,1892,13,38,410,True,True,True,False
205100,Sức khỏe,59,178,3324,14,39,729,True,True,True,False
109723,Kinh doanh,73,151,2786,16,32,607,True,True,True,False
56938,Khoa học công nghệ,51,142,1997,11,31,423,True,True,True,False
252318,Xe,74,217,4706,18,50,1032,True,True,True,False
91647,Giải trí,38,198,1949,9,43,435,True,True,True,False
238814,Thời sự,52,214,3342,11,45,714,True,True,True,False
33837,Thế giới,56,116,1556,14,28,346,True,True,True,True
107464,Kinh doanh,85,217,6568,20,49,1434,True,True,True,False
196835,Kinh doanh,70,137,3808,16,31,839,True,True,True,False
102600,Giáo dục,55,289,3383,12,66,741,True,True,True,False
2089,Du lịch,69,118,5258,15,26,1130,True,True,True,False
200605,Kinh doanh,53,166,1810,10,34,377,True,True,True,False
43528,Thời sự,93,221,7811,19,46,1709,True,True,True,False
50308,Xe,96,127,7537,21,27,1650,True,True,True,False
193954,Kinh doanh,78,184,2303,16,38,492,True,True,True,False
19915,Kinh doanh,69,121,4252,14,27,907,True,True,True,False
105800,Kinh doanh,65,162,2899,14,34,637,True,True,True,False
46605,Thời sự,89,179,2345,20,38,517,True,True,True,False
175687,Giáo dục,58,188,1627,12,38,351,True,True,True,False
33481,Thế giới,61,201,2240,13,41,506,True,True,True,False
202002,Kinh doanh,69,179,3117,16,39,682,True,True,True,False
159471,Giải trí,69,182,1388,16,40,309,True,True,True,False
93126,Giải trí,41,254,3020,10,60,670,True,True,True,False
24714,Kinh doanh,76,208,3309,15,43,709,True,True,True,False
145472,Xe,61,265,3296,13,55,726,True,True,True,False
82138,Giải trí,44,139,2159,9,31,474,True,True,True,False
136490,Thời sự,71,116,4109,16,26,926,True,True,True,False
263241,Đời sống,54,127,3710,13,28,818,True,True,True,False
128301,Thể thao,95,135,1237,21,29,267,True,True,True,False
123032,Thế giới,60,148,2373,13,29,511,True,True,True,False
133178,Thời sự,68,216,3233,15,51,744,True,True,True,False
18952,Kinh doanh,55,169,1878,15,36,418,True,True,True,False
1850,Du lịch,46,167,2665,11,38,579,True,True,True,False
64726,Khoa học công nghệ,60,129,2279,11,26,474,True,True,True,False
104748,Kinh doanh,63,201,2461,14,46,539,True,True,True,False
176272,Giáo dục,57,135,3537,12,26,756,True,True,True,False
99623,Giáo dục,59,205,1878,14,43,410,True,True,True,False
20274,Kinh doanh,51,203,4252,12,45,914,True,True,True,False
161326,Giải trí,80,185,1657,18,39,362,True,True,True,False
157590,Giải trí,73,137,1573,16,31,329,True,True,True,False
228920,Thể thao,63,137,4742,14,28,958,True,True,True,False
52335,Xe,65,135,1990,15,29,442,True,True,True,False
67981,Đời sống,66,169,3855,16,38,830,True,True,True,False
15982,Giải trí,61,131,3292,13,29,687,True,True,True,False
52402,Xe,42,119,8284,10,27,1846,True,True,True,False
257720,Đời sống,68,118,4875,15,27,1110,True,True,True,False
76845,Du lịch,68,275,2947,14,61,631,True,True,True,False
179537,Giáo dục,53,79,1751,11,18,404,True,True,True,False
5081,Giáo dục,67,195,7789,16,42,1755,True,True,True,False
162706,Giải trí,51,115,1238,11,26,270,True,True,True,False
209028,Sức khỏe,54,116,2358,12,26,508,True,True,True,False
10216,Giải trí,62,134,4374,15,28,955,True,True,True,False
19982,Kinh doanh,64,177,3992,14,37,836,True,True,True,False
263132,Đời sống,51,193,2456,12,40,527,True,True,True,False
228517,Thể thao,43,154,1199,10,29,241,True,True,True,False
232028,Thể thao,63,128,1603,11,25,329,True,True,True,False
66848,Đời sống,57,168,6469,13,39,1464,True,True,True,False
124415,Thể thao,65,221,2725,12,47,588,True,True,True,False
224004,Thể thao,49,117,1245,11,26,272,True,True,True,False
216940,Thế giới,74,172,744,15,37,153,True,True,True,False
38813,Thể thao,95,223,2838,20,48,620,True,True,True,False
214306,Thế giới,36,150,5125,8,33,1134,True,True,True,False
60765,Khoa học công nghệ,57,124,1786,12,27,389,True,True,True,False
114925,Sức khỏe,51,242,3406,11,52,698,True,True,True,False
68420,Đời sống,88,234,1986,22,55,449,True,True,True,False
181688,Khoa học công nghệ,51,168,3786,12,37,818,True,True,True,False
162545,Giải trí,77,176,2698,16,38,565,True,True,True,False
33159,Thế giới,44,127,2788,10,30,595,True,True,True,False
65319,Khoa học công nghệ,70,186,3537,16,45,783,True,True,True,False
67168,Đời sống,48,218,1749,12,49,386,True,True,True,False
189744,Kinh doanh,65,148,3719,15,30,776,True,True,True,False
171180,Giải trí,74,234,4853,17,51,1070,True,True,True,False
101603,Giáo dục,48,133,4518,10,26,953,True,True,True,False
32855,Thế giới,30,233,5218,7,49,1161,True,True,True,False
233382,Thể thao,67,111,3511,12,20,684,True,True,True,False
218221,Thế giới,79,167,1652,16,34,354,True,True,True,False
247528,Xe,80,176,2233,18,38,482,True,True,True,False
48576,Xe,77,177,13464,17,40,3011,True,True,True,False
221702,Thể thao,53,152,1686,10,29,355,True,True,True,False
166340,Giải trí,60,117,1831,14,26,405,True,True,True,False
82503,Giải trí,75,147,2347,17,33,542,True,True,True,False
101578,Giáo dục,49,227,8423,11,52,1860,True,True,True,True
176948,Giáo dục,63,180,1663,15,40,362,True,True,True,False
76927,Du lịch,49,181,5605,10,38,1215,True,True,True,False
212350,Sức khỏe,45,127,2998,12,31,666,True,True,True,False
206499,Sức khỏe,66,141,1950,16,32,424,True,True,True,False
130971,Thể thao,83,199,2044,17,42,458,True,True,True,False
160491,Giải trí,54,166,3238,14,38,732,True,True,True,False
222631,Thể thao,59,141,775,14,31,148,True,True,True,False
150338,Bất động sản,63,159,2928,14,34,645,True,True,True,False
36228,Thể thao,61,120,2597,13,30,564,True,True,True,False
92292,Giải trí,55,209,3323,13,47,730,True,True,True,False
54553,Khoa học công nghệ,43,145,1665,8,30,355,True,True,True,False
185219,Khoa học công nghệ,46,247,2146,10,49,463,True,True,True,False
224327,Thể thao,56,127,1934,12,29,430,True,True,True,False
141817,Thời sự,67,212,3013,16,46,662,True,True,True,False
58759,Khoa học công nghệ,57,74,1328,13,15,277,True,True,True,False
83239,Giải trí,59,117,3079,14,26,684,True,True,True,False
96806,Giáo dục,42,156,7256,8,35,1607,True,True,True,True
45509,Thời sự,61,123,2010,14,28,450,True,True,True,False
18136,Kinh doanh,52,197,3813,12,46,798,True,True,True,False
1212,Bất động sản,65,157,3612,17,35,812,True,True,True,False
102940,Giáo dục,61,180,8427,13,40,1853,True,True,True,False
20089,Kinh doanh,78,212,3681,16,45,775,True,True,True,False
104001,Kinh doanh,38,111,6482,9,25,1377,True,True,True,False
185964,Khoa học công nghệ,80,166,2101,17,36,446,True,True,True,False
193638,Kinh doanh,44,130,1440,10,29,310,True,True,True,False
31724,Sức khỏe,50,177,3846,10,39,831,True,True,True,False
75964,Du lịch,55,394,2593,13,87,549,True,True,True,False
159619,Giải trí,39,114,1967,9,23,417,True,True,True,False
205835,Sức khỏe,77,226,2529,17,50,544,True,True,True,False
203309,Pháp luật,56,151,1600,13,34,342,True,True,True,False
233204,Thể thao,45,138,1128,9,25,232,True,True,True,False
112857,Kinh doanh,51,81,1841,10,18,398,True,True,True,False
109278,Kinh doanh,42,311,3358,8,67,733,True,True,True,False
132529,Thời sự,74,162,4217,18,35,931,True,True,True,False
118543,Thế giới,65,133,2606,14,32,545,True,True,True,False
68408,Đời sống,76,144,3857,17,31,869,True,True,True,False
109713,Kinh doanh,59,110,2184,13,24,472,True,True,True,False
232448,Thể thao,55,125,2506,11,25,509,True,True,True,False
101223,Giáo dục,51,121,2948,10,26,640,True,True,True,False
209804,Sức khỏe,77,138,2871,16,32,629,True,True,True,False
148049,Xe,70,143,3429,15,32,755,True,True,True,False
125775,Thể thao,82,224,2975,17,48,666,True,True,True,False
164979,Giải trí,53,107,1405,13,23,318,True,True,True,False
262646,Đời sống,67,137,2143,15,30,479,True,True,True,False
65567,Đời sống,81,144,4198,17,32,939,True,True,True,False
106849,Kinh doanh,57,153,1458,13,35,328,True,True,True,False
137850,Thời sự,65,151,3007,13,31,657,True,True,True,False
50138,Xe,59,105,1339,13,25,291,True,True,True,False
105410,Kinh doanh,81,214,4365,17,47,948,True,True,True,False
263239,Đời sống,77,165,6177,18,37,1376,True,True,True,False
16659,Giải trí,71,143,4378,15,30,912,True,True,True,False
216588,Thế giới,56,114,1431,11,24,299,True,True,True,False
15631,Giải trí,74,142,5838,17,32,1266,True,True,True,False
15729,Giải trí,76,118,3040,16,24,643,True,True,True,False
68568,Đời sống,75,162,3411,18,38,758,True,True,True,False
137732,Thời sự,65,144,1503,15,33,331,True,True,True,False
61130,Khoa học công nghệ,33,141,1627,7,28,345,True,True,True,False
74171,Đời sống,55,209,3784,13,45,854,True,True,True,False
167997,Giải trí,57,207,460,13,45,102,True,True,True,False
119133,Thế giới,23,163,1644,6,37,370,True,True,True,False
154787,Du lịch,75,191,1713,17,40,362,True,True,True,False
96891,Giáo dục,42,196,8537,10,42,1877,True,True,True,False
210073,Sức khỏe,46,152,1497,12,38,344,True,True,True,False
134808,Thời sự,64,204,7072,13,44,1548,True,True,True,True
135049,Thời sự,66,245,1685,16,55,376,True,True,True,False
9614,Giải trí,68,133,3320,17,30,706,True,True,True,False
45707,Thời sự,93,177,2100,24,41,470,True,True,True,False
198708,Kinh doanh,62,212,1224,11,39,252,True,True,True,False
110624,Kinh doanh,60,143,1942,13,34,420,True,True,True,False
69788,Đời sống,59,128,3635,14,28,823,True,True,True,False
142990,Thời sự,61,185,2094,15,42,456,True,True,True,False
257230,Đời sống,68,118,2071,16,29,468,True,True,True,False
10988,Giải trí,48,158,4166,11,34,910,True,True,True,False
160867,Giải trí,77,173,3728,17,38,805,True,True,True,False
117846,Thế giới,41,129,1469,9,27,319,True,True,True,False
215937,Thế giới,79,160,3177,18,37,700,True,True,True,False
100401,Giáo dục,50,191,5047,11,43,1136,True,True,True,False
164561,Giải trí,56,197,1631,12,41,332,True,True,True,False
101897,Giáo dục,75,308,2860,17,70,629,True,True,True,False
109461,Kinh doanh,36,124,830,8,27,190,True,True,True,False
74945,Du lịch,40,238,2626,10,53,582,True,True,True,False
80298,Giải trí,75,127,3094,15,26,679,True,True,True,False
44790,Thời sự,35,140,3262,8,32,716,True,True,True,False
150795,Bất động sản,38,187,3285,9,44,720,True,True,True,False
197111,Kinh doanh,51,197,3752,11,39,795,True,True,True,False
103130,Giáo dục,62,185,4678,15,41,1019,True,True,True,False
155485,Du lịch,76,208,3761,19,44,826,True,True,True,False
148511,Bất động sản,50,171,3881,9,36,847,True,True,True,False
238069,Thời sự,59,220,3345,14,49,761,True,True,True,False
108976,Kinh doanh,60,277,2649,14,65,589,True,True,True,False
121500,Thế giới,80,143,4315,16,28,920,True,True,True,False
57943,Khoa học công nghệ,62,103,2284,13,21,502,True,True,True,False
112378,Kinh doanh,25,144,6121,6,32,1334,True,True,True,False
157413,Giải trí,65,107,1067,15,25,240,True,True,True,False
206411,Sức khỏe,79,153,823,19,36,181,True,True,True,False
113462,Kinh doanh,73,127,1990,15,29,433,True,True,True,False
163854,Giải trí,57,136,2417,14,31,534,True,True,True,False
261683,Đời sống,77,179,2556,17,43,567,True,True,True,False
59841,Khoa học công nghệ,63,134,1261,12,27,274,True,True,True,False
155603,Du lịch,71,181,3423,16,39,748,True,True,True,False
159436,Giải trí,59,155,1246,14,36,275,True,True,True,False
161714,Giải trí,49,151,3288,11,35,710,True,True,True,False
163046,Giải trí,57,169,2302,14,38,505,True,True,True,False
113039,Kinh doanh,78,270,4639,16,56,973,True,True,True,False
141809,Thời sự,78,129,2758,17,27,605,True,True,True,False
29383,Sức khỏe,84,192,4717,20,42,1024,True,True,True,False
45400,Thời sự,86,183,5208,19,39,1134,True,True,True,False
50257,Xe,89,111,2721,19,26,582,True,True,True,False
118095,Thế giới,79,189,1870,16,41,408,True,True,True,False
141607,Thời sự,77,225,3365,16,46,721,True,True,True,False
8517,Giải trí,75,240,5836,15,47,1274,True,True,True,False
35816,Thế giới,43,146,1742,9,30,360,True,True,True,False
142049,Thời sự,48,90,6797,11,20,1499,True,True,True,False
265519,Đời sống,66,98,5133,15,22,1160,True,True,True,False
80064,Giải trí,58,131,3455,12,28,768,True,True,True,False
11457,Giải trí,64,138,2547,14,28,528,True,True,True,False
76471,Du lịch,71,380,2693,15,84,568,True,True,True,False
101170,Giáo dục,44,305,5331,11,70,1188,True,True,True,False
144173,Xe,57,182,2311,13,42,495,True,True,True,False
84433,Giải trí,63,122,2459,14,25,534,True,True,True,False
138161,Thời sự,58,209,3419,13,47,748,True,True,True,False
119712,Thế giới,76,142,2166,17,31,456,True,True,True,False
163508,Giải trí,75,163,5949,17,36,1312,True,True,True,False
59590,Khoa học công nghệ,52,183,3391,11,40,743,True,True,True,False
225465,Thể thao,54,90,1733,10,20,360,True,True,True,False
199784,Kinh doanh,75,241,3346,17,53,689,True,True,True,False
148478,Bất động sản,80,244,3747,17,54,799,True,True,True,False
173402,Giáo dục,75,238,3305,17,53,730,True,True,True,False
229851,Thể thao,65,146,2463,14,30,536,True,True,True,False
152434,Bất động sản,52,200,3593,12,46,793,True,True,True,False
119186,Thế giới,30,135,1674,7,29,373,True,True,True,False
80935,Giải trí,61,363,5714,13,74,1220,True,True,True,False
92956,Giải trí,40,134,2072,10,29,469,True,True,True,False
51806,Xe,96,133,4134,21,28,921,True,True,True,False
101701,Giáo dục,62,228,7887,13,46,1710,True,True,True,False
3684,Giáo dục,65,98,6784,15,21,1534,True,True,True,False
142110,Thời sự,66,228,6125,14,49,1352,True,True,True,False
207677,Sức khỏe,80,155,1681,17,33,368,True,True,True,False
105381,Kinh doanh,46,365,6721,11,81,1488,True,True,True,False
103457,Giáo dục,51,137,1901,11,31,403,True,True,True,False
19733,Kinh doanh,52,150,3050,13,34,662,True,True,True,False
85969,Giải trí,57,165,1623,13,37,365,True,True,True,False
162046,Giải trí,54,203,2604,11,40,531,True,True,True,False
65627,Đời sống,63,133,3539,15,29,777,True,True,True,True
153449,Bất động sản,57,174,1897,13,40,415,True,True,True,False
181725,Khoa học công nghệ,42,127,2029,9,26,431,True,True,True,False
179151,Giáo dục,62,142,11247,14,31,2549,True,True,True,False
97087,Giáo dục,73,212,7303,16,49,1614,True,True,True,True
160443,Giải trí,72,135,3026,18,33,689,True,True,True,False
173813,Giáo dục,65,162,2802,14,35,599,True,True,True,False
56918,Khoa học công nghệ,44,133,2495,11,29,546,True,True,True,False
159096,Giải trí,69,153,1222,15,33,266,True,True,True,False
220560,Thể thao,67,126,2070,15,27,453,True,True,True,False
56410,Khoa học công nghệ,75,152,2042,14,31,428,True,True,True,False
160924,Giải trí,72,143,2521,17,34,545,True,True,True,False
21067,Kinh doanh,55,164,3670,12,34,788,True,True,True,False
32377,Thế giới,55,165,4202,13,36,904,True,True,True,False
116461,Sức khỏe,57,258,9576,13,57,1993,True,True,True,False
104586,Kinh doanh,63,108,3767,13,22,808,True,True,True,False
137197,Thời sự,57,112,1235,14,26,282,True,True,True,False
258553,Đời sống,57,134,1980,13,31,436,True,True,True,False
93601,Giải trí,63,145,2680,13,28,593,True,True,True,False
42666,Thời sự,74,236,7709,17,53,1690,True,True,True,False
233306,Thể thao,47,135,1150,9,28,232,True,True,True,False
57990,Khoa học công nghệ,47,210,1845,11,45,408,True,True,True,False
181627,Khoa học công nghệ,60,92,2371,12,17,469,True,True,True,False
31520,Sức khỏe,73,151,2248,17,36,501,True,True,True,False
43473,Thời sự,65,109,7128,17,23,1557,True,True,True,False
217528,Thế giới,77,155,3587,16,35,762,True,True,True,False
134854,Thời sự,37,161,5416,9,34,1189,True,True,True,False
24012,Kinh doanh,81,189,4705,17,40,1011,True,True,True,False
184545,Khoa học công nghệ,71,207,3906,15,45,824,True,True,True,False
134356,Thời sự,75,164,2315,17,37,526,True,True,True,False
9723,Giải trí,96,170,4748,19,34,956,True,True,True,False
54028,Khoa học công nghệ,29,127,3370,7,28,742,True,True,True,True
23776,Kinh doanh,85,158,3532,18,28,731,True,True,True,False
16890,Khoa học công nghệ,49,209,3542,10,45,776,True,True,True,False
194261,Kinh doanh,68,134,2432,17,30,543,True,True,True,False
158705,Giải trí,37,105,1870,9,25,404,True,True,True,False
64586,Khoa học công nghệ,51,99,1572,8,20,323,True,True,True,False
34518,Thế giới,72,136,1530,16,33,330,True,True,True,False
41212,Thể thao,91,154,4923,21,34,1077,True,True,True,False
146470,Xe,73,274,4490,16,60,973,True,True,True,False
16813,Khoa học công nghệ,63,195,3743,14,44,817,True,True,True,False
81816,Giải trí,70,128,1936,15,30,447,True,True,True,False
193360,Kinh doanh,68,233,3567,14,46,745,True,True,True,False
91065,Giải trí,43,147,1494,9,32,331,True,True,True,False
19685,Kinh doanh,84,154,2692,19,37,586,True,True,True,False
181866,Khoa học công nghệ,75,104,1407,16,22,302,True,True,True,False
187413,Khoa học công nghệ,79,245,5259,16,51,1038,True,True,True,False
217801,Thế giới,62,121,1633,14,27,359,True,True,True,False
198422,Kinh doanh,70,229,4487,15,52,971,True,True,True,False
55440,Khoa học công nghệ,44,217,2379,10,47,543,True,True,True,False
65508,Đời sống,66,196,4400,15,43,960,True,True,True,False
147566,Xe,67,153,2252,16,34,506,True,True,True,False
229305,Thể thao,50,124,1942,10,26,414,True,True,True,False
246682,Thời sự,74,213,1753,18,47,385,True,True,True,False
161507,Giải trí,42,187,1010,9,40,218,True,True,True,False
86351,Giải trí,54,178,1865,12,40,416,True,True,True,False
129775,Thể thao,36,98,2716,8,23,594,True,True,True,False
83566,Giải trí,61,121,2853,15,26,622,True,True,True,False
16137,Giải trí,93,241,5441,18,50,1101,True,True,True,False
38666,Thể thao,54,124,1498,12,28,339,True,True,True,False
235286,Thể thao,67,123,3556,16,26,741,True,True,True,False
141628,Thời sự,63,216,2651,16,48,566,True,True,True,False
154643,Du lịch,46,108,1899,11,24,428,True,True,True,False
127282,Thể thao,96,109,2778,20,24,605,True,True,True,False
247562,Xe,77,225,3867,18,53,857,True,True,True,False
160500,Giải trí,55,141,2158,11,29,461,True,True,True,False
81237,Giải trí,68,132,1979,16,32,446,True,True,True,False
6223,Giáo dục,60,181,5842,14,40,1261,True,True,True,False
245574,Thời sự,55,178,1241,13,40,283,True,True,True,False
71337,Đời sống,77,154,1995,18,35,456,True,True,True,False
221514,Thể thao,71,185,2448,16,42,533,True,True,True,False
226137,Thể thao,67,151,1408,14,33,280,True,True,True,False
188273,Khoa học công nghệ,52,146,1929,11,33,392,True,True,True,False
171579,Giải trí,43,161,3066,10,33,669,True,True,True,False
259438,Đời sống,65,224,6930,15,52,1539,True,True,True,False
245608,Thời sự,71,161,3116,17,38,723,True,True,True,False
257170,Đời sống,68,148,1282,17,33,291,True,True,True,False
75830,Du lịch,50,338,2890,12,75,643,True,True,True,False
161491,Giải trí,73,178,2704,16,37,588,True,True,True,False
167244,Giải trí,43,110,9894,10,24,2194,True,True,True,False
84633,Giải trí,65,184,2850,16,44,639,True,True,True,False
109749,Kinh doanh,51,199,2987,12,44,657,True,True,True,False
98839,Giáo dục,55,205,4752,11,45,1038,True,True,True,False
75654,Du lịch,57,150,3104,13,34,683,True,True,True,False
139558,Thời sự,68,197,4188,15,45,942,True,True,True,False
156360,Du lịch,72,180,2421,16,41,527,True,True,True,False
97510,Giáo dục,45,181,2544,10,40,560,True,True,True,False
89850,Giải trí,62,233,9339,13,52,2119,True,True,True,False
27306,Pháp luật,69,221,4856,16,53,1128,True,True,True,False
233854,Thể thao,54,118,927,10,24,193,True,True,True,False
131208,Thể thao,47,137,3040,11,29,668,True,True,True,False
11914,Giải trí,66,227,3853,16,50,853,True,True,True,False
199186,Kinh doanh,41,249,2321,9,55,504,True,True,True,False
133668,Thời sự,60,147,1914,14,32,422,True,True,True,False
205784,Sức khỏe,69,163,2464,15,36,536,True,True,True,False
94973,Giáo dục,49,203,9303,10,44,2023,True,True,True,False
103052,Giáo dục,64,263,5868,14,62,1302,True,True,True,False
20150,Kinh doanh,60,123,7735,12,25,1589,True,True,True,False
251976,Xe,71,181,1749,15,42,384,True,True,True,False
217331,Thế giới,71,190,1379,16,41,294,True,True,True,False
51428,Xe,52,192,3544,12,41,757,True,True,True,False
116041,Sức khỏe,70,291,14190,16,63,2982,True,True,True,False
104312,Kinh doanh,60,179,2259,15,40,492,True,True,True,False
9075,Giải trí,86,134,3717,20,30,817,True,True,True,False
16549,Giải trí,79,224,3100,18,48,671,True,True,True,False
104719,Kinh doanh,67,209,2386,15,48,525,True,True,True,False
157834,Giải trí,74,146,1639,15,31,354,True,True,True,False
155036,Du lịch,60,141,4572,13,31,993,True,True,True,False
23599,Kinh doanh,80,205,3185,16,44,665,True,True,True,False
207628,Sức khỏe,79,181,2005,21,42,439,True,True,True,False
183770,Khoa học công nghệ,54,178,3414,13,40,756,True,True,True,False
170821,Giải trí,46,121,2407,10,25,494,True,True,True,False
19882,Kinh doanh,35,178,5046,8,37,1082,True,True,True,False
180106,Giáo dục,62,206,1587,14,46,346,True,True,True,False
115901,Sức khỏe,74,346,10639,17,78,2259,True,True,True,False
78031,Du lịch,79,195,4857,15,41,1028,True,True,True,False
98021,Giáo dục,86,219,2629,17,46,536,True,True,True,False
168873,Giải trí,64,130,2398,15,27,521,True,True,True,False
37516,Thể thao,62,132,1963,12,25,406,True,True,True,False
47859,Xe,81,87,1346,17,19,289,True,True,True,False
91754,Giải trí,69,210,2617,15,47,582,True,True,True,False
132588,Thời sự,79,279,3899,17,64,861,True,True,True,False
124923,Thể thao,76,222,3452,16,48,751,True,True,True,False
133008,Thời sự,76,209,2628,16,44,576,True,True,True,False
199763,Kinh doanh,64,156,1757,13,36,367,True,True,True,False
36004,Thế giới,67,186,2917,16,42,626,True,True,True,False
232329,Thể thao,51,112,5609,10,22,1155,True,True,True,False
175905,Giáo dục,44,210,5066,9,47,1118,True,True,True,False
55393,Khoa học công nghệ,43,135,1923,11,31,434,True,True,True,False
160113,Giải trí,66,132,1175,14,28,223,True,True,True,False
182234,Khoa học công nghệ,71,244,4206,16,51,917,True,True,True,False
162290,Giải trí,64,102,2328,14,24,488,True,True,True,False
65872,Đời sống,79,177,3700,17,39,839,True,True,True,False
91495,Giải trí,78,200,5109,17,41,1107,True,True,True,False
226452,Thể thao,64,135,2341,13,27,435,True,True,True,False
121074,Thế giới,46,157,3896,10,35,842,True,True,True,False
153256,Bất động sản,69,199,3436,15,45,764,True,True,True,False
92575,Giải trí,61,201,4167,14,44,924,True,True,True,False
201750,Kinh doanh,53,215,2706,11,45,568,True,True,True,False
248477,Xe,67,179,4116,14,35,870,True,True,True,False
202370,Kinh doanh,64,164,4310,14,35,931,True,True,True,False
16808,Khoa học công nghệ,91,231,2986,19,51,607,True,True,True,False
171834,Giải trí,55,134,1829,12,31,400,True,True,True,False
136614,Thời sự,33,105,5338,7,23,1186,True,True,True,False
221903,Thể thao,52,146,2631,9,31,550,True,True,True,False
175182,Giáo dục,76,218,10148,18,49,2210,True,True,True,False
261517,Đời sống,55,148,1893,13,32,397,True,True,True,False
163072,Giải trí,78,150,8683,19,33,1939,True,True,True,False
237783,Thời sự,41,119,867,10,26,186,True,True,True,False
146766,Xe,58,148,3310,14,34,731,True,True,True,False
225931,Thể thao,41,162,1338,8,30,281,True,True,True,False
239260,Thời sự,58,167,992,14,36,221,True,True,True,False
75435,Du lịch,59,125,3035,14,28,673,True,True,True,False
21202,Kinh doanh,70,208,2626,15,46,550,True,True,True,False
181849,Khoa học công nghệ,80,168,4118,17,36,881,True,True,True,False
1475,Du lịch,50,248,5377,13,50,1093,True,True,True,False
14438,Giải trí,65,214,2465,12,44,511,True,True,True,False
77173,Du lịch,65,325,2792,16,73,611,True,True,True,False
104928,Kinh doanh,49,219,3299,11,42,711,True,True,True,False
246433,Thời sự,79,182,1038,19,44,227,True,True,True,False
7894,Giải trí,64,171,1161,16,38,249,True,True,True,False
213586,Sức khỏe,61,126,2984,14,30,648,True,True,True,False
72630,Đời sống,90,164,5410,20,39,1239,True,True,True,False
136109,Thời sự,71,155,1660,16,35,369,True,True,True,False
189619,Kinh doanh,53,105,2049,12,24,451,True,True,True,False
153325,Bất động sản,35,76,1293,8,17,276,True,True,True,False
142777,Thời sự,18,183,2569,4,39,570,True,True,True,False
57579,Khoa học công nghệ,50,167,1619,10,38,354,True,True,True,False
159959,Giải trí,64,110,1311,17,26,290,True,True,True,False
229116,Thể thao,74,141,2068,13,29,402,True,True,True,False
161292,Giải trí,48,194,2090,10,46,464,True,True,True,False
35577,Thế giới,71,160,2812,15,36,583,True,True,True,False
260714,Đời sống,74,115,530,16,24,113,True,True,True,False
154871,Du lịch,77,145,2175,18,34,478,True,True,True,False
152811,Bất động sản,53,205,4278,11,44,934,True,True,True,False
108356,Kinh doanh,54,161,2457,11,34,532,True,True,True,False
34486,Thế giới,32,131,2115,8,33,465,True,True,True,False
185308,Khoa học công nghệ,63,215,3116,13,45,643,True,True,True,False
163079,Giải trí,78,190,1320,18,41,282,True,True,True,False
149848,Bất động sản,52,193,4696,11,37,1013,True,True,True,False
16745,Giải trí,70,163,3973,15,36,859,True,True,True,False
202015,Kinh doanh,79,174,3102,17,38,675,True,True,True,False
250532,Xe,76,206,1795,19,47,395,True,True,True,False
109340,Kinh doanh,66,257,1721,15,57,401,True,True,True,False
15130,Giải trí,96,245,6846,21,53,1471,True,True,True,False
9481,Giải trí,77,181,5438,16,40,1213,True,True,True,False
193778,Kinh doanh,68,246,2685,15,56,573,True,True,True,False
51431,Xe,82,150,2621,18,35,576,True,True,True,False
50457,Xe,62,93,3845,13,21,833,True,True,True,False
120022,Thế giới,31,253,1669,7,52,342,True,True,True,False
5406,Giáo dục,61,147,1455,13,33,316,True,True,True,False
122838,Thế giới,58,155,4650,11,33,971,True,True,True,False
175599,Giáo dục,75,186,3266,16,39,722,True,True,True,False
114283,Sức khỏe,67,209,5209,14,46,1142,True,True,True,False
53110,Khoa học công nghệ,64,169,5566,14,34,1194,True,True,True,False
33668,Thế giới,67,140,1974,14,32,433,True,True,True,False
99856,Giáo dục,75,238,6901,16,51,1500,True,True,True,False
184639,Khoa học công nghệ,62,191,5077,14,41,1119,True,True,True,False
112986,Kinh doanh,78,176,2269,15,36,491,True,True,True,False
163689,Giải trí,52,169,2717,13,36,586,True,True,True,False
155847,Du lịch,80,218,4257,19,47,929,True,True,True,False
179963,Giáo dục,74,177,2348,15,40,500,True,True,True,False
148587,Bất động sản,63,231,1624,15,50,355,True,True,True,False
221878,Thể thao,46,164,1710,10,33,357,True,True,True,False
193585,Kinh doanh,58,122,3250,14,28,685,True,True,True,False
238875,Thời sự,73,150,1047,17,33,226,True,True,True,False
225411,Thể thao,53,141,1204,13,31,256,True,True,True,False
69832,Đời sống,58,121,3106,14,28,696,True,True,True,False
37391,Thể thao,42,145,2644,9,31,593,True,True,True,False
252280,Xe,54,182,3879,13,39,841,True,True,True,False
148248,Xe,72,247,5569,14,51,1217,True,True,True,False
213491,Sức khỏe,73,173,3667,16,38,817,True,True,True,False
6461,Giáo dục,64,169,1414,14,39,311,True,True,True,False
88995,Giải trí,62,195,1934,14,43,436,True,True,True,False
204967,Pháp luật,66,213,2771,17,47,627,True,True,True,False
61819,Khoa học công nghệ,68,220,2805,14,46,614,True,True,True,False
146043,Xe,60,252,3844,14,56,850,True,True,True,False
229775,Thể thao,61,107,687,15,26,131,True,True,True,False
19151,Kinh doanh,60,153,3190,13,33,697,True,True,True,False
32418,Thế giới,62,165,5123,12,34,1073,True,True,True,False
264571,Đời sống,75,152,4231,18,33,955,True,True,True,False
242647,Thời sự,77,179,4446,19,44,990,True,True,True,False
44544,Thời sự,36,157,3634,7,34,806,True,True,True,False
239214,Thời sự,71,175,2102,15,38,479,True,True,True,False
111579,Kinh doanh,48,206,1438,12,46,300,True,True,True,False
241750,Thời sự,43,160,3511,10,37,763,True,True,True,False
41024,Thể thao,33,133,3804,8,30,822,True,True,True,False
73174,Đời sống,71,187,4007,17,43,898,True,True,True,False
147428,Xe,59,107,2475,14,26,551,True,True,True,False
183574,Khoa học công nghệ,73,124,4465,15,25,947,True,True,True,False
118341,Thế giới,54,179,1820,12,37,386,True,True,True,False
145251,Xe,52,119,2131,11,26,453,True,True,True,False
248755,Xe,73,177,3660,16,39,797,True,True,True,False
102299,Giáo dục,44,205,4617,9,48,999,True,True,True,True
57573,Khoa học công nghệ,63,182,3437,14,38,754,True,True,True,False
178030,Giáo dục,65,109,1289,16,24,277,True,True,True,False
126937,Thể thao,49,174,4359,11,37,966,True,True,True,False
90372,Giải trí,65,211,2252,15,48,489,True,True,True,False
101947,Giáo dục,50,155,3033,13,36,684,True,True,True,False
246778,Thời sự,69,187,2266,17,41,520,True,True,True,False
67179,Đời sống,73,148,1462,16,36,340,True,True,True,False
181581,Khoa học công nghệ,75,179,3711,16,37,827,True,True,True,False
163752,Giải trí,74,134,3574,16,30,771,True,True,True,False
207699,Sức khỏe,77,171,3257,17,39,713,True,True,True,False
160167,Giải trí,77,72,2888,18,18,653,True,True,True,False
238460,Thời sự,65,150,1273,14,31,268,True,True,True,False
44188,Thời sự,25,150,3763,8,29,838,True,True,True,False
121967,Thế giới,70,146,2066,15,32,453,True,True,True,False
22206,Kinh doanh,80,204,3501,16,43,744,True,True,True,False
141264,Thời sự,65,130,2141,14,29,457,True,True,True,False
141293,Thời sự,75,250,1830,17,53,388,True,True,True,False
250654,Xe,77,165,2173,17,37,477,True,True,True,False
135289,Thời sự,31,166,4353,6,38,960,True,True,True,False
35761,Thế giới,39,146,4933,9,32,1063,True,True,True,False
62465,Khoa học công nghệ,45,95,1549,11,21,353,True,True,True,False
86322,Giải trí,62,187,1989,15,42,446,True,True,True,False
50353,Xe,62,178,5283,11,36,1080,True,True,True,False
30509,Sức khỏe,65,227,4251,15,50,941,True,True,True,False
233081,Thể thao,21,132,1572,6,30,327,True,True,True,False
230493,Thể thao,53,111,2166,10,23,429,True,True,True,False
27829,Sức khỏe,58,170,4675,14,38,1039,True,True,True,False
81617,Giải trí,43,280,3346,10,59,700,True,True,True,False
101022,Giáo dục,77,182,3355,17,37,735,True,True,True,False
66925,Đời sống,67,103,1639,16,22,387,True,True,True,False
25887,Kinh doanh,43,160,4538,8,33,931,True,True,True,False
72071,Đời sống,66,186,4382,17,41,994,True,True,True,False
86098,Giải trí,78,142,2397,16,32,543,True,True,True,False
263421,Đời sống,58,183,4595,14,43,1035,True,True,True,False
41916,Thể thao,70,157,1591,16,36,353,True,True,True,False
98200,Giáo dục,72,172,4716,16,37,1022,True,True,True,False
85286,Giải trí,73,186,3192,17,42,712,True,True,True,False
206773,Sức khỏe,55,152,2082,13,35,457,True,True,True,False
42794,Thời sự,73,122,7515,18,28,1645,True,True,True,False
134210,Thời sự,70,147,3780,17,33,839,True,True,True,False
214824,Thế giới,67,175,4103,15,38,909,True,True,True,False
175242,Giáo dục,61,142,1192,14,30,268,True,True,True,False
92369,Giải trí,70,195,2444,16,45,530,True,True,True,False
89229,Giải trí,43,123,1416,11,28,315,True,True,True,False
235201,Thể thao,39,155,1664,9,33,365,True,True,True,False
118522,Thế giới,67,162,1483,14,34,320,True,True,True,False
54004,Khoa học công nghệ,38,161,1767,10,33,403,True,True,True,False
46636,Thời sự,82,152,2293,18,34,506,True,True,True,False
246944,Thời sự,73,174,1999,17,39,436,True,True,True,False
183181,Khoa học công nghệ,71,150,4442,15,33,964,True,True,True,False
177634,Giáo dục,79,125,1523,17,26,320,True,True,True,False
199755,Kinh doanh,73,198,4760,16,44,1045,True,True,True,False
127323,Thể thao,70,179,2727,15,38,566,True,True,True,False
112013,Kinh doanh,60,94,1891,12,21,417,True,True,True,False
149399,Bất động sản,77,210,4178,16,45,906,True,True,True,False
91966,Giải trí,67,192,3739,15,44,823,True,True,True,False
140502,Thời sự,66,182,3742,15,40,831,True,True,True,False
188562,Kinh doanh,75,198,4330,17,43,912,True,True,True,False
249895,Xe,74,187,3023,15,40,659,True,True,True,False
15209,Giải trí,89,154,2218,18,37,484,True,True,True,False
237398,Thời sự,54,213,3961,14,52,898,True,True,True,False
53819,Khoa học công nghệ,49,178,1202,11,41,267,True,True,True,False
209407,Sức khỏe,68,142,2485,16,34,558,True,True,True,False
87049,Giải trí,42,132,2072,11,30,459,True,True,True,False
175032,Giáo dục,63,197,3074,15,43,657,True,True,True,False
45898,Thời sự,61,146,1477,14,32,321,True,True,True,False
103927,Giáo dục,47,178,7713,10,38,1659,True,True,True,False
93561,Giải trí,48,143,2984,12,32,674,True,True,True,False
238238,Thời sự,65,192,2861,16,45,626,True,True,True,False
29478,Sức khỏe,70,186,6773,16,46,1502,True,True,True,False
190546,Kinh doanh,72,164,2537,15,36,533,True,True,True,False
202407,Kinh doanh,80,206,4564,18,43,968,True,True,True,False
141568,Thời sự,57,157,1945,13,35,428,True,True,True,False
22891,Kinh doanh,59,223,5216,11,44,1104,True,True,True,False
254201,Xe,80,138,1480,18,32,308,True,True,True,False
126654,Thể thao,90,164,4574,19,36,1022,True,True,True,False
231151,Thể thao,59,157,1455,13,35,312,True,True,True,False
87967,Giải trí,59,139,2833,14,32,623,True,True,True,False
43313,Thời sự,34,226,6404,7,51,1456,True,True,True,False
186251,Khoa học công nghệ,66,196,4156,15,41,899,True,True,True,False
52818,Khoa học công nghệ,43,138,2896,10,31,641,True,True,True,False
225597,Thể thao,62,169,2539,14,37,545,True,True,True,False
6171,Giáo dục,40,155,4202,10,39,947,True,True,True,False
190778,Kinh doanh,71,130,3242,15,27,688,True,True,True,False
73599,Đời sống,46,159,3357,10,35,750,True,True,True,False
133376,Thời sự,68,208,2256,14,42,494,True,True,True,False
123920,Thể thao,42,150,1632,8,34,358,True,True,True,False
243968,Thời sự,69,128,4367,16,30,967,True,True,True,False
148545,Bất động sản,67,213,4160,15,47,899,True,True,True,False
141550,Thời sự,66,247,3359,14,53,709,True,True,True,False
7785,Giải trí,42,118,3005,9,28,649,True,True,True,False
72015,Đời sống,61,193,3281,15,45,731,True,True,True,False
255844,Đời sống,72,162,5076,17,36,1125,True,True,True,False
164263,Giải trí,51,107,2183,11,22,473,True,True,True,False
162728,Giải trí,53,208,2045,12,44,431,True,True,True,False
118094,Thế giới,50,147,1610,12,32,349,True,True,True,False
140467,Thời sự,63,142,919,13,30,201,True,True,True,False
175094,Giáo dục,80,240,5503,18,52,1224,True,True,True,False
133700,Thời sự,61,173,3789,14,40,830,True,True,True,False
237888,Thời sự,75,137,4146,18,30,912,True,True,True,False
174084,Giáo dục,65,158,1759,15,35,380,True,True,True,False
105200,Kinh doanh,54,295,2176,12,67,481,True,True,True,False
94715,Giáo dục,64,254,3478,15,54,744,True,True,True,False
245956,Thời sự,73,124,924,17,30,208,True,True,True,False
185545,Khoa học công nghệ,59,146,7623,13,34,1661,True,True,True,False
192481,Kinh doanh,72,153,2587,14,29,541,True,True,True,False
27777,Sức khỏe,51,169,6104,11,36,1332,True,True,True,False
7031,Giải trí,78,130,1939,18,26,413,True,True,True,False
118424,Thế giới,79,158,1636,17,35,343,True,True,True,False
118445,Thế giới,53,128,2438,11,30,528,True,True,True,False
165700,Giải trí,77,160,1767,17,32,371,True,True,True,False
152829,Bất động sản,68,203,4026,15,45,877,True,True,True,False
86969,Giải trí,68,138,3281,16,31,715,True,True,True,False
265719,Đời sống,53,179,2832,13,42,642,True,True,True,False
93908,Giải trí,46,107,1899,11,24,429,True,True,True,False
82671,Giải trí,75,189,4141,17,40,915,True,True,True,False
191544,Kinh doanh,47,190,1737,11,43,388,True,True,True,False
76249,Du lịch,67,370,3014,15,81,638,True,True,True,False
64286,Khoa học công nghệ,55,183,1766,11,38,376,True,True,True,False
7463,Giải trí,34,141,5176,7,30,1082,True,True,True,False
69882,Đời sống,65,131,1460,14,32,321,True,True,True,False
113447,Kinh doanh,44,92,1702,9,20,371,True,True,True,False
146092,Xe,45,236,3479,12,54,752,True,True,True,False
128418,Thể thao,91,188,2980,19,39,603,True,True,True,False
22709,Kinh doanh,49,118,2213,12,27,488,True,True,True,False
92060,Giải trí,67,189,2267,15,41,504,True,True,True,False
101355,Giáo dục,72,181,1553,17,39,343,True,True,True,False
262322,Đời sống,79,169,2308,19,39,520,True,True,True,False
148786,Bất động sản,76,230,3652,17,52,791,True,True,True,False
152687,Bất động sản,44,201,2136,12,46,482,True,True,True,False
98986,Giáo dục,44,132,2795,9,28,611,True,True,True,False
110522,Kinh doanh,77,86,1607,16,19,337,True,True,True,False
94718,Giáo dục,55,161,1751,13,40,401,True,True,True,False
167540,Giải trí,65,166,5649,15,35,1192,True,True,True,False
130277,Thể thao,91,224,2340,19,49,514,True,True,True,False
78996,Du lịch,59,171,7639,14,40,1672,True,True,True,False
169579,Giải trí,68,148,2241,14,31,497,True,True,True,False
220772,Thể thao,61,139,1301,14,29,282,True,True,True,False
98203,Giáo dục,58,213,3824,13,48,851,True,True,True,True
134527,Thời sự,46,157,3560,11,34,789,True,True,True,False
156955,Giải trí,45,140,1698,11,35,377,True,True,True,False
246599,Thời sự,68,73,881,16,17,192,True,True,True,False
38880,Thể thao,69,159,1975,17,36,419,True,True,True,False
220546,Thể thao,54,149,2109,13,32,436,True,True,True,False
219226,Thể thao,56,165,1485,13,38,316,True,True,True,False
235837,Thể thao,64,125,712,14,28,151,True,True,True,False
163058,Giải trí,76,197,3867,20,46,863,True,True,True,False
52795,Khoa học công nghệ,52,174,5538,12,38,1231,True,True,True,False
94088,Giải trí,68,205,1719,14,41,356,True,True,True,False
90614,Giải trí,65,132,3602,15,30,807,True,True,True,False
66955,Đời sống,86,167,2313,20,37,512,True,True,True,False
186875,Khoa học công nghệ,52,230,6384,13,50,1361,True,True,True,False
233284,Thể thao,63,152,2267,12,30,480,True,True,True,False
259208,Đời sống,70,143,4140,16,30,918,True,True,True,False
147580,Xe,67,141,2513,16,32,565,True,True,True,False
30316,Sức khỏe,51,178,1961,12,42,438,True,True,True,False
224839,Thể thao,41,131,1042,10,30,230,True,True,True,False
67140,Đời sống,85,202,2742,20,46,601,True,True,True,False
254962,Xe,64,159,2520,16,36,555,True,True,True,False
11605,Giải trí,38,182,4649,9,42,994,True,True,True,False
95955,Giáo dục,72,197,4292,17,43,946,True,True,True,False
176603,Giáo dục,68,161,3182,16,35,685,True,True,True,False
229405,Thể thao,62,108,3482,10,18,672,True,True,True,False
262256,Đời sống,75,172,1617,19,37,361,True,True,True,False
239680,Thời sự,78,146,2466,20,35,539,True,True,True,False
144907,Xe,79,222,5673,17,46,1198,True,True,True,False
78292,Du lịch,59,151,2464,13,33,534,True,True,True,False
42427,Thời sự,59,227,7171,12,50,1556,True,True,True,False
87741,Giải trí,65,129,2920,15,29,658,True,True,True,False
97273,Giáo dục,67,189,3780,15,40,826,True,True,True,False
51005,Xe,90,85,3742,19,19,827,True,True,True,False
17563,Khoa học công nghệ,67,158,1433,12,32,292,True,True,True,False
160369,Giải trí,41,173,1829,7,35,384,True,True,True,False
224482,Thể thao,40,124,1641,8,29,369,True,True,True,False
47370,Xe,53,96,3648,13,21,818,True,True,True,False
41626,Thể thao,67,132,1586,14,30,314,True,True,True,False
262234,Đời sống,71,115,3819,17,27,844,True,True,True,False
240584,Thời sự,73,204,3364,18,47,744,True,True,True,False
36425,Thể thao,58,175,2209,13,40,494,True,True,True,False
141456,Thời sự,65,130,1741,13,28,368,True,True,True,False
70395,Đời sống,77,167,3546,18,38,789,True,True,True,False
190677,Kinh doanh,59,160,1749,14,34,371,True,True,True,False
5224,Giáo dục,48,152,2663,11,35,572,True,True,True,False
122913,Thế giới,75,222,2580,17,48,558,True,True,True,False
47488,Xe,82,112,4314,19,26,965,True,True,True,False
173603,Giáo dục,57,145,1808,12,32,370,True,True,True,False
139144,Thời sự,65,194,10640,16,45,2228,True,True,True,False
165696,Giải trí,69,87,2043,16,20,429,True,True,True,False
41356,Thể thao,74,130,1949,17,28,443,True,True,True,False
245089,Thời sự,77,97,1106,19,22,239,True,True,True,False
253737,Xe,66,150,2415,14,30,508,True,True,True,False
154134,Du lịch,74,178,3457,15,39,754,True,True,True,False
141066,Thời sự,63,133,2532,13,27,530,True,True,True,False
94104,Giải trí,32,126,1993,7,25,426,True,True,True,False
164345,Giải trí,72,190,3104,15,40,662,True,True,True,False
98385,Giáo dục,40,224,7722,10,48,1696,True,True,True,True
4236,Giáo dục,83,113,3035,19,26,651,True,True,True,False
141678,Thời sự,28,182,6639,6,39,1449,True,True,True,False
186726,Khoa học công nghệ,66,140,3195,15,33,701,True,True,True,False
5048,Giáo dục,80,188,4352,18,40,957,True,True,True,False
21112,Kinh doanh,86,148,3315,21,33,738,True,True,True,False
42981,Thời sự,84,183,6779,20,39,1472,True,True,True,False
263419,Đời sống,73,247,4957,14,53,1083,True,True,True,False
51950,Xe,45,231,2145,9,52,451,True,True,True,False
248633,Xe,68,167,3353,18,39,766,True,True,True,False
7812,Giải trí,55,204,3133,12,44,667,True,True,True,True
13827,Giải trí,89,201,2561,18,44,537,True,True,True,False
66352,Đời sống,66,135,2371,15,29,524,True,True,True,False
77179,Du lịch,74,384,3105,16,86,673,True,True,True,False
85239,Giải trí,57,155,2657,12,33,586,True,True,True,False
265050,Đời sống,80,135,2723,19,32,618,True,True,True,False
65576,Đời sống,60,161,1620,16,39,366,True,True,True,False
227324,Thể thao,57,121,4071,12,23,838,True,True,True,False
174043,Giáo dục,29,229,4605,7,50,995,True,True,True,False
93993,Giải trí,30,202,3302,7,45,725,True,True,True,False
58713,Khoa học công nghệ,63,114,1348,13,24,274,True,True,True,False
230522,Thể thao,60,133,2186,10,28,446,True,True,True,False
137958,Thời sự,67,170,2219,13,36,480,True,True,True,False
8896,Giải trí,69,143,3322,16,29,711,True,True,True,False
7980,Giải trí,56,99,2112,13,22,451,True,True,True,False
205557,Sức khỏe,67,167,3087,16,38,683,True,True,True,False
168364,Giải trí,60,181,1925,13,40,409,True,True,True,False
163570,Giải trí,70,153,6671,17,34,1465,True,True,True,False
5858,Giáo dục,69,159,8054,15,34,1755,True,True,True,False
72791,Đời sống,53,132,3461,11,29,769,True,True,True,False
18345,Kinh doanh,58,243,4637,14,53,993,True,True,True,False
168819,Giải trí,75,153,6229,18,34,1395,True,True,True,False
220719,Thể thao,56,131,4139,13,28,891,True,True,True,False
25651,Kinh doanh,65,138,5711,13,28,1183,True,True,True,False
116385,Sức khỏe,42,204,7147,10,45,1610,True,True,True,False
205143,Sức khỏe,49,133,2871,12,30,634,True,True,True,False
185741,Khoa học công nghệ,77,239,1899,17,50,411,True,True,True,False
102075,Giáo dục,72,212,1432,16,47,322,True,True,True,False
234534,Thể thao,62,172,521,13,40,75,True,True,True,False
119003,Thế giới,32,358,1364,6,78,294,True,True,True,False
87995,Giải trí,49,222,2248,11,47,485,True,True,True,False
91436,Giải trí,76,107,2571,17,23,564,True,True,True,False
41435,Thể thao,66,104,1567,14,21,335,True,True,True,False
218606,Thế giới,64,151,1463,14,33,306,True,True,True,False
148481,Bất động sản,73,188,2428,15,42,530,True,True,True,False
162442,Giải trí,53,98,2090,13,22,462,True,True,True,False
97399,Giáo dục,79,204,2115,17,44,457,True,True,True,False
165538,Giải trí,51,164,2815,12,36,610,True,True,True,False
197544,Kinh doanh,75,111,2349,15,23,501,True,True,True,False
185633,Khoa học công nghệ,64,142,2302,15,30,487,True,True,True,False
117310,Sức khỏe,56,274,5078,14,61,1146,True,True,True,False
71277,Đời sống,58,121,3170,14,28,712,True,True,True,False
204230,Pháp luật,62,176,3514,15,41,789,True,True,True,False
31918,Sức khỏe,52,217,3657,14,50,815,True,True,True,False
9517,Giải trí,41,156,4284,11,37,926,True,True,True,False
67588,Đời sống,66,177,2142,14,37,448,True,True,True,False
210421,Sức khỏe,69,172,1656,16,37,361,True,True,True,False
124933,Thể thao,44,140,3356,10,29,721,True,True,True,False
103027,Giáo dục,65,231,7041,16,57,1631,True,True,True,False
87983,Giải trí,49,166,3005,11,36,662,True,True,True,False
187997,Khoa học công nghệ,63,147,1002,15,30,204,True,True,True,False
170784,Giải trí,71,169,2883,15,36,616,True,True,True,False
258369,Đời sống,77,143,1965,18,32,444,True,True,True,False
120500,Thế giới,75,140,6649,17,31,1417,True,True,True,False
7164,Giải trí,80,193,2536,16,37,503,True,True,True,False
202191,Kinh doanh,77,171,4910,16,37,1064,True,True,True,False
247074,Thời sự,80,242,6281,19,57,1373,True,True,True,False
19861,Kinh doanh,70,214,2422,11,43,484,True,True,True,False
200411,Kinh doanh,50,168,1393,10,35,300,True,True,True,False
39618,Thể thao,63,103,1590,15,23,353,True,True,True,False
226636,Thể thao,54,116,3982,13,25,847,True,True,True,False
129238,Thể thao,81,150,1793,17,31,381,True,True,True,False
95176,Giáo dục,60,120,1734,13,26,365,True,True,True,False
109327,Kinh doanh,58,186,1929,15,41,421,True,True,True,False
245928,Thời sự,75,152,3863,19,36,875,True,True,True,False
199175,Kinh doanh,48,198,3468,9,34,700,True,True,True,False
105515,Kinh doanh,67,147,2681,16,33,597,True,True,True,False
103210,Giáo dục,67,176,500,16,40,115,True,True,True,False
20533,Kinh doanh,46,211,2611,10,44,545,True,True,True,False
82275,Giải trí,74,108,2035,17,24,460,True,True,True,False
64707,Khoa học công nghệ,58,94,2509,13,20,564,True,True,True,False
8734,Giải trí,63,169,3580,14,38,786,True,True,True,False
40034,Thể thao,47,168,2195,9,37,471,True,True,True,False
163812,Giải trí,72,148,4289,15,32,959,True,True,True,False
239321,Thời sự,70,188,1222,18,44,273,True,True,True,False
84544,Giải trí,57,131,2215,12,27,491,True,True,True,False
140833,Thời sự,68,151,5307,16,34,1161,True,True,True,False
92846,Giải trí,34,157,2180,8,35,474,True,True,True,False
49039,Xe,62,189,3634,13,41,787,True,True,True,False
83123,Giải trí,66,202,5038,13,43,1103,True,True,True,False
250490,Xe,80,176,1758,17,36,372,True,True,True,False
4371,Giáo dục,64,135,5011,14,30,1090,True,True,True,False
178946,Giáo dục,54,83,1763,12,17,368,True,True,True,False
77565,Du lịch,46,402,2459,10,87,519,True,True,True,False
112389,Kinh doanh,30,133,6884,7,30,1553,True,True,True,False
194408,Kinh doanh,69,191,4247,16,44,893,True,True,True,False
239633,Thời sự,72,213,5388,18,50,1173,True,True,True,False
39351,Thể thao,58,174,2709,13,38,619,True,True,True,False
227077,Thể thao,64,151,1554,14,34,339,True,True,True,False
43840,Thời sự,33,137,2409,8,32,527,True,True,True,False
196703,Kinh doanh,62,236,2612,14,54,570,True,True,True,False
228661,Thể thao,71,159,1653,16,34,368,True,True,True,False
210365,Sức khỏe,57,144,1489,12,33,336,True,True,True,False
44624,Thời sự,23,102,3359,5,23,720,True,True,True,False
43230,Thời sự,60,202,7573,15,43,1703,True,True,True,False
31581,Sức khỏe,71,201,2521,17,44,538,True,True,True,False
183147,Khoa học công nghệ,75,129,7844,17,29,1668,True,True,True,False
11637,Giải trí,63,172,3627,14,34,742,True,True,True,False
36220,Thể thao,55,144,2171,13,32,483,True,True,True,False
162856,Giải trí,58,144,2023,13,31,421,True,True,True,False
10600,Giải trí,55,195,3231,13,44,685,True,True,True,False
12626,Giải trí,50,129,2925,12,27,637,True,True,True,False
180747,Giáo dục,67,148,4602,17,36,1032,True,True,True,False
140824,Thời sự,71,129,2558,14,27,540,True,True,True,False
200321,Kinh doanh,63,171,6124,12,33,1298,True,True,True,False
147547,Xe,65,196,3809,15,44,870,True,True,True,False
239793,Thời sự,69,127,537,17,29,123,True,True,True,False
25814,Kinh doanh,23,147,2703,5,28,539,True,True,True,False
185936,Khoa học công nghệ,59,230,5299,14,54,1194,True,True,True,False
99625,Giáo dục,57,83,2234,13,17,483,True,True,True,False
116727,Sức khỏe,70,124,7547,12,26,1614,True,True,True,False
168724,Giải trí,43,128,1437,10,26,308,True,True,True,False
228530,Thể thao,27,128,284,7,30,60,True,True,True,False
161259,Giải trí,78,164,3364,17,36,716,True,True,True,False
180089,Giáo dục,79,137,2253,18,30,494,True,True,True,False
38550,Thể thao,75,130,2410,17,32,524,True,True,True,False
30244,Sức khỏe,77,85,1844,19,20,409,True,True,True,False
33156,Thế giới,34,156,3800,7,34,844,True,True,True,False
157489,Giải trí,46,200,3421,9,43,733,True,True,True,False
200717,Kinh doanh,70,175,2355,15,38,508,True,True,True,False
152271,Bất động sản,64,136,2088,15,30,445,True,True,True,False
234164,Thể thao,50,127,4492,12,28,931,True,True,True,False
58374,Khoa học công nghệ,52,285,5298,11,60,1129,True,True,True,False
121390,Thế giới,73,189,6684,16,39,1408,True,True,True,False
64774,Khoa học công nghệ,55,202,2938,12,43,630,True,True,True,False
192585,Kinh doanh,51,151,2777,11,30,597,True,True,True,False
1073,Bất động sản,89,151,3070,19,33,675,True,True,True,False
40822,Thể thao,63,146,1528,12,30,326,True,True,True,False
34622,Thế giới,59,157,4963,12,33,1047,True,True,True,False
154701,Du lịch,40,243,5051,9,56,1111,True,True,True,False
216778,Thế giới,75,150,474,15,33,99,True,True,True,False
124001,Thể thao,84,185,3106,19,39,667,True,True,True,False
122712,Thế giới,58,219,1277,13,46,282,True,True,True,False
101343,Giáo dục,57,133,1449,13,26,314,True,True,True,False
85022,Giải trí,65,120,2893,14,27,652,True,True,True,False
147232,Xe,43,140,671,11,33,148,True,True,True,False
233595,Thể thao,57,138,1248,10,26,244,True,True,True,False
169412,Giải trí,48,150,1975,11,33,438,True,True,True,False
12451,Giải trí,42,152,2278,9,30,464,True,True,True,False
210000,Sức khỏe,75,176,3613,15,39,803,True,True,True,False
5535,Giáo dục,46,183,5500,8,35,1141,True,True,True,False
125933,Thể thao,66,210,2074,15,47,459,True,True,True,False
116919,Sức khỏe,72,178,3810,16,41,848,True,True,True,False
93355,Giải trí,48,189,2282,12,42,510,True,True,True,False
104143,Kinh doanh,82,160,2787,18,34,591,True,True,True,False
248206,Xe,79,155,2130,17,32,454,True,True,True,False
48265,Xe,80,68,5098,17,15,1102,True,True,True,False
54240,Khoa học công nghệ,60,100,2223,12,19,458,True,True,True,False
121627,Thế giới,63,135,2066,14,29,445,True,True,True,False
173474,Giáo dục,64,246,5138,13,54,1119,True,True,True,False
239453,Thời sự,67,166,854,17,41,193,True,True,True,False
168949,Giải trí,76,118,623,17,24,127,True,True,True,False
44760,Thời sự,39,224,3391,10,50,749,True,True,True,False
111769,Kinh doanh,41,132,2205,9,31,486,True,True,True,False
118285,Thế giới,63,178,2024,14,38,446,True,True,True,False
250625,Xe,73,157,3607,16,36,790,True,True,True,False
97022,Giáo dục,43,134,3092,10,28,653,True,True,True,False
152223,Bất động sản,68,247,3824,15,50,816,True,True,True,False
73223,Đời sống,20,175,3534,5,37,805,True,True,True,False
70708,Đời sống,91,189,4009,20,44,911,True,True,True,False
85996,Giải trí,50,157,2593,11,34,572,True,True,True,False
98764,Giáo dục,57,224,2891,12,47,624,True,True,True,False
4561,Giáo dục,74,83,4835,15,18,1045,True,True,True,False
198152,Kinh doanh,55,183,3657,13,41,801,True,True,True,False
118405,Thế giới,45,138,2136,12,31,464,True,True,True,False
213731,Sức khỏe,64,106,1785,14,22,391,True,True,True,False
141032,Thời sự,60,234,3137,14,49,672,True,True,True,False
118917,Thế giới,36,251,1348,8,55,295,True,True,True,False
75537,Du lịch,72,197,3225,16,44,724,True,True,True,False
177467,Giáo dục,62,248,7931,12,52,1721,True,True,True,False
130541,Thể thao,88,142,1542,17,29,324,True,True,True,False
258118,Đời sống,77,218,9895,17,50,2205,True,True,True,False
124088,Thể thao,77,215,2582,17,46,532,True,True,True,False
169044,Giải trí,68,130,1562,15,29,339,True,True,True,False
64757,Khoa học công nghệ,58,168,2009,14,37,449,True,True,True,False
128539,Thể thao,84,71,2762,16,16,602,True,True,True,False
250716,Xe,65,156,2118,16,37,462,True,True,True,False
83547,Giải trí,82,153,2890,17,34,629,True,True,True,False
262626,Đời sống,78,151,3518,18,34,785,True,True,True,False
264958,Đời sống,58,180,2726,13,42,608,True,True,True,False
66414,Đời sống,74,183,1224,17,42,283,True,True,True,False
222059,Thể thao,55,122,1385,13,27,301,True,True,True,False
217770,Thế giới,58,128,1124,14,28,246,True,True,True,False
198946,Kinh doanh,79,136,1914,19,31,416,True,True,True,False
244675,Thời sự,53,107,1253,12,23,274,True,True,True,False
162782,Giải trí,74,103,2215,15,21,478,True,True,True,False
95298,Giáo dục,63,229,2896,15,51,656,True,True,True,False
209660,Sức khỏe,77,153,3984,18,33,855,True,True,True,False
167516,Giải trí,57,107,3663,14,26,801,True,True,True,False
95393,Giáo dục,74,180,3619,15,38,753,True,True,True,False
264490,Đời sống,78,132,3832,18,30,866,True,True,True,False
17141,Khoa học công nghệ,43,193,2840,9,40,618,True,True,True,False
155227,Du lịch,67,218,1526,13,43,315,True,True,True,False
70835,Đời sống,58,131,4748,14,30,1055,True,True,True,False
193169,Kinh doanh,69,210,2863,15,45,576,True,True,True,False
101752,Giáo dục,63,178,2277,14,37,480,True,True,True,False
71098,Đời sống,79,210,4931,18,49,1106,True,True,True,False
143122,Thời sự,69,181,3575,16,37,776,True,True,True,False
110541,Kinh doanh,44,179,1651,8,39,350,True,True,True,False
204091,Pháp luật,74,173,2587,19,42,587,True,True,True,False
116799,Sức khỏe,85,342,9232,17,75,1959,True,True,True,False
146499,Xe,44,105,2362,10,22,522,True,True,True,False
247470,Xe,71,216,2128,15,49,448,True,True,True,False
212841,Sức khỏe,57,88,1798,13,20,395,True,True,True,False
92044,Giải trí,53,158,2286,12,35,508,True,True,True,False
23716,Kinh doanh,67,101,2550,14,21,537,True,True,True,False
94002,Giải trí,72,149,3190,15,33,692,True,True,True,False
10000,Giải trí,63,151,3725,11,29,721,True,True,True,False
245270,Thời sự,79,189,2491,18,43,553,True,True,True,False
88244,Giải trí,70,172,4604,16,38,975,True,True,True,False
250443,Xe,80,174,979,19,39,208,True,True,True,False
67357,Đời sống,68,154,4638,15,32,1024,True,True,True,False
259475,Đời sống,70,193,4424,15,43,985,True,True,True,False
39601,Thể thao,66,147,1958,13,31,430,True,True,True,False
29232,Sức khỏe,40,246,2986,10,56,668,True,True,True,False
185618,Khoa học công nghệ,78,150,4498,17,33,959,True,True,True,False
91472,Giải trí,48,252,7081,12,54,1509,True,True,True,False
197708,Kinh doanh,63,192,2683,14,42,575,True,True,True,False
195561,Kinh doanh,78,219,3373,18,46,693,True,True,True,False
86925,Giải trí,55,224,4331,14,48,959,True,True,True,False
207956,Sức khỏe,78,178,3903,18,39,865,True,True,True,False
4890,Giáo dục,57,188,1928,13,41,418,True,True,True,False
75604,Du lịch,74,320,2812,17,73,613,True,True,True,False
114787,Sức khỏe,51,190,980,12,43,209,True,True,True,False
129967,Thể thao,89,202,1787,17,44,393,True,True,True,False
253591,Xe,74,233,3724,18,54,783,True,True,True,False
99857,Giáo dục,67,273,4601,16,60,999,True,True,True,False
190589,Kinh doanh,62,107,2096,13,23,432,True,True,True,False
118579,Thế giới,43,140,1450,11,33,318,True,True,True,False
68179,Đời sống,73,185,3824,17,43,889,True,True,True,False
78344,Du lịch,58,145,1939,12,32,425,True,True,True,False
94514,Giải trí,53,171,2433,14,40,545,True,True,True,False
58263,Khoa học công nghệ,65,87,1932,14,18,408,True,True,True,False
167150,Giải trí,67,221,2811,15,47,586,True,True,True,False
139276,Thời sự,64,163,1381,14,36,305,True,True,True,False
128661,Thể thao,78,124,1667,16,27,385,True,True,True,False
263312,Đời sống,70,155,2160,17,37,485,True,True,True,False
240102,Thời sự,60,167,1446,13,37,313,True,True,True,False
26717,Pháp luật,63,126,2707,15,30,598,True,True,True,False
43009,Thời sự,76,245,7035,20,56,1554,True,True,True,False
172837,Giáo dục,72,191,6454,15,39,1396,True,True,True,False
151232,Bất động sản,59,188,1596,13,42,348,True,True,True,False
163148,Giải trí,67,160,2450,15,37,523,True,True,True,False
87774,Giải trí,70,166,9669,17,40,2173,True,True,True,False
158116,Giải trí,79,221,2054,17,49,400,True,True,True,False
126311,Thể thao,84,283,3797,18,59,846,True,True,True,False
94758,Giáo dục,74,172,4008,16,39,836,True,True,True,False
21813,Kinh doanh,77,201,5574,14,40,1149,True,True,True,False
145839,Xe,62,197,3528,14,43,758,True,True,True,False
45139,Thời sự,13,59,1126,5,16,261,True,True,True,False
252918,Xe,67,119,1874,16,25,396,True,True,True,False
102678,Giáo dục,75,218,4328,17,49,970,True,True,True,False
63962,Khoa học công nghệ,30,152,2414,7,32,547,True,True,True,False
141776,Thời sự,47,215,7169,11,44,1599,True,True,True,False
162399,Giải trí,77,121,1816,16,26,387,True,True,True,False
192811,Kinh doanh,69,200,3501,15,42,723,True,True,True,False
105372,Kinh doanh,56,275,2995,13,62,662,True,True,True,False
32498,Thế giới,70,163,7270,15,36,1577,True,True,True,False
160339,Giải trí,53,136,3063,13,31,665,True,True,True,False
172164,Giải trí,61,138,2172,12,30,473,True,True,True,False
203278,Pháp luật,80,125,1084,18,29,240,True,True,True,False
71951,Đời sống,61,155,1946,14,34,440,True,True,True,False
121560,Thế giới,55,137,1576,13,31,346,True,True,True,False
61902,Khoa học công nghệ,48,250,3884,11,54,831,True,True,True,False
8482,Giải trí,56,150,3465,13,33,762,True,True,True,False
196464,Kinh doanh,50,188,4306,10,42,916,True,True,True,False
62719,Khoa học công nghệ,77,172,4026,16,37,873,True,True,True,False
246467,Thời sự,73,221,3987,17,48,885,True,True,True,False
144119,Xe,84,231,4012,17,51,871,True,True,True,False
206209,Sức khỏe,55,128,2700,14,30,600,True,True,True,False
264495,Đời sống,57,163,3837,14,38,859,True,True,True,False
50880,Xe,99,82,2444,20,19,531,True,True,True,False
245327,Thời sự,77,109,914,17,25,201,True,True,True,False
177851,Giáo dục,74,127,944,16,27,195,True,True,True,False
211639,Sức khỏe,63,166,2953,15,37,649,True,True,True,False
46819,Thời sự,78,195,4467,18,45,977,True,True,True,False
33301,Thế giới,76,108,2255,17,25,486,True,True,True,False
200516,Kinh doanh,76,234,3738,15,51,786,True,True,True,False
44713,Thời sự,33,183,3173,8,41,700,True,True,True,False
91223,Giải trí,71,151,2585,16,31,591,True,True,True,False
61257,Khoa học công nghệ,61,158,1695,13,33,359,True,True,True,False
68883,Đời sống,74,168,3098,17,39,728,True,True,True,False
105466,Kinh doanh,59,146,3016,15,36,675,True,True,True,False
228837,Thể thao,64,116,3786,13,23,786,True,True,True,False
252535,Xe,79,135,2795,18,32,595,True,True,True,False
131702,Thể thao,57,103,1924,14,23,433,True,True,True,False
143645,Xe,84,161,4519,17,35,961,True,True,True,False
152772,Bất động sản,57,198,1925,13,43,415,True,True,True,False
196229,Kinh doanh,80,220,3523,19,49,757,True,True,True,False
175046,Giáo dục,70,165,4672,17,37,1045,True,True,True,False
207777,Sức khỏe,56,155,2718,12,35,589,True,True,True,False
158749,Giải trí,78,149,857,19,35,187,True,True,True,False
178283,Giáo dục,71,174,1150,14,36,244,True,True,True,False
228964,Thể thao,62,99,2088,12,18,392,True,True,True,False
193754,Kinh doanh,77,193,1018,16,41,225,True,True,True,False
6066,Giáo dục,72,113,6952,19,26,1536,True,True,True,False
239410,Thời sự,52,151,4199,11,33,943,True,True,True,False
183533,Khoa học công nghệ,55,139,3646,13,32,788,True,True,True,False
219318,Thể thao,68,144,5636,13,32,1208,True,True,True,False
128242,Thể thao,78,173,1812,17,36,389,True,True,True,False
257376,Đời sống,71,136,2083,17,34,453,True,True,True,False
126670,Thể thao,37,208,2461,7,43,529,True,True,True,False
228302,Thể thao,62,130,1348,13,28,282,True,True,True,False
232895,Thể thao,56,118,1015,12,25,218,True,True,True,False
88912,Giải trí,51,144,3281,13,31,738,True,True,True,False
50314,Xe,77,145,3781,18,31,817,True,True,True,False
11290,Giải trí,63,207,7418,14,45,1628,True,True,True,False
126337,Thể thao,26,176,3513,6,39,787,True,True,True,False
94501,Giải trí,59,164,4477,13,37,970,True,True,True,False
29975,Sức khỏe,56,179,1415,12,38,311,True,True,True,False
263318,Đời sống,80,166,2944,18,37,651,True,True,True,False
141285,Thời sự,57,88,2635,13,20,570,True,True,True,False
255070,Xe,79,171,4616,19,39,1037,True,True,True,False
107797,Kinh doanh,79,165,1798,17,35,398,True,True,True,False
233482,Thể thao,57,121,1466,11,25,297,True,True,True,False
254937,Xe,80,169,2284,19,40,511,True,True,True,False
2685,Giáo dục,73,191,4934,16,42,1106,True,True,True,False
214056,Thế giới,78,171,6274,18,42,1378,True,True,True,False
111046,Kinh doanh,43,113,1752,8,25,370,True,True,True,False
50911,Xe,76,131,1318,16,27,288,True,True,True,False
129444,Thể thao,66,173,1607,14,34,352,True,True,True,False
231464,Thể thao,69,157,5391,15,36,1087,True,True,True,False
129801,Thể thao,67,213,5063,13,45,1051,True,True,True,False
175848,Giáo dục,65,141,2408,14,33,518,True,True,True,False
142697,Thời sự,68,205,3099,16,44,671,True,True,True,False
98970,Giáo dục,72,153,5425,15,34,1152,True,True,True,False
28670,Sức khỏe,60,145,2847,13,31,612,True,True,True,False
196612,Kinh doanh,46,130,1909,11,29,419,True,True,True,False
74911,Du lịch,71,119,1561,17,26,344,True,True,True,False
28964,Sức khỏe,48,219,2873,11,47,641,True,True,True,True
88286,Giải trí,69,82,4030,16,21,898,True,True,True,False
33177,Thế giới,53,177,2512,13,40,562,True,True,True,False
177386,Giáo dục,74,148,2169,17,34,465,True,True,True,False
116707,Sức khỏe,81,357,4060,17,80,885,True,True,True,False
222908,Thể thao,64,133,3545,15,30,782,True,True,True,False
254851,Xe,78,142,1834,17,28,375,True,True,True,False
59448,Khoa học công nghệ,42,148,3203,8,31,702,True,True,True,False
153229,Bất động sản,53,158,2566,12,35,553,True,True,True,False
112142,Kinh doanh,69,197,1877,13,43,403,True,True,True,False
113867,Kinh doanh,68,150,2071,14,32,444,True,True,True,False
159836,Giải trí,71,95,1766,18,23,393,True,True,True,False
105760,Kinh doanh,55,156,5941,11,34,1314,True,True,True,False
220138,Thể thao,54,107,2039,12,24,449,True,True,True,False
181577,Khoa học công nghệ,79,150,2004,14,30,431,True,True,True,False
131612,Thể thao,68,174,2604,15,39,571,True,True,True,False
232406,Thể thao,58,130,1019,12,29,213,True,True,True,False
110115,Kinh doanh,88,115,1795,17,24,389,True,True,True,False
93598,Giải trí,70,187,2772,15,40,608,True,True,True,False
43254,Thời sự,89,180,7500,23,44,1735,True,True,True,False
175317,Giáo dục,60,175,2274,14,38,507,True,True,True,False
159517,Giải trí,71,109,3325,17,24,707,True,True,True,False
185317,Khoa học công nghệ,64,110,2020,15,25,447,True,True,True,False
205810,Sức khỏe,48,104,2327,12,24,524,True,True,True,False
206818,Sức khỏe,75,206,1888,17,47,407,True,True,True,False
211777,Sức khỏe,52,85,2765,12,19,596,True,True,True,False
66863,Đời sống,85,221,2925,20,48,636,True,True,True,False
194764,Kinh doanh,60,223,4115,13,48,892,True,True,True,False
158062,Giải trí,56,199,3889,13,45,863,True,True,True,False
263172,Đời sống,59,148,3299,13,32,710,True,True,True,False
125095,Thể thao,76,205,2338,16,43,494,True,True,True,False
211435,Sức khỏe,50,168,1445,11,37,315,True,True,True,False
180525,Giáo dục,55,144,4178,13,31,891,True,True,True,False
107943,Kinh doanh,55,187,1699,13,42,374,True,True,True,False
155511,Du lịch,66,162,2760,16,37,606,True,True,True,False
124213,Thể thao,69,195,2040,15,41,441,True,True,True,False
19954,Kinh doanh,62,162,5735,14,36,1259,True,True,True,False
191193,Kinh doanh,75,213,3907,17,49,866,True,True,True,False
184585,Khoa học công nghệ,54,193,4479,12,44,984,True,True,True,False
182428,Khoa học công nghệ,50,146,861,12,30,193,True,True,True,False
145480,Xe,77,168,2388,15,38,518,True,True,True,False
378,Bất động sản,65,150,3022,14,33,662,True,True,True,False
167210,Giải trí,46,181,2698,11,39,583,True,True,True,False
112860,Kinh doanh,66,90,1802,14,21,390,True,True,True,False
235923,Thể thao,61,130,1498,13,27,316,True,True,True,False
193190,Kinh doanh,76,229,3842,15,51,814,True,True,True,False
172846,Giáo dục,80,249,1982,18,51,433,True,True,True,False
74071,Đời sống,66,207,4520,15,45,991,True,True,True,False
55357,Khoa học công nghệ,38,200,2874,9,41,640,True,True,True,False
134791,Thời sự,65,187,1232,16,41,271,True,True,True,False
197510,Kinh doanh,75,232,6232,18,51,1361,True,True,True,False
226313,Thể thao,40,104,1467,8,21,304,True,True,True,False
104753,Kinh doanh,42,169,6928,10,40,1519,True,True,True,False
157365,Giải trí,67,124,1211,15,28,264,True,True,True,False
195215,Kinh doanh,63,194,4732,14,44,1029,True,True,True,False
93595,Giải trí,50,118,2770,11,26,615,True,True,True,False
171007,Giải trí,33,92,846,9,21,182,True,True,True,False
52728,Khoa học công nghệ,58,399,4803,12,82,1016,True,True,True,False
6617,Giải trí,79,146,3529,16,29,759,True,True,True,False
32028,Thế giới,79,195,4354,17,40,925,True,True,True,False
130681,Thể thao,88,298,3281,18,66,727,True,True,True,False
84756,Giải trí,69,206,2678,17,46,591,True,True,True,False
112906,Kinh doanh,72,234,2121,14,51,450,True,True,True,False
192981,Kinh doanh,80,190,5558,16,43,1230,True,True,True,False
76773,Du lịch,70,315,2296,15,66,483,True,True,True,False
83769,Giải trí,62,184,2218,14,39,488,True,True,True,False
164111,Giải trí,72,111,2271,16,23,487,True,True,True,False
37465,Thể thao,54,171,1647,12,33,339,True,True,True,False
149242,Bất động sản,48,202,4574,9,42,988,True,True,True,False
44489,Thời sự,28,223,3093,6,50,679,True,True,True,False
95804,Giáo dục,86,158,2398,17,35,505,True,True,True,False
160870,Giải trí,69,87,2004,15,20,440,True,True,True,False
166951,Giải trí,39,114,1311,10,23,279,True,True,True,False
67870,Đời sống,69,138,3590,15,30,803,True,True,True,False
156567,Giải trí,72,174,2789,17,39,601,True,True,True,False
245741,Thời sự,55,155,985,13,36,216,True,True,True,False
78258,Du lịch,71,142,1408,16,32,308,True,True,True,False
172657,Giáo dục,74,247,4464,16,53,998,True,True,True,False
221687,Thể thao,65,143,1975,14,29,425,True,True,True,False
35787,Thế giới,33,232,3970,8,50,877,True,True,True,False
241063,Thời sự,74,178,1619,16,40,350,True,True,True,False
196560,Kinh doanh,57,130,4272,13,27,921,True,True,True,False
186326,Khoa học công nghệ,50,220,4752,11,50,1012,True,True,True,False
208254,Sức khỏe,58,182,1464,14,44,321,True,True,True,False
198521,Kinh doanh,64,173,3019,13,35,637,True,True,True,False
184172,Khoa học công nghệ,72,231,4716,16,53,1033,True,True,True,False
49681,Xe,73,200,1649,16,45,362,True,True,True,False
98857,Giáo dục,58,166,2783,12,33,598,True,True,True,False
67570,Đời sống,51,120,2657,12,26,585,True,True,True,False
100720,Giáo dục,70,233,2721,15,51,589,True,True,True,False
26616,Pháp luật,56,102,5591,13,23,1245,True,True,True,False
69217,Đời sống,70,173,1715,18,41,393,True,True,True,False
86123,Giải trí,68,135,2557,16,30,572,True,True,True,False
105614,Kinh doanh,75,159,2448,17,37,546,True,True,True,False
37976,Thể thao,64,116,1876,14,26,408,True,True,True,False
232106,Thể thao,60,137,2781,14,27,548,True,True,True,False
147260,Xe,64,176,1968,17,41,442,True,True,True,False
84505,Giải trí,72,201,2751,16,45,631,True,True,True,False
37295,Thể thao,65,101,1433,14,21,315,True,True,True,False
80722,Giải trí,42,292,3672,9,65,808,True,True,True,False
28731,Sức khỏe,52,164,3302,11,35,730,True,True,True,False
207029,Sức khỏe,75,167,2099,20,38,443,True,True,True,False
9041,Giải trí,65,132,2497,16,32,543,True,True,True,False
179725,Giáo dục,63,97,1915,13,23,421,True,True,True,False
133194,Thời sự,73,118,1078,15,25,235,True,True,True,False
18300,Kinh doanh,51,122,4250,10,25,918,True,True,True,False
248435,Xe,67,140,2022,17,32,449,True,True,True,False
168474,Giải trí,57,129,1976,14,29,431,True,True,True,False
110543,Kinh doanh,71,103,1780,15,24,385,True,True,True,False
60348,Khoa học công nghệ,38,172,4063,8,38,873,True,True,True,False
244265,Thời sự,71,173,1713,17,38,378,True,True,True,False
180429,Giáo dục,75,103,1681,16,22,359,True,True,True,False
195333,Kinh doanh,78,221,2419,16,46,517,True,True,True,False
187492,Khoa học công nghệ,73,179,5917,16,41,1199,True,True,True,False
233115,Thể thao,58,127,2328,11,25,481,True,True,True,False
39132,Thể thao,96,157,2541,23,34,565,True,True,True,False
184986,Khoa học công nghệ,70,166,4061,16,34,844,True,True,True,False
32234,Thế giới,51,59,2953,10,13,628,True,True,True,False
124497,Thể thao,35,223,3297,7,48,707,True,True,True,False
58856,Khoa học công nghệ,58,111,1424,12,26,313,True,True,True,False
35870,Thế giới,66,143,2448,14,30,526,True,True,True,False
108231,Kinh doanh,100,174,2753,22,38,603,True,True,True,False
168677,Giải trí,60,138,1125,15,29,225,True,True,True,False
181705,Khoa học công nghệ,54,189,2973,12,41,646,True,True,True,False
99433,Giáo dục,57,173,1966,12,38,420,True,True,True,False
190208,Kinh doanh,71,132,2416,17,30,525,True,True,True,False
85358,Giải trí,78,197,2640,17,41,602,True,True,True,False
203898,Pháp luật,43,129,2016,9,28,432,True,True,True,False
26264,Pháp luật,78,118,4854,18,27,1069,True,True,True,False
81945,Giải trí,58,250,4130,13,56,906,True,True,True,False
239048,Thời sự,70,200,1230,18,47,271,True,True,True,False
189995,Kinh doanh,70,189,5163,16,39,1118,True,True,True,False
135482,Thời sự,54,131,1234,13,29,269,True,True,True,False
208214,Sức khỏe,55,83,2800,14,18,608,True,True,True,False
256122,Đời sống,70,128,1909,17,31,434,True,True,True,False
93930,Giải trí,79,156,2551,17,33,556,True,True,True,False
141084,Thời sự,61,173,1160,14,38,242,True,True,True,False
196740,Kinh doanh,72,221,3528,15,48,758,True,True,True,False
132078,Thời sự,51,131,5142,12,30,1120,True,True,True,False
197912,Kinh doanh,56,126,1329,13,27,296,True,True,True,False
89379,Giải trí,71,133,2325,15,28,512,True,True,True,False
105024,Kinh doanh,72,220,4056,15,48,877,True,True,True,False
84613,Giải trí,66,145,3324,16,31,742,True,True,True,False
186244,Khoa học công nghệ,49,189,5354,10,41,1142,True,True,True,False
20774,Kinh doanh,69,213,2130,14,43,461,True,True,True,False
196857,Kinh doanh,49,159,4166,12,35,936,True,True,True,False
259763,Đời sống,46,119,2422,10,28,552,True,True,True,False
197263,Kinh doanh,65,249,5917,15,56,1289,True,True,True,False
47384,Xe,42,141,3700,10,28,821,True,True,True,False
173895,Giáo dục,68,185,2884,15,40,611,True,True,True,False
30409,Sức khỏe,67,186,3844,14,37,799,True,True,True,False
179460,Giáo dục,64,187,835,14,44,181,True,True,True,False
172035,Giải trí,53,184,1993,11,40,440,True,True,True,False
81421,Giải trí,43,132,4167,9,30,926,True,True,True,False
247066,Thời sự,66,170,1992,15,38,447,True,True,True,False
83098,Giải trí,68,125,1794,16,28,412,True,True,True,False
89779,Giải trí,38,215,2631,9,47,589,True,True,True,False
181527,Khoa học công nghệ,74,250,3192,15,48,657,True,True,True,False
253277,Xe,77,159,4292,16,35,927,True,True,True,False
211209,Sức khỏe,52,165,3345,13,36,740,True,True,True,False
142370,Thời sự,52,326,6631,12,73,1504,True,True,True,False
250425,Xe,67,144,2505,16,32,552,True,True,True,False
226003,Thể thao,65,126,1783,12,24,379,True,True,True,False
153549,Bất động sản,44,226,1095,12,51,241,True,True,True,False
109387,Kinh doanh,49,249,2648,12,60,606,True,True,True,False
30171,Sức khỏe,46,149,4749,11,34,1055,True,True,True,True
234409,Thể thao,49,108,1011,9,21,210,True,True,True,False
12340,Giải trí,75,128,2523,16,26,505,True,True,True,False
93338,Giải trí,61,203,2906,13,47,642,True,True,True,False
126211,Thể thao,79,186,3557,19,41,745,True,True,True,False
107410,Kinh doanh,60,145,4917,12,32,1056,True,True,True,False
113634,Kinh doanh,73,80,1992,16,18,436,True,True,True,False
26463,Pháp luật,42,181,2819,8,42,618,True,True,True,False
2703,Giáo dục,77,106,2612,17,24,575,True,True,True,False
177166,Giáo dục,53,162,1630,13,38,369,True,True,True,False
55569,Khoa học công nghệ,70,192,1550,16,45,348,True,True,True,False
192562,Kinh doanh,63,195,4520,13,37,937,True,True,True,False
17915,Kinh doanh,73,160,2484,16,35,526,True,True,True,False
224788,Thể thao,63,168,1990,13,38,403,True,True,True,False
193601,Kinh doanh,73,221,1880,15,47,421,True,True,True,False
82941,Giải trí,82,151,1453,17,34,317,True,True,True,False
77750,Du lịch,59,431,2557,12,96,542,True,True,True,False
244812,Thời sự,54,162,1877,12,34,407,True,True,True,False
8705,Giải trí,75,173,2975,18,41,656,True,True,True,False
192874,Kinh doanh,58,206,5005,12,40,1035,True,True,True,False
161427,Giải trí,71,213,2741,16,46,599,True,True,True,False
16849,Khoa học công nghệ,59,93,2065,12,18,444,True,True,True,False
246490,Thời sự,67,173,1897,15,37,407,True,True,True,False
60997,Khoa học công nghệ,85,103,2394,17,20,494,True,True,True,False
96897,Giáo dục,81,202,1733,17,43,381,True,True,True,False
161061,Giải trí,66,232,5756,15,50,1284,True,True,True,False
68965,Đời sống,81,177,1718,17,37,378,True,True,True,False
57752,Khoa học công nghệ,72,92,2024,15,20,435,True,True,True,False
42991,Thời sự,83,200,7596,20,44,1716,True,True,True,False
208598,Sức khỏe,78,184,2150,18,41,479,True,True,True,False
134180,Thời sự,69,184,1993,16,39,421,True,True,True,False
97173,Giáo dục,67,161,2163,16,35,469,True,True,True,False
174085,Giáo dục,74,180,3785,17,41,837,True,True,True,False
28010,Sức khỏe,66,174,5471,14,37,1158,True,True,True,False
74790,Du lịch,59,107,2832,14,24,619,True,True,True,False
24252,Kinh doanh,79,148,3249,19,32,690,True,True,True,False
151190,Bất động sản,56,190,2429,12,42,516,True,True,True,False
138764,Thời sự,74,227,3760,17,49,832,True,True,True,False
29305,Sức khỏe,83,226,3024,19,52,659,True,True,True,False
239689,Thời sự,68,178,2972,15,39,634,True,True,True,False
182415,Khoa học công nghệ,70,209,1031,16,46,229,True,True,True,False
16823,Khoa học công nghệ,38,172,4415,9,37,977,True,True,True,False
164887,Giải trí,65,137,3700,15,27,807,True,True,True,False
82486,Giải trí,39,94,2662,9,19,566,True,True,True,False
205773,Sức khỏe,65,140,1645,14,32,356,True,True,True,False
261904,Đời sống,61,99,1835,15,22,420,True,True,True,False
31155,Sức khỏe,48,226,3478,12,51,737,True,True,True,False
182962,Khoa học công nghệ,57,148,5397,11,30,1153,True,True,True,False
71756,Đời sống,77,138,2100,16,31,463,True,True,True,False
184042,Khoa học công nghệ,64,154,1667,15,35,371,True,True,True,False
103139,Giáo dục,45,226,7976,10,48,1724,True,True,True,False
233131,Thể thao,49,163,524,10,32,83,True,True,True,False
167401,Giải trí,79,138,1559,19,28,333,True,True,True,False
158057,Giải trí,76,185,1912,18,41,424,True,True,True,False
124845,Thể thao,38,224,4153,8,49,862,True,True,True,False
44948,Thời sự,17,46,870,4,10,204,True,True,True,False
181956,Khoa học công nghệ,52,213,3944,12,40,835,True,True,True,False
48333,Xe,68,77,2418,16,18,540,True,True,True,False
2230,Du lịch,66,246,5598,16,53,1226,True,True,True,False
254233,Xe,79,217,2672,18,46,573,True,True,True,False
180655,Giáo dục,59,166,4545,15,37,991,True,True,True,False
135715,Thời sự,56,141,7549,12,33,1666,True,True,True,False
42573,Thời sự,61,211,4385,13,46,957,True,True,True,False
153619,Bất động sản,25,104,1079,6,22,232,True,True,True,False
110946,Kinh doanh,59,407,2313,14,91,518,True,True,True,False
56512,Khoa học công nghệ,49,157,2017,12,33,459,True,True,True,False
238057,Thời sự,69,152,1722,17,37,390,True,True,True,False
64022,Khoa học công nghệ,60,144,3448,13,31,750,True,True,True,False
198887,Kinh doanh,71,224,4152,15,47,859,True,True,True,False
194628,Kinh doanh,63,209,3246,14,44,673,True,True,True,False
128075,Thể thao,70,192,1341,15,43,291,True,True,True,False
74125,Đời sống,76,222,4132,17,43,925,True,True,True,False
10934,Giải trí,63,133,3332,14,31,720,True,True,True,False
63423,Khoa học công nghệ,67,157,2975,15,35,651,True,True,True,False
257645,Đời sống,74,190,4346,19,41,970,True,True,True,False
196539,Kinh doanh,49,156,4820,10,31,1013,True,True,True,False
252237,Xe,74,219,2176,17,50,471,True,True,True,False
129945,Thể thao,103,179,2834,21,39,623,True,True,True,False
33265,Thế giới,63,111,2227,14,23,473,True,True,True,False
122387,Thế giới,55,184,2109,13,40,467,True,True,True,False
94728,Giáo dục,77,197,2990,17,43,633,True,True,True,False
66586,Đời sống,81,146,3619,18,33,799,True,True,True,False
528,Bất động sản,64,171,2682,14,39,600,True,True,True,False
102550,Giáo dục,71,192,2739,15,43,591,True,True,True,False
213591,Sức khỏe,55,109,1699,13,27,377,True,True,True,False
80193,Giải trí,59,127,1973,13,27,434,True,True,True,False
17768,Kinh doanh,66,237,6237,14,49,1301,True,True,True,False
37407,Thể thao,91,221,2168,17,45,455,True,True,True,False
160773,Giải trí,80,207,2510,18,47,550,True,True,True,False
249444,Xe,72,148,2058,16,34,460,True,True,True,False
143232,Xe,55,230,2635,14,55,580,True,True,True,False
230083,Thể thao,40,155,2401,9,31,500,True,True,True,False
69792,Đời sống,59,132,3390,14,30,768,True,True,True,False
163176,Giải trí,66,153,3128,14,32,667,True,True,True,False
66302,Đời sống,71,109,1473,17,27,343,True,True,True,False
157901,Giải trí,65,175,1613,16,38,350,True,True,True,False
162342,Giải trí,41,178,2135,9,37,463,True,True,True,False
199720,Kinh doanh,52,119,2017,10,25,425,True,True,True,False
104820,Kinh doanh,65,207,3407,15,44,736,True,True,True,False
172049,Giải trí,52,128,2653,11,27,581,True,True,True,False
166129,Giải trí,67,191,1403,13,41,301,True,True,True,False
163517,Giải trí,53,238,3433,11,53,755,True,True,True,False
112977,Kinh doanh,57,98,1978,11,22,427,True,True,True,False
19196,Kinh doanh,47,147,7224,10,32,1523,True,True,True,False
6096,Giáo dục,26,114,5793,7,25,1269,True,True,True,False
178808,Giáo dục,50,63,1671,10,13,360,True,True,True,False
187815,Khoa học công nghệ,66,204,4287,13,45,881,True,True,True,False
5867,Giáo dục,69,196,7491,15,41,1625,True,True,True,False
201576,Kinh doanh,45,169,2441,10,36,524,True,True,True,False
181708,Khoa học công nghệ,74,131,5370,15,30,1163,True,True,True,False
65677,Đời sống,72,135,2250,16,29,494,True,True,True,False
71487,Đời sống,57,121,3066,14,28,700,True,True,True,False
145473,Xe,54,233,2704,11,49,581,True,True,True,False
242780,Thời sự,62,243,711,15,54,152,True,True,True,False
22143,Kinh doanh,47,120,4011,9,24,853,True,True,True,False
259529,Đời sống,59,181,3016,14,38,675,True,True,True,False
236244,Thể thao,62,141,902,14,32,205,True,True,True,False
174281,Giáo dục,65,118,1637,16,26,359,True,True,True,False
143499,Xe,74,183,2426,12,36,508,True,True,True,False
252517,Xe,53,135,3255,11,31,717,True,True,True,False
194928,Kinh doanh,61,187,1236,13,41,256,True,True,True,False
214754,Thế giới,60,146,6772,12,31,1463,True,True,True,False
6681,Giải trí,46,201,4603,11,42,969,True,True,True,True
257818,Đời sống,72,175,6677,17,38,1483,True,True,True,False
120823,Thế giới,55,205,1720,13,44,363,True,True,True,False
158955,Giải trí,45,149,2571,10,32,559,True,True,True,False
109559,Kinh doanh,68,253,8923,16,58,1922,True,True,True,False
13349,Giải trí,90,179,2605,20,39,573,True,True,True,False
99007,Giáo dục,75,203,1833,16,44,399,True,True,True,False
102841,Giáo dục,63,182,1356,14,41,309,True,True,True,False
10660,Giải trí,88,185,8686,17,40,1790,True,True,True,False
157518,Giải trí,66,144,1625,15,31,355,True,True,True,False
251119,Xe,51,147,868,12,31,196,True,True,True,False
187301,Khoa học công nghệ,69,200,5304,14,41,1088,True,True,True,False
187653,Khoa học công nghệ,70,175,3436,13,36,725,True,True,True,False
20995,Kinh doanh,68,218,4381,13,45,928,True,True,True,False
118709,Thế giới,65,219,2753,14,50,600,True,True,True,False
129244,Thể thao,92,185,2382,19,39,541,True,True,True,False
59576,Khoa học công nghệ,55,157,3548,12,36,774,True,True,True,False
105288,Kinh doanh,60,184,1975,12,39,427,True,True,True,False
171024,Giải trí,39,109,6278,9,26,1352,True,True,True,False
107169,Kinh doanh,51,94,2028,12,22,449,True,True,True,False
76413,Du lịch,51,208,4271,12,46,937,True,True,True,False
148824,Bất động sản,77,230,6579,15,50,1388,True,True,True,False
109702,Kinh doanh,57,168,731,13,36,159,True,True,True,False
127349,Thể thao,35,237,3879,8,52,864,True,True,True,False
251216,Xe,51,125,1101,14,31,240,True,True,True,False
202436,Kinh doanh,58,177,4536,11,36,985,True,True,True,False
185473,Khoa học công nghệ,66,132,7327,15,27,1591,True,True,True,False
235808,Thể thao,54,125,1759,10,24,363,True,True,True,False
15340,Giải trí,78,153,4102,17,35,865,True,True,True,False
172891,Giáo dục,80,114,4016,18,26,880,True,True,True,False
220569,Thể thao,53,134,2343,12,27,501,True,True,True,False
206919,Sức khỏe,72,248,2801,18,56,622,True,True,True,False
54468,Khoa học công nghệ,49,153,3490,9,31,739,True,True,True,False
113149,Kinh doanh,76,269,2849,17,58,606,True,True,True,False
169819,Giải trí,70,188,4228,17,42,937,True,True,True,False
240838,Thời sự,55,204,5623,11,44,1236,True,True,True,False
33284,Thế giới,94,164,2573,23,39,554,True,True,True,False
141587,Thời sự,68,241,4413,16,50,993,True,True,True,False
257197,Đời sống,50,95,1559,12,22,338,True,True,True,False
239765,Thời sự,71,153,1278,18,33,285,True,True,True,False
181302,Khoa học công nghệ,42,137,4279,9,30,919,True,True,True,False
251367,Xe,72,126,1652,16,30,361,True,True,True,False
193,Bất động sản,81,143,2695,19,32,607,True,True,True,False
103610,Giáo dục,42,240,6977,9,55,1582,True,True,True,True
254727,Xe,64,203,3300,15,45,756,True,True,True,False
110376,Kinh doanh,64,134,2500,12,26,533,True,True,True,False
189823,Kinh doanh,71,174,2925,15,38,641,True,True,True,False
101539,Giáo dục,74,188,2624,16,40,577,True,True,True,False
214687,Thế giới,77,173,2492,18,38,533,True,True,True,False
227124,Thể thao,52,108,4150,11,25,888,True,True,True,False
242241,Thời sự,72,163,2557,16,39,560,True,True,True,False
54372,Khoa học công nghệ,34,218,3124,8,49,681,True,True,True,False
96689,Giáo dục,73,161,1592,15,35,341,True,True,True,False
60297,Khoa học công nghệ,72,160,2576,16,36,569,True,True,True,False
216783,Thế giới,70,149,1197,15,31,250,True,True,True,False
94085,Giải trí,44,122,2760,10,27,613,True,True,True,False
166237,Giải trí,79,189,3531,16,40,734,True,True,True,False
119963,Thế giới,62,212,3115,14,44,676,True,True,True,False
39154,Thể thao,67,133,2541,16,30,546,True,True,True,False
1577,Du lịch,55,179,2185,12,42,485,True,True,True,False
202899,Kinh doanh,65,164,2899,15,36,607,True,True,True,False
97647,Giáo dục,80,132,3067,16,28,638,True,True,True,False
39832,Thể thao,46,141,2477,10,33,536,True,True,True,False
41110,Thể thao,74,195,4388,15,41,947,True,True,True,False
129410,Thể thao,61,193,3803,14,44,846,True,True,True,False
251445,Xe,60,169,1920,14,35,402,True,True,True,False
155251,Du lịch,68,132,1408,15,28,300,True,True,True,False
54215,Khoa học công nghệ,67,192,4464,13,42,965,True,True,True,False
113315,Kinh doanh,72,168,1970,16,38,421,True,True,True,False
51877,Xe,97,177,2444,19,40,529,True,True,True,False
253655,Xe,68,150,2699,15,34,569,True,True,True,False
234403,Thể thao,58,139,1101,10,27,232,True,True,True,False
183967,Khoa học công nghệ,78,231,4078,16,51,909,True,True,True,False
235376,Thể thao,63,128,905,13,25,183,True,True,True,False
99771,Giáo dục,81,206,6673,17,45,1443,True,True,True,False
256403,Đời sống,51,159,2717,12,36,608,True,True,True,False
196772,Kinh doanh,80,210,3789,18,47,823,True,True,True,False
199334,Kinh doanh,53,238,3611,13,55,815,True,True,True,False
121021,Thế giới,80,162,1692,19,35,368,True,True,True,False
63771,Khoa học công nghệ,81,203,1910,17,35,403,True,True,True,False
199077,Kinh doanh,76,238,566,17,52,118,True,True,True,False
178764,Giáo dục,45,124,794,9,26,173,True,True,True,False
40728,Thể thao,34,125,4269,9,28,938,True,True,True,False
125844,Thể thao,77,158,4371,16,33,921,True,True,True,False
45706,Thời sự,45,145,1559,11,32,345,True,True,True,False
153236,Bất động sản,61,198,3674,12,41,780,True,True,True,False
201071,Kinh doanh,57,162,3653,12,34,799,True,True,True,False
225973,Thể thao,55,140,1345,11,32,281,True,True,True,False
184808,Khoa học công nghệ,63,191,5139,14,44,1102,True,True,True,False
107010,Kinh doanh,75,180,2487,17,45,553,True,True,True,False
230090,Thể thao,52,124,703,10,27,110,True,True,True,False
253237,Xe,66,181,6678,13,40,1395,True,True,True,False
16697,Giải trí,35,229,3702,9,48,806,True,True,True,False
175918,Giáo dục,73,225,5075,17,48,1103,True,True,True,False
217945,Thế giới,57,174,1572,12,37,332,True,True,True,False
70711,Đời sống,58,131,4299,14,30,963,True,True,True,False
58020,Khoa học công nghệ,37,114,2141,9,27,479,True,True,True,False
232006,Thể thao,58,162,1296,11,33,278,True,True,True,False
79942,Du lịch,74,90,1840,16,21,399,True,True,True,True
27606,Sức khỏe,39,163,4651,9,38,1012,True,True,True,True
4938,Giáo dục,80,167,2994,16,34,626,True,True,True,False
129450,Thể thao,85,231,4111,17,52,883,True,True,True,False
37138,Thể thao,64,127,2449,13,26,533,True,True,True,False
157620,Giải trí,51,116,1616,12,26,344,True,True,True,False
210530,Sức khỏe,49,107,1933,11,25,426,True,True,True,False
131462,Thể thao,81,214,1987,17,47,434,True,True,True,False
263932,Đời sống,58,106,3132,14,23,690,True,True,True,False
218713,Thế giới,51,150,1661,10,31,353,True,True,True,False
82798,Giải trí,64,101,1753,14,23,405,True,True,True,False
58902,Khoa học công nghệ,36,156,2011,8,36,433,True,True,True,False
138094,Thời sự,71,183,4118,16,40,903,True,True,True,False
23502,Kinh doanh,70,155,2803,14,34,597,True,True,True,False
255080,Xe,70,206,5429,17,47,1254,True,True,True,False
250866,Xe,56,148,1626,14,35,350,True,True,True,False
264850,Đời sống,65,121,3439,14,25,769,True,True,True,False
37971,Thể thao,65,110,1450,14,24,322,True,True,True,False
45819,Thời sự,84,142,3998,19,31,863,True,True,True,False
25996,Kinh doanh,85,123,1507,20,27,329,True,True,True,False
166056,Giải trí,69,152,1915,16,33,412,True,True,True,False
16143,Giải trí,53,187,2374,12,40,524,True,True,True,False
241885,Thời sự,70,117,2941,15,27,642,True,True,True,False
185500,Khoa học công nghệ,47,189,5099,9,36,1068,True,True,True,False
132451,Thời sự,44,232,4636,10,52,1029,True,True,True,False
67374,Đời sống,76,197,2153,17,42,471,True,True,True,False
554,Bất động sản,33,151,3894,7,35,853,True,True,True,False
251615,Xe,73,160,2560,17,34,568,True,True,True,False
261393,Đời sống,43,175,2263,8,32,470,True,True,True,False
85315,Giải trí,61,138,2386,14,32,553,True,True,True,False
36525,Thể thao,37,180,2400,9,39,530,True,True,True,False
117624,Thế giới,52,124,2044,13,31,460,True,True,True,False
95433,Giáo dục,55,193,7445,12,42,1625,True,True,True,False
165417,Giải trí,79,143,1190,16,29,245,True,True,True,False
40203,Thể thao,56,148,2781,14,33,593,True,True,True,False
177730,Giáo dục,47,61,1790,10,14,402,True,True,True,False
80716,Giải trí,62,116,2670,14,27,615,True,True,True,False
234939,Thể thao,51,123,1432,10,24,307,True,True,True,False
145289,Xe,45,149,2802,11,32,624,True,True,True,False
220957,Thể thao,69,112,1928,15,23,397,True,True,True,False
160513,Giải trí,43,145,3221,10,32,683,True,True,True,False
127869,Thể thao,97,132,1759,20,27,373,True,True,True,False
68175,Đời sống,62,149,2720,14,35,596,True,True,True,False
235482,Thể thao,66,86,1111,12,18,239,True,True,True,False
215541,Thế giới,51,128,1435,12,28,313,True,True,True,False
123398,Thể thao,85,210,3158,19,46,666,True,True,True,False
69156,Đời sống,72,177,4504,18,41,1038,True,True,True,False
117814,Thế giới,63,115,1636,14,26,361,True,True,True,False
45759,Thời sự,50,175,3548,11,36,747,True,True,True,False
119611,Thế giới,75,138,2109,18,30,454,True,True,True,False
28587,Sức khỏe,45,132,4148,10,30,926,True,True,True,False
163057,Giải trí,78,203,1964,18,44,415,True,True,True,False
137863,Thời sự,68,164,4686,16,36,998,True,True,True,False
108202,Kinh doanh,64,158,4172,13,35,895,True,True,True,False
241776,Thời sự,63,182,5015,14,42,1129,True,True,True,False
178152,Giáo dục,61,84,1102,14,18,239,True,True,True,False
47884,Xe,96,118,2563,18,22,546,True,True,True,False
127403,Thể thao,83,130,2230,18,27,479,True,True,True,False
48698,Xe,90,116,2755,19,27,575,True,True,True,False
67891,Đời sống,78,139,2332,17,31,541,True,True,True,False
112613,Kinh doanh,43,229,12507,9,48,2790,True,True,True,False
238359,Thời sự,76,175,1873,16,39,409,True,True,True,False
112626,Kinh doanh,41,80,1453,8,17,307,True,True,True,False
210159,Sức khỏe,55,96,1976,12,20,413,True,True,True,False
194536,Kinh doanh,38,132,4558,8,27,977,True,True,True,False
121690,Thế giới,70,143,2370,14,30,502,True,True,True,False
22334,Kinh doanh,55,170,3325,13,37,700,True,True,True,False
26566,Pháp luật,44,122,1512,10,26,337,True,True,True,False
152932,Bất động sản,80,194,4240,18,43,943,True,True,True,False
244124,Thời sự,75,167,2587,19,41,566,True,True,True,False
213326,Sức khỏe,73,165,4731,18,37,1061,True,True,True,False
137227,Thời sự,70,225,4997,14,48,1111,True,True,True,False
239752,Thời sự,54,215,1767,13,50,403,True,True,True,False
92524,Giải trí,58,125,2305,14,29,525,True,True,True,False
6956,Giải trí,88,112,6047,21,26,1303,True,True,True,False
234308,Thể thao,58,195,6212,12,37,1285,True,True,True,False
168808,Giải trí,75,182,343,16,41,71,True,True,True,False
114835,Sức khỏe,48,266,4605,11,56,1002,True,True,True,False
99349,Giáo dục,68,172,3572,15,41,790,True,True,True,False
121060,Thế giới,63,184,5722,13,37,1171,True,True,True,False
47959,Xe,69,97,2806,13,21,613,True,True,True,False
108978,Kinh doanh,73,261,982,16,57,218,True,True,True,False
133382,Thời sự,74,151,1080,17,36,245,True,True,True,False
164635,Giải trí,65,200,1972,14,42,434,True,True,True,False
140383,Thời sự,69,212,1582,16,45,348,True,True,True,False
148393,Xe,52,191,3463,11,41,733,True,True,True,False
262297,Đời sống,78,154,4578,18,33,1006,True,True,True,False
17668,Khoa học công nghệ,48,195,4644,11,41,967,True,True,True,False
226681,Thể thao,64,134,1484,14,26,287,True,True,True,False
138407,Thời sự,68,172,2057,17,39,458,True,True,True,False
2091,Du lịch,44,137,2691,11,29,579,True,True,True,False
242832,Thời sự,71,169,507,18,38,111,True,True,True,False
38946,Thể thao,57,110,2155,11,25,447,True,True,True,False
170500,Giải trí,78,138,4144,16,28,885,True,True,True,False
255389,Xe,61,208,5546,15,49,1242,True,True,True,False
265724,Đời sống,58,118,3947,13,28,907,True,True,True,False
135588,Thời sự,76,176,2504,16,37,535,True,True,True,False
23659,Kinh doanh,82,220,3920,18,48,849,True,True,True,False
222254,Thể thao,50,121,262,12,28,57,True,True,True,False
184920,Khoa học công nghệ,71,238,2350,16,51,500,True,True,True,False
35254,Thế giới,91,149,8641,21,34,1873,True,True,True,False
148647,Bất động sản,70,209,3795,14,47,834,True,True,True,False
10059,Giải trí,76,184,3847,17,32,791,True,True,True,False
117417,Sức khỏe,55,260,6153,13,58,1402,True,True,True,False
255983,Đời sống,69,207,1337,17,48,298,True,True,True,False
229309,Thể thao,46,121,5028,10,27,739,True,True,True,False
118640,Thế giới,65,151,1222,14,34,263,True,True,True,False
90077,Giải trí,58,102,1822,13,21,387,True,True,True,False
161295,Giải trí,76,199,4916,17,40,1078,True,True,True,False
29969,Sức khỏe,58,107,3762,13,24,815,True,True,True,False
262073,Đời sống,73,248,2291,17,54,502,True,True,True,False
96671,Giáo dục,62,177,4786,13,40,1058,True,True,True,False
122769,Thế giới,66,144,1920,14,32,400,True,True,True,False
163308,Giải trí,35,203,2607,7,43,555,True,True,True,False
90587,Giải trí,56,225,1808,13,53,412,True,True,True,False
49876,Xe,51,248,3055,12,58,676,True,True,True,False
7666,Giải trí,78,198,5013,15,42,1028,True,True,True,False
11191,Giải trí,40,186,5119,10,41,1100,True,True,True,False
48097,Xe,86,126,1565,21,30,349,True,True,True,False
107882,Kinh doanh,74,307,3493,17,67,752,True,True,True,False
134342,Thời sự,71,153,2217,16,35,503,True,True,True,False
44869,Thời sự,42,78,3508,10,18,792,True,True,True,False
9773,Giải trí,83,160,5903,15,32,1218,True,True,True,False
43772,Thời sự,20,155,7358,6,38,1673,True,True,True,False
160926,Giải trí,58,175,2828,12,38,614,True,True,True,False
130561,Thể thao,78,237,3698,16,52,796,True,True,True,False
127308,Thể thao,77,158,1910,17,35,436,True,True,True,False
200049,Kinh doanh,67,161,3030,15,34,649,True,True,True,False
76859,Du lịch,63,132,2664,15,30,554,True,True,True,False
88763,Giải trí,72,103,2108,15,24,460,True,True,True,False
2383,Giáo dục,88,126,3280,18,26,717,True,True,True,False
69002,Đời sống,57,124,2191,13,27,481,True,True,True,False
153743,Bất động sản,65,143,532,14,31,115,True,True,True,False
120903,Thế giới,74,132,1608,17,28,359,True,True,True,False
236977,Thời sự,78,218,3120,20,51,698,True,True,True,False
45604,Thời sự,49,141,1606,10,28,344,True,True,True,False
54736,Khoa học công nghệ,61,112,2039,14,26,445,True,True,True,False
206275,Sức khỏe,79,175,1105,19,39,239,True,True,True,False
103583,Giáo dục,61,164,5395,14,37,1177,True,True,True,False
201342,Kinh doanh,52,195,1836,11,40,364,True,True,True,False
106020,Kinh doanh,65,150,1910,18,34,429,True,True,True,False
86676,Giải trí,68,219,4871,16,50,1080,True,True,True,False
24625,Kinh doanh,83,158,4489,20,36,981,True,True,True,False
196775,Kinh doanh,75,199,4206,18,43,861,True,True,True,False
14926,Giải trí,41,169,5423,10,35,1097,True,True,True,False
165933,Giải trí,73,155,2258,16,36,493,True,True,True,False
69145,Đời sống,74,137,1592,17,32,362,True,True,True,False
65750,Đời sống,34,211,7371,7,46,1644,True,True,True,True
233233,Thể thao,35,119,1250,9,26,287,True,True,True,False
203123,Kinh doanh,77,206,2410,18,45,527,True,True,True,False
67787,Đời sống,68,110,1581,17,29,371,True,True,True,False
153774,Bất động sản,67,166,1613,17,39,356,True,True,True,False
128169,Thể thao,51,207,2638,11,44,577,True,True,True,False
100468,Giáo dục,39,213,6199,10,47,1420,True,True,True,False
253098,Xe,70,179,2412,15,42,536,True,True,True,False
138360,Thời sự,54,165,1710,13,37,389,True,True,True,False
110520,Kinh doanh,67,75,1995,13,18,429,True,True,True,False
53033,Khoa học công nghệ,65,133,3519,13,30,748,True,True,True,False
64822,Khoa học công nghệ,47,134,2181,11,29,468,True,True,True,False
259741,Đời sống,50,112,3783,11,23,805,True,True,True,False
165530,Giải trí,78,144,1812,17,32,380,True,True,True,False
59368,Khoa học công nghệ,81,133,3154,17,29,673,True,True,True,False
53434,Khoa học công nghệ,54,135,1525,11,28,339,True,True,True,False
124123,Thể thao,52,96,3782,12,21,846,True,True,True,False
46327,Thời sự,91,196,4485,21,43,969,True,True,True,False
233387,Thể thao,65,130,1970,14,27,409,True,True,True,False
120472,Thế giới,90,138,4250,18,31,878,True,True,True,False
167211,Giải trí,74,172,2530,18,34,549,True,True,True,False
161004,Giải trí,78,207,7603,18,44,1640,True,True,True,False
9355,Giải trí,49,167,4029,12,40,863,True,True,True,False
97082,Giáo dục,69,221,4340,16,48,948,True,True,True,False
108654,Kinh doanh,54,118,1234,12,26,288,True,True,True,False
224223,Thể thao,55,136,8532,14,31,1877,True,True,True,False
243208,Thời sự,77,212,3430,18,47,759,True,True,True,False
178897,Giáo dục,77,109,1010,16,23,215,True,True,True,False
144088,Xe,70,205,2231,16,49,493,True,True,True,False
179767,Giáo dục,31,216,4632,6,47,1009,True,True,True,False
183344,Khoa học công nghệ,69,215,5625,14,46,1215,True,True,True,False
242406,Thời sự,78,127,1259,20,31,277,True,True,True,False
223822,Thể thao,56,147,2495,10,28,527,True,True,True,False
260357,Đời sống,59,111,1621,14,25,343,True,True,True,False
234209,Thể thao,36,133,2217,9,26,427,True,True,True,False
201933,Kinh doanh,74,144,2758,15,30,573,True,True,True,False
23383,Kinh doanh,67,170,3107,15,34,687,True,True,True,False
200490,Kinh doanh,55,122,4310,12,27,954,True,True,True,False
203028,Kinh doanh,52,131,2501,12,29,536,True,True,True,False
204766,Pháp luật,69,223,1896,16,51,433,True,True,True,False
54486,Khoa học công nghệ,42,133,2263,10,30,498,True,True,True,False
120919,Thế giới,84,169,6082,18,35,1296,True,True,True,False
7950,Giải trí,37,178,6672,9,40,1439,True,True,True,False
145232,Xe,74,192,3898,16,39,840,True,True,True,False
19544,Kinh doanh,41,189,4553,9,40,991,True,True,True,False
47266,Thời sự,85,192,1295,20,45,291,True,True,True,False
129666,Thể thao,90,160,3120,17,34,654,True,True,True,False
261362,Đời sống,62,155,3042,16,36,678,True,True,True,False
107085,Kinh doanh,61,160,6508,14,35,1475,True,True,True,False
103521,Giáo dục,64,221,1735,14,45,362,True,True,True,False
44416,Thời sự,28,192,3903,6,40,843,True,True,True,False
160672,Giải trí,33,167,2011,8,38,445,True,True,True,False
41761,Thể thao,56,130,1455,12,30,297,True,True,True,False
94119,Giải trí,45,133,2020,11,32,470,True,True,True,False
260413,Đời sống,74,140,1379,19,33,317,True,True,True,False
10235,Giải trí,91,177,3571,19,39,742,True,True,True,False
243574,Thời sự,67,183,4271,17,42,971,True,True,True,False
163712,Giải trí,60,224,3924,13,49,850,True,True,True,False
207341,Sức khỏe,74,176,1412,17,41,307,True,True,True,False
89063,Giải trí,50,100,2288,13,22,513,True,True,True,False
25842,Kinh doanh,44,106,4393,9,23,943,True,True,True,False
32239,Thế giới,39,192,5081,8,43,1090,True,True,True,False
220286,Thể thao,52,129,802,12,29,181,True,True,True,False
29742,Sức khỏe,52,125,5217,12,27,1139,True,True,True,False
69034,Đời sống,76,139,1366,17,32,314,True,True,True,False
58286,Khoa học công nghệ,52,194,1748,10,38,357,True,True,True,False
48711,Xe,72,108,1603,15,20,332,True,True,True,False
192727,Kinh doanh,71,228,2313,13,48,470,True,True,True,False
115449,Sức khỏe,77,343,3133,16,77,705,True,True,True,False
140362,Thời sự,41,94,2851,10,21,639,True,True,True,False
223745,Thể thao,53,127,1286,11,29,274,True,True,True,False
96852,Giáo dục,75,146,4911,17,34,1085,True,True,True,False
230115,Thể thao,56,113,283,12,25,60,True,True,True,False
68564,Đời sống,75,157,1292,16,34,277,True,True,True,False
146069,Xe,80,135,1985,15,28,411,True,True,True,False
84973,Giải trí,78,127,2682,17,29,611,True,True,True,False
2040,Du lịch,62,136,4125,15,29,867,True,True,True,False
87709,Giải trí,65,170,2604,14,39,572,True,True,True,False
159093,Giải trí,80,172,1717,18,38,367,True,True,True,False
181449,Khoa học công nghệ,51,154,1787,10,32,385,True,True,True,False
230861,Thể thao,53,140,3836,10,27,804,True,True,True,False
211996,Sức khỏe,79,106,2505,19,25,561,True,True,True,False
147746,Xe,66,176,2310,15,39,520,True,True,True,False
256767,Đời sống,80,233,6992,15,49,1540,True,True,True,False
13118,Giải trí,64,166,4597,13,36,1007,True,True,True,True
228422,Thể thao,48,134,3803,10,27,773,True,True,True,False
135062,Thời sự,75,131,1065,17,29,234,True,True,True,False
202917,Kinh doanh,57,197,11581,13,44,2520,True,True,True,False
73409,Đời sống,50,107,1060,11,25,227,True,True,True,False
147465,Xe,70,198,2199,17,44,489,True,True,True,False
8398,Giải trí,57,217,5983,13,42,1244,True,True,True,False
264885,Đời sống,65,116,3465,16,27,779,True,True,True,False
163235,Giải trí,78,157,2555,16,35,533,True,True,True,False
265595,Đời sống,63,121,3295,14,28,753,True,True,True,False
195622,Kinh doanh,48,111,3020,11,25,617,True,True,True,False
211159,Sức khỏe,59,156,1042,14,36,226,True,True,True,False
2318,Giáo dục,74,191,1803,16,39,392,True,True,True,False
159697,Giải trí,56,142,1677,13,30,380,True,True,True,False
447,Bất động sản,67,221,4336,14,50,932,True,True,True,False
53030,Khoa học công nghệ,45,143,2857,11,32,629,True,True,True,False
133991,Thời sự,52,139,1467,12,31,318,True,True,True,False
257886,Đời sống,76,144,3609,18,34,795,True,True,True,False
197588,Kinh doanh,70,135,6572,15,28,1408,True,True,True,False
39162,Thể thao,80,140,3990,15,31,869,True,True,True,False
205182,Sức khỏe,50,138,2553,12,30,559,True,True,True,False
209931,Sức khỏe,77,132,1796,19,30,392,True,True,True,False
33721,Thế giới,61,195,3332,14,44,709,True,True,True,False
9968,Giải trí,87,146,1736,19,32,361,True,True,True,False
260103,Đời sống,73,210,2874,17,48,639,True,True,True,False
126822,Thể thao,81,209,2802,18,47,612,True,True,True,False
126375,Thể thao,63,171,1956,14,40,431,True,True,True,False
69590,Đời sống,84,138,1326,20,33,312,True,True,True,False
189477,Kinh doanh,55,181,5175,14,41,1127,True,True,True,False
242274,Thời sự,72,203,2914,17,46,646,True,True,True,False
131651,Thể thao,88,272,4129,17,59,869,True,True,True,False
43153,Thời sự,57,91,7752,14,21,1715,True,True,True,False
180237,Giáo dục,61,152,1355,12,32,280,True,True,True,False
186590,Khoa học công nghệ,77,212,4547,18,46,991,True,True,True,False
93133,Giải trí,54,153,1608,14,30,357,True,True,True,False
249127,Xe,46,150,3062,12,36,701,True,True,True,False
47942,Xe,79,113,3264,17,25,712,True,True,True,False
10584,Giải trí,74,169,4410,17,36,966,True,True,True,False
236515,Thể thao,58,126,2259,13,27,501,True,True,True,False
225496,Thể thao,56,118,2777,10,23,589,True,True,True,False
76642,Du lịch,37,381,3292,8,85,733,True,True,True,False
211135,Sức khỏe,63,159,1863,14,37,422,True,True,True,False
127447,Thể thao,99,190,3295,22,43,729,True,True,True,False
255178,Xe,80,199,4602,20,47,1016,True,True,True,False
140357,Thời sự,60,170,3650,14,37,804,True,True,True,False
206670,Sức khỏe,71,131,3162,17,30,690,True,True,True,False
195618,Kinh doanh,62,172,2111,13,36,454,True,True,True,False
98766,Giáo dục,77,155,3283,17,33,705,True,True,True,False
212635,Sức khỏe,53,138,3543,13,32,756,True,True,True,True
77430,Du lịch,59,268,2776,13,60,582,True,True,True,False
30797,Sức khỏe,27,237,5375,6,52,1153,True,True,True,False
108861,Kinh doanh,64,286,5341,14,61,1150,True,True,True,False
196189,Kinh doanh,68,180,4250,16,43,955,True,True,True,False
198519,Kinh doanh,62,204,3685,14,38,793,True,True,True,False
68164,Đời sống,93,221,4348,21,47,964,True,True,True,False
222552,Thể thao,73,181,1582,16,41,340,True,True,True,False
137178,Thời sự,55,75,1561,12,16,354,True,True,True,False
35666,Thế giới,43,203,4307,10,46,944,True,True,True,False
64674,Khoa học công nghệ,55,89,1319,13,20,278,True,True,True,False
224695,Thể thao,60,176,3766,15,40,802,True,True,True,False
179418,Giáo dục,56,71,2163,13,16,467,True,True,True,False
44168,Thời sự,30,168,3434,8,39,753,True,True,True,False
235870,Thể thao,61,134,1674,14,30,370,True,True,True,False
203315,Pháp luật,67,156,1004,15,33,219,True,True,True,False
216202,Thế giới,51,130,2254,13,30,496,True,True,True,False
203029,Kinh doanh,44,128,1932,10,27,421,True,True,True,False
121118,Thế giới,71,152,4144,16,30,863,True,True,True,False
61453,Khoa học công nghệ,67,155,1980,14,33,418,True,True,True,False
233958,Thể thao,57,132,2761,13,29,602,True,True,True,False
232166,Thể thao,63,141,2556,12,29,511,True,True,True,False
170654,Giải trí,70,201,2946,16,46,641,True,True,True,False
231459,Thể thao,49,145,1691,12,29,346,True,True,True,False
85107,Giải trí,53,138,2812,10,27,605,True,True,True,False
25793,Kinh doanh,92,136,4683,20,30,1014,True,True,True,False
67961,Đời sống,66,136,1606,16,31,370,True,True,True,False
232856,Thể thao,60,138,1416,15,32,309,True,True,True,False
5099,Giáo dục,75,160,2961,16,36,644,True,True,True,False
140052,Thời sự,42,138,1505,11,33,342,True,True,True,False
109136,Kinh doanh,53,212,3918,13,49,847,True,True,True,False
217130,Thế giới,72,156,1654,16,33,359,True,True,True,False
231632,Thể thao,38,129,3783,8,27,801,True,True,True,False
221599,Thể thao,62,159,1665,12,32,342,True,True,True,False
86088,Giải trí,60,123,3165,13,27,697,True,True,True,False
71206,Đời sống,58,121,3311,14,28,745,True,True,True,False
264427,Đời sống,66,110,2586,17,25,591,True,True,True,False
214995,Thế giới,61,164,824,13,37,179,True,True,True,False
91775,Giải trí,70,185,3254,14,41,701,True,True,True,False
2240,Du lịch,38,168,3733,9,40,791,True,True,True,False
127953,Thể thao,65,188,900,15,40,199,True,True,True,False
257661,Đời sống,76,167,5499,16,34,1210,True,True,True,False
43325,Thời sự,87,159,6556,23,37,1475,True,True,True,False
186616,Khoa học công nghệ,58,160,1874,15,38,416,True,True,True,False
48042,Xe,63,185,2735,14,45,600,True,True,True,False
58498,Khoa học công nghệ,37,234,3414,7,49,726,True,True,True,False
234341,Thể thao,69,168,1030,16,34,216,True,True,True,False
223537,Thể thao,65,152,2384,14,30,515,True,True,True,False
3826,Giáo dục,76,128,5144,17,29,1149,True,True,True,False
75217,Du lịch,55,224,6002,13,50,1314,True,True,True,False
99746,Giáo dục,62,204,3227,13,47,718,True,True,True,False
45311,Thời sự,72,217,3354,16,52,755,True,True,True,False
252629,Xe,67,177,1911,16,38,418,True,True,True,False
104061,Kinh doanh,73,198,2718,17,43,609,True,True,True,False
29425,Sức khỏe,42,194,2104,10,44,448,True,True,True,False
75107,Du lịch,73,277,4694,17,59,1020,True,True,True,False
241924,Thời sự,72,151,1199,18,37,267,True,True,True,False
255954,Đời sống,68,172,3281,16,38,717,True,True,True,False
115717,Sức khỏe,71,207,6943,16,46,1511,True,True,True,False
113846,Kinh doanh,73,295,2170,17,64,470,True,True,True,False
9511,Giải trí,72,191,4598,18,44,995,True,True,True,False
184785,Khoa học công nghệ,61,187,5635,14,42,1250,True,True,True,False
259075,Đời sống,77,200,4261,18,45,953,True,True,True,True
245756,Thời sự,74,137,1647,18,32,353,True,True,True,False
59663,Khoa học công nghệ,46,88,2230,8,17,466,True,True,True,False
163586,Giải trí,56,151,5601,13,35,1242,True,True,True,False
264563,Đời sống,74,131,3726,17,31,837,True,True,True,False
170288,Giải trí,63,135,1444,14,29,308,True,True,True,False
226161,Thể thao,58,158,2456,13,32,522,True,True,True,False
153829,Du lịch,57,148,2824,12,30,598,True,True,True,False
11682,Giải trí,89,174,2239,19,37,474,True,True,True,False
250328,Xe,51,141,1165,13,34,262,True,True,True,False
179194,Giáo dục,77,122,690,18,28,159,True,True,True,False
195486,Kinh doanh,72,157,2610,15,34,550,True,True,True,False
219426,Thể thao,53,154,2226,10,34,500,True,True,True,False
43628,Thời sự,46,157,6932,10,35,1558,True,True,True,False
161617,Giải trí,41,97,2428,10,22,513,True,True,True,False
84895,Giải trí,63,155,2913,15,31,650,True,True,True,False
59907,Khoa học công nghệ,60,162,2447,13,35,534,True,True,True,False
252774,Xe,69,130,2367,16,30,530,True,True,True,False
149321,Bất động sản,74,139,4337,15,27,958,True,True,True,False
262106,Đời sống,78,120,5014,17,28,1126,True,True,True,False
179621,Giáo dục,73,171,5613,15,37,1222,True,True,True,False
45455,Thời sự,77,187,2286,18,44,507,True,True,True,False
64034,Khoa học công nghệ,59,204,2646,14,44,576,True,True,True,False
252945,Xe,73,212,3207,16,48,703,True,True,True,False
236679,Thể thao,62,160,1429,13,37,305,True,True,True,False
92299,Giải trí,75,175,3009,16,38,655,True,True,True,False
253940,Xe,75,220,3940,18,49,880,True,True,True,False
29116,Sức khỏe,51,155,4669,12,34,999,True,True,True,False
161976,Giải trí,48,175,3901,11,40,875,True,True,True,False
40262,Thể thao,76,145,1996,17,30,414,True,True,True,False
14930,Giải trí,80,108,4654,19,25,1015,True,True,True,False
225801,Thể thao,43,180,1455,10,37,301,True,True,True,False
106209,Kinh doanh,54,193,3353,13,40,744,True,True,True,False
185349,Khoa học công nghệ,59,163,3664,13,33,807,True,True,True,False
212989,Sức khỏe,60,217,3428,14,51,769,True,True,True,False
214157,Thế giới,67,169,5333,15,37,1130,True,True,True,False
188939,Kinh doanh,73,191,2425,17,41,539,True,True,True,False
175896,Giáo dục,43,173,4668,12,38,1024,True,True,True,False
47833,Xe,99,135,2359,22,31,500,True,True,True,False
158929,Giải trí,79,111,2451,17,22,528,True,True,True,False
236141,Thể thao,75,221,4223,14,39,855,True,True,True,False
58821,Khoa học công nghệ,61,195,2220,12,38,488,True,True,True,False
34342,Thế giới,50,108,2054,12,25,435,True,True,True,False
140883,Thời sự,76,114,2177,16,22,469,True,True,True,False
70813,Đời sống,74,160,3213,17,37,724,True,True,True,False
142081,Thời sự,50,199,6490,12,42,1451,True,True,True,False
141420,Thời sự,57,245,3559,12,52,785,True,True,True,False
98374,Giáo dục,64,192,3817,16,43,831,True,True,True,False
207365,Sức khỏe,50,132,3456,13,29,762,True,True,True,False
128809,Thể thao,51,178,2455,11,39,533,True,True,True,False
34758,Thế giới,43,126,1391,10,27,295,True,True,True,False
212758,Sức khỏe,62,105,3417,14,22,723,True,True,True,False
210148,Sức khỏe,60,122,3608,14,27,798,True,True,True,True
253900,Xe,66,156,4418,17,36,963,True,True,True,False
212777,Sức khỏe,71,150,2798,17,33,607,True,True,True,False
155859,Du lịch,79,172,3207,20,40,725,True,True,True,False
220855,Thể thao,78,200,4004,17,44,837,True,True,True,False
88143,Giải trí,36,166,2329,8,36,507,True,True,True,False
162821,Giải trí,60,194,1985,13,43,410,True,True,True,False
1824,Du lịch,60,151,1747,13,34,392,True,True,True,False
63908,Khoa học công nghệ,49,109,2792,9,22,601,True,True,True,False
5187,Giáo dục,62,191,5446,14,39,1231,True,True,True,False
91121,Giải trí,74,171,4215,17,39,928,True,True,True,False
119873,Thế giới,56,109,1907,13,25,407,True,True,True,False
258447,Đời sống,74,168,2327,17,38,515,True,True,True,False
7560,Giải trí,94,204,3515,21,44,733,True,True,True,False
94617,Giải trí,71,166,2057,16,36,455,True,True,True,False
13844,Giải trí,48,178,4237,10,41,943,True,True,True,False
109348,Kinh doanh,40,129,2272,9,28,484,True,True,True,False
80250,Giải trí,62,150,1692,14,33,385,True,True,True,False
173472,Giáo dục,80,103,2943,18,23,634,True,True,True,False
253706,Xe,56,161,3415,12,34,735,True,True,True,False
121982,Thế giới,95,160,3758,18,34,795,True,True,True,False
24842,Kinh doanh,45,234,4580,10,50,983,True,True,True,False
68971,Đời sống,67,131,3832,16,28,843,True,True,True,False
109035,Kinh doanh,55,169,1645,12,38,394,True,True,True,False
241799,Thời sự,58,108,1107,14,26,250,True,True,True,False
32798,Thế giới,50,160,3653,12,38,795,True,True,True,False
258280,Đời sống,62,130,2596,15,31,579,True,True,True,False
174002,Giáo dục,45,177,4937,10,37,1105,True,True,True,False
7214,Giải trí,36,221,4099,7,45,878,True,True,True,False
42817,Thời sự,83,250,7103,21,57,1526,True,True,True,False
256112,Đời sống,66,140,2655,13,29,569,True,True,True,False
259954,Đời sống,73,161,2252,17,36,505,True,True,True,False
202274,Kinh doanh,45,164,3911,10,37,817,True,True,True,False
258101,Đời sống,53,215,4712,11,48,1029,True,True,True,False
99182,Giáo dục,73,196,6096,15,43,1271,True,True,True,False
134076,Thời sự,73,195,3708,16,42,830,True,True,True,False
214604,Thế giới,63,142,1985,15,30,421,True,True,True,False
122090,Thế giới,77,148,4903,17,34,1039,True,True,True,False
145990,Xe,75,124,2529,16,28,549,True,True,True,False
132355,Thời sự,52,298,8874,11,63,1916,True,True,True,False
47059,Thời sự,84,169,1889,21,38,414,True,True,True,False
155379,Du lịch,69,145,1241,16,34,282,True,True,True,False
13048,Giải trí,31,170,4112,6,37,897,True,True,True,False
230271,Thể thao,55,106,1085,9,20,226,True,True,True,False
238037,Thời sự,70,117,862,17,27,193,True,True,True,False
159699,Giải trí,72,100,3385,15,20,732,True,True,True,False
26381,Pháp luật,54,142,2574,11,31,541,True,True,True,False
179247,Giáo dục,58,121,829,13,28,184,True,True,True,False
48363,Xe,85,148,2318,20,34,517,True,True,True,False
106030,Kinh doanh,28,130,7269,7,28,1621,True,True,True,False
12300,Giải trí,56,187,3662,13,40,798,True,True,True,False
139691,Thời sự,70,190,2152,17,41,477,True,True,True,False
235343,Thể thao,54,136,1601,11,29,344,True,True,True,False
228654,Thể thao,67,132,1897,14,28,362,True,True,True,False
163678,Giải trí,31,184,2393,7,42,526,True,True,True,False
254478,Xe,52,147,737,12,34,161,True,True,True,False
70050,Đời sống,74,133,2675,17,28,607,True,True,True,False
260677,Đời sống,60,140,995,13,29,205,True,True,True,False
106996,Kinh doanh,38,204,4839,9,44,1098,True,True,True,False
196521,Kinh doanh,54,146,6936,13,32,1512,True,True,True,False
109815,Kinh doanh,59,169,1722,13,35,364,True,True,True,False
188604,Kinh doanh,70,226,3273,16,53,731,True,True,True,False
185168,Khoa học công nghệ,62,163,2933,12,34,617,True,True,True,False
80440,Giải trí,45,140,6000,11,32,1324,True,True,True,False
162390,Giải trí,52,226,1587,12,48,330,True,True,True,False
18318,Kinh doanh,44,180,5126,10,40,1093,True,True,True,False
52389,Xe,72,229,2870,14,46,610,True,True,True,False
235177,Thể thao,64,133,1266,11,25,263,True,True,True,False
145118,Xe,48,179,2716,11,38,587,True,True,True,False
98927,Giáo dục,47,130,3123,10,28,683,True,True,True,False
56776,Khoa học công nghệ,62,99,2699,15,21,601,True,True,True,False
17362,Khoa học công nghệ,75,149,2329,16,32,513,True,True,True,False
7469,Giải trí,38,156,2661,10,37,595,True,True,True,False
215767,Thế giới,67,118,1826,15,29,402,True,True,True,False
22696,Kinh doanh,84,219,5765,18,48,1226,True,True,True,False
40172,Thể thao,35,183,2599,7,38,557,True,True,True,False
193605,Kinh doanh,74,206,2174,15,44,460,True,True,True,False
66625,Đời sống,65,138,1626,17,35,378,True,True,True,False
59601,Khoa học công nghệ,68,156,3124,13,34,660,True,True,True,False
117190,Sức khỏe,49,143,5834,10,31,1280,True,True,True,False
12472,Giải trí,89,202,1958,21,43,415,True,True,True,False
71350,Đời sống,54,129,4828,12,29,1089,True,True,True,False
37605,Thể thao,54,145,1795,12,32,412,True,True,True,False
28561,Sức khỏe,78,207,2874,18,47,633,True,True,True,False
237036,Thời sự,70,195,3831,16,44,840,True,True,True,False
51823,Xe,48,132,3253,11,31,715,True,True,True,False
33589,Thế giới,80,163,1729,19,37,374,True,True,True,False
49178,Xe,75,233,3263,15,50,697,True,True,True,False
160353,Giải trí,49,147,2305,12,32,478,True,True,True,False
49320,Xe,80,133,2508,20,29,546,True,True,True,False
208727,Sức khỏe,68,167,3314,16,37,751,True,True,True,False
15099,Giải trí,76,153,2504,17,37,545,True,True,True,False
18994,Kinh doanh,65,199,3213,14,43,709,True,True,True,False
202905,Kinh doanh,70,126,4643,16,28,1008,True,True,True,False
237945,Thời sự,73,212,2239,15,47,490,True,True,True,False
165506,Giải trí,56,106,2126,14,23,464,True,True,True,False
51694,Xe,90,115,2095,20,25,470,True,True,True,False
259119,Đời sống,69,177,4946,16,39,1101,True,True,True,False
143542,Xe,63,275,4825,12,58,1054,True,True,True,False
44190,Thời sự,27,173,3873,6,40,838,True,True,True,False
226571,Thể thao,62,138,1486,12,28,289,True,True,True,False
227142,Thể thao,66,152,3047,13,28,567,True,True,True,False
240133,Thời sự,75,167,1872,19,38,408,True,True,True,False
47578,Xe,73,106,1702,16,23,376,True,True,True,False
264198,Đời sống,38,78,2968,8,16,646,True,True,True,False
25554,Kinh doanh,71,186,4777,16,42,1055,True,True,True,False
228790,Thể thao,67,211,3621,16,48,742,True,True,True,False
2683,Giáo dục,80,153,2486,19,36,564,True,True,True,False
223834,Thể thao,60,125,2154,13,24,449,True,True,True,False
180909,Giáo dục,53,140,2050,11,30,442,True,True,True,False
232234,Thể thao,55,122,4728,13,28,1033,True,True,True,False
204265,Pháp luật,71,224,3113,16,52,708,True,True,True,False
144432,Xe,76,152,2735,17,31,595,True,True,True,False
37985,Thể thao,51,185,2406,12,41,524,True,True,True,False
257835,Đời sống,72,179,5175,16,42,1143,True,True,True,False
256210,Đời sống,72,125,2057,15,26,426,True,True,True,False
765,Bất động sản,83,207,4054,17,46,885,True,True,True,False
189718,Kinh doanh,64,210,6513,12,40,1364,True,True,True,False
189855,Kinh doanh,74,227,1949,17,52,422,True,True,True,False
196217,Kinh doanh,74,242,4553,17,54,966,True,True,True,False
232645,Thể thao,49,135,1752,8,25,349,True,True,True,False
136474,Thời sự,71,164,2001,18,39,444,True,True,True,False
101982,Giáo dục,46,172,7077,11,39,1583,True,True,True,False
197614,Kinh doanh,76,185,3236,15,39,679,True,True,True,False
125100,Thể thao,80,174,2099,18,37,476,True,True,True,False
4946,Giáo dục,80,210,4120,20,47,900,True,True,True,False
214761,Thế giới,68,107,2365,15,20,496,True,True,True,False
159716,Giải trí,74,153,5409,16,34,1171,True,True,True,False
235211,Thể thao,75,174,1584,17,39,352,True,True,True,False
205175,Sức khỏe,47,116,4288,10,26,927,True,True,True,True
33197,Thế giới,66,197,1858,15,44,407,True,True,True,False
206841,Sức khỏe,79,168,2254,18,37,494,True,True,True,False
131250,Thể thao,41,218,4064,10,45,860,True,True,True,False
257672,Đời sống,61,190,1537,14,43,347,True,True,True,False
138030,Thời sự,68,138,2147,16,31,490,True,True,True,False
200445,Kinh doanh,47,210,4222,10,44,929,True,True,True,False
85369,Giải trí,69,210,3011,15,47,659,True,True,True,False
203340,Pháp luật,68,174,1127,16,39,254,True,True,True,False
13958,Giải trí,88,188,4650,18,40,981,True,True,True,False
30163,Sức khỏe,81,246,3340,18,53,730,True,True,True,False
262514,Đời sống,73,142,3006,17,34,675,True,True,True,False
49600,Xe,51,78,4131,11,18,900,True,True,True,False
229527,Thể thao,42,173,229,7,30,50,True,True,True,False
31953,Sức khỏe,66,199,3910,14,44,864,True,True,True,False
257428,Đời sống,70,156,3835,16,35,865,True,True,True,False
96255,Giáo dục,59,179,3898,13,39,835,True,True,True,False
148495,Bất động sản,64,192,3674,15,43,813,True,True,True,False
137823,Thời sự,37,159,4952,9,36,1113,True,True,True,False
111422,Kinh doanh,47,136,2044,10,27,434,True,True,True,False
89325,Giải trí,68,221,4985,16,51,1130,True,True,True,False
262435,Đời sống,61,134,3892,14,29,848,True,True,True,False
108695,Kinh doanh,55,239,6432,12,56,1390,True,True,True,False
149746,Bất động sản,73,215,4180,17,47,908,True,True,True,False
138071,Thời sự,54,115,2582,12,26,565,True,True,True,True
22279,Kinh doanh,90,182,4835,20,38,1029,True,True,True,False
172626,Giáo dục,74,207,3272,17,48,710,True,True,True,False
261818,Đời sống,69,144,1598,15,33,335,True,True,True,False
135810,Thời sự,45,111,1913,10,24,419,True,True,True,False
244686,Thời sự,65,146,1423,15,34,315,True,True,True,False
99986,Giáo dục,56,208,5864,13,45,1297,True,True,True,False
199837,Kinh doanh,73,228,4233,15,49,912,True,True,True,False
199772,Kinh doanh,80,204,3963,18,46,847,True,True,True,False
46178,Thời sự,56,140,2042,13,32,435,True,True,True,False
239672,Thời sự,75,235,1762,17,52,405,True,True,True,False
138828,Thời sự,59,123,819,13,25,182,True,True,True,False
109283,Kinh doanh,47,193,4133,11,40,926,True,True,True,False
198591,Kinh doanh,57,200,3598,12,43,776,True,True,True,False
78113,Du lịch,79,145,1713,17,32,371,True,True,True,False
73387,Đời sống,85,187,3923,18,39,858,True,True,True,False
213663,Sức khỏe,62,136,1755,14,29,384,True,True,True,False
246366,Thời sự,69,145,645,15,31,140,True,True,True,False
131488,Thể thao,76,148,2319,17,35,522,True,True,True,False
264699,Đời sống,72,91,4028,17,20,898,True,True,True,False
180714,Giáo dục,80,115,3640,17,24,795,True,True,True,False
220531,Thể thao,58,117,5076,14,25,1087,True,True,True,False
236027,Thể thao,69,161,3000,14,32,637,True,True,True,False
262226,Đời sống,47,147,2461,9,31,524,True,True,True,False
228417,Thể thao,58,184,1207,13,41,230,True,True,True,False
45432,Thời sự,76,167,1428,16,38,318,True,True,True,False
216754,Thế giới,60,129,934,13,29,207,True,True,True,False
252227,Xe,79,163,2891,16,36,638,True,True,True,False
52018,Xe,81,158,2013,19,37,417,True,True,True,False
22147,Kinh doanh,52,155,2489,11,32,538,True,True,True,False
148268,Xe,66,163,2278,12,34,505,True,True,True,False
91930,Giải trí,68,133,1616,14,24,348,True,True,True,False
81730,Giải trí,71,90,2093,15,19,471,True,True,True,False
203760,Pháp luật,47,154,827,10,35,185,True,True,True,False
187316,Khoa học công nghệ,80,223,6626,16,48,1361,True,True,True,False
35223,Thế giới,45,126,4282,10,26,893,True,True,True,False
159090,Giải trí,77,130,1412,18,28,313,True,True,True,False
82636,Giải trí,60,216,3126,14,48,678,True,True,True,False
15749,Giải trí,84,164,6432,19,32,1338,True,True,True,False
228816,Thể thao,61,113,3681,10,20,751,True,True,True,False
164067,Giải trí,65,100,3305,14,23,720,True,True,True,False
214764,Thế giới,67,157,5788,17,35,1278,True,True,True,False
33500,Thế giới,88,162,1881,20,38,400,True,True,True,False
3422,Giáo dục,56,132,5638,13,30,1247,True,True,True,False
254610,Xe,78,230,3927,20,51,866,True,True,True,False
97072,Giáo dục,49,225,2477,11,50,526,True,True,True,False
116802,Sức khỏe,69,303,5441,16,69,1153,True,True,True,False
8529,Giải trí,51,216,5225,11,47,1152,True,True,True,False
57774,Khoa học công nghệ,65,83,1461,13,17,320,True,True,True,False
102990,Giáo dục,72,205,3303,16,47,726,True,True,True,False
56826,Khoa học công nghệ,58,195,1818,14,42,389,True,True,True,False
150882,Bất động sản,63,218,3398,15,48,755,True,True,True,False
225615,Thể thao,52,125,2110,12,28,464,True,True,True,False
90312,Giải trí,56,150,1840,12,33,397,True,True,True,False
264342,Đời sống,57,164,1682,13,37,373,True,True,True,False
231636,Thể thao,34,107,322,7,24,65,True,True,True,False
158548,Giải trí,55,128,3136,12,29,702,True,True,True,False
44417,Thời sự,18,131,3617,4,28,769,True,True,True,False
151039,Bất động sản,72,231,2798,17,52,613,True,True,True,False
130985,Thể thao,83,186,1533,17,39,329,True,True,True,False
89320,Giải trí,40,253,2739,9,56,622,True,True,True,False
135900,Thời sự,40,168,2336,9,38,523,True,True,True,False
167268,Giải trí,77,139,3041,17,29,654,True,True,True,False
102396,Giáo dục,73,185,1250,17,40,272,True,True,True,False
117026,Sức khỏe,33,234,3850,8,50,863,True,True,True,False
11639,Giải trí,50,181,3678,9,39,724,True,True,True,False
46828,Thời sự,59,196,2406,14,45,542,True,True,True,False
241296,Thời sự,58,193,524,13,42,115,True,True,True,False
95346,Giáo dục,73,239,5383,17,50,1179,True,True,True,False
122159,Thế giới,44,171,2704,10,37,569,True,True,True,False
126811,Thể thao,105,134,3160,20,28,693,True,True,True,False
430,Bất động sản,91,209,4051,20,47,880,True,True,True,False
222269,Thể thao,60,139,2655,13,31,562,True,True,True,False
83832,Giải trí,59,140,2781,13,33,634,True,True,True,False
110782,Kinh doanh,77,340,4021,16,73,881,True,True,True,False
205532,Sức khỏe,38,143,3676,9,31,787,True,True,True,False
245078,Thời sự,79,124,3232,17,28,709,True,True,True,False
253348,Xe,38,189,4577,9,43,990,True,True,True,False
29648,Sức khỏe,42,195,2971,9,44,642,True,True,True,False
49590,Xe,64,119,2628,15,25,597,True,True,True,False
183751,Khoa học công nghệ,63,171,4035,13,36,868,True,True,True,False
247875,Xe,78,180,6952,19,43,1523,True,True,True,False
65924,Đời sống,79,199,8026,17,42,1796,True,True,True,False
7273,Giải trí,67,111,3317,14,23,742,True,True,True,False
193844,Kinh doanh,57,198,5634,11,41,1165,True,True,True,False
211818,Sức khỏe,44,164,3523,10,37,776,True,True,True,False
231899,Thể thao,63,105,2489,12,20,475,True,True,True,False
86602,Giải trí,50,179,2297,11,38,474,True,True,True,False
91333,Giải trí,55,157,2314,13,36,529,True,True,True,False
199192,Kinh doanh,73,222,3947,17,48,845,True,True,True,False
147567,Xe,69,148,2235,17,32,495,True,True,True,False
62277,Khoa học công nghệ,46,80,2554,10,17,555,True,True,True,False
180919,Giáo dục,79,159,2678,16,31,566,True,True,True,False
246622,Thời sự,54,110,754,12,24,168,True,True,True,False
111589,Kinh doanh,50,345,2601,13,74,555,True,True,True,False
28344,Sức khỏe,70,219,4245,16,47,911,True,True,True,False
72133,Đời sống,72,174,3781,17,39,835,True,True,True,False
212468,Sức khỏe,68,230,2127,15,49,454,True,True,True,False
183200,Khoa học công nghệ,78,156,3805,17,34,825,True,True,True,False
194290,Kinh doanh,65,147,1483,14,30,321,True,True,True,False
176081,Giáo dục,77,194,3013,19,45,653,True,True,True,False
255181,Xe,45,147,1156,12,33,258,True,True,True,False
200892,Kinh doanh,71,187,3795,15,36,800,True,True,True,False
62264,Khoa học công nghệ,59,116,1762,15,27,392,True,True,True,False
233640,Thể thao,49,162,1543,9,33,303,True,True,True,False
18867,Kinh doanh,31,187,5211,8,40,1091,True,True,True,False
187060,Khoa học công nghệ,71,231,3799,17,50,835,True,True,True,False
63698,Khoa học công nghệ,62,110,1169,12,23,245,True,True,True,False
261269,Đời sống,80,235,3615,19,54,803,True,True,True,False
234149,Thể thao,58,103,2640,13,20,498,True,True,True,False
38606,Thể thao,84,142,2243,18,30,498,True,True,True,False
47513,Xe,89,145,2519,18,34,556,True,True,True,False
164213,Giải trí,79,212,7963,19,46,1723,True,True,True,False
34063,Thế giới,62,155,2056,15,35,459,True,True,True,False
52571,Xe,76,88,1998,15,18,438,True,True,True,False
210267,Sức khỏe,52,108,1530,13,24,337,True,True,True,False
134757,Thời sự,71,111,4974,17,26,1100,True,True,True,False
102567,Giáo dục,51,109,8050,12,23,1798,True,True,True,True
113212,Kinh doanh,60,109,1495,12,24,327,True,True,True,False
7305,Giải trí,54,134,2731,12,29,596,True,True,True,False
157736,Giải trí,33,141,1605,7,29,339,True,True,True,False
12891,Giải trí,53,194,2973,13,44,651,True,True,True,False
261815,Đời sống,76,174,5716,19,39,1273,True,True,True,False
109890,Kinh doanh,88,135,2633,19,29,576,True,True,True,False
191779,Kinh doanh,49,174,2341,11,39,523,True,True,True,False
80641,Giải trí,55,230,3236,12,50,719,True,True,True,False
72978,Đời sống,76,174,1821,18,41,420,True,True,True,False
13304,Giải trí,55,165,2572,13,37,554,True,True,True,False
97884,Giáo dục,51,197,4480,11,42,971,True,True,True,False
59536,Khoa học công nghệ,44,172,2144,10,39,486,True,True,True,False
178004,Giáo dục,52,103,3816,12,24,844,True,True,True,False
176636,Giáo dục,77,231,4119,20,55,920,True,True,True,False
142838,Thời sự,76,188,4223,17,42,927,True,True,True,False
52419,Xe,59,154,2573,13,34,560,True,True,True,False
45118,Thời sự,32,88,1098,7,19,246,True,True,True,False
90686,Giải trí,53,169,4801,12,30,1031,True,True,True,False
14925,Giải trí,34,175,2137,8,39,476,True,True,True,False
216923,Thế giới,74,199,1057,17,45,215,True,True,True,False
203187,Kinh doanh,68,143,2872,15,30,591,True,True,True,False
247184,Thời sự,73,162,2108,19,38,478,True,True,True,False
136833,Thời sự,64,190,6251,15,42,1404,True,True,True,False
18716,Kinh doanh,51,248,6539,12,53,1365,True,True,True,False
186225,Khoa học công nghệ,80,104,1809,15,21,369,True,True,True,False
25919,Kinh doanh,40,128,1930,9,27,419,True,True,True,False
206561,Sức khỏe,60,142,2041,16,32,437,True,True,True,False
67470,Đời sống,63,195,2049,15,45,463,True,True,True,False
78674,Du lịch,89,165,1963,17,35,419,True,True,True,False
116494,Sức khỏe,60,217,3500,14,48,753,True,True,True,False
111282,Kinh doanh,66,177,1859,14,40,400,True,True,True,False
36334,Thể thao,50,159,1122,12,34,243,True,True,True,False
218102,Thế giới,60,131,656,14,29,135,True,True,True,False
265557,Đời sống,80,117,3538,21,26,824,True,True,True,False
151306,Bất động sản,57,155,1162,14,36,262,True,True,True,False
17942,Kinh doanh,55,186,3702,12,37,760,True,True,True,False
177097,Giáo dục,76,155,1887,19,34,427,True,True,True,False
86752,Giải trí,72,174,3092,17,39,688,True,True,True,False
108990,Kinh doanh,68,226,4827,14,47,1007,True,True,True,False
121315,Thế giới,62,202,4269,13,43,928,True,True,True,False
19769,Kinh doanh,37,141,2127,9,32,462,True,True,True,False
197506,Kinh doanh,59,212,4759,13,47,1029,True,True,True,False
69766,Đời sống,47,228,3640,11,51,821,True,True,True,False
35126,Thế giới,69,200,1459,16,41,321,True,True,True,False
10276,Giải trí,53,202,4440,13,42,925,True,True,True,False
157941,Giải trí,44,155,961,11,36,211,True,True,True,False
61831,Khoa học công nghệ,59,201,1793,14,46,403,True,True,True,False
201945,Kinh doanh,80,233,4115,19,50,866,True,True,True,False
112832,Kinh doanh,74,108,1721,14,23,379,True,True,True,False
94591,Giải trí,35,177,2324,9,40,508,True,True,True,False
88320,Giải trí,38,130,2142,9,30,464,True,True,True,False
67047,Đời sống,79,165,3534,16,35,780,True,True,True,False
36550,Thể thao,57,156,1336,12,33,288,True,True,True,False
160651,Giải trí,77,170,1581,17,36,345,True,True,True,False
34297,Thế giới,66,145,1340,15,32,281,True,True,True,False
215492,Thế giới,47,107,2173,12,24,465,True,True,True,False
244781,Thời sự,69,140,639,17,31,140,True,True,True,False
95016,Giáo dục,72,230,4932,16,50,1112,True,True,True,False
135955,Thời sự,71,145,3854,17,33,856,True,True,True,False
210089,Sức khỏe,66,182,3029,15,40,679,True,True,True,False
61560,Khoa học công nghệ,63,171,3365,13,38,719,True,True,True,False
204138,Pháp luật,64,242,2514,18,58,578,True,True,True,False
69676,Đời sống,83,177,3401,18,38,751,True,True,True,False
154279,Du lịch,74,184,2938,15,40,637,True,True,True,False
252000,Xe,70,176,1927,16,40,409,True,True,True,False
36692,Thể thao,52,159,2467,12,34,547,True,True,True,False
179952,Giáo dục,59,181,1392,13,40,304,True,True,True,False
169403,Giải trí,52,128,755,12,28,159,True,True,True,False
31394,Sức khỏe,71,138,4265,16,31,894,True,True,True,False
105446,Kinh doanh,78,150,3235,17,32,715,True,True,True,False
168103,Giải trí,30,151,2138,6,31,462,True,True,True,False
235021,Thể thao,61,131,2193,13,31,473,True,True,True,False
157162,Giải trí,54,156,1584,12,35,348,True,True,True,False
81587,Giải trí,66,134,1446,16,31,339,True,True,True,False
58496,Khoa học công nghệ,49,130,4528,11,30,986,True,True,True,False
136443,Thời sự,79,206,3761,17,45,818,True,True,True,False
139469,Thời sự,64,252,3162,16,55,699,True,True,True,False
35275,Thế giới,56,127,5457,12,29,1190,True,True,True,False
132778,Thời sự,41,237,3687,10,57,840,True,True,True,False
228867,Thể thao,49,154,1344,11,34,294,True,True,True,False
10649,Giải trí,71,140,3423,16,33,770,True,True,True,False
210919,Sức khỏe,60,102,1237,15,22,275,True,True,True,False
39519,Thể thao,61,150,2091,14,31,462,True,True,True,False
205569,Sức khỏe,80,159,2016,19,33,446,True,True,True,False
125113,Thể thao,53,191,2781,11,39,601,True,True,True,False
69331,Đời sống,83,192,4133,18,40,896,True,True,True,False
232694,Thể thao,67,132,2665,14,27,544,True,True,True,False
210802,Sức khỏe,57,136,2300,13,30,497,True,True,True,False
15597,Giải trí,78,237,5875,14,53,1255,True,True,True,False
14135,Giải trí,92,141,3387,22,33,735,True,True,True,False
202118,Kinh doanh,72,102,2712,15,22,599,True,True,True,False
218681,Thế giới,49,149,1459,11,32,309,True,True,True,False
192290,Kinh doanh,75,208,4112,14,43,848,True,True,True,False
110347,Kinh doanh,79,84,1874,16,19,411,True,True,True,False
249752,Xe,45,146,2565,12,35,554,True,True,True,False
169938,Giải trí,67,95,1923,15,22,422,True,True,True,False
749,Bất động sản,61,197,4288,14,44,931,True,True,True,False
112113,Kinh doanh,41,286,1967,10,64,422,True,True,True,False
119834,Thế giới,56,147,2038,14,34,436,True,True,True,False
56164,Khoa học công nghệ,56,199,1446,12,42,324,True,True,True,False
200586,Kinh doanh,78,200,3535,17,44,774,True,True,True,False
158793,Giải trí,72,164,1656,15,35,355,True,True,True,False
127260,Thể thao,94,188,1506,21,40,328,True,True,True,False
6271,Giáo dục,60,173,2976,13,38,634,True,True,True,False
125264,Thể thao,53,216,4472,12,46,971,True,True,True,False
119931,Thế giới,59,132,4265,13,28,934,True,True,True,False
101883,Giáo dục,58,170,1100,13,40,245,True,True,True,False
123782,Thể thao,41,164,4635,6,30,982,True,True,True,False
148973,Bất động sản,79,179,4598,17,42,1011,True,True,True,False
172921,Giáo dục,76,222,2725,16,48,585,True,True,True,False
135890,Thời sự,48,126,2892,10,28,640,True,True,True,False
152471,Bất động sản,67,177,4237,16,40,925,True,True,True,False
121344,Thế giới,61,162,1461,14,35,320,True,True,True,False
264586,Đời sống,77,160,3188,17,36,715,True,True,True,False
151034,Bất động sản,76,123,3599,17,28,790,True,True,True,False
22727,Kinh doanh,91,176,4094,21,40,913,True,True,True,False
83793,Giải trí,70,156,3081,15,33,678,True,True,True,False
85988,Giải trí,78,169,3548,16,37,772,True,True,True,False
232726,Thể thao,67,157,1875,13,33,407,True,True,True,False
178503,Giáo dục,41,126,779,10,30,172,True,True,True,False
208983,Sức khỏe,54,133,3029,13,29,680,True,True,True,False
165281,Giải trí,75,133,4025,19,29,857,True,True,True,False
61321,Khoa học công nghệ,58,198,3748,12,43,820,True,True,True,False
4137,Giáo dục,78,173,2370,17,38,531,True,True,True,False
61749,Khoa học công nghệ,71,211,2275,15,46,496,True,True,True,False
8010,Giải trí,90,180,3804,20,40,797,True,True,True,False
239308,Thời sự,77,233,2872,18,54,632,True,True,True,False
184321,Khoa học công nghệ,64,156,9091,14,36,1987,True,True,True,False
144321,Xe,58,198,2036,12,46,449,True,True,True,False
240888,Thời sự,72,146,1082,17,33,234,True,True,True,False
245287,Thời sự,80,152,1013,19,34,229,True,True,True,False
206963,Sức khỏe,35,132,2747,9,31,614,True,True,True,False
40885,Thể thao,45,126,4126,9,29,884,True,True,True,False
187959,Khoa học công nghệ,68,146,4415,16,34,962,True,True,True,False
192721,Kinh doanh,68,247,2351,15,52,503,True,True,True,False
80668,Giải trí,62,108,1681,14,24,387,True,True,True,False
33995,Thế giới,35,226,6724,8,47,1468,True,True,True,False
187113,Khoa học công nghệ,63,131,3601,14,26,762,True,True,True,False
182255,Khoa học công nghệ,68,197,5217,14,42,1114,True,True,True,False
120883,Thế giới,68,178,1832,15,39,399,True,True,True,False
47551,Xe,45,147,1813,10,33,400,True,True,True,False
175333,Giáo dục,64,120,3653,15,28,806,True,True,True,False
179401,Giáo dục,75,200,4627,18,44,1054,True,True,True,False
65431,Khoa học công nghệ,63,217,2946,14,47,640,True,True,True,False
43068,Thời sự,66,153,163370,15,35,36122,True,True,True,False
15987,Giải trí,70,191,4171,16,38,877,True,True,True,False
185224,Khoa học công nghệ,70,169,4157,16,39,900,True,True,True,False
244076,Thời sự,67,133,1640,15,28,357,True,True,True,False
66455,Đời sống,86,234,3041,19,48,661,True,True,True,False
205669,Sức khỏe,61,130,2268,15,29,496,True,True,True,False
63779,Khoa học công nghệ,60,103,2506,12,24,524,True,True,True,False
90871,Giải trí,25,122,2417,6,29,544,True,True,True,False
93627,Giải trí,60,164,3184,13,36,703,True,True,True,False
137218,Thời sự,49,147,941,12,34,208,True,True,True,False
167560,Giải trí,52,95,2111,13,22,461,True,True,True,False
230141,Thể thao,44,133,1790,10,29,390,True,True,True,False
190134,Kinh doanh,71,168,5981,16,33,1272,True,True,True,False
175543,Giáo dục,78,192,3812,17,43,850,True,True,True,False
7132,Giải trí,81,143,2502,19,31,526,True,True,True,False
3285,Giáo dục,53,107,4683,12,24,1015,True,True,True,False
89077,Giải trí,74,152,3075,17,33,698,True,True,True,False
2690,Giáo dục,77,121,1107,19,29,243,True,True,True,False
183621,Khoa học công nghệ,55,202,4388,12,41,953,True,True,True,False
206156,Sức khỏe,79,148,3131,18,33,678,True,True,True,False
90087,Giải trí,53,233,3792,12,51,824,True,True,True,False
152864,Bất động sản,59,161,2914,15,39,630,True,True,True,False
95257,Giáo dục,60,192,3413,14,41,725,True,True,True,False
58690,Khoa học công nghệ,37,128,3167,10,29,684,True,True,True,False
240447,Thời sự,50,121,3039,11,24,656,True,True,True,False
93972,Giải trí,62,141,2454,13,34,558,True,True,True,False
68365,Đời sống,64,221,1714,15,46,387,True,True,True,False
14245,Giải trí,86,181,3096,18,36,643,True,True,True,False
83972,Giải trí,61,157,2271,14,34,513,True,True,True,False
127357,Thể thao,85,118,2329,20,25,517,True,True,True,False
161559,Giải trí,55,211,6523,12,42,1431,True,True,True,False
107564,Kinh doanh,79,181,2268,17,44,482,True,True,True,False
147668,Xe,72,191,2243,16,39,496,True,True,True,False
62843,Khoa học công nghệ,44,135,1466,9,32,308,True,True,True,False
127460,Thể thao,49,180,3678,11,42,807,True,True,True,False
77535,Du lịch,63,446,2779,16,103,618,True,True,True,False
200786,Kinh doanh,48,169,3812,10,36,819,True,True,True,False
238895,Thời sự,70,154,2112,15,33,450,True,True,True,False
217241,Thế giới,67,137,1225,15,30,259,True,True,True,False
214800,Thế giới,57,178,3226,13,38,682,True,True,True,False
122885,Thế giới,76,206,1962,17,42,407,True,True,True,False
235339,Thể thao,63,135,1885,13,29,383,True,True,True,False
176388,Giáo dục,78,186,5193,16,37,1153,True,True,True,False
144818,Xe,62,237,2700,13,54,592,True,True,True,False
125807,Thể thao,79,224,4491,17,48,1012,True,True,True,False
51957,Xe,90,143,2874,22,35,644,True,True,True,False
105544,Kinh doanh,24,257,6781,6,58,1544,True,True,True,False
202442,Kinh doanh,64,173,2192,15,37,461,True,True,True,False
215049,Thế giới,65,135,1243,14,30,265,True,True,True,False
3410,Giáo dục,88,224,5540,18,49,1178,True,True,True,False
53550,Khoa học công nghệ,44,157,1887,9,33,410,True,True,True,False
223740,Thể thao,61,130,1677,15,28,359,True,True,True,False
6403,Giáo dục,59,230,6864,13,52,1510,True,True,True,False
37323,Thể thao,60,213,1837,13,44,397,True,True,True,False
225837,Thể thao,54,130,3790,12,28,793,True,True,True,False
150407,Bất động sản,57,142,2783,14,34,627,True,True,True,False
51219,Xe,72,127,6051,16,28,1354,True,True,True,False
178281,Giáo dục,62,241,3505,13,50,766,True,True,True,False
43588,Thời sự,86,177,7161,22,42,1577,True,True,True,False
227169,Thể thao,68,163,1688,14,34,322,True,True,True,False
237722,Thời sự,69,201,1768,18,46,382,True,True,True,False
187374,Khoa học công nghệ,62,144,3711,15,34,807,True,True,True,False
139341,Thời sự,52,218,4215,12,46,937,True,True,True,False
231417,Thể thao,57,154,1704,12,32,363,True,True,True,False
262651,Đời sống,65,101,2437,14,21,541,True,True,True,False
118578,Thế giới,59,132,1403,13,29,313,True,True,True,False
253745,Xe,49,210,4106,12,45,921,True,True,True,False
67688,Đời sống,65,101,1846,15,22,402,True,True,True,False
255227,Xe,56,123,2876,14,27,639,True,True,True,False
237138,Thời sự,75,205,1340,16,44,283,True,True,True,False
195474,Kinh doanh,64,131,2136,14,29,470,True,True,True,False
101918,Giáo dục,41,274,2756,9,58,615,True,True,True,False
222947,Thể thao,48,105,1222,11,24,259,True,True,True,False
92301,Giải trí,72,196,4551,17,42,985,True,True,True,False
68639,Đời sống,72,133,1857,16,32,404,True,True,True,False
253924,Xe,53,156,1892,12,35,422,True,True,True,False
183947,Khoa học công nghệ,76,169,4302,15,33,909,True,True,True,False
257225,Đời sống,47,98,2913,11,23,652,True,True,True,False
149994,Bất động sản,57,160,1578,14,38,355,True,True,True,False
154555,Du lịch,69,194,4255,16,43,928,True,True,True,False
263258,Đời sống,69,186,362,16,39,81,True,True,True,False
32486,Thế giới,71,160,5471,16,35,1205,True,True,True,False
52313,Xe,89,139,2529,20,31,541,True,True,True,False
233454,Thể thao,43,135,1317,9,28,265,True,True,True,False
194101,Kinh doanh,74,151,5337,18,35,1114,True,True,True,False
21820,Kinh doanh,35,144,4859,8,30,1027,True,True,True,False
34846,Thế giới,72,106,2305,15,22,497,True,True,True,False
121023,Thế giới,60,150,1877,14,34,408,True,True,True,False
113169,Kinh doanh,57,313,3796,14,68,845,True,True,True,False
100664,Giáo dục,34,321,2936,8,66,648,True,True,True,False
24913,Kinh doanh,63,157,3794,13,35,863,True,True,True,False
195928,Kinh doanh,52,167,1311,12,37,282,True,True,True,False
246145,Thời sự,73,161,3815,16,34,847,True,True,True,False
236439,Thể thao,65,104,1132,15,22,235,True,True,True,False
70465,Đời sống,58,198,3760,13,43,845,True,True,True,False
54673,Khoa học công nghệ,64,212,2577,13,42,559,True,True,True,False
263813,Đời sống,53,68,2490,11,15,535,True,True,True,False
37655,Thể thao,66,219,3738,14,47,843,True,True,True,False
105694,Kinh doanh,66,112,2252,15,25,498,True,True,True,False
249240,Xe,46,212,3375,11,49,745,True,True,True,False
20110,Kinh doanh,57,184,5124,12,40,1097,True,True,True,False
37576,Thể thao,57,191,2535,12,41,536,True,True,True,False
7030,Giải trí,87,210,5052,19,44,1092,True,True,True,False
149387,Bất động sản,62,157,1950,13,33,430,True,True,True,False
247406,Xe,59,180,5218,13,39,1120,True,True,True,False
255212,Xe,68,118,3795,16,26,869,True,True,True,False
125632,Thể thao,106,246,4048,21,52,836,True,True,True,False
257780,Đời sống,52,244,4798,11,53,1044,True,True,True,False
89491,Giải trí,67,208,1845,15,45,399,True,True,True,False
108746,Kinh doanh,60,332,7771,13,75,1702,True,True,True,False
5893,Giáo dục,58,162,5489,14,37,1222,True,True,True,False
166552,Giải trí,60,155,3264,13,33,686,True,True,True,False
6806,Giải trí,64,148,3355,16,36,757,True,True,True,False
211565,Sức khỏe,56,121,2402,14,28,518,True,True,True,False
254026,Xe,47,102,3828,10,22,845,True,True,True,False
148745,Bất động sản,61,136,2102,16,32,478,True,True,True,False
26215,Pháp luật,59,108,3152,13,24,688,True,True,True,False
62230,Khoa học công nghệ,42,137,1891,8,29,406,True,True,True,False
18273,Kinh doanh,46,176,2195,10,38,469,True,True,True,False
7567,Giải trí,70,157,3315,16,35,710,True,True,True,False
157735,Giải trí,76,189,3013,17,43,662,True,True,True,False
37352,Thể thao,96,141,3998,20,30,859,True,True,True,False
155365,Du lịch,67,209,2624,16,46,584,True,True,True,False
31622,Sức khỏe,72,119,3133,16,27,674,True,True,True,False
251567,Xe,77,149,1909,20,37,425,True,True,True,False
136263,Thời sự,59,162,1320,13,36,296,True,True,True,False
50084,Xe,59,199,2069,13,44,451,True,True,True,False
224908,Thể thao,65,112,963,15,25,209,True,True,True,False
105268,Kinh doanh,55,95,1719,12,22,376,True,True,True,False
179162,Giáo dục,73,159,3555,15,33,751,True,True,True,False
15257,Giải trí,94,178,4879,19,37,982,True,True,True,False
153214,Bất động sản,72,150,1921,16,37,427,True,True,True,False
157184,Giải trí,59,139,2728,13,29,584,True,True,True,False
137105,Thời sự,52,159,2419,11,35,531,True,True,True,False
65310,Khoa học công nghệ,79,256,2531,17,56,544,True,True,True,False
130424,Thể thao,80,247,2381,17,48,507,True,True,True,False
141057,Thời sự,55,219,2581,12,45,536,True,True,True,False
179389,Giáo dục,78,168,958,17,38,206,True,True,True,False
24540,Kinh doanh,71,169,1850,17,38,397,True,True,True,False
228863,Thể thao,67,102,316,12,21,63,True,True,True,False
178139,Giáo dục,74,208,4655,17,49,1025,True,True,True,False
54316,Khoa học công nghệ,44,197,4382,10,42,1011,True,True,True,False
167958,Giải trí,52,129,1786,12,27,386,True,True,True,False
60810,Khoa học công nghệ,33,128,2627,7,27,575,True,True,True,False
233377,Thể thao,44,107,1152,7,20,240,True,True,True,False
65955,Đời sống,60,229,5275,15,52,1203,True,True,True,True
64381,Khoa học công nghệ,60,114,1916,13,24,417,True,True,True,False
145203,Xe,64,232,4576,14,51,984,True,True,True,False
206172,Sức khỏe,67,223,3964,14,48,864,True,True,True,False
218252,Thế giới,65,177,1929,15,37,410,True,True,True,False
171421,Giải trí,74,153,5339,18,36,1147,True,True,True,False
161603,Giải trí,47,186,1967,10,41,433,True,True,True,False
169195,Giải trí,73,200,3354,16,39,707,True,True,True,False
39338,Thể thao,29,132,2604,6,30,596,True,True,True,False
204689,Pháp luật,42,212,1999,11,50,447,True,True,True,False
172529,Giáo dục,64,213,3213,14,45,702,True,True,True,False
215610,Thế giới,68,132,403,14,28,90,True,True,True,False
103751,Giáo dục,67,207,3019,15,44,668,True,True,True,False
112566,Kinh doanh,79,80,2009,16,17,441,True,True,True,False
93395,Giải trí,54,108,2736,13,24,615,True,True,True,False
254760,Xe,53,202,2505,12,44,543,True,True,True,False
46388,Thời sự,60,120,1308,15,28,295,True,True,True,False
124085,Thể thao,54,223,3510,12,47,754,True,True,True,False
125487,Thể thao,72,210,2451,17,43,526,True,True,True,False
150513,Bất động sản,62,242,3893,14,55,865,True,True,True,False
42691,Thời sự,87,198,7734,20,44,1695,True,True,True,False
60457,Khoa học công nghệ,36,168,2561,9,36,574,True,True,True,False
31998,Sức khỏe,65,176,4726,14,39,1032,True,True,True,False
33216,Thế giới,35,91,6889,9,21,1515,True,True,True,False
50195,Xe,40,105,1987,10,24,445,True,True,True,False
101466,Giáo dục,66,158,1680,14,36,372,True,True,True,False
100171,Giáo dục,59,216,4916,14,48,1093,True,True,True,False
207476,Sức khỏe,79,217,3000,19,49,658,True,True,True,False
46643,Thời sự,95,181,3700,23,43,820,True,True,True,False
176852,Giáo dục,37,174,5636,8,38,1207,True,True,True,False
2470,Giáo dục,66,235,2593,14,53,548,True,True,True,False
175436,Giáo dục,71,183,4134,15,39,901,True,True,True,False
98623,Giáo dục,41,131,3300,9,27,729,True,True,True,False
143358,Xe,62,218,3073,15,49,679,True,True,True,False
19467,Kinh doanh,50,234,6698,11,50,1425,True,True,True,False
184449,Khoa học công nghệ,58,219,3865,14,47,834,True,True,True,False
128025,Thể thao,71,158,2560,14,34,555,True,True,True,False
42595,Thời sự,86,154,7896,20,33,1731,True,True,True,False
86888,Giải trí,61,174,2029,14,35,430,True,True,True,False
247463,Xe,74,188,2375,16,43,506,True,True,True,False
131721,Thể thao,83,193,7168,17,40,1542,True,True,True,False
111523,Kinh doanh,67,312,4230,15,67,900,True,True,True,False
237734,Thời sự,63,135,1861,13,30,406,True,True,True,False
118808,Thế giới,25,163,1542,6,40,355,True,True,True,False
206498,Sức khỏe,46,232,3848,11,52,851,True,True,True,False
161537,Giải trí,53,146,3949,13,33,875,True,True,True,False
149950,Bất động sản,56,147,4599,12,34,1005,True,True,True,False
11062,Giải trí,64,136,4354,14,28,924,True,True,True,False
58023,Khoa học công nghệ,53,95,1918,11,17,398,True,True,True,False
32582,Thế giới,64,170,3630,13,35,771,True,True,True,False
198499,Kinh doanh,78,250,3343,17,54,722,True,True,True,False
130748,Thể thao,76,210,1734,17,49,385,True,True,True,False
100717,Giáo dục,66,207,2682,14,44,576,True,True,True,False
213595,Sức khỏe,54,88,1627,13,20,356,True,True,True,False
69827,Đời sống,58,121,3644,14,28,830,True,True,True,False
261680,Đời sống,36,178,2876,8,39,653,True,True,True,False
45071,Thời sự,15,37,830,4,10,198,True,True,True,False
209882,Sức khỏe,63,158,2327,12,32,511,True,True,True,False
239544,Thời sự,67,175,1397,15,38,309,True,True,True,False
191840,Kinh doanh,80,188,5685,16,37,1193,True,True,True,False
96878,Giáo dục,50,197,2580,11,43,550,True,True,True,False
219182,Thể thao,63,157,5952,15,34,1303,True,True,True,False
42625,Thời sự,82,240,4042,19,54,902,True,True,True,False
213477,Sức khỏe,46,112,2693,12,25,591,True,True,True,True
53314,Khoa học công nghệ,48,124,1541,11,26,335,True,True,True,False
90203,Giải trí,60,145,3471,14,33,799,True,True,True,False
191273,Kinh doanh,68,225,8137,15,48,1688,True,True,True,False
190925,Kinh doanh,54,158,1723,12,36,375,True,True,True,False
210063,Sức khỏe,71,235,2837,14,53,608,True,True,True,False
172547,Giáo dục,53,119,1569,14,28,343,True,True,True,False
26496,Pháp luật,65,140,2059,16,35,450,True,True,True,False
64582,Khoa học công nghệ,43,94,2227,11,18,483,True,True,True,False
141380,Thời sự,77,199,3259,17,41,707,True,True,True,False
196076,Kinh doanh,76,221,4656,17,49,1019,True,True,True,False
145593,Xe,55,173,3099,12,38,666,True,True,True,False
186722,Khoa học công nghệ,52,136,1510,12,30,318,True,True,True,False
171997,Giải trí,50,152,1848,12,33,409,True,True,True,False
123249,Thể thao,69,161,2140,14,36,468,True,True,True,False
125534,Thể thao,70,182,2487,15,39,520,True,True,True,False
91616,Giải trí,60,117,2139,13,26,459,True,True,True,False
4475,Giáo dục,54,145,5099,12,31,1129,True,True,True,False
99702,Giáo dục,75,231,2474,17,51,526,True,True,True,False
254399,Xe,68,141,6691,17,32,1419,True,True,True,False
55000,Khoa học công nghệ,51,124,1705,12,26,385,True,True,True,False
23592,Kinh doanh,84,200,1947,19,44,414,True,True,True,False
115785,Sức khỏe,77,307,1347,17,68,293,True,True,True,False
263402,Đời sống,56,138,2584,14,34,587,True,True,True,False
139096,Thời sự,65,162,2401,14,37,549,True,True,True,False
250169,Xe,66,124,1105,18,31,237,True,True,True,False
149494,Bất động sản,78,211,3002,16,45,639,True,True,True,False
257002,Đời sống,75,128,4342,18,30,998,True,True,True,False
249950,Xe,72,162,1688,14,32,362,True,True,True,False
17557,Khoa học công nghệ,79,111,5770,17,24,1218,True,True,True,False
99113,Giáo dục,84,200,4942,16,43,1039,True,True,True,False
53902,Khoa học công nghệ,53,123,2415,13,28,533,True,True,True,False
171463,Giải trí,78,178,2360,18,38,522,True,True,True,False
99157,Giáo dục,59,182,2564,13,37,555,True,True,True,False
24554,Kinh doanh,70,203,3025,15,41,656,True,True,True,False
77943,Du lịch,18,204,3527,4,40,753,True,True,True,False
154478,Du lịch,53,228,2665,13,50,569,True,True,True,False
93630,Giải trí,71,148,3390,17,34,756,True,True,True,False
45828,Thời sự,87,174,2880,20,40,627,True,True,True,False
26232,Pháp luật,54,119,2742,12,27,603,True,True,True,False
84316,Giải trí,55,145,2704,13,32,594,True,True,True,False
178390,Giáo dục,77,172,2309,16,37,491,True,True,True,False
260030,Đời sống,76,237,2429,17,53,536,True,True,True,False
85302,Giải trí,67,185,2979,15,38,645,True,True,True,False
201975,Kinh doanh,62,198,2683,14,44,565,True,True,True,False
57410,Khoa học công nghệ,51,295,1346,10,64,297,True,True,True,False
173466,Giáo dục,65,241,3482,15,53,753,True,True,True,False
114376,Sức khỏe,71,238,6513,17,54,1435,True,True,True,False
151803,Bất động sản,57,218,2863,14,49,627,True,True,True,False
164773,Giải trí,75,164,4843,19,35,1090,True,True,True,False
122281,Thế giới,72,213,1565,16,46,344,True,True,True,False
98372,Giáo dục,57,164,3733,12,35,823,True,True,True,False
253799,Xe,56,164,2595,13,36,564,True,True,True,False
205833,Sức khỏe,61,244,4110,13,52,907,True,True,True,False
155677,Du lịch,67,156,1539,14,34,332,True,True,True,False
60787,Khoa học công nghệ,39,207,3337,9,43,725,True,True,True,False
100952,Giáo dục,68,257,5954,14,55,1281,True,True,True,False
166470,Giải trí,60,118,1527,13,25,322,True,True,True,False
247195,Thời sự,47,131,3767,11,29,817,True,True,True,False
185466,Khoa học công nghệ,55,162,4050,12,34,877,True,True,True,False
149311,Bất động sản,78,244,3938,20,53,857,True,True,True,False
197611,Kinh doanh,79,236,5197,19,52,1136,True,True,True,False
94300,Giải trí,52,162,2526,13,34,541,True,True,True,False
118631,Thế giới,55,142,1673,12,30,358,True,True,True,False
79049,Du lịch,80,118,1895,17,26,416,True,True,True,False
199878,Kinh doanh,78,205,3640,18,45,781,True,True,True,False
30671,Sức khỏe,56,120,5432,12,26,1196,True,True,True,False
63532,Khoa học công nghệ,61,78,1537,12,17,316,True,True,True,False
183890,Khoa học công nghệ,72,243,4812,14,49,1007,True,True,True,False
196166,Kinh doanh,65,237,4839,14,54,1039,True,True,True,False
215630,Thế giới,54,147,915,13,31,199,True,True,True,False
187619,Khoa học công nghệ,79,199,5680,16,42,1185,True,True,True,False
236440,Thể thao,77,202,1640,15,44,349,True,True,True,False
242118,Thời sự,75,158,1300,17,35,287,True,True,True,False
112939,Kinh doanh,83,116,2065,17,26,447,True,True,True,False
96901,Giáo dục,63,217,5609,14,48,1210,True,True,True,False
214362,Thế giới,68,164,3461,16,35,754,True,True,True,False
99099,Giáo dục,59,218,7453,14,49,1649,True,True,True,True
95680,Giáo dục,59,182,2867,13,44,635,True,True,True,False
150642,Bất động sản,57,152,3428,13,33,715,True,True,True,False
64369,Khoa học công nghệ,47,161,2234,11,35,458,True,True,True,False
147108,Xe,69,167,2361,17,39,536,True,True,True,False
182901,Khoa học công nghệ,79,238,3196,16,49,690,True,True,True,False
134199,Thời sự,49,178,2023,11,37,452,True,True,True,False
81119,Giải trí,48,257,2682,10,58,609,True,True,True,False
59707,Khoa học công nghệ,45,156,1824,11,31,393,True,True,True,False
184766,Khoa học công nghệ,50,142,4895,12,34,1091,True,True,True,False
139982,Thời sự,50,183,2947,11,40,647,True,True,True,False
259066,Đời sống,57,144,9569,15,35,2169,True,True,True,False
240060,Thời sự,65,154,1697,16,36,378,True,True,True,False
139552,Thời sự,72,192,5510,16,40,1226,True,True,True,False
200690,Kinh doanh,74,223,1853,15,44,394,True,True,True,False
84546,Giải trí,32,178,1069,8,41,238,True,True,True,False
7515,Giải trí,99,144,4346,20,30,923,True,True,True,False
257905,Đời sống,78,137,3252,18,31,716,True,True,True,False
137059,Thời sự,48,147,3458,10,32,727,True,True,True,False
39429,Thể thao,94,138,2197,20,30,491,True,True,True,False
17850,Kinh doanh,65,249,6968,15,55,1503,True,True,True,False
182437,Khoa học công nghệ,69,142,552,15,29,120,True,True,True,False
34589,Thế giới,77,158,2918,16,34,633,True,True,True,False
47615,Xe,78,124,3953,16,27,855,True,True,True,False
33712,Thế giới,75,195,2239,18,42,494,True,True,True,False
157698,Giải trí,63,180,8510,13,39,1822,True,True,True,False
254686,Xe,51,151,4581,13,35,996,True,True,True,False
31764,Sức khỏe,39,173,2689,11,37,602,True,True,True,False
260451,Đời sống,71,123,1263,16,28,277,True,True,True,False
188470,Kinh doanh,63,170,1947,14,35,405,True,True,True,False
77211,Du lịch,66,258,4222,14,55,913,True,True,True,False
194077,Kinh doanh,70,189,3364,12,38,704,True,True,True,False
151778,Bất động sản,28,149,4693,7,33,1052,True,True,True,False
258853,Đời sống,49,157,4973,11,36,1121,True,True,True,False
54649,Khoa học công nghệ,64,106,2823,14,22,619,True,True,True,False
246677,Thời sự,77,140,999,17,30,221,True,True,True,False
164160,Giải trí,59,142,1338,13,32,283,True,True,True,False
238195,Thời sự,76,163,869,17,35,194,True,True,True,False
50461,Xe,90,230,3824,21,49,835,True,True,True,False
113442,Kinh doanh,48,103,1875,11,23,416,True,True,True,False
77744,Du lịch,49,186,3300,11,43,698,True,True,True,False
143721,Xe,68,249,2633,14,51,540,True,True,True,False
197255,Kinh doanh,76,226,5728,16,48,1234,True,True,True,False
94573,Giải trí,76,216,3899,17,48,864,True,True,True,False
168470,Giải trí,59,122,2552,12,26,560,True,True,True,False
10635,Giải trí,53,218,3381,10,48,743,True,True,True,False
178032,Giáo dục,80,200,5457,18,45,1207,True,True,True,False
219706,Thể thao,62,162,1116,12,34,243,True,True,True,False
228734,Thể thao,61,95,1746,13,20,382,True,True,True,False
111698,Kinh doanh,65,76,1946,13,17,433,True,True,True,False
250058,Xe,80,146,1746,18,32,391,True,True,True,False
158811,Giải trí,41,95,2086,10,21,458,True,True,True,False
70432,Đời sống,37,137,4572,9,29,1046,True,True,True,False
61946,Khoa học công nghệ,30,136,2346,7,27,508,True,True,True,False
32473,Thế giới,38,166,5155,8,35,1080,True,True,True,False
168350,Giải trí,64,131,2694,13,27,577,True,True,True,False
213430,Sức khỏe,69,105,2608,16,23,587,True,True,True,False
178569,Giáo dục,74,82,2199,16,18,480,True,True,True,False
58699,Khoa học công nghệ,49,200,1776,11,45,381,True,True,True,False
9106,Giải trí,68,118,3609,14,24,737,True,True,True,False
100759,Giáo dục,57,152,2378,12,32,518,True,True,True,False
233647,Thể thao,57,153,1640,12,32,333,True,True,True,False
185199,Khoa học công nghệ,52,159,7155,13,35,1553,True,True,True,False
154492,Du lịch,76,181,3247,18,38,716,True,True,True,False
96476,Giáo dục,43,169,4977,10,38,1149,True,True,True,False
99984,Giáo dục,65,151,3323,15,34,740,True,True,True,False
240540,Thời sự,56,177,3649,12,40,813,True,True,True,False
263852,Đời sống,73,147,3204,15,33,682,True,True,True,False
56415,Khoa học công nghệ,69,175,2377,17,40,517,True,True,True,False
253522,Xe,80,176,4119,16,39,908,True,True,True,False
55878,Khoa học công nghệ,52,200,2324,11,43,518,True,True,True,False
110801,Kinh doanh,47,97,3188,9,19,687,True,True,True,False
29813,Sức khỏe,58,180,3549,14,39,774,True,True,True,False
8548,Giải trí,60,151,3045,13,31,633,True,True,True,False
121736,Thế giới,37,108,4520,8,22,974,True,True,True,False
110684,Kinh doanh,62,375,5199,12,80,1108,True,True,True,False
180940,Giáo dục,58,171,2941,13,37,653,True,True,True,False
238302,Thời sự,60,193,4517,13,39,1006,True,True,True,False
136367,Thời sự,77,165,2055,17,35,456,True,True,True,False
218962,Thể thao,55,181,3260,12,40,674,True,True,True,False
150225,Bất động sản,69,212,2997,16,49,674,True,True,True,False
188332,Khoa học công nghệ,62,148,4856,14,31,1071,True,True,True,False
85757,Giải trí,55,210,2134,12,49,482,True,True,True,False
180752,Giáo dục,78,160,4426,18,37,981,True,True,True,False
240116,Thời sự,71,178,2931,17,42,652,True,True,True,False
170881,Giải trí,76,116,471,18,27,105,True,True,True,False
209618,Sức khỏe,67,166,3186,16,36,696,True,True,True,False
117438,Sức khỏe,78,230,7887,15,48,1694,True,True,True,True
104240,Kinh doanh,59,188,2359,14,45,522,True,True,True,False
220730,Thể thao,78,163,3362,14,33,687,True,True,True,False
203984,Pháp luật,64,175,2188,13,39,490,True,True,True,False
9006,Giải trí,52,218,4150,11,49,899,True,True,True,False
60408,Khoa học công nghệ,63,155,2506,13,34,551,True,True,True,False
232170,Thể thao,72,183,4085,17,41,901,True,True,True,False
232395,Thể thao,48,119,1944,11,26,418,True,True,True,False
90482,Giải trí,68,103,2665,13,20,562,True,True,True,False
215246,Thế giới,50,137,946,11,29,198,True,True,True,False
219980,Thể thao,56,120,2723,12,26,563,True,True,True,False
46621,Thời sự,53,210,7694,12,49,1728,True,True,True,False
190593,Kinh doanh,74,217,5576,15,47,1192,True,True,True,False
55438,Khoa học công nghệ,53,150,4067,11,31,847,True,True,True,False
89900,Giải trí,72,205,4064,16,46,904,True,True,True,False
265505,Đời sống,59,150,3027,14,35,678,True,True,True,False
50955,Xe,94,223,4101,21,50,884,True,True,True,False
35433,Thế giới,93,221,6964,23,50,1493,True,True,True,False
48415,Xe,99,126,2775,22,28,605,True,True,True,False
215329,Thế giới,69,201,2404,16,47,525,True,True,True,False
257872,Đời sống,79,161,1813,17,33,398,True,True,True,False
58217,Khoa học công nghệ,48,197,1260,11,42,284,True,True,True,False
157386,Giải trí,70,157,2837,15,35,611,True,True,True,False
128731,Thể thao,61,146,2012,14,31,441,True,True,True,False
167476,Giải trí,50,148,1958,12,34,428,True,True,True,False
251922,Xe,79,186,5533,18,45,1222,True,True,True,False
131820,Thời sự,46,141,1525,10,30,337,True,True,True,False
150466,Bất động sản,69,110,3642,16,24,803,True,True,True,False
190377,Kinh doanh,67,188,3224,12,38,686,True,True,True,False
194732,Kinh doanh,76,206,2635,17,47,567,True,True,True,False
150981,Bất động sản,76,250,3056,18,57,691,True,True,True,False
181628,Khoa học công nghệ,59,158,1939,12,36,415,True,True,True,False
145185,Xe,67,203,3325,15,45,716,True,True,True,False
39181,Thể thao,61,175,4011,13,42,860,True,True,True,False
151459,Bất động sản,77,122,3673,17,27,813,True,True,True,False
161902,Giải trí,74,155,4292,16,35,904,True,True,True,False
170703,Giải trí,60,145,1697,13,31,364,True,True,True,False
192256,Kinh doanh,69,235,4421,13,51,958,True,True,True,False
33010,Thế giới,74,170,2977,16,38,658,True,True,True,False
6279,Giáo dục,67,160,3068,15,37,655,True,True,True,False
247487,Xe,80,181,2378,18,39,490,True,True,True,False
141083,Thời sự,57,206,1590,12,43,340,True,True,True,False
107012,Kinh doanh,69,172,2823,17,38,628,True,True,True,False
163924,Giải trí,46,109,1081,11,25,225,True,True,True,False
11360,Giải trí,46,175,5283,10,38,1149,True,True,True,False
77601,Du lịch,49,391,2898,11,87,627,True,True,True,False
116769,Sức khỏe,71,347,5036,16,77,1101,True,True,True,False
21115,Kinh doanh,52,217,4182,12,47,913,True,True,True,False
178048,Giáo dục,52,128,954,12,26,208,True,True,True,False
153673,Bất động sản,59,123,3019,13,29,675,True,True,True,False
221056,Thể thao,58,170,320,13,38,68,True,True,True,False
23510,Kinh doanh,84,157,3278,18,31,722,True,True,True,False
107330,Kinh doanh,45,153,6955,10,34,1559,True,True,True,False
156343,Du lịch,60,161,2511,14,36,547,True,True,True,False
36522,Thể thao,66,146,1555,14,31,328,True,True,True,False
259512,Đời sống,80,171,4472,20,41,998,True,True,True,False
234012,Thể thao,69,160,6338,16,31,1398,True,True,True,False
240869,Thời sự,74,203,1351,20,47,310,True,True,True,False
65217,Khoa học công nghệ,63,193,3700,14,41,808,True,True,True,False
159768,Giải trí,55,180,2373,14,42,501,True,True,True,False
164151,Giải trí,73,149,6797,18,34,1511,True,True,True,False
109100,Kinh doanh,69,276,4285,14,57,936,True,True,True,False
240670,Thời sự,69,142,2898,16,31,611,True,True,True,False
105697,Kinh doanh,43,386,5554,11,92,1253,True,True,True,False
263438,Đời sống,71,113,5535,15,25,1220,True,True,True,True
147266,Xe,75,213,2450,17,46,529,True,True,True,False
156283,Du lịch,63,142,1650,13,29,362,True,True,True,False
29676,Sức khỏe,42,236,3229,9,50,720,True,True,True,False
170536,Giải trí,72,170,1956,19,43,411,True,True,True,False
208836,Sức khỏe,80,150,2771,19,36,610,True,True,True,False
193856,Kinh doanh,50,129,1814,11,28,379,True,True,True,False
248502,Xe,70,152,4031,16,35,855,True,True,True,False
140570,Thời sự,40,180,4978,9,40,1078,True,True,True,False
97745,Giáo dục,38,198,5842,7,41,1269,True,True,True,False
42591,Thời sự,22,183,6954,6,42,1557,True,True,True,False
172690,Giáo dục,63,210,1306,16,47,291,True,True,True,False
244026,Thời sự,52,138,2284,12,31,510,True,True,True,False
85601,Giải trí,49,153,2030,11,32,445,True,True,True,False
200312,Kinh doanh,74,209,5107,15,45,1092,True,True,True,False
28541,Sức khỏe,72,170,3255,17,36,715,True,True,True,False
108029,Kinh doanh,77,208,2537,17,44,546,True,True,True,False
93840,Giải trí,34,194,2069,8,42,445,True,True,True,False
4376,Giáo dục,82,158,2332,17,34,487,True,True,True,False
2050,Du lịch,50,168,2219,11,37,485,True,True,True,False
55832,Khoa học công nghệ,53,110,1523,11,23,324,True,True,True,False
68311,Đời sống,70,185,2990,15,39,656,True,True,True,False
255966,Đời sống,58,152,1342,15,34,294,True,True,True,False
163196,Giải trí,61,147,3009,15,34,668,True,True,True,False
128460,Thể thao,88,226,2947,18,49,645,True,True,True,False
96798,Giáo dục,70,154,2063,15,33,449,True,True,True,False
119200,Thế giới,50,188,5848,11,41,1241,True,True,True,False
164738,Giải trí,72,184,2044,18,41,448,True,True,True,False
221278,Thể thao,58,146,3805,12,30,772,True,True,True,False
44697,Thời sự,28,161,2598,6,36,587,True,True,True,False
222592,Thể thao,74,158,5661,16,35,1207,True,True,True,False
16851,Khoa học công nghệ,57,142,4772,12,29,1031,True,True,True,False
205480,Sức khỏe,55,117,3272,14,28,740,True,True,True,False
3559,Giáo dục,88,161,5641,18,35,1199,True,True,True,False
77408,Du lịch,76,343,2648,15,72,555,True,True,True,False
134646,Thời sự,63,219,2241,14,44,479,True,True,True,False
134559,Thời sự,59,197,5187,12,43,1149,True,True,True,False
123141,Thế giới,55,203,3831,12,45,814,True,True,True,False
79549,Du lịch,62,123,2567,16,26,566,True,True,True,False
150293,Bất động sản,74,162,1999,18,40,465,True,True,True,False
109597,Kinh doanh,62,152,1747,14,34,401,True,True,True,False
86711,Giải trí,58,222,5160,14,50,1134,True,True,True,False
139463,Thời sự,41,203,1932,10,47,435,True,True,True,False
139984,Thời sự,75,185,1649,17,42,371,True,True,True,False
77255,Du lịch,59,270,3150,13,62,688,True,True,True,False
138439,Thời sự,45,152,2628,10,33,562,True,True,True,False
255096,Xe,49,144,5107,12,31,1113,True,True,True,False
196363,Kinh doanh,76,195,6569,15,42,1421,True,True,True,False
29844,Sức khỏe,33,219,6208,7,52,1401,True,True,True,False
61924,Khoa học công nghệ,83,178,2229,16,34,473,True,True,True,False
256933,Đời sống,74,165,2741,16,36,606,True,True,True,False
95284,Giáo dục,70,103,2749,15,23,597,True,True,True,False
49616,Xe,58,144,2165,12,34,480,True,True,True,False
195621,Kinh doanh,47,79,1790,12,19,394,True,True,True,False
158291,Giải trí,66,178,5418,15,41,1194,True,True,True,False
34891,Thế giới,48,141,1313,11,31,288,True,True,True,False
18450,Kinh doanh,48,198,3502,10,42,747,True,True,True,False
175029,Giáo dục,64,182,4333,14,41,946,True,True,True,False
140850,Thời sự,74,126,3431,17,29,757,True,True,True,False
92436,Giải trí,52,112,2944,11,25,667,True,True,True,False
156573,Giải trí,63,158,1438,16,37,320,True,True,True,False
11647,Giải trí,64,132,3326,15,29,734,True,True,True,False
236057,Thể thao,61,160,1113,14,36,240,True,True,True,False
188678,Kinh doanh,40,117,1806,9,26,390,True,True,True,False
206710,Sức khỏe,50,129,2899,12,29,654,True,True,True,False
2812,Giáo dục,86,159,1934,18,35,413,True,True,True,False
75351,Du lịch,46,163,2600,13,39,602,True,True,True,False
523,Bất động sản,84,125,3723,19,28,832,True,True,True,False
114043,Kinh doanh,58,189,4231,14,40,924,True,True,True,False
10013,Giải trí,62,162,3167,14,38,682,True,True,True,False
106569,Kinh doanh,39,199,10929,8,42,2419,True,True,True,False
102325,Giáo dục,49,202,1783,11,44,399,True,True,True,False
240914,Thời sự,70,167,1941,16,37,413,True,True,True,False
124152,Thể thao,64,197,2640,14,43,550,True,True,True,False
134056,Thời sự,51,187,5472,11,41,1228,True,True,True,False
257175,Đời sống,65,184,2105,14,42,464,True,True,True,False
58793,Khoa học công nghệ,43,81,3388,9,16,699,True,True,True,False
12543,Giải trí,49,110,3163,12,25,681,True,True,True,False
93652,Giải trí,76,135,3678,17,29,823,True,True,True,False
200649,Kinh doanh,56,211,2080,13,46,449,True,True,True,False
234767,Thể thao,50,123,1442,11,26,301,True,True,True,False
55059,Khoa học công nghệ,60,171,3547,12,36,772,True,True,True,False
72859,Đời sống,74,120,1996,16,25,434,True,True,True,False
119203,Thế giới,46,144,3531,10,31,763,True,True,True,False
118353,Thế giới,48,217,1620,10,45,364,True,True,True,False
80412,Giải trí,52,109,1482,12,25,336,True,True,True,False
116783,Sức khỏe,74,328,10140,17,73,2157,True,True,True,False
149152,Bất động sản,57,213,4145,13,48,913,True,True,True,False
230551,Thể thao,51,131,1119,10,28,233,True,True,True,False
46959,Thời sự,84,233,3836,19,51,837,True,True,True,False
184255,Khoa học công nghệ,51,197,2881,12,44,634,True,True,True,False
1032,Bất động sản,93,179,3919,22,39,861,True,True,True,False
87998,Giải trí,32,158,7351,7,34,1540,True,True,True,False
38056,Thể thao,48,130,2523,9,29,518,True,True,True,False
256186,Đời sống,76,133,2496,17,27,531,True,True,True,False
75981,Du lịch,62,376,2980,15,84,642,True,True,True,False
110371,Kinh doanh,43,53,1617,9,12,365,True,True,True,False
96430,Giáo dục,67,177,1752,15,41,390,True,True,True,False
171650,Giải trí,64,127,2373,15,28,520,True,True,True,False
152742,Bất động sản,66,174,1863,15,38,413,True,True,True,False
255564,Xe,60,186,4863,14,41,1084,True,True,True,False
206464,Sức khỏe,67,119,1814,14,26,389,True,True,True,False
114503,Sức khỏe,74,298,2992,15,64,619,True,True,True,False
206597,Sức khỏe,68,215,6878,16,49,1525,True,True,True,False
23375,Kinh doanh,69,196,2231,15,43,490,True,True,True,False
205342,Sức khỏe,71,170,1814,15,36,398,True,True,True,False
99067,Giáo dục,69,240,4131,15,52,906,True,True,True,False
170062,Giải trí,66,119,2827,15,26,595,True,True,True,False
102186,Giáo dục,54,184,2586,13,43,580,True,True,True,False
6074,Giáo dục,64,155,2951,15,35,654,True,True,True,False
157097,Giải trí,55,139,2781,13,31,612,True,True,True,False
110560,Kinh doanh,70,364,7640,14,76,1596,True,True,True,False
245809,Thời sự,70,124,1679,17,28,373,True,True,True,False
202327,Kinh doanh,45,168,2449,11,38,533,True,True,True,False
237171,Thời sự,61,178,1399,15,39,315,True,True,True,False
8792,Giải trí,78,152,3104,17,33,663,True,True,True,False
3217,Giáo dục,64,112,2484,15,24,543,True,True,True,False
178057,Giáo dục,59,136,1320,13,27,288,True,True,True,False
61246,Khoa học công nghệ,56,227,1621,13,46,362,True,True,True,False
172308,Giáo dục,62,201,5839,14,43,1270,True,True,True,False
210858,Sức khỏe,55,184,1526,11,38,338,True,True,True,False
20354,Kinh doanh,48,171,3575,12,37,781,True,True,True,False
218464,Thế giới,60,110,1081,12,23,229,True,True,True,False
162600,Giải trí,68,180,2628,15,37,558,True,True,True,False
262830,Đời sống,70,109,2458,18,26,549,True,True,True,False
167026,Giải trí,78,85,2120,16,20,449,True,True,True,False
264354,Đời sống,51,237,4341,10,53,978,True,True,True,False
1122,Bất động sản,92,104,2523,23,24,566,True,True,True,False
106022,Kinh doanh,38,187,6846,9,40,1512,True,True,True,False
91778,Giải trí,68,189,3185,14,39,704,True,True,True,False
54707,Khoa học công nghệ,69,136,1845,14,31,377,True,True,True,False
103534,Giáo dục,61,140,1890,13,31,405,True,True,True,False
30785,Sức khỏe,39,232,5063,8,51,1113,True,True,True,False
182086,Khoa học công nghệ,73,165,2015,16,34,434,True,True,True,False
91341,Giải trí,65,109,3002,14,25,665,True,True,True,False
28310,Sức khỏe,68,241,3594,16,57,818,True,True,True,False
20912,Kinh doanh,60,130,4399,12,27,945,True,True,True,False
248395,Xe,66,196,1596,16,42,331,True,True,True,False
40759,Thể thao,59,166,1717,13,38,381,True,True,True,False
249539,Xe,62,160,2597,16,36,558,True,True,True,False
49134,Xe,63,153,3238,12,34,704,True,True,True,False
91240,Giải trí,44,142,2713,9,33,596,True,True,True,False
68023,Đời sống,51,112,3659,12,24,795,True,True,True,False
228938,Thể thao,51,130,3933,10,28,817,True,True,True,False
5191,Giáo dục,59,188,4340,14,43,939,True,True,True,False
118450,Thế giới,72,180,1530,17,42,345,True,True,True,False
132890,Thời sự,48,162,2066,11,33,460,True,True,True,False
236445,Thể thao,68,199,2660,16,44,604,True,True,True,False
243220,Thời sự,59,194,1172,13,42,245,True,True,True,False
108426,Kinh doanh,56,352,3308,12,76,717,True,True,True,False
53886,Khoa học công nghệ,37,160,1868,8,36,399,True,True,True,False
56395,Khoa học công nghệ,42,93,1429,10,21,324,True,True,True,False
30398,Sức khỏe,25,178,3547,7,40,782,True,True,True,False
161827,Giải trí,62,204,3405,14,46,746,True,True,True,False
44079,Thời sự,43,176,3259,9,39,712,True,True,True,False
75902,Du lịch,75,406,2731,17,90,592,True,True,True,False
21823,Kinh doanh,95,176,7889,25,42,1744,True,True,True,False
262951,Đời sống,49,130,3366,12,31,748,True,True,True,False
238141,Thời sự,71,169,2414,16,37,538,True,True,True,False
265720,Đời sống,45,172,3868,10,40,871,True,True,True,False
189578,Kinh doanh,68,236,5661,17,49,1236,True,True,True,False
171825,Giải trí,73,121,2110,15,26,467,True,True,True,False
146320,Xe,81,228,2714,14,47,565,True,True,True,False
59969,Khoa học công nghệ,55,92,1411,13,21,305,True,True,True,False
26116,Pháp luật,71,127,2282,17,30,514,True,True,True,False
90502,Giải trí,44,145,2951,8,28,633,True,True,True,False
196115,Kinh doanh,64,147,1596,16,33,360,True,True,True,False
144314,Xe,39,201,2047,10,46,457,True,True,True,False
128991,Thể thao,92,182,2733,19,38,577,True,True,True,False
75808,Du lịch,65,259,2562,16,60,567,True,True,True,False
91228,Giải trí,53,152,1400,12,33,313,True,True,True,False
233566,Thể thao,33,136,1617,6,27,328,True,True,True,False
211332,Sức khỏe,72,191,1837,17,42,398,True,True,True,False
32112,Thế giới,53,187,4885,11,40,1043,True,True,True,False
200082,Kinh doanh,80,214,3677,17,47,746,True,True,True,False
132602,Thời sự,87,209,6132,17,45,1336,True,True,True,False
192035,Kinh doanh,51,188,3611,12,40,752,True,True,True,False
217688,Thế giới,71,170,1858,15,36,383,True,True,True,False
160466,Giải trí,53,152,2322,13,35,498,True,True,True,False
139447,Thời sự,73,162,4776,17,36,1036,True,True,True,False
143990,Xe,77,201,2337,17,46,509,True,True,True,False
209713,Sức khỏe,73,219,3392,15,43,713,True,True,True,False
7194,Giải trí,61,159,4358,12,32,906,True,True,True,False
163980,Giải trí,45,113,3704,10,25,812,True,True,True,False
208054,Sức khỏe,49,141,1864,12,31,418,True,True,True,False
28856,Sức khỏe,52,211,2770,13,46,600,True,True,True,False
116190,Sức khỏe,62,291,17542,15,69,3742,True,True,True,False
74400,Đời sống,60,292,5171,14,67,1163,True,True,True,False
72994,Đời sống,75,288,2644,18,63,590,True,True,True,False
263150,Đời sống,76,118,3505,18,28,766,True,True,True,False
55186,Khoa học công nghệ,46,114,2583,10,25,578,True,True,True,False
75079,Du lịch,76,332,3688,17,72,798,True,True,True,False
186625,Khoa học công nghệ,56,149,1940,11,34,420,True,True,True,False
6451,Giáo dục,89,171,5595,19,37,1234,True,True,True,False
117213,Sức khỏe,41,226,8934,10,50,1923,True,True,True,False
17123,Khoa học công nghệ,55,154,4479,12,33,960,True,True,True,False
219852,Thể thao,66,146,1256,14,29,266,True,True,True,False
173217,Giáo dục,60,193,3471,13,42,755,True,True,True,False
142641,Thời sự,65,255,6801,16,57,1526,True,True,True,False
96872,Giáo dục,77,366,9211,16,84,2030,True,True,True,False
35224,Thế giới,64,133,3987,15,29,844,True,True,True,False
122626,Thế giới,57,181,2275,12,37,497,True,True,True,False
47044,Thời sự,79,146,4661,17,31,1053,True,True,True,False
200613,Kinh doanh,69,196,5403,16,46,1189,True,True,True,False
119936,Thế giới,69,175,2430,16,39,540,True,True,True,False
68720,Đời sống,81,175,1785,19,38,396,True,True,True,False
199857,Kinh doanh,79,167,4915,16,35,1042,True,True,True,False
258406,Đời sống,76,139,5515,16,31,1192,True,True,True,False
237181,Thời sự,58,175,864,15,42,191,True,True,True,False
242060,Thời sự,50,193,3507,12,45,793,True,True,True,False
217045,Thế giới,78,161,1798,18,36,401,True,True,True,False
121548,Thế giới,62,132,2932,13,27,643,True,True,True,False
144419,Xe,69,231,3770,17,49,837,True,True,True,False
38579,Thể thao,96,171,1657,17,31,361,True,True,True,False
239216,Thời sự,54,142,1541,12,31,341,True,True,True,False
37738,Thể thao,50,126,1523,11,28,334,True,True,True,False
38762,Thể thao,75,135,2303,16,30,516,True,True,True,False
203655,Pháp luật,60,201,1406,12,43,306,True,True,True,False
167585,Giải trí,56,78,1834,12,17,395,True,True,True,False
20356,Kinh doanh,99,163,4008,23,35,874,True,True,True,False
196610,Kinh doanh,71,147,3486,16,33,783,True,True,True,False
20914,Kinh doanh,67,180,3373,14,40,729,True,True,True,False
172093,Giải trí,66,200,5553,17,47,1237,True,True,True,False
158677,Giải trí,68,147,4432,15,33,969,True,True,True,False
114991,Sức khỏe,83,328,3262,17,63,692,True,True,True,False
259784,Đời sống,67,149,3907,15,31,884,True,True,True,False
250084,Xe,68,197,1205,17,44,262,True,True,True,False
15894,Giải trí,70,248,4706,16,54,1020,True,True,True,False
189076,Kinh doanh,53,217,4176,11,48,884,True,True,True,False
118388,Thế giới,46,124,2703,11,28,607,True,True,True,False
58169,Khoa học công nghệ,56,97,3046,11,22,673,True,True,True,False
193415,Kinh doanh,79,223,2111,17,45,441,True,True,True,False
61094,Khoa học công nghệ,63,100,2584,12,22,544,True,True,True,False
209814,Sức khỏe,79,156,1805,18,35,398,True,True,True,False
125909,Thể thao,60,245,3803,16,53,849,True,True,True,False
69449,Đời sống,59,105,3049,13,23,684,True,True,True,False
11741,Giải trí,57,167,3619,16,40,813,True,True,True,False
131004,Thể thao,82,192,2277,17,41,496,True,True,True,False
179721,Giáo dục,75,171,3143,16,38,662,True,True,True,False
216338,Thế giới,55,119,2198,12,25,471,True,True,True,False
49757,Xe,71,163,2252,15,37,497,True,True,True,False
212382,Sức khỏe,58,239,3339,12,49,712,True,True,True,False
66553,Đời sống,70,139,2530,16,31,581,True,True,True,False
135770,Thời sự,84,117,1433,19,26,324,True,True,True,False
165525,Giải trí,47,82,1343,11,17,290,True,True,True,False
212451,Sức khỏe,49,244,3310,11,52,732,True,True,True,False
15536,Giải trí,74,142,2427,15,27,463,True,True,True,False
149896,Bất động sản,77,144,3886,18,33,863,True,True,True,False
84602,Giải trí,82,125,2237,17,27,496,True,True,True,False
183534,Khoa học công nghệ,71,106,1154,15,22,240,True,True,True,False
232316,Thể thao,64,164,2973,13,33,637,True,True,True,False
22444,Kinh doanh,58,181,4844,13,39,1076,True,True,True,False
17145,Khoa học công nghệ,52,248,2877,12,53,609,True,True,True,False
236122,Thể thao,70,177,697,13,42,158,True,True,True,False
80045,Giải trí,61,95,1370,15,22,315,True,True,True,False
19265,Kinh doanh,60,162,2012,13,38,440,True,True,True,False
116708,Sức khỏe,84,367,10653,17,79,2317,True,True,True,False
32873,Thế giới,34,173,5328,8,36,1158,True,True,True,False
143752,Xe,65,168,3274,15,37,693,True,True,True,False
142315,Thời sự,49,221,5934,11,52,1305,True,True,True,False
15427,Giải trí,52,155,5646,12,33,1222,True,True,True,False
33945,Thế giới,55,168,2284,14,38,502,True,True,True,False
116244,Sức khỏe,67,163,2143,15,36,415,True,True,True,False
51397,Xe,74,180,3164,15,38,681,True,True,True,False
155523,Du lịch,63,143,1788,15,31,397,True,True,True,False
173692,Giáo dục,54,79,3848,12,18,881,True,True,True,False
228022,Thể thao,52,128,1397,10,25,268,True,True,True,False
104012,Kinh doanh,57,163,2094,14,41,476,True,True,True,False
159114,Giải trí,78,147,1015,18,30,213,True,True,True,False
193152,Kinh doanh,71,179,2432,16,37,524,True,True,True,False
237186,Thời sự,57,186,2811,14,44,630,True,True,True,False
190865,Kinh doanh,55,217,3978,11,47,835,True,True,True,False
32302,Thế giới,36,202,4527,8,47,998,True,True,True,False
221666,Thể thao,64,163,2531,15,37,560,True,True,True,False
239022,Thời sự,51,167,1247,12,37,277,True,True,True,False
28012,Sức khỏe,96,108,4713,20,25,1017,True,True,True,False
239851,Thời sự,77,215,1700,16,45,364,True,True,True,False
133745,Thời sự,63,260,2535,15,55,545,True,True,True,False
210151,Sức khỏe,68,194,3925,15,43,852,True,True,True,False
209074,Sức khỏe,63,155,2769,15,35,596,True,True,True,False
122643,Thế giới,59,180,2264,13,38,488,True,True,True,False
7311,Giải trí,82,138,3286,17,30,718,True,True,True,False
147544,Xe,68,147,1821,16,34,407,True,True,True,False
118697,Thế giới,43,224,1604,10,49,347,True,True,True,False
5272,Giáo dục,64,111,4934,13,23,1068,True,True,True,False
116913,Sức khỏe,67,308,6258,15,68,1328,True,True,True,False
163510,Giải trí,57,155,2262,12,35,495,True,True,True,False
195840,Kinh doanh,43,179,2410,10,39,511,True,True,True,False
232197,Thể thao,59,138,2051,14,31,432,True,True,True,False
41322,Thể thao,70,105,1323,16,24,287,True,True,True,False
112958,Kinh doanh,71,83,2094,14,17,438,True,True,True,False
210799,Sức khỏe,76,164,2571,18,38,568,True,True,True,False
45532,Thời sự,84,220,6142,19,46,1314,True,True,True,False
158843,Giải trí,64,121,1619,14,27,353,True,True,True,False
17328,Khoa học công nghệ,59,191,3179,14,43,705,True,True,True,False
2140,Du lịch,47,109,2726,11,26,611,True,True,True,False
70685,Đời sống,58,121,3525,14,28,801,True,True,True,False
114401,Sức khỏe,53,187,1017,11,41,213,True,True,True,False
100609,Giáo dục,57,227,2077,13,47,444,True,True,True,False
205521,Sức khỏe,60,130,2685,15,29,598,True,True,True,False
252312,Xe,78,240,2174,18,53,479,True,True,True,False
85292,Giải trí,72,148,3323,15,33,738,True,True,True,False
140150,Thời sự,58,123,1695,14,28,367,True,True,True,False
184618,Khoa học công nghệ,53,243,3669,12,55,808,True,True,True,False
176888,Giáo dục,63,113,889,13,26,197,True,True,True,False
246639,Thời sự,43,203,864,11,43,195,True,True,True,False
55149,Khoa học công nghệ,53,155,3930,12,34,869,True,True,True,False
128200,Thể thao,58,137,3552,11,30,764,True,True,True,False
80475,Giải trí,46,181,2699,10,40,570,True,True,True,False
5558,Giáo dục,67,145,1792,14,30,383,True,True,True,False
225860,Thể thao,45,151,1529,11,33,324,True,True,True,False
27244,Pháp luật,47,159,3728,10,32,815,True,True,True,False
11747,Giải trí,31,148,3206,8,35,704,True,True,True,False
110829,Kinh doanh,41,83,1577,9,18,335,True,True,True,False
119501,Thế giới,59,184,2099,12,38,446,True,True,True,False
92319,Giải trí,56,148,2616,14,32,578,True,True,True,False
256115,Đời sống,79,206,1626,19,47,350,True,True,True,False
140666,Thời sự,64,149,2145,15,35,482,True,True,True,False
35892,Thế giới,69,153,4145,16,36,894,True,True,True,False
119906,Thế giới,47,135,4213,10,29,899,True,True,True,True
188263,Khoa học công nghệ,78,173,2712,18,37,582,True,True,True,False
55333,Khoa học công nghệ,48,130,3335,11,28,750,True,True,True,False
22925,Kinh doanh,66,249,4811,13,53,1004,True,True,True,False
178,Bất động sản,71,237,3481,16,53,771,True,True,True,False
196420,Kinh doanh,68,173,2179,15,36,474,True,True,True,False
254015,Xe,52,119,3592,13,26,790,True,True,True,False
60965,Khoa học công nghệ,63,103,1797,13,22,368,True,True,True,False
90439,Giải trí,78,120,2300,16,25,505,True,True,True,False
73427,Đời sống,52,181,3791,12,41,857,True,True,True,False
196460,Kinh doanh,62,237,3831,14,55,840,True,True,True,False
159443,Giải trí,51,150,1924,13,31,354,True,True,True,False
161486,Giải trí,34,162,2443,7,35,532,True,True,True,False
65980,Đời sống,88,186,4579,20,40,1004,True,True,True,False
181622,Khoa học công nghệ,69,163,4039,15,35,872,True,True,True,False
188947,Kinh doanh,44,133,2008,9,27,423,True,True,True,False
131688,Thể thao,61,141,2547,15,30,551,True,True,True,False
90282,Giải trí,52,104,2421,12,21,497,True,True,True,False
163450,Giải trí,80,199,4138,18,38,886,True,True,True,False
166316,Giải trí,79,139,1523,16,29,313,True,True,True,False
189639,Kinh doanh,63,170,990,15,37,200,True,True,True,False
253984,Xe,60,201,1713,12,45,384,True,True,True,False
42814,Thời sự,48,176,2379,11,41,531,True,True,True,False
165277,Giải trí,75,206,3230,17,44,707,True,True,True,False
31673,Sức khỏe,36,205,4110,8,45,894,True,True,True,False
151114,Bất động sản,53,130,4739,12,29,1069,True,True,True,False
97991,Giáo dục,60,123,2011,14,28,436,True,True,True,False
221572,Thể thao,66,129,3987,13,24,814,True,True,True,False
156224,Du lịch,62,151,3744,14,34,838,True,True,True,False
24915,Kinh doanh,58,132,4047,12,29,842,True,True,True,False
146114,Xe,87,219,3684,17,48,773,True,True,True,False
115858,Sức khỏe,75,254,5512,17,57,1173,True,True,True,False
150460,Bất động sản,59,115,3366,13,26,756,True,True,True,False
118912,Thế giới,22,234,1480,5,51,328,True,True,True,False
31499,Sức khỏe,51,200,4831,12,46,1061,True,True,True,False
119703,Thế giới,53,162,2344,12,35,509,True,True,True,False
256019,Đời sống,58,118,1548,14,27,331,True,True,True,False
91834,Giải trí,51,49,1514,10,12,318,True,True,True,False
99016,Giáo dục,65,158,2109,14,35,454,True,True,True,False
247122,Thời sự,72,204,3461,16,46,773,True,True,True,False
259499,Đời sống,46,152,5576,12,37,1227,True,True,True,False
144187,Xe,79,251,4117,18,59,916,True,True,True,False
180436,Giáo dục,63,122,1754,16,28,388,True,True,True,False
75965,Du lịch,82,348,3097,17,80,671,True,True,True,False
110415,Kinh doanh,93,168,1784,17,38,383,True,True,True,False
60241,Khoa học công nghệ,49,205,1567,10,43,328,True,True,True,False
177644,Giáo dục,80,238,3578,16,54,781,True,True,True,False
62681,Khoa học công nghệ,53,133,1787,10,26,379,True,True,True,False
54742,Khoa học công nghệ,65,96,3131,13,20,669,True,True,True,False
80365,Giải trí,72,142,1687,17,33,384,True,True,True,False
239003,Thời sự,67,200,926,15,43,196,True,True,True,False
114136,Kinh doanh,78,140,1694,15,32,370,True,True,True,False
253876,Xe,79,96,3774,16,19,807,True,True,True,False
79595,Du lịch,76,352,6461,17,78,1425,True,True,True,False
184968,Khoa học công nghệ,47,178,3613,9,40,783,True,True,True,False
188703,Kinh doanh,80,143,3705,19,33,820,True,True,True,False
234650,Thể thao,53,163,513,12,34,70,True,True,True,False
152233,Bất động sản,79,158,2582,17,38,571,True,True,True,False
114694,Sức khỏe,75,196,1195,16,42,249,True,True,True,False
97654,Giáo dục,63,195,3433,15,45,755,True,True,True,False
159774,Giải trí,53,157,2146,13,36,465,True,True,True,False
17335,Khoa học công nghệ,46,199,3640,8,41,761,True,True,True,False
257318,Đời sống,65,156,3828,15,34,820,True,True,True,False
170478,Giải trí,64,120,3904,15,28,856,True,True,True,False
22197,Kinh doanh,75,194,2907,15,40,609,True,True,True,False
15789,Giải trí,65,128,2691,16,29,576,True,True,True,False
254337,Xe,74,165,3567,16,37,788,True,True,True,False
150747,Bất động sản,63,132,4192,14,29,929,True,True,True,False
51173,Xe,83,101,3043,17,23,667,True,True,True,False
247861,Xe,43,181,1550,10,38,330,True,True,True,False
231158,Thể thao,43,130,507,9,29,100,True,True,True,False
48452,Xe,56,161,2439,14,38,528,True,True,True,False
147405,Xe,69,163,3804,17,36,843,True,True,True,False
171481,Giải trí,56,146,1318,13,30,284,True,True,True,False
25218,Kinh doanh,68,195,4334,15,42,942,True,True,True,False
225493,Thể thao,52,120,1213,11,25,263,True,True,True,False
11797,Giải trí,82,106,4298,17,22,897,True,True,True,False
224316,Thể thao,64,168,2207,14,38,491,True,True,True,False
75697,Du lịch,53,345,2944,11,74,620,True,True,True,False
207733,Sức khỏe,63,132,1766,15,31,388,True,True,True,False
194154,Kinh doanh,59,148,5454,14,35,1192,True,True,True,False
248464,Xe,78,228,2292,17,52,493,True,True,True,False
34260,Thế giới,61,105,2454,15,23,530,True,True,True,False
225772,Thể thao,49,129,1284,12,29,276,True,True,True,False
245776,Thời sự,54,146,4396,13,35,982,True,True,True,False
111604,Kinh doanh,54,152,2062,11,33,449,True,True,True,False
89818,Giải trí,66,122,1856,13,25,398,True,True,True,False
7291,Giải trí,89,197,2902,20,45,628,True,True,True,False
49965,Xe,54,99,1861,12,22,410,True,True,True,False
3710,Giáo dục,53,150,2546,10,30,527,True,True,True,False
55600,Khoa học công nghệ,58,122,1544,13,26,326,True,True,True,False
142937,Thời sự,73,299,3478,17,65,768,True,True,True,False
117641,Thế giới,74,131,1567,18,30,350,True,True,True,False
46281,Thời sự,68,166,3456,16,38,759,True,True,True,False
95202,Giáo dục,49,134,3947,10,28,813,True,True,True,False
233180,Thể thao,66,143,2406,15,30,451,True,True,True,False
41183,Thể thao,31,219,6190,7,48,1379,True,True,True,False
154680,Du lịch,80,170,3079,18,39,661,True,True,True,False
7488,Giải trí,74,163,2387,17,38,515,True,True,True,False
207909,Sức khỏe,61,199,3509,13,44,759,True,True,True,False
2272,Giáo dục,33,164,2890,8,37,608,True,True,True,False
13690,Giải trí,63,169,3849,13,35,791,True,True,True,False
43037,Thời sự,91,201,7391,21,43,1635,True,True,True,False
181995,Khoa học công nghệ,40,161,3799,9,33,811,True,True,True,False
115405,Sức khỏe,75,300,13887,17,68,2899,True,True,True,False
80397,Giải trí,66,124,3082,16,27,700,True,True,True,False
66103,Đời sống,104,188,643,21,38,134,True,True,True,False
199888,Kinh doanh,54,244,2416,12,52,514,True,True,True,False
141868,Thời sự,29,232,3572,7,54,826,True,True,True,False
244952,Thời sự,80,138,828,18,31,179,True,True,True,False
227426,Thể thao,50,173,1422,9,36,297,True,True,True,False
7470,Giải trí,76,125,3358,15,26,708,True,True,True,False
157633,Giải trí,51,113,1254,11,23,270,True,True,True,False
169963,Giải trí,62,150,2479,14,31,525,True,True,True,False
211129,Sức khỏe,46,211,5149,11,47,1122,True,True,True,False
54251,Khoa học công nghệ,44,162,2620,11,35,576,True,True,True,False
26921,Pháp luật,76,150,1999,16,33,430,True,True,True,False
170584,Giải trí,77,146,3369,17,31,689,True,True,True,False
25709,Kinh doanh,44,213,3444,10,49,759,True,True,True,False
194336,Kinh doanh,57,168,4285,14,39,912,True,True,True,False
180510,Giáo dục,65,219,9110,15,49,1993,True,True,True,True
121653,Thế giới,50,100,1641,11,22,344,True,True,True,False
68519,Đời sống,47,403,5316,9,85,1152,True,True,True,False
106700,Kinh doanh,54,104,7216,13,25,1606,True,True,True,False
186876,Khoa học công nghệ,61,218,5102,14,49,1114,True,True,True,False
55202,Khoa học công nghệ,53,84,5651,12,19,1207,True,True,True,False
151337,Bất động sản,76,171,5861,17,38,1289,True,True,True,False
87635,Giải trí,53,188,2223,12,42,492,True,True,True,False
121878,Thế giới,67,176,3134,14,37,655,True,True,True,False
18850,Kinh doanh,39,233,4654,8,47,988,True,True,True,False
33913,Thế giới,56,224,4076,12,52,898,True,True,True,False
28231,Sức khỏe,45,109,1179,11,25,256,True,True,True,False
193799,Kinh doanh,69,112,3065,14,22,617,True,True,True,False
170802,Giải trí,70,161,3577,15,37,740,True,True,True,False
260239,Đời sống,61,183,1399,13,41,308,True,True,True,False
206253,Sức khỏe,53,174,2711,13,39,595,True,True,True,False
37212,Thể thao,61,128,1941,13,25,441,True,True,True,False
12908,Giải trí,56,199,2972,12,46,648,True,True,True,False
165228,Giải trí,80,145,1410,19,32,304,True,True,True,False
149447,Bất động sản,80,213,3875,18,48,861,True,True,True,False
144923,Xe,58,171,3762,14,40,840,True,True,True,False
199022,Kinh doanh,76,157,4187,16,33,919,True,True,True,False
24626,Kinh doanh,59,180,7129,13,41,1576,True,True,True,False
20568,Kinh doanh,42,92,4810,9,18,1044,True,True,True,False
150072,Bất động sản,74,249,3706,15,54,791,True,True,True,False
165766,Giải trí,18,129,4807,4,29,1026,True,True,True,False
54600,Khoa học công nghệ,68,112,1718,15,23,380,True,True,True,False
139175,Thời sự,78,176,2965,17,40,643,True,True,True,False
223888,Thể thao,62,130,796,14,27,158,True,True,True,False
224053,Thể thao,80,124,1716,18,26,338,True,True,True,False
103657,Giáo dục,44,177,1182,9,39,257,True,True,True,False
262166,Đời sống,78,158,3503,18,31,759,True,True,True,False
188103,Khoa học công nghệ,52,164,3307,12,36,732,True,True,True,False
52997,Khoa học công nghệ,52,264,4735,11,55,1032,True,True,True,False
47236,Thời sự,71,149,1605,14,30,340,True,True,True,False
120365,Thế giới,36,151,2083,11,38,469,True,True,True,False
227617,Thể thao,63,109,3835,13,23,812,True,True,True,False
40515,Thể thao,60,135,2351,10,27,500,True,True,True,False
248157,Xe,78,136,3745,18,31,813,True,True,True,False
159551,Giải trí,46,120,1687,10,23,338,True,True,True,False
210637,Sức khỏe,75,122,2542,16,28,556,True,True,True,False
75909,Du lịch,46,296,2670,11,68,572,True,True,True,False
141701,Thời sự,49,169,2700,11,38,591,True,True,True,False
96126,Giáo dục,71,187,4320,16,41,925,True,True,True,False
221636,Thể thao,64,155,2793,15,33,611,True,True,True,False
191313,Kinh doanh,60,111,3850,12,22,822,True,True,True,False
29432,Sức khỏe,41,127,3469,10,29,790,True,True,True,False
100796,Giáo dục,52,237,8147,12,51,1775,True,True,True,True
262952,Đời sống,60,170,3353,15,40,747,True,True,True,False
46938,Thời sự,73,193,2423,17,43,554,True,True,True,False
123375,Thể thao,61,220,3092,12,48,667,True,True,True,False
75732,Du lịch,74,323,2795,17,66,598,True,True,True,False
221255,Thể thao,62,133,1387,10,25,279,True,True,True,False
108547,Kinh doanh,40,191,5158,9,44,1132,True,True,True,False
51765,Xe,64,213,1719,14,46,373,True,True,True,False
146851,Xe,73,234,4466,17,53,1012,True,True,True,False
180064,Giáo dục,67,152,3050,14,32,640,True,True,True,False
44979,Thời sự,8,134,566,2,31,130,True,True,True,True
36194,Thế giới,67,129,3531,16,27,756,True,True,True,False
12359,Giải trí,52,173,3513,12,40,787,True,True,True,False
72899,Đời sống,37,187,2958,10,45,700,True,True,True,False
241684,Thời sự,61,183,2780,13,42,620,True,True,True,False
58798,Khoa học công nghệ,61,100,1676,12,20,352,True,True,True,False
222175,Thể thao,52,113,330,10,25,70,True,True,True,False
93629,Giải trí,65,152,2580,16,32,583,True,True,True,False
98328,Giáo dục,47,227,4553,10,48,1003,True,True,True,False
163704,Giải trí,64,151,2227,16,34,492,True,True,True,False
137207,Thời sự,53,191,2488,11,40,563,True,True,True,False
208177,Sức khỏe,75,200,1677,19,44,368,True,True,True,False
74250,Đời sống,79,185,2543,18,39,577,True,True,True,False
113570,Kinh doanh,56,128,1997,12,29,430,True,True,True,False
232413,Thể thao,56,132,1337,11,25,264,True,True,True,False
138694,Thời sự,23,233,5510,5,48,1202,True,True,True,False
110642,Kinh doanh,65,169,3449,13,37,757,True,True,True,False
91669,Giải trí,68,185,2114,15,42,479,True,True,True,False
75086,Du lịch,47,138,2167,11,31,480,True,True,True,False
200439,Kinh doanh,79,208,4494,17,44,952,True,True,True,False
34504,Thế giới,59,95,2967,12,21,639,True,True,True,False
234437,Thể thao,50,155,1018,9,32,204,True,True,True,False
122490,Thế giới,74,147,4916,17,30,1048,True,True,True,False
250919,Xe,64,193,2583,16,46,560,True,True,True,False
129651,Thể thao,89,173,2830,17,37,595,True,True,True,False
6915,Giải trí,62,229,3288,15,46,704,True,True,True,False
46007,Thời sự,70,157,4142,16,33,927,True,True,True,False
60084,Khoa học công nghệ,53,129,1506,12,27,329,True,True,True,False
234928,Thể thao,63,155,1732,14,31,357,True,True,True,False
156881,Giải trí,68,132,1751,16,27,375,True,True,True,False
41019,Thể thao,70,147,5486,13,30,1124,True,True,True,False
6396,Giáo dục,66,179,6528,15,38,1421,True,True,True,False
200145,Kinh doanh,53,158,4474,13,34,955,True,True,True,False
214953,Thế giới,71,239,1134,16,51,240,True,True,True,False
184431,Khoa học công nghệ,71,204,4701,16,44,1007,True,True,True,False
62837,Khoa học công nghệ,50,167,1845,10,34,397,True,True,True,False
44475,Thời sự,31,230,4012,6,48,879,True,True,True,False
169052,Giải trí,80,123,2044,19,27,438,True,True,True,False
54748,Khoa học công nghệ,42,174,2239,10,39,510,True,True,True,False
139066,Thời sự,37,177,4927,9,43,1095,True,True,True,False
11739,Giải trí,73,147,3122,15,32,658,True,True,True,False
21301,Kinh doanh,67,220,3238,15,48,714,True,True,True,False
67382,Đời sống,77,114,2550,16,26,549,True,True,True,False
51982,Xe,73,239,3267,15,55,702,True,True,True,False
209249,Sức khỏe,62,130,1230,15,31,265,True,True,True,False
33317,Thế giới,90,130,3023,19,28,626,True,True,True,False
160508,Giải trí,57,61,1582,13,15,343,True,True,True,False
135746,Thời sự,74,169,2821,17,37,617,True,True,True,False
171057,Giải trí,70,157,2170,17,37,465,True,True,True,False
172910,Giáo dục,68,133,2934,14,29,620,True,True,True,False
245374,Thời sự,76,228,1474,19,52,327,True,True,True,False
153557,Bất động sản,46,136,1108,11,28,237,True,True,True,False
261504,Đời sống,50,118,3176,11,25,693,True,True,True,False
158849,Giải trí,75,176,1438,17,39,313,True,True,True,False
18169,Kinh doanh,78,186,3630,16,39,763,True,True,True,False
152262,Bất động sản,42,154,3700,10,35,814,True,True,True,False
126123,Thể thao,73,134,2161,16,29,476,True,True,True,False
243527,Thời sự,72,148,1854,17,34,414,True,True,True,False
23696,Kinh doanh,79,191,2701,17,42,566,True,True,True,False
144626,Xe,62,165,2376,11,36,522,True,True,True,False
233138,Thể thao,63,151,1935,12,31,402,True,True,True,False
126546,Thể thao,16,209,4299,5,44,961,True,True,True,False
73465,Đời sống,65,114,2942,16,28,638,True,True,True,False
24435,Kinh doanh,65,155,4860,12,32,1015,True,True,True,False
115782,Sức khỏe,74,297,4186,17,68,928,True,True,True,False
194960,Kinh doanh,67,169,1859,15,37,386,True,True,True,False
64491,Khoa học công nghệ,65,141,3923,13,30,845,True,True,True,False
71331,Đời sống,58,121,3419,14,28,778,True,True,True,False
177231,Giáo dục,53,157,3094,14,39,714,True,True,True,False
8426,Giải trí,36,180,3933,9,40,832,True,True,True,False
24699,Kinh doanh,56,157,3697,11,33,780,True,True,True,False
115786,Sức khỏe,70,256,10587,17,60,2375,True,True,True,False
245110,Thời sự,78,179,2188,16,38,475,True,True,True,False
151658,Bất động sản,76,230,3786,18,49,837,True,True,True,False
131152,Thể thao,75,187,4627,17,43,1043,True,True,True,False
106697,Kinh doanh,37,203,12410,8,46,2747,True,True,True,False
93640,Giải trí,47,224,6883,11,50,1575,True,True,True,False
135681,Thời sự,68,140,1378,16,32,308,True,True,True,False
198933,Kinh doanh,74,146,4338,15,32,946,True,True,True,False
65889,Đời sống,74,179,4011,16,40,897,True,True,True,False
184587,Khoa học công nghệ,55,224,4828,11,47,1029,True,True,True,False
156651,Giải trí,71,109,2991,16,26,647,True,True,True,False
41122,Thể thao,50,239,6957,9,48,1457,True,True,True,False
106977,Kinh doanh,46,213,6644,10,47,1458,True,True,True,False
209066,Sức khỏe,46,140,1893,10,32,403,True,True,True,False
238921,Thời sự,75,138,936,19,32,212,True,True,True,False
123881,Thể thao,68,169,2329,15,33,481,True,True,True,False
235460,Thể thao,39,112,1337,7,23,289,True,True,True,False
172459,Giáo dục,79,162,2242,15,31,474,True,True,True,False
71178,Đời sống,58,121,3552,14,28,806,True,True,True,False
220577,Thể thao,60,151,2653,12,31,571,True,True,True,False
215797,Thế giới,60,128,1139,15,29,254,True,True,True,False
213499,Sức khỏe,54,116,2029,12,24,446,True,True,True,False
127508,Thể thao,81,125,3999,17,27,856,True,True,True,False
263772,Đời sống,73,181,3771,16,38,821,True,True,True,False
243312,Thời sự,63,178,4427,14,39,962,True,True,True,False
133153,Thời sự,61,214,1693,15,46,385,True,True,True,False
83318,Giải trí,75,222,3272,17,52,747,True,True,True,False
48644,Xe,73,127,4591,18,29,995,True,True,True,False
171461,Giải trí,67,170,2485,15,37,540,True,True,True,False
92962,Giải trí,70,193,4120,15,42,924,True,True,True,False
214240,Thế giới,27,148,3403,6,32,728,True,True,True,False
207270,Sức khỏe,48,123,3407,10,26,750,True,True,True,False
160975,Giải trí,67,191,3499,14,41,748,True,True,True,False
110123,Kinh doanh,74,107,2352,16,24,501,True,True,True,False
180756,Giáo dục,58,162,381,15,39,91,True,True,True,False
164172,Giải trí,57,133,3851,14,30,856,True,True,True,False
58403,Khoa học công nghệ,62,199,1780,13,45,385,True,True,True,False
82755,Giải trí,67,152,1647,14,33,354,True,True,True,False
75136,Du lịch,59,267,4202,14,60,910,True,True,True,False
249977,Xe,79,135,1828,19,32,400,True,True,True,False
204602,Pháp luật,75,160,2077,16,35,461,True,True,True,False
197301,Kinh doanh,41,159,4689,10,34,1009,True,True,True,False
68525,Đời sống,59,117,2289,13,25,505,True,True,True,False
85025,Giải trí,65,199,4239,16,44,952,True,True,True,False
53779,Khoa học công nghệ,62,121,1929,13,26,415,True,True,True,False
113500,Kinh doanh,77,85,1944,17,19,428,True,True,True,False
203532,Pháp luật,67,139,3714,14,30,832,True,True,True,False
2054,Du lịch,65,172,2614,15,34,573,True,True,True,False
158888,Giải trí,72,138,1620,17,33,357,True,True,True,False
206555,Sức khỏe,77,135,2490,17,30,537,True,True,True,False
35620,Thế giới,41,222,6773,9,49,1468,True,True,True,False
44035,Thời sự,47,139,3570,10,34,813,True,True,True,False
134378,Thời sự,72,145,3636,17,33,823,True,True,True,False
31698,Sức khỏe,50,202,5223,11,44,1106,True,True,True,False
24919,Kinh doanh,53,145,2162,9,29,447,True,True,True,False
29021,Sức khỏe,79,224,3663,17,49,763,True,True,True,False
134892,Thời sự,73,182,6712,15,40,1525,True,True,True,False
261723,Đời sống,62,199,1749,17,47,397,True,True,True,False
242679,Thời sự,47,145,5587,11,33,1237,True,True,True,False
101366,Giáo dục,82,145,7923,17,32,1691,True,True,True,False
238173,Thời sự,65,203,14056,15,45,3089,True,True,True,False
172492,Giáo dục,77,230,3881,20,51,897,True,True,True,False
80572,Giải trí,67,175,5584,14,38,1234,True,True,True,False
247751,Xe,66,141,4774,15,32,1033,True,True,True,False
21339,Kinh doanh,58,140,2389,13,31,520,True,True,True,False
158619,Giải trí,66,125,1539,15,28,346,True,True,True,False
126501,Thể thao,50,215,2905,11,47,649,True,True,True,False
39923,Thể thao,46,164,1413,11,33,295,True,True,True,False
32803,Thế giới,39,238,5452,10,54,1182,True,True,True,False
64667,Khoa học công nghệ,46,164,4138,9,33,878,True,True,True,False
234751,Thể thao,57,150,1415,12,31,304,True,True,True,False
48779,Xe,71,88,2435,16,20,523,True,True,True,False
48257,Xe,60,148,2529,13,31,532,True,True,True,False
169886,Giải trí,59,174,1849,13,38,415,True,True,True,False
102839,Giáo dục,57,163,1765,13,37,399,True,True,True,False
192298,Kinh doanh,79,229,5516,16,48,1162,True,True,True,False
114762,Sức khỏe,99,298,4533,17,62,957,True,True,True,False
163634,Giải trí,72,174,4676,16,40,1003,True,True,True,False
158503,Giải trí,78,129,2206,18,29,523,True,True,True,False
245163,Thời sự,55,164,835,14,40,188,True,True,True,False
46173,Thời sự,41,130,5011,10,30,1127,True,True,True,False
156194,Du lịch,80,182,3404,18,42,752,True,True,True,False
129421,Thể thao,82,260,4214,17,57,928,True,True,True,False
19126,Kinh doanh,30,124,3517,7,28,752,True,True,True,False
87925,Giải trí,62,125,9381,14,28,2127,True,True,True,False
171692,Giải trí,73,118,2057,16,27,452,True,True,True,False
232024,Thể thao,51,146,2416,12,31,524,True,True,True,False
6709,Giải trí,60,192,3537,13,46,722,True,True,True,False
104279,Kinh doanh,27,175,6840,6,36,1489,True,True,True,False
131096,Thể thao,69,156,1107,17,36,241,True,True,True,False
61250,Khoa học công nghệ,65,128,2368,16,27,512,True,True,True,False
35099,Thế giới,81,160,3087,18,35,696,True,True,True,False
195518,Kinh doanh,74,211,6991,18,48,1505,True,True,True,False
120837,Thế giới,76,122,5858,17,26,1236,True,True,True,False
152653,Bất động sản,66,141,2886,15,31,630,True,True,True,False
215974,Thế giới,59,182,1549,16,43,332,True,True,True,False
132812,Thời sự,63,107,1770,15,24,384,True,True,True,False
212570,Sức khỏe,58,102,2674,14,21,585,True,True,True,False
50097,Xe,53,160,1828,12,36,405,True,True,True,False
76465,Du lịch,66,354,3198,15,76,686,True,True,True,False
262807,Đời sống,76,106,3652,16,24,798,True,True,True,False
95606,Giáo dục,66,112,1658,16,25,378,True,True,True,False
38485,Thể thao,65,122,1912,13,25,422,True,True,True,False
44612,Thời sự,37,142,3207,9,34,709,True,True,True,False
259274,Đời sống,60,168,4957,14,40,1108,True,True,True,False
128605,Thể thao,80,201,1935,15,43,400,True,True,True,False
95969,Giáo dục,56,237,2496,13,53,541,True,True,True,False
96870,Giáo dục,80,176,1287,18,38,271,True,True,True,False
16946,Khoa học công nghệ,62,151,2489,14,35,526,True,True,True,False
259905,Đời sống,68,157,1607,15,35,351,True,True,True,False
102825,Giáo dục,71,238,7079,15,53,1605,True,True,True,True
107583,Kinh doanh,80,87,1958,17,19,436,True,True,True,False
60067,Khoa học công nghệ,64,153,2417,14,34,522,True,True,True,False
164986,Giải trí,44,167,3106,11,38,677,True,True,True,False
129787,Thể thao,70,188,2189,15,42,471,True,True,True,False
251344,Xe,65,147,901,16,31,198,True,True,True,False
124541,Thể thao,68,210,3461,15,47,778,True,True,True,False
84036,Giải trí,64,160,2780,15,32,613,True,True,True,False
37328,Thể thao,52,127,1639,9,26,333,True,True,True,False
159289,Giải trí,56,180,2587,11,39,540,True,True,True,False
211464,Sức khỏe,52,102,1491,13,22,336,True,True,True,False
111725,Kinh doanh,78,146,1494,16,31,325,True,True,True,False
215930,Thế giới,66,149,1663,16,32,355,True,True,True,False
118217,Thế giới,66,185,2315,14,40,510,True,True,True,False
243849,Thời sự,51,228,1252,14,51,278,True,True,True,False
36082,Thế giới,51,168,1871,11,39,397,True,True,True,False
217019,Thế giới,61,155,1687,13,33,363,True,True,True,False
4169,Giáo dục,61,161,3026,14,38,655,True,True,True,False
108721,Kinh doanh,58,148,4503,12,31,986,True,True,True,False
137481,Thời sự,71,156,1333,16,33,294,True,True,True,False
240870,Thời sự,74,182,1149,18,42,255,True,True,True,False
46490,Thời sự,70,224,3967,16,49,864,True,True,True,False
85084,Giải trí,44,196,3456,10,45,769,True,True,True,False
70290,Đời sống,58,131,3912,14,30,870,True,True,True,False
3395,Giáo dục,63,151,4625,14,32,993,True,True,True,False
252072,Xe,58,140,4287,14,34,964,True,True,True,False
117107,Sức khỏe,60,167,7261,11,39,1554,True,True,True,False
206441,Sức khỏe,46,127,2533,11,30,550,True,True,True,False
60578,Khoa học công nghệ,52,159,2106,10,35,455,True,True,True,False
190299,Kinh doanh,66,236,2975,15,47,656,True,True,True,False
250735,Xe,80,183,1742,18,41,382,True,True,True,False
113081,Kinh doanh,67,124,1986,15,28,430,True,True,True,False
36345,Thể thao,63,167,1651,14,36,363,True,True,True,False
222262,Thể thao,70,185,2859,15,38,618,True,True,True,False
16040,Giải trí,85,179,3373,18,38,721,True,True,True,False
251064,Xe,49,144,889,11,33,194,True,True,True,False
217977,Thế giới,66,137,1070,15,31,226,True,True,True,False
240832,Thời sự,76,181,2445,17,41,536,True,True,True,False
113142,Kinh doanh,55,186,2184,12,40,468,True,True,True,False
100828,Giáo dục,85,244,2636,17,52,563,True,True,True,False
110210,Kinh doanh,83,143,2002,16,29,425,True,True,True,False
7236,Giải trí,24,138,4402,5,28,952,True,True,True,False
245323,Thời sự,54,147,484,12,29,103,True,True,True,False
4988,Giáo dục,41,155,1890,10,37,413,True,True,True,False
77316,Du lịch,66,344,5071,16,79,1091,True,True,True,False
221944,Thể thao,50,123,5186,11,27,1146,True,True,True,False
244211,Thời sự,74,173,3132,18,39,706,True,True,True,False
229725,Thể thao,61,138,2529,14,32,552,True,True,True,False
185226,Khoa học công nghệ,79,243,5386,13,47,1115,True,True,True,False
243278,Thời sự,69,166,4221,15,36,933,True,True,True,False
7772,Giải trí,65,115,1952,15,27,414,True,True,True,False
8863,Giải trí,45,232,4658,11,50,1008,True,True,True,False
257401,Đời sống,76,134,2584,17,31,578,True,True,True,False
262352,Đời sống,77,127,2478,17,29,553,True,True,True,False
144534,Xe,78,213,2109,17,47,462,True,True,True,False
161903,Giải trí,53,189,3354,11,40,730,True,True,True,False
11280,Giải trí,53,159,2530,11,32,499,True,True,True,False
139667,Thời sự,75,107,4509,16,23,978,True,True,True,False
114457,Sức khỏe,72,202,1104,16,43,245,True,True,True,False
194680,Kinh doanh,58,174,2273,13,38,492,True,True,True,False
192065,Kinh doanh,55,189,3664,13,42,786,True,True,True,False
167190,Giải trí,44,134,2805,10,31,573,True,True,True,False
31913,Sức khỏe,48,182,1982,12,42,452,True,True,True,False
150035,Bất động sản,69,112,3636,14,21,755,True,True,True,False
38105,Thể thao,61,126,1617,14,32,373,True,True,True,False
50504,Xe,58,197,3821,14,43,838,True,True,True,False
116660,Sức khỏe,63,202,3903,15,45,839,True,True,True,False
118975,Thế giới,26,199,1432,7,43,309,True,True,True,False
164525,Giải trí,62,158,2661,13,35,581,True,True,True,False
28450,Sức khỏe,82,238,4824,20,51,1064,True,True,True,False
168752,Giải trí,73,135,1166,16,30,250,True,True,True,False
155785,Du lịch,80,218,3556,20,49,794,True,True,True,False
124343,Thể thao,83,197,4343,18,43,958,True,True,True,False
12179,Giải trí,87,107,4856,19,23,1089,True,True,True,False
27908,Sức khỏe,71,162,3931,16,36,873,True,True,True,True
142796,Thời sự,55,223,5757,13,47,1277,True,True,True,False
131145,Thể thao,58,239,4019,12,53,896,True,True,True,False
265609,Đời sống,79,130,2571,19,29,565,True,True,True,False
204324,Pháp luật,64,133,2838,15,30,621,True,True,True,False
73428,Đời sống,74,229,2973,17,49,648,True,True,True,False
52216,Xe,40,94,3021,9,22,659,True,True,True,False
209478,Sức khỏe,77,229,7828,18,55,1750,True,True,True,False
171828,Giải trí,65,162,4507,18,39,999,True,True,True,False
69617,Đời sống,64,133,1377,16,33,325,True,True,True,False
108315,Kinh doanh,51,161,4916,10,34,1063,True,True,True,False
678,Bất động sản,74,164,3515,17,36,768,True,True,True,False
240398,Thời sự,77,139,891,17,30,193,True,True,True,False
213992,Thế giới,65,154,4983,16,36,1062,True,True,True,False
128861,Thể thao,78,164,3058,18,33,658,True,True,True,False
131993,Thời sự,67,145,2289,17,34,519,True,True,True,False
178210,Giáo dục,51,175,1545,12,39,334,True,True,True,False
62478,Khoa học công nghệ,55,101,1872,12,23,412,True,True,True,False
82796,Giải trí,81,152,1572,17,33,361,True,True,True,False
117558,Sức khỏe,52,190,4447,12,38,920,True,True,True,False
257828,Đời sống,65,157,4334,18,37,970,True,True,True,False
133296,Thời sự,74,206,3387,17,45,745,True,True,True,False
201222,Kinh doanh,57,184,2069,13,40,439,True,True,True,False
243775,Thời sự,59,193,4938,15,45,1083,True,True,True,False
829,Bất động sản,61,182,5375,15,40,1192,True,True,True,False
59040,Khoa học công nghệ,48,198,2806,9,44,613,True,True,True,False
177358,Giáo dục,54,102,3786,13,22,830,True,True,True,False
245256,Thời sự,59,131,1675,13,31,371,True,True,True,False
63909,Khoa học công nghệ,57,162,3059,12,36,667,True,True,True,False
245860,Thời sự,78,112,1384,16,24,304,True,True,True,False
68247,Đời sống,67,158,4201,13,35,916,True,True,True,False
233698,Thể thao,42,135,1813,8,26,371,True,True,True,False
27323,Pháp luật,92,193,3930,20,42,889,True,True,True,False
101740,Giáo dục,66,179,2240,15,40,484,True,True,True,False
208045,Sức khỏe,65,195,5852,14,47,1275,True,True,True,False
108461,Kinh doanh,82,113,3862,17,24,849,True,True,True,False
163516,Giải trí,61,120,3359,13,27,716,True,True,True,False
44297,Thời sự,32,95,3353,7,23,725,True,True,True,False
93056,Giải trí,67,95,1984,15,23,444,True,True,True,False
40531,Thể thao,63,181,2825,14,41,624,True,True,True,False
237802,Thời sự,69,112,696,17,27,152,True,True,True,False
161093,Giải trí,50,157,2469,12,33,528,True,True,True,False
13681,Giải trí,51,114,2405,10,23,475,True,True,True,False
39250,Thể thao,66,148,1794,15,33,383,True,True,True,False
35993,Thế giới,72,152,2017,17,33,435,True,True,True,False
125862,Thể thao,57,193,2030,13,38,446,True,True,True,False
190657,Kinh doanh,62,198,5701,14,44,1250,True,True,True,False
263551,Đời sống,72,177,4321,17,39,947,True,True,True,False
238296,Thời sự,60,212,3353,15,48,747,True,True,True,False
167276,Giải trí,31,166,2542,6,35,529,True,True,True,False
132608,Thời sự,63,116,1544,15,26,341,True,True,True,False
146332,Xe,58,167,2101,10,34,442,True,True,True,False
211161,Sức khỏe,67,178,3184,15,39,684,True,True,True,False
222727,Thể thao,66,135,2043,14,30,436,True,True,True,False
72180,Đời sống,72,155,1675,18,34,364,True,True,True,False
123181,Thế giới,39,167,6516,8,34,1388,True,True,True,False
51334,Xe,57,139,2032,11,31,442,True,True,True,False
221691,Thể thao,53,142,1394,11,30,291,True,True,True,False
227068,Thể thao,60,133,1561,14,30,335,True,True,True,False
119323,Thế giới,43,181,1676,10,40,359,True,True,True,False
54109,Khoa học công nghệ,49,154,2349,10,30,500,True,True,True,False
187062,Khoa học công nghệ,64,213,4372,16,49,938,True,True,True,False
32078,Thế giới,55,197,5231,13,42,1129,True,True,True,False
214412,Thế giới,57,125,1763,11,26,371,True,True,True,False
177943,Giáo dục,70,123,4719,16,29,1048,True,True,True,False
59494,Khoa học công nghệ,53,136,3158,11,29,685,True,True,True,False
36114,Thế giới,60,176,2520,13,39,546,True,True,True,False
230747,Thể thao,47,130,1352,10,26,289,True,True,True,False
189088,Kinh doanh,78,248,8231,16,55,1797,True,True,True,False
248183,Xe,48,177,2228,10,37,470,True,True,True,False
217736,Thế giới,73,175,2493,16,36,521,True,True,True,False
257952,Đời sống,77,165,3978,18,38,907,True,True,True,False
230536,Thể thao,62,159,2051,11,31,439,True,True,True,False
59847,Khoa học công nghệ,62,159,1884,14,32,399,True,True,True,False
257639,Đời sống,67,227,2921,16,51,632,True,True,True,False
33368,Thế giới,64,163,2575,14,36,554,True,True,True,False
57232,Khoa học công nghệ,71,83,2226,15,18,491,True,True,True,False
225970,Thể thao,33,130,1591,6,25,335,True,True,True,False
13045,Giải trí,79,148,3496,17,33,760,True,True,True,False
216775,Thế giới,57,164,1686,12,33,337,True,True,True,False
242714,Thời sự,68,130,473,16,29,106,True,True,True,False
49305,Xe,44,136,3311,9,31,693,True,True,True,False
163085,Giải trí,76,214,3207,17,45,694,True,True,True,False
168312,Giải trí,44,123,1198,11,28,256,True,True,True,False
124109,Thể thao,59,236,3881,13,50,830,True,True,True,False
8961,Giải trí,68,229,4385,14,47,888,True,True,True,False
258229,Đời sống,56,179,2470,13,41,545,True,True,True,False
55408,Khoa học công nghệ,47,108,1965,12,23,441,True,True,True,False
123253,Thể thao,81,159,5539,16,34,1209,True,True,True,False
201166,Kinh doanh,60,128,2596,12,27,549,True,True,True,False
231600,Thể thao,34,130,315,7,29,62,True,True,True,False
180437,Giáo dục,72,120,1652,18,27,365,True,True,True,False
206895,Sức khỏe,55,162,3431,12,36,770,True,True,True,False
7487,Giải trí,50,113,2106,13,24,443,True,True,True,False
110602,Kinh doanh,64,186,1542,13,40,338,True,True,True,False
185208,Khoa học công nghệ,63,131,3271,14,30,719,True,True,True,False
162276,Giải trí,32,226,4264,8,50,934,True,True,True,False
118505,Thế giới,40,125,1380,10,28,289,True,True,True,False
223375,Thể thao,32,104,1128,8,22,237,True,True,True,False
67616,Đời sống,56,120,2005,13,26,453,True,True,True,False
197733,Kinh doanh,77,199,3290,18,44,714,True,True,True,False
200642,Kinh doanh,70,173,2852,15,36,594,True,True,True,False
180337,Giáo dục,69,183,3498,18,44,782,True,True,True,False
257683,Đời sống,76,154,3499,16,35,766,True,True,True,False
127944,Thể thao,97,180,1980,21,40,450,True,True,True,False
101154,Giáo dục,81,200,2524,17,42,522,True,True,True,False
45017,Thời sự,22,39,917,5,9,211,True,True,True,False
148894,Bất động sản,73,137,4357,18,29,950,True,True,True,False
222806,Thể thao,59,159,2382,11,34,513,True,True,True,False
261174,Đời sống,59,96,3068,15,24,684,True,True,True,False
21654,Kinh doanh,78,175,3607,17,35,776,True,True,True,False
151451,Bất động sản,69,240,4299,17,56,962,True,True,True,False
91366,Giải trí,39,189,3370,10,43,756,True,True,True,False
157794,Giải trí,55,106,1320,13,23,285,True,True,True,False
86884,Giải trí,45,210,2898,11,48,638,True,True,True,False
134237,Thời sự,54,177,3644,14,39,801,True,True,True,False
241442,Thời sự,70,199,3331,16,46,754,True,True,True,False
160925,Giải trí,54,122,642,12,27,143,True,True,True,False
246010,Thời sự,74,181,1358,17,39,304,True,True,True,False
252816,Xe,75,240,6605,17,57,1467,True,True,True,False
71704,Đời sống,76,168,4325,17,36,959,True,True,True,False
123805,Thể thao,39,219,2375,10,47,521,True,True,True,False
107535,Kinh doanh,78,205,3682,17,45,812,True,True,True,False
109784,Kinh doanh,59,136,2382,13,29,518,True,True,True,False
130029,Thể thao,76,122,3430,16,27,735,True,True,True,False
176776,Giáo dục,76,243,5218,18,58,1189,True,True,True,False
234126,Thể thao,52,146,2216,13,31,439,True,True,True,False
246392,Thời sự,52,99,1759,14,25,393,True,True,True,False
9559,Giải trí,80,238,4490,17,52,935,True,True,True,False
162122,Giải trí,49,247,6311,11,56,1391,True,True,True,False
109065,Kinh doanh,24,219,6145,7,50,1334,True,True,True,False
89345,Giải trí,52,148,1788,12,33,394,True,True,True,False
213984,Thế giới,63,170,4283,14,38,929,True,True,True,False
125693,Thể thao,60,153,1729,13,32,374,True,True,True,False
7884,Giải trí,26,170,3889,6,36,846,True,True,True,False
218640,Thế giới,52,131,2262,11,29,477,True,True,True,False
251867,Xe,57,195,4488,14,44,985,True,True,True,False
222645,Thể thao,57,137,221,12,32,50,True,True,True,False
47100,Thời sự,74,202,4835,18,44,1053,True,True,True,False
258371,Đời sống,55,154,3698,12,33,803,True,True,True,False
206463,Sức khỏe,60,152,2571,15,34,578,True,True,True,False
102929,Giáo dục,62,252,2699,15,56,581,True,True,True,False
107472,Kinh doanh,40,163,1670,11,37,383,True,True,True,False
154952,Du lịch,71,231,5328,17,49,1151,True,True,True,False
50621,Xe,98,114,4067,22,28,903,True,True,True,False
106281,Kinh doanh,46,161,4423,12,36,1022,True,True,True,False
136619,Thời sự,69,187,3255,16,43,746,True,True,True,False
24606,Kinh doanh,38,88,1830,7,19,373,True,True,True,False
249501,Xe,54,165,2219,12,36,485,True,True,True,False
43207,Thời sự,97,230,7439,20,51,1640,True,True,True,False
10094,Giải trí,56,108,4049,10,23,830,True,True,True,False
151983,Bất động sản,78,171,3587,16,33,758,True,True,True,False
162302,Giải trí,30,146,6772,7,35,1508,True,True,True,False
37873,Thể thao,58,137,1716,15,27,379,True,True,True,False
125248,Thể thao,72,253,2025,17,59,446,True,True,True,False
108662,Kinh doanh,51,188,2183,10,38,465,True,True,True,False
223764,Thể thao,55,152,1067,13,34,234,True,True,True,False
144860,Xe,80,163,957,16,35,208,True,True,True,False
130338,Thể thao,52,118,2934,12,26,653,True,True,True,False
29505,Sức khỏe,75,172,1623,17,36,350,True,True,True,False
78111,Du lịch,48,187,2253,12,42,495,True,True,True,False
174396,Giáo dục,52,159,3575,12,35,787,True,True,True,False
36289,Thể thao,59,150,2105,12,30,440,True,True,True,False
212422,Sức khỏe,36,98,1991,8,20,433,True,True,True,False
84305,Giải trí,39,175,3691,9,38,827,True,True,True,False
175153,Giáo dục,63,164,6519,14,35,1344,True,True,True,False
241841,Thời sự,70,172,3026,15,36,654,True,True,True,False
259459,Đời sống,55,85,2392,13,20,547,True,True,True,False
87123,Giải trí,61,133,2903,13,30,636,True,True,True,False
218945,Thể thao,51,178,2924,14,37,638,True,True,True,False
138476,Thời sự,58,148,1824,13,32,395,True,True,True,False
264682,Đời sống,70,139,2765,17,34,641,True,True,True,False
80244,Giải trí,70,164,1917,17,40,427,True,True,True,False
138650,Thời sự,78,128,3220,16,27,709,True,True,True,False
44984,Thời sự,18,85,953,4,19,220,True,True,True,False
64263,Khoa học công nghệ,70,188,1952,14,39,433,True,True,True,False
27440,Pháp luật,65,229,2951,16,52,666,True,True,True,False
10907,Giải trí,70,153,2870,15,31,622,True,True,True,False
157796,Giải trí,41,135,1392,10,32,301,True,True,True,False
158332,Giải trí,78,141,3426,16,30,748,True,True,True,False
183549,Khoa học công nghệ,59,236,4300,12,52,937,True,True,True,False
26951,Pháp luật,55,142,2107,12,31,450,True,True,True,False
183848,Khoa học công nghệ,52,161,1193,12,36,264,True,True,True,False
38776,Thể thao,55,97,1741,12,21,384,True,True,True,False
124989,Thể thao,77,171,2799,16,34,578,True,True,True,False
217695,Thế giới,62,125,1489,13,25,312,True,True,True,False
127152,Thể thao,77,256,3153,18,58,707,True,True,True,False
245128,Thời sự,76,217,2689,17,46,582,True,True,True,False
152468,Bất động sản,76,167,1835,17,36,410,True,True,True,False
26192,Pháp luật,57,236,2315,14,55,509,True,True,True,False
140405,Thời sự,69,293,2251,15,62,491,True,True,True,False
32095,Thế giới,59,148,5535,11,32,1214,True,True,True,False
160360,Giải trí,79,100,1444,20,23,324,True,True,True,False
255491,Xe,44,190,4448,11,47,1007,True,True,True,False
172794,Giáo dục,79,170,5878,19,38,1283,True,True,True,False
213143,Sức khỏe,57,120,3830,14,28,855,True,True,True,True
215243,Thế giới,53,104,1180,12,24,265,True,True,True,False
165413,Giải trí,76,119,953,17,29,212,True,True,True,False
257151,Đời sống,57,169,4702,13,37,1021,True,True,True,False
182689,Khoa học công nghệ,75,169,3452,16,36,723,True,True,True,False
103465,Giáo dục,62,168,2145,15,36,447,True,True,True,False
44915,Thời sự,18,190,735,4,43,175,True,True,True,False
239896,Thời sự,68,157,1440,17,35,319,True,True,True,False
216196,Thế giới,64,135,352,14,30,75,True,True,True,False
6241,Giáo dục,59,160,5202,13,34,1164,True,True,True,False
39762,Thể thao,69,174,2880,15,37,622,True,True,True,False
158194,Giải trí,53,153,1865,12,33,410,True,True,True,False
83241,Giải trí,74,128,2497,16,27,554,True,True,True,False
149339,Bất động sản,43,214,3808,10,49,846,True,True,True,False
151463,Bất động sản,66,173,2394,14,38,534,True,True,True,False
242811,Thời sự,48,199,1402,12,48,326,True,True,True,False
136924,Thời sự,55,145,2560,14,35,562,True,True,True,False
20614,Kinh doanh,86,144,3976,18,31,872,True,True,True,False
85726,Giải trí,68,213,3782,16,49,851,True,True,True,False
110204,Kinh doanh,41,146,1639,8,31,345,True,True,True,False
125504,Thể thao,81,272,2406,16,59,512,True,True,True,False
204082,Pháp luật,73,153,3291,15,34,730,True,True,True,False
195267,Kinh doanh,80,137,2947,18,32,633,True,True,True,False
218337,Thế giới,67,111,1677,13,24,359,True,True,True,False
178922,Giáo dục,44,111,1216,9,26,257,True,True,True,False
174373,Giáo dục,71,201,5259,14,41,1138,True,True,True,False
29758,Sức khỏe,80,223,5894,19,53,1287,True,True,True,False
12178,Giải trí,91,145,3956,20,32,860,True,True,True,False
78212,Du lịch,58,155,1579,15,33,347,True,True,True,False
122059,Thế giới,58,171,2795,13,34,577,True,True,True,False
49568,Xe,66,100,1931,15,20,415,True,True,True,False
258914,Đời sống,75,140,2318,18,32,517,True,True,True,False
53409,Khoa học công nghệ,68,234,3478,13,47,753,True,True,True,False
115353,Sức khỏe,74,193,5682,17,39,1216,True,True,True,False
175779,Giáo dục,61,228,4308,15,54,961,True,True,True,False
233365,Thể thao,64,130,1656,13,24,319,True,True,True,False
182716,Khoa học công nghệ,58,190,4005,14,43,897,True,True,True,False
161055,Giải trí,54,106,2041,13,23,448,True,True,True,False
166674,Giải trí,56,116,2658,13,26,570,True,True,True,False
210843,Sức khỏe,64,151,1867,14,33,384,True,True,True,False
208667,Sức khỏe,79,148,4342,18,32,956,True,True,True,False
1534,Du lịch,44,163,1275,11,35,293,True,True,True,False
177452,Giáo dục,54,124,6128,11,26,1320,True,True,True,False
174279,Giáo dục,77,145,1558,16,32,334,True,True,True,False
128568,Thể thao,90,188,3173,17,38,663,True,True,True,False
147107,Xe,58,149,3646,14,34,807,True,True,True,False
89775,Giải trí,78,165,2173,17,34,474,True,True,True,False
262509,Đời sống,69,107,3599,17,27,791,True,True,True,False
98952,Giáo dục,77,142,2038,17,32,460,True,True,True,False
154893,Du lịch,68,140,953,16,31,209,True,True,True,False
84528,Giải trí,73,140,2390,17,31,536,True,True,True,False
221185,Thể thao,66,116,3557,14,24,742,True,True,True,False
155256,Du lịch,79,185,2785,18,38,610,True,True,True,False
13292,Giải trí,60,154,5965,12,32,1285,True,True,True,False
263177,Đời sống,79,191,4553,18,43,980,True,True,True,False
88945,Giải trí,65,112,1587,15,26,349,True,True,True,False
5325,Giáo dục,88,154,2601,21,36,578,True,True,True,False
103242,Giáo dục,68,193,2620,15,42,571,True,True,True,False
22378,Kinh doanh,54,150,4584,10,32,993,True,True,True,False
113358,Kinh doanh,65,146,2254,12,30,482,True,True,True,False
159539,Giải trí,65,155,386,16,36,83,True,True,True,False
39720,Thể thao,63,121,1893,13,25,404,True,True,True,False
28915,Sức khỏe,72,241,4213,17,51,929,True,True,True,False
18819,Kinh doanh,77,136,5179,16,29,1123,True,True,True,False
87288,Giải trí,54,161,1857,11,35,402,True,True,True,False
204750,Pháp luật,65,188,1470,13,43,333,True,True,True,False
124953,Thể thao,81,235,3961,17,48,839,True,True,True,False
85915,Giải trí,68,104,2759,16,24,627,True,True,True,False
206493,Sức khỏe,55,130,2328,13,28,508,True,True,True,False
46577,Thời sự,54,161,4022,13,38,925,True,True,True,False
9708,Giải trí,81,158,4790,17,34,976,True,True,True,False
85262,Giải trí,59,159,2329,13,34,523,True,True,True,False
195579,Kinh doanh,69,207,3812,16,46,816,True,True,True,False
160639,Giải trí,67,246,2264,16,54,491,True,True,True,False
122941,Thế giới,76,160,5207,15,32,1119,True,True,True,False
124235,Thể thao,38,231,3973,7,50,826,True,True,True,False
44718,Thời sự,8,111,3597,2,24,806,True,True,True,False
49352,Xe,48,159,5253,11,37,1121,True,True,True,False
100863,Giáo dục,72,217,5523,15,46,1187,True,True,True,False
176261,Giáo dục,49,110,2954,11,27,663,True,True,True,False
40320,Thể thao,56,137,2688,11,29,585,True,True,True,False
116479,Sức khỏe,54,267,3620,13,59,818,True,True,True,False
97582,Giáo dục,46,144,2948,10,34,663,True,True,True,False
244498,Thời sự,77,127,1553,18,27,337,True,True,True,False
164103,Giải trí,73,125,250,16,26,53,True,True,True,False
217040,Thế giới,68,123,1734,15,25,354,True,True,True,False
69298,Đời sống,80,167,1227,17,35,275,True,True,True,False
220617,Thể thao,64,157,740,14,36,154,True,True,True,False
190286,Kinh doanh,70,119,4923,13,24,1037,True,True,True,False
154949,Du lịch,79,247,2674,17,53,583,True,True,True,False
160203,Giải trí,42,218,5772,9,46,1292,True,True,True,False
88751,Giải trí,48,87,1922,11,20,426,True,True,True,False
26599,Pháp luật,67,180,1612,15,39,339,True,True,True,False
141292,Thời sự,65,127,3354,14,26,754,True,True,True,False
27124,Pháp luật,96,220,7164,22,49,1614,True,True,True,False
24116,Kinh doanh,78,182,3499,16,37,705,True,True,True,False
81799,Giải trí,41,234,5998,8,52,1277,True,True,True,False
190793,Kinh doanh,76,246,4331,17,53,932,True,True,True,False
5771,Giáo dục,82,244,4711,18,54,1016,True,True,True,False
141037,Thời sự,60,135,3611,14,30,770,True,True,True,False
167181,Giải trí,72,105,2451,17,23,537,True,True,True,False
35220,Thế giới,81,153,4140,19,35,887,True,True,True,True
57487,Khoa học công nghệ,51,189,1773,10,38,379,True,True,True,False
16958,Khoa học công nghệ,59,195,4408,14,44,985,True,True,True,False
78002,Du lịch,59,341,2877,13,79,623,True,True,True,False
32991,Thế giới,84,240,8572,17,48,1905,True,True,True,False
95885,Giáo dục,75,156,3373,17,36,759,True,True,True,False
129179,Thể thao,85,200,2294,17,42,491,True,True,True,False
238073,Thời sự,62,137,723,16,32,168,True,True,True,False
252024,Xe,75,178,1192,18,42,257,True,True,True,False
5983,Giáo dục,65,126,4107,14,27,804,True,True,True,False
258736,Đời sống,68,177,6174,17,41,1392,True,True,True,False
68471,Đời sống,78,165,1380,17,35,303,True,True,True,False
172227,Giải trí,77,106,2670,17,23,603,True,True,True,False
257260,Đời sống,74,191,4456,15,41,989,True,True,True,False
51202,Xe,73,56,2058,15,13,463,True,True,True,False
72548,Đời sống,64,145,1480,13,32,322,True,True,True,False
162663,Giải trí,40,203,2374,10,48,520,True,True,True,False
17875,Kinh doanh,60,116,1556,15,27,330,True,True,True,False
80429,Giải trí,52,150,2996,13,33,671,True,True,True,False
260645,Đời sống,78,106,767,18,23,171,True,True,True,False
37504,Thể thao,74,181,1954,17,40,436,True,True,True,False
217600,Thế giới,73,160,3320,16,35,702,True,True,True,False
221595,Thể thao,62,145,2626,13,29,559,True,True,True,False
259639,Đời sống,60,155,3438,14,37,771,True,True,True,False
73104,Đời sống,53,109,3470,12,25,786,True,True,True,False
128123,Thể thao,72,143,2728,16,29,579,True,True,True,False
156099,Du lịch,77,231,3912,17,51,869,True,True,True,False
231751,Thể thao,49,122,2469,10,24,508,True,True,True,False
42930,Thời sự,28,247,7600,7,58,1668,True,True,True,False
95490,Giáo dục,65,237,4885,13,52,1056,True,True,True,False
195838,Kinh doanh,51,112,2002,11,25,423,True,True,True,False
50978,Xe,61,118,2031,13,26,443,True,True,True,False
40485,Thể thao,77,166,1700,16,35,358,True,True,True,False
149538,Bất động sản,51,236,3890,12,55,839,True,True,True,False
95809,Giáo dục,79,250,4036,16,52,860,True,True,True,False
212113,Sức khỏe,37,92,2812,8,18,606,True,True,True,True
27082,Pháp luật,99,178,2573,25,44,582,True,True,True,False
153940,Du lịch,66,158,1722,16,33,368,True,True,True,False
156839,Giải trí,74,135,1519,19,32,342,True,True,True,False
3837,Giáo dục,70,123,1701,15,27,355,True,True,True,False
97237,Giáo dục,78,140,1413,17,31,304,True,True,True,False
215405,Thế giới,64,63,1650,14,15,349,True,True,True,False
55803,Khoa học công nghệ,64,129,1553,14,30,344,True,True,True,False
117917,Thế giới,59,149,1845,14,35,402,True,True,True,False
143504,Xe,77,199,3081,17,45,676,True,True,True,False
93299,Giải trí,58,144,1932,13,34,429,True,True,True,False
263111,Đời sống,66,128,1838,17,30,406,True,True,True,False
75821,Du lịch,70,277,2104,16,61,438,True,True,True,False
262643,Đời sống,78,141,3762,17,32,842,True,True,True,False
99617,Giáo dục,69,207,7838,16,47,1738,True,True,True,False
8996,Giải trí,71,155,3846,15,33,834,True,True,True,False
193163,Kinh doanh,61,145,3343,14,33,702,True,True,True,False
186570,Khoa học công nghệ,63,136,1991,15,30,434,True,True,True,False
247764,Xe,71,143,1723,17,32,373,True,True,True,False
228116,Thể thao,65,157,3997,14,30,770,True,True,True,False
95666,Giáo dục,59,227,2076,12,49,449,True,True,True,False
170683,Giải trí,74,171,2530,15,38,550,True,True,True,False
103848,Giáo dục,52,96,788,10,20,168,True,True,True,False
117265,Sức khỏe,65,333,6143,16,77,1393,True,True,True,False
29220,Sức khỏe,60,166,1792,14,37,387,True,True,True,False
189944,Kinh doanh,61,227,876,13,49,181,True,True,True,False
213660,Sức khỏe,65,175,1823,14,38,390,True,True,True,False
156247,Du lịch,78,176,3150,17,38,686,True,True,True,False
39581,Thể thao,56,170,1679,13,35,369,True,True,True,False
245129,Thời sự,72,143,3250,15,31,706,True,True,True,False
132782,Thời sự,68,161,1271,17,34,291,True,True,True,False
122598,Thế giới,65,229,3494,14,47,737,True,True,True,False
103043,Giáo dục,75,214,4109,17,49,914,True,True,True,False
213793,Thế giới,66,170,3648,14,38,787,True,True,True,False
23143,Kinh doanh,63,189,4234,15,39,899,True,True,True,False
138085,Thời sự,67,125,1629,16,27,378,True,True,True,False
107255,Kinh doanh,53,111,2368,13,24,537,True,True,True,False
81955,Giải trí,72,115,1298,17,27,300,True,True,True,False
56754,Khoa học công nghệ,49,170,3280,11,38,700,True,True,True,False
120450,Thế giới,78,225,4097,16,44,863,True,True,True,False
48032,Xe,64,176,4710,13,37,979,True,True,True,False
21352,Kinh doanh,72,140,3652,17,30,769,True,True,True,False
224320,Thể thao,62,146,2193,12,31,484,True,True,True,False
235708,Thể thao,49,135,1285,12,28,279,True,True,True,False
253712,Xe,80,110,6328,18,24,1334,True,True,True,False
10555,Giải trí,74,150,5789,14,31,1187,True,True,True,False
159887,Giải trí,49,167,1478,9,36,310,True,True,True,False
227379,Thể thao,58,136,999,12,30,216,True,True,True,False
41382,Thể thao,66,102,1383,12,21,301,True,True,True,False
15300,Giải trí,49,121,1986,11,26,415,True,True,True,False
28576,Sức khỏe,40,246,6430,9,55,1432,True,True,True,False
125076,Thể thao,79,164,3841,15,36,811,True,True,True,False
173289,Giáo dục,68,161,1183,16,36,249,True,True,True,False
140948,Thời sự,50,244,2626,12,52,557,True,True,True,False
164224,Giải trí,73,178,2273,17,41,502,True,True,True,False
51640,Xe,58,92,1892,11,18,394,True,True,True,False
109742,Kinh doanh,49,178,4563,12,39,1011,True,True,True,False
82750,Giải trí,55,161,3442,12,35,767,True,True,True,False
14929,Giải trí,70,191,2829,16,40,612,True,True,True,False
634,Bất động sản,66,138,2244,14,31,470,True,True,True,False
76933,Du lịch,68,280,2786,15,62,581,True,True,True,False
141716,Thời sự,60,193,2174,13,40,459,True,True,True,False
235089,Thể thao,56,168,3631,13,37,758,True,True,True,False
20703,Kinh doanh,38,189,6605,8,40,1421,True,True,True,False
34344,Thế giới,70,190,2817,16,42,612,True,True,True,False
35625,Thế giới,52,230,4853,11,49,1040,True,True,True,False
102385,Giáo dục,48,229,7321,11,51,1611,True,True,True,False
35808,Thế giới,85,185,2547,18,38,515,True,True,True,False
9263,Giải trí,45,193,2298,10,40,487,True,True,True,False
91363,Giải trí,74,156,1888,16,32,411,True,True,True,False
124374,Thể thao,61,152,2239,12,32,491,True,True,True,False
45776,Thời sự,63,205,3911,15,46,836,True,True,True,False
48206,Xe,98,156,6949,24,36,1513,True,True,True,False
155011,Du lịch,68,113,2982,15,25,661,True,True,True,False
2648,Giáo dục,65,173,5180,15,39,1155,True,True,True,False
231037,Thể thao,59,142,1250,13,29,262,True,True,True,False
243707,Thời sự,69,234,5590,15,52,1222,True,True,True,False
62039,Khoa học công nghệ,48,140,2466,10,29,545,True,True,True,True
193384,Kinh doanh,31,207,7413,7,46,1595,True,True,True,False
196568,Kinh doanh,50,230,3197,12,49,679,True,True,True,False
77396,Du lịch,73,394,2760,16,87,577,True,True,True,False
165829,Giải trí,76,116,2707,18,28,592,True,True,True,False
199330,Kinh doanh,65,214,1499,14,45,324,True,True,True,False
117446,Sức khỏe,74,199,5571,16,45,1208,True,True,True,False
217580,Thế giới,57,175,1504,12,41,334,True,True,True,False
79536,Du lịch,34,238,4612,8,53,1000,True,True,True,False
227709,Thể thao,54,127,2408,9,24,486,True,True,True,False
110288,Kinh doanh,61,129,1739,14,30,380,True,True,True,False
260773,Đời sống,76,149,3559,19,32,813,True,True,True,False
18676,Kinh doanh,61,130,2824,14,29,611,True,True,True,False
122156,Thế giới,58,150,1770,13,33,381,True,True,True,False
218725,Thế giới,70,146,1643,14,30,339,True,True,True,False
46236,Thời sự,59,128,1553,16,31,351,True,True,True,False
111276,Kinh doanh,74,86,1450,14,20,315,True,True,True,False
115451,Sức khỏe,60,275,3805,14,63,865,True,True,True,False
50158,Xe,52,186,2280,13,42,487,True,True,True,False
151247,Bất động sản,78,135,3840,19,28,848,True,True,True,False
110770,Kinh doanh,66,357,2528,15,74,545,True,True,True,False
59471,Khoa học công nghệ,33,144,1602,8,32,350,True,True,True,False
200163,Kinh doanh,56,242,2547,13,55,569,True,True,True,False
136578,Thời sự,44,173,4467,11,39,1002,True,True,True,False
33209,Thế giới,40,82,7986,10,19,1769,True,True,True,False
126164,Thể thao,67,221,4192,14,46,907,True,True,True,False
126218,Thể thao,47,122,1620,12,28,366,True,True,True,False
89893,Giải trí,44,216,3318,10,44,734,True,True,True,False
253045,Xe,66,179,6025,15,37,1303,True,True,True,False
19962,Kinh doanh,66,206,2377,13,39,500,True,True,True,False
22473,Kinh doanh,62,184,2427,14,41,520,True,True,True,False
188882,Kinh doanh,76,230,4803,18,51,1058,True,True,True,False
92829,Giải trí,32,165,3376,8,39,766,True,True,True,False
197835,Kinh doanh,69,198,4566,17,41,985,True,True,True,False
227322,Thể thao,57,145,2788,12,31,547,True,True,True,False
113023,Kinh doanh,67,143,1967,13,31,425,True,True,True,False
244310,Thời sự,76,112,2341,17,25,509,True,True,True,False
146726,Xe,65,251,3430,16,60,803,True,True,True,False
221920,Thể thao,52,126,4882,12,27,1013,True,True,True,False
219371,Thể thao,54,105,1487,12,23,326,True,True,True,False
217483,Thế giới,70,172,1697,16,35,360,True,True,True,False
22483,Kinh doanh,46,147,2790,12,36,622,True,True,True,False
88073,Giải trí,63,233,4671,16,53,1041,True,True,True,False
24661,Kinh doanh,48,157,2926,10,34,610,True,True,True,False
85035,Giải trí,64,219,3230,15,49,742,True,True,True,False
264241,Đời sống,35,159,3543,8,36,786,True,True,True,False
264416,Đời sống,76,139,3823,19,32,864,True,True,True,False
197324,Kinh doanh,77,211,4431,19,48,966,True,True,True,False
176720,Giáo dục,79,194,1486,19,39,330,True,True,True,False
98690,Giáo dục,64,203,5772,13,44,1265,True,True,True,False
134187,Thời sự,62,164,2155,14,36,455,True,True,True,False
110406,Kinh doanh,58,134,1617,13,30,344,True,True,True,False
252909,Xe,30,202,5064,6,47,1139,True,True,True,True
155124,Du lịch,80,184,3458,19,40,772,True,True,True,False
138777,Thời sự,76,215,3285,17,47,718,True,True,True,False
35174,Thế giới,83,186,6621,19,40,1386,True,True,True,False
243880,Thời sự,71,147,2456,17,33,544,True,True,True,False
262433,Đời sống,71,145,2443,18,33,553,True,True,True,False
104938,Kinh doanh,50,140,1874,12,31,423,True,True,True,False
32715,Thế giới,68,169,4590,16,39,1005,True,True,True,False
151471,Bất động sản,58,179,2476,14,39,556,True,True,True,False
171621,Giải trí,51,81,3232,11,17,705,True,True,True,False
161828,Giải trí,76,189,6625,17,41,1430,True,True,True,False
85108,Giải trí,65,191,3272,14,43,736,True,True,True,False
118473,Thế giới,57,163,1830,14,39,397,True,True,True,False
22576,Kinh doanh,94,154,4289,19,31,912,True,True,True,False
31138,Sức khỏe,48,142,3697,12,31,801,True,True,True,True
242492,Thời sự,71,181,3026,16,42,671,True,True,True,False
84423,Giải trí,78,134,3192,17,29,710,True,True,True,False
54171,Khoa học công nghệ,75,120,2301,17,26,496,True,True,True,False
213086,Sức khỏe,55,118,2681,13,27,598,True,True,True,False
100866,Giáo dục,33,258,3230,8,58,712,True,True,True,False
197870,Kinh doanh,52,228,1693,12,52,372,True,True,True,False
36399,Thể thao,52,130,1836,11,27,398,True,True,True,False
126151,Thể thao,58,177,4518,14,41,1001,True,True,True,False
86373,Giải trí,73,124,2738,17,29,609,True,True,True,False
62923,Khoa học công nghệ,47,81,2071,11,18,462,True,True,True,False
242900,Thời sự,73,181,3856,16,41,843,True,True,True,False
176162,Giáo dục,79,184,3910,16,38,844,True,True,True,False
185156,Khoa học công nghệ,71,182,4752,15,40,1010,True,True,True,False
45836,Thời sự,94,165,6006,20,36,1307,True,True,True,False
105660,Kinh doanh,68,255,4228,15,57,878,True,True,True,False
109400,Kinh doanh,66,337,4861,16,78,1102,True,True,True,False
134100,Thời sự,70,118,2834,14,24,610,True,True,True,False
701,Bất động sản,51,105,2822,10,22,600,True,True,True,False
192520,Kinh doanh,78,248,2928,16,51,630,True,True,True,False
250730,Xe,59,202,1973,13,46,433,True,True,True,False
227626,Thể thao,47,140,989,10,28,224,True,True,True,False
162826,Giải trí,57,178,1763,12,41,391,True,True,True,False
61986,Khoa học công nghệ,62,157,2719,13,30,588,True,True,True,False
90670,Giải trí,76,107,3105,17,25,704,True,True,True,False
239886,Thời sự,67,171,2448,16,42,547,True,True,True,False
183447,Khoa học công nghệ,57,165,4220,12,35,885,True,True,True,False
138523,Thời sự,68,168,4857,16,38,1093,True,True,True,False
144791,Xe,59,142,2509,14,32,563,True,True,True,False
59753,Khoa học công nghệ,64,187,4236,12,40,940,True,True,True,False
227204,Thể thao,77,174,1447,17,36,259,True,True,True,False
112427,Kinh doanh,53,103,1854,11,25,394,True,True,True,False
112627,Kinh doanh,54,124,2111,11,27,457,True,True,True,False
228437,Thể thao,54,108,1165,11,24,238,True,True,True,False
98088,Giáo dục,71,228,4172,14,47,897,True,True,True,False
87422,Giải trí,64,95,1826,16,21,408,True,True,True,False
113705,Kinh doanh,63,365,3441,14,79,763,True,True,True,False
154320,Du lịch,66,169,3368,17,39,728,True,True,True,False
141091,Thời sự,45,189,2238,10,41,489,True,True,True,False
128644,Thể thao,44,168,2280,10,38,494,True,True,True,False
138159,Thời sự,67,163,5305,17,38,1213,True,True,True,False
248270,Xe,79,194,2404,17,43,520,True,True,True,False
90428,Giải trí,77,230,2550,17,49,562,True,True,True,False
186624,Khoa học công nghệ,61,214,6090,11,44,1331,True,True,True,False
182017,Khoa học công nghệ,70,244,5313,16,52,1129,True,True,True,False
73238,Đời sống,70,125,3938,17,29,860,True,True,True,False
158546,Giải trí,68,156,2196,15,35,478,True,True,True,False
213153,Sức khỏe,55,159,4183,13,33,894,True,True,True,True
56431,Khoa học công nghệ,47,141,2401,8,29,501,True,True,True,False
18140,Kinh doanh,66,180,4252,15,39,924,True,True,True,False
129343,Thể thao,78,208,3445,17,43,723,True,True,True,False
242998,Thời sự,56,122,4656,13,27,1043,True,True,True,False
131991,Thời sự,65,183,4682,13,40,1033,True,True,True,False
253703,Xe,59,127,4463,14,26,946,True,True,True,False
72540,Đời sống,68,211,4063,16,48,984,True,True,True,False
90218,Giải trí,56,160,2590,13,37,558,True,True,True,False
141383,Thời sự,77,250,4216,17,53,935,True,True,True,False
45512,Thời sự,53,116,2475,12,27,511,True,True,True,False
144476,Xe,61,180,3753,13,37,808,True,True,True,False
119330,Thế giới,70,134,2196,14,29,486,True,True,True,False
241752,Thời sự,73,125,719,17,28,156,True,True,True,False
204769,Pháp luật,63,159,1942,14,36,419,True,True,True,False
227972,Thể thao,52,98,1394,12,22,290,True,True,True,False
171929,Giải trí,52,134,1892,13,34,410,True,True,True,False
216418,Thế giới,59,127,2615,14,27,563,True,True,True,False
59113,Khoa học công nghệ,51,184,1405,11,41,312,True,True,True,False
179713,Giáo dục,58,101,1991,13,23,447,True,True,True,False
133549,Thời sự,47,168,1858,11,37,407,True,True,True,False
113813,Kinh doanh,60,194,1906,13,45,410,True,True,True,False
230109,Thể thao,50,137,3050,11,30,602,True,True,True,False
100670,Giáo dục,48,229,2732,11,48,600,True,True,True,False
238350,Thời sự,46,218,3618,11,48,795,True,True,True,False
253767,Xe,67,119,4161,14,25,920,True,True,True,False
35896,Thế giới,53,161,3657,13,36,805,True,True,True,False
198817,Kinh doanh,60,147,2663,12,30,557,True,True,True,False
131093,Thể thao,91,174,1730,17,34,356,True,True,True,False
102194,Giáo dục,67,98,3631,14,20,763,True,True,True,False
232992,Thể thao,47,123,1768,12,29,382,True,True,True,False
77677,Du lịch,58,261,2610,13,58,551,True,True,True,False
142263,Thời sự,23,178,6746,5,39,1579,True,True,True,False
1204,Bất động sản,48,151,4519,10,34,975,True,True,True,True
62015,Khoa học công nghệ,54,134,1702,11,28,360,True,True,True,False
32925,Thế giới,44,104,2296,10,23,503,True,True,True,False
203950,Pháp luật,61,176,2471,15,42,522,True,True,True,False
80345,Giải trí,62,159,2075,14,36,470,True,True,True,False
86848,Giải trí,49,109,1214,12,25,272,True,True,True,False
88944,Giải trí,65,117,3128,12,25,648,True,True,True,False
210772,Sức khỏe,59,171,1916,12,34,404,True,True,True,False
107378,Kinh doanh,90,147,2229,18,32,481,True,True,True,False
229987,Thể thao,35,121,328,7,25,71,True,True,True,False
14641,Giải trí,68,227,6008,15,48,1246,True,True,True,False
155791,Du lịch,74,211,2757,17,45,601,True,True,True,False
251813,Xe,66,197,3167,15,42,703,True,True,True,False
41369,Thể thao,74,162,2036,17,38,434,True,True,True,False
68682,Đời sống,63,113,2328,15,25,515,True,True,True,False
192144,Kinh doanh,53,191,2427,10,42,514,True,True,True,False
13639,Giải trí,54,157,3409,12,35,743,True,True,True,True
250015,Xe,66,222,1895,15,48,417,True,True,True,False
179717,Giáo dục,73,243,5341,17,55,1216,True,True,True,False
4003,Giáo dục,69,130,3990,14,25,838,True,True,True,False
42283,Thời sự,86,221,7596,22,49,1669,True,True,True,False
11633,Giải trí,75,211,4350,15,47,927,True,True,True,False
252869,Xe,48,177,4154,11,38,910,True,True,True,False
59895,Khoa học công nghệ,32,125,2353,7,25,507,True,True,True,False
59373,Khoa học công nghệ,77,127,1900,16,29,415,True,True,True,False
11116,Giải trí,54,187,3619,12,41,789,True,True,True,False
71627,Đời sống,92,109,6070,19,24,1357,True,True,True,False
192668,Kinh doanh,77,215,4677,18,47,1020,True,True,True,False
119753,Thế giới,51,156,4526,13,35,997,True,True,True,False
89045,Giải trí,56,114,2159,13,27,488,True,True,True,False
145495,Xe,60,172,2835,14,39,616,True,True,True,False
1444,Du lịch,56,200,8984,10,42,1883,True,True,True,False
197943,Kinh doanh,68,113,4522,14,24,976,True,True,True,False
77248,Du lịch,52,493,2576,12,108,559,True,True,True,False
225072,Thể thao,63,164,2362,12,36,491,True,True,True,False
175165,Giáo dục,62,182,2677,14,42,598,True,True,True,False
149827,Bất động sản,66,223,4140,13,48,880,True,True,True,False
244346,Thời sự,64,142,1106,15,33,248,True,True,True,False
261129,Đời sống,78,116,1712,18,24,377,True,True,True,False
48175,Xe,60,160,1415,16,38,307,True,True,True,False
226151,Thể thao,61,167,2023,12,33,382,True,True,True,False
126493,Thể thao,69,221,3876,15,48,841,True,True,True,False
247360,Thời sự,80,232,3028,19,53,704,True,True,True,False
10630,Giải trí,69,140,2487,17,31,507,True,True,True,False
118702,Thế giới,51,117,1696,12,27,374,True,True,True,False
133393,Thời sự,58,247,2323,14,56,516,True,True,True,False
216317,Thế giới,60,111,2191,14,24,486,True,True,True,False
25992,Kinh doanh,54,179,2647,12,41,570,True,True,True,False
39446,Thể thao,62,159,1545,15,36,337,True,True,True,False
72939,Đời sống,55,161,3143,14,37,713,True,True,True,False
121323,Thế giới,59,167,4304,12,35,907,True,True,True,False
22052,Kinh doanh,81,112,3210,18,27,695,True,True,True,False
238569,Thời sự,48,207,688,11,47,153,True,True,True,False
114149,Sức khỏe,49,206,1740,12,47,389,True,True,True,False
34032,Thế giới,63,141,1797,15,36,410,True,True,True,False
147455,Xe,52,215,2344,13,50,524,True,True,True,False
20698,Kinh doanh,62,172,3612,12,38,772,True,True,True,False
30600,Sức khỏe,51,198,6115,12,46,1327,True,True,True,False
85268,Giải trí,61,115,2376,13,24,517,True,True,True,False
78144,Du lịch,46,165,3134,10,36,683,True,True,True,False
96252,Giáo dục,73,159,4316,15,34,915,True,True,True,False
208014,Sức khỏe,64,173,3085,16,38,684,True,True,True,False
1532,Du lịch,57,162,2862,14,38,631,True,True,True,False
85432,Giải trí,79,144,2207,16,29,501,True,True,True,False
155413,Du lịch,74,141,2289,17,31,503,True,True,True,False
1199,Bất động sản,49,152,4439,12,34,945,True,True,True,False
229755,Thể thao,64,129,2284,12,26,443,True,True,True,False
165119,Giải trí,67,175,3136,15,39,693,True,True,True,False
104212,Kinh doanh,73,149,2946,17,34,669,True,True,True,False
85850,Giải trí,63,144,2430,14,32,540,True,True,True,False
70097,Đời sống,53,225,3460,13,52,789,True,True,True,False
239742,Thời sự,65,195,1636,17,45,362,True,True,True,False
61917,Khoa học công nghệ,54,104,1988,12,21,428,True,True,True,False
239128,Thời sự,57,136,1833,14,32,394,True,True,True,False
22904,Kinh doanh,52,182,5415,9,38,1161,True,True,True,False
138804,Thời sự,62,195,1686,15,45,384,True,True,True,False
207240,Sức khỏe,76,122,1681,19,27,375,True,True,True,False
130555,Thể thao,80,151,1529,17,34,339,True,True,True,False
126810,Thể thao,75,99,2059,17,22,453,True,True,True,False
85954,Giải trí,75,186,3135,17,44,703,True,True,True,False
232201,Thể thao,55,83,1910,13,20,403,True,True,True,False
29418,Sức khỏe,83,184,3503,18,40,759,True,True,True,False
192725,Kinh doanh,79,229,3852,15,47,820,True,True,True,False
143962,Xe,73,195,3090,15,42,676,True,True,True,False
249493,Xe,56,117,2516,14,27,542,True,True,True,False
121007,Thế giới,58,191,996,14,42,215,True,True,True,False
255383,Xe,61,159,3880,15,36,874,True,True,True,False
96416,Giáo dục,61,113,2963,13,23,646,True,True,True,False
238653,Thời sự,76,200,2314,17,43,498,True,True,True,False
230033,Thể thao,53,126,2312,11,27,452,True,True,True,False
214495,Thế giới,61,229,2295,14,50,509,True,True,True,False
43701,Thời sự,94,144,6649,19,31,1422,True,True,True,False
232313,Thể thao,63,118,1222,15,26,259,True,True,True,False
21386,Kinh doanh,78,219,2388,17,48,525,True,True,True,False
240337,Thời sự,74,179,1218,19,43,270,True,True,True,False
141670,Thời sự,74,216,5187,17,47,1137,True,True,True,False
160706,Giải trí,66,230,2457,15,52,528,True,True,True,False
11177,Giải trí,66,152,3473,14,32,737,True,True,True,False
67540,Đời sống,75,149,2506,17,32,546,True,True,True,False
107715,Kinh doanh,25,280,5702,7,63,1268,True,True,True,False
2630,Giáo dục,73,184,5226,16,42,1119,True,True,True,False
226501,Thể thao,64,150,1884,13,30,397,True,True,True,False
233523,Thể thao,70,143,2619,12,27,539,True,True,True,False
231330,Thể thao,60,115,2812,12,23,544,True,True,True,False
78714,Du lịch,71,199,1037,13,35,223,True,True,True,False
25565,Kinh doanh,70,228,5595,14,46,1191,True,True,True,False
259227,Đời sống,76,165,5040,18,38,1117,True,True,True,False
208189,Sức khỏe,30,116,3294,8,28,725,True,True,True,False
235288,Thể thao,38,133,4131,7,28,743,True,True,True,False
143195,Xe,77,198,4319,17,41,943,True,True,True,False
119569,Thế giới,59,192,1940,12,42,422,True,True,True,False
38671,Thể thao,31,113,4142,8,27,900,True,True,True,False
254646,Xe,50,171,735,13,39,166,True,True,True,False
183591,Khoa học công nghệ,33,140,4202,8,31,940,True,True,True,False
33085,Thế giới,75,147,2008,16,31,423,True,True,True,False
27818,Sức khỏe,58,220,6715,12,49,1445,True,True,True,False
114486,Sức khỏe,78,273,3141,17,62,690,True,True,True,False
249629,Xe,55,205,1406,14,46,314,True,True,True,False
121110,Thế giới,62,179,5378,13,38,1149,True,True,True,False
18828,Kinh doanh,43,223,5140,10,49,1094,True,True,True,False
137541,Thời sự,67,98,1938,15,22,423,True,True,True,False
17972,Kinh doanh,38,238,3700,8,51,778,True,True,True,False
41325,Thể thao,65,118,1203,14,26,262,True,True,True,False
33587,Thế giới,60,126,1976,14,26,428,True,True,True,False
243836,Thời sự,71,183,1579,17,39,346,True,True,True,False
232603,Thể thao,52,95,1755,11,19,376,True,True,True,False
18233,Kinh doanh,62,212,3039,14,47,650,True,True,True,False
19729,Kinh doanh,64,78,3493,12,16,742,True,True,True,False
169540,Giải trí,77,178,1949,16,39,407,True,True,True,False
111575,Kinh doanh,73,78,1809,15,17,395,True,True,True,False
226567,Thể thao,66,153,2084,11,31,404,True,True,True,False
177219,Giáo dục,67,110,1823,17,26,432,True,True,True,False
65562,Đời sống,74,167,4384,16,38,962,True,True,True,False
95343,Giáo dục,62,358,3999,13,77,859,True,True,True,False
153874,Du lịch,40,227,6340,9,52,1425,True,True,True,False
246686,Thời sự,75,197,2435,18,46,535,True,True,True,False
63311,Khoa học công nghệ,59,143,2350,13,33,531,True,True,True,True
183087,Khoa học công nghệ,50,227,4599,11,46,983,True,True,True,False
128838,Thể thao,72,122,6438,15,28,1423,True,True,True,True
93362,Giải trí,66,169,3589,14,35,772,True,True,True,False
110595,Kinh doanh,74,55,1215,16,12,264,True,True,True,False
31776,Sức khỏe,67,213,5788,15,47,1272,True,True,True,True
90963,Giải trí,42,132,2128,10,29,478,True,True,True,False
232986,Thể thao,58,165,3759,14,33,763,True,True,True,False
258675,Đời sống,71,159,4519,17,36,1019,True,True,True,False
11043,Giải trí,44,130,2527,9,26,518,True,True,True,False
180184,Giáo dục,58,130,1240,13,27,263,True,True,True,False
8160,Giải trí,41,183,3116,9,39,677,True,True,True,False
186589,Khoa học công nghệ,68,175,2437,14,39,530,True,True,True,False
233951,Thể thao,61,151,6941,14,33,1509,True,True,True,False
61325,Khoa học công nghệ,63,107,1905,13,23,402,True,True,True,False
97673,Giáo dục,67,178,5333,13,40,1169,True,True,True,False
62388,Khoa học công nghệ,57,109,1635,13,24,371,True,True,True,False
229953,Thể thao,48,148,710,12,37,133,True,True,True,False
203849,Pháp luật,69,131,1999,15,28,441,True,True,True,False
103766,Giáo dục,76,217,5605,16,47,1248,True,True,True,False
85868,Giải trí,78,153,2609,16,33,577,True,True,True,False
154443,Du lịch,71,186,1045,15,40,229,True,True,True,False
230455,Thể thao,67,117,3837,16,26,802,True,True,True,False
161372,Giải trí,80,163,2565,19,39,569,True,True,True,False
224610,Thể thao,35,114,1340,7,23,284,True,True,True,False
183182,Khoa học công nghệ,52,180,2597,14,40,593,True,True,True,False
216318,Thế giới,74,167,703,17,38,154,True,True,True,False
62891,Khoa học công nghệ,62,89,2291,11,19,487,True,True,True,False
182107,Khoa học công nghệ,63,162,3717,14,36,805,True,True,True,False
80190,Giải trí,57,163,1543,13,40,357,True,True,True,False
62383,Khoa học công nghệ,57,102,1471,12,20,313,True,True,True,False
235208,Thể thao,69,124,1894,14,27,402,True,True,True,False
108788,Kinh doanh,48,229,2055,11,52,462,True,True,True,False
74483,Du lịch,63,275,3139,15,63,666,True,True,True,False
119972,Thế giới,35,125,1478,8,28,326,True,True,True,False
106350,Kinh doanh,48,310,3364,12,72,758,True,True,True,False
58653,Khoa học công nghệ,31,162,2678,8,36,581,True,True,True,False
31068,Sức khỏe,57,204,4753,12,47,1059,True,True,True,True
52274,Xe,64,70,2201,14,16,472,True,True,True,False
98382,Giáo dục,70,255,4257,16,51,907,True,True,True,False
62800,Khoa học công nghệ,55,123,2002,11,24,436,True,True,True,False
223976,Thể thao,58,154,2437,11,31,524,True,True,True,False
205205,Sức khỏe,53,137,3559,14,32,793,True,True,True,False
5318,Giáo dục,39,179,2808,10,40,596,True,True,True,False
245812,Thời sự,64,212,3253,15,49,736,True,True,True,False
171899,Giải trí,67,134,2103,14,31,463,True,True,True,False
149212,Bất động sản,80,217,4956,17,49,1089,True,True,True,False
18291,Kinh doanh,40,223,6706,10,47,1416,True,True,True,False
207415,Sức khỏe,71,135,1419,16,31,310,True,True,True,False
213015,Sức khỏe,39,162,3045,9,34,652,True,True,True,False
202306,Kinh doanh,62,149,3862,12,30,805,True,True,True,False
1262,Du lịch,50,118,2931,12,25,644,True,True,True,False
158889,Giải trí,44,178,2270,10,37,479,True,True,True,False
117102,Sức khỏe,68,206,3666,15,46,798,True,True,True,False
224003,Thể thao,61,119,1417,13,25,299,True,True,True,False
77657,Du lịch,61,420,2840,14,92,626,True,True,True,False
51868,Xe,43,102,2465,11,24,534,True,True,True,False
149674,Bất động sản,54,175,5246,12,37,1119,True,True,True,False
127819,Thể thao,92,206,2956,19,46,654,True,True,True,False
8498,Giải trí,30,113,2724,7,25,611,True,True,True,False
6804,Giải trí,49,198,7733,10,45,1688,True,True,True,False
106796,Kinh doanh,63,147,1400,15,33,312,True,True,True,False
45235,Thời sự,88,218,3497,19,47,792,True,True,True,False
32327,Thế giới,26,216,2994,7,47,652,True,True,True,False
98409,Giáo dục,74,182,2695,17,40,595,True,True,True,False
233123,Thể thao,64,129,2143,14,26,409,True,True,True,False
138222,Thời sự,77,125,1207,18,29,267,True,True,True,False
29175,Sức khỏe,59,89,2554,13,18,541,True,True,True,False
264583,Đời sống,71,133,3615,17,30,809,True,True,True,False
255623,Đời sống,68,89,3778,16,20,832,True,True,True,False
16637,Giải trí,70,156,3453,16,35,758,True,True,True,False
16075,Giải trí,66,205,2621,14,44,561,True,True,True,False
255103,Xe,40,112,3461,10,24,785,True,True,True,False
245777,Thời sự,69,213,3035,16,50,660,True,True,True,False
21276,Kinh doanh,94,130,3870,18,27,833,True,True,True,False
20046,Kinh doanh,68,109,3354,17,26,747,True,True,True,False
57816,Khoa học công nghệ,64,167,3773,14,36,802,True,True,True,False
67949,Đời sống,72,188,1579,17,44,354,True,True,True,False
112261,Kinh doanh,53,257,3705,11,51,802,True,True,True,False
110558,Kinh doanh,72,216,1605,14,47,342,True,True,True,False
255770,Đời sống,73,156,3814,16,33,842,True,True,True,False
231710,Thể thao,65,149,2164,14,31,475,True,True,True,False
227975,Thể thao,61,109,1463,12,22,299,True,True,True,False
43154,Thời sự,33,204,7152,8,45,1573,True,True,True,False
49226,Xe,67,216,2712,16,45,603,True,True,True,False
96667,Giáo dục,45,168,4167,9,36,869,True,True,True,False
39312,Thể thao,68,128,2360,16,29,514,True,True,True,False
181102,Giáo dục,71,210,2981,16,46,652,True,True,True,False
198563,Kinh doanh,52,245,4505,11,50,954,True,True,True,False
138484,Thời sự,65,209,2781,16,47,616,True,True,True,False
204092,Pháp luật,52,182,3175,12,40,683,True,True,True,False
148583,Bất động sản,60,150,4700,11,33,1031,True,True,True,False
20111,Kinh doanh,56,191,1695,10,41,367,True,True,True,False
190395,Kinh doanh,71,245,4388,14,49,928,True,True,True,False
240761,Thời sự,72,167,1045,17,38,217,True,True,True,False
19567,Kinh doanh,57,145,2527,13,29,536,True,True,True,False
192501,Kinh doanh,71,204,2426,14,45,502,True,True,True,False
145335,Xe,71,159,2200,17,36,467,True,True,True,False
105855,Kinh doanh,68,173,1732,16,39,370,True,True,True,False
237554,Thời sự,69,238,3778,15,51,823,True,True,True,False
10636,Giải trí,47,235,3356,10,51,727,True,True,True,False
50968,Xe,51,91,2881,12,21,629,True,True,True,False
184668,Khoa học công nghệ,65,159,3278,15,30,717,True,True,True,False
214026,Thế giới,74,174,3806,16,35,816,True,True,True,False
193219,Kinh doanh,74,153,2112,15,33,448,True,True,True,False
212000,Sức khỏe,58,139,2946,14,32,646,True,True,True,False
124891,Thể thao,81,223,4100,18,46,907,True,True,True,False
152949,Bất động sản,59,202,2557,13,44,549,True,True,True,False
179474,Giáo dục,75,134,792,16,28,172,True,True,True,False
142348,Thời sự,65,216,7747,15,48,1759,True,True,True,False
34592,Thế giới,49,162,2671,11,36,580,True,True,True,False
204844,Pháp luật,73,192,1861,17,43,413,True,True,True,False
159318,Giải trí,60,105,1849,13,24,410,True,True,True,False
44998,Thời sự,27,50,943,7,14,222,True,True,True,False
254985,Xe,63,131,3217,15,28,737,True,True,True,False
170223,Giải trí,54,119,2752,13,26,601,True,True,True,False
104836,Kinh doanh,76,231,3623,17,51,772,True,True,True,False
7042,Giải trí,85,151,14964,19,32,3201,True,True,True,False
156019,Du lịch,78,185,2420,17,40,530,True,True,True,False
146976,Xe,69,254,4283,16,58,966,True,True,True,False
248760,Xe,71,109,3128,16,26,701,True,True,True,False
217056,Thế giới,61,126,1515,13,28,319,True,True,True,False
143662,Xe,69,232,3668,15,48,792,True,True,True,False
203198,Kinh doanh,77,210,1153,18,45,241,True,True,True,False
128689,Thể thao,80,171,4626,17,37,1003,True,True,True,False
2283,Giáo dục,108,242,7239,22,52,1559,True,True,True,False
224710,Thể thao,48,128,2315,11,30,511,True,True,True,False
16828,Khoa học công nghệ,77,166,3305,16,36,708,True,True,True,False
103690,Giáo dục,67,163,7577,14,39,1674,True,True,True,False
27411,Pháp luật,42,215,2682,11,50,608,True,True,True,False
69043,Đời sống,65,150,2638,15,32,622,True,True,True,False
164980,Giải trí,61,149,1300,14,30,284,True,True,True,False
163970,Giải trí,51,132,3532,10,29,776,True,True,True,False
127062,Thể thao,76,307,6729,18,68,1482,True,True,True,False
127279,Thể thao,94,157,2781,20,34,593,True,True,True,False
125612,Thể thao,80,107,2642,17,24,572,True,True,True,False
101713,Giáo dục,75,197,4651,17,43,1007,True,True,True,False
141467,Thời sự,57,262,4116,13,56,896,True,True,True,False
124279,Thể thao,79,268,2539,17,57,538,True,True,True,False
131528,Thể thao,76,188,1913,17,40,417,True,True,True,False
35877,Thế giới,50,133,3523,13,32,787,True,True,True,False
154472,Du lịch,60,198,4065,14,45,909,True,True,True,False
36336,Thể thao,46,122,2496,11,29,537,True,True,True,False
175471,Giáo dục,75,210,4199,18,48,938,True,True,True,False
232940,Thể thao,52,146,1407,10,33,301,True,True,True,False
14571,Giải trí,70,217,5213,16,49,1125,True,True,True,False
263581,Đời sống,50,139,2917,12,30,668,True,True,True,False
113059,Kinh doanh,58,169,2177,12,37,466,True,True,True,False
154343,Du lịch,42,212,4016,10,44,881,True,True,True,False
5337,Giáo dục,51,138,2030,10,28,429,True,True,True,False
140734,Thời sự,34,163,6805,8,37,1502,True,True,True,False
170866,Giải trí,77,153,2162,17,33,475,True,True,True,False
255385,Xe,68,171,4905,16,38,1094,True,True,True,False
55582,Khoa học công nghệ,45,139,2079,8,28,429,True,True,True,False
30969,Sức khỏe,71,121,4857,16,28,1056,True,True,True,True
250335,Xe,79,168,1453,19,37,302,True,True,True,False
120270,Thế giới,36,249,1623,8,55,358,True,True,True,False
56550,Khoa học công nghệ,53,270,2503,10,57,521,True,True,True,False
210782,Sức khỏe,70,164,2496,17,36,545,True,True,True,False
220656,Thể thao,54,147,2156,12,33,464,True,True,True,False
229862,Thể thao,48,100,685,11,22,122,True,True,True,False
20867,Kinh doanh,54,234,2341,13,52,519,True,True,True,False
131878,Thời sự,71,164,2177,18,38,495,True,True,True,False
182465,Khoa học công nghệ,80,246,4252,18,53,916,True,True,True,False
265561,Đời sống,74,124,4262,19,30,977,True,True,True,False
232712,Thể thao,41,102,1150,9,23,248,True,True,True,False
970,Bất động sản,94,161,4388,21,35,970,True,True,True,False
75189,Du lịch,77,172,3208,18,39,706,True,True,True,False
68976,Đời sống,56,164,1886,12,36,404,True,True,True,False
98071,Giáo dục,71,109,1639,15,23,351,True,True,True,False
115845,Sức khỏe,72,337,3881,16,70,804,True,True,True,False
252668,Xe,78,240,5486,16,51,1189,True,True,True,False
216971,Thế giới,71,166,2010,16,35,437,True,True,True,False
116191,Sức khỏe,72,174,2545,17,36,518,True,True,True,False
14069,Giải trí,57,185,4836,12,40,1054,True,True,True,False
203141,Kinh doanh,61,114,2962,14,26,654,True,True,True,False
151434,Bất động sản,76,180,3621,16,41,795,True,True,True,False
113644,Kinh doanh,58,112,2073,12,27,448,True,True,True,False
73610,Đời sống,86,190,2127,21,42,473,True,True,True,False
167539,Giải trí,54,71,1983,14,16,440,True,True,True,False
200154,Kinh doanh,58,174,3365,14,40,760,True,True,True,False
67578,Đời sống,75,155,4149,17,34,917,True,True,True,False
261685,Đời sống,45,135,2950,10,30,671,True,True,True,False
31670,Sức khỏe,45,179,3214,11,41,728,True,True,True,False
140736,Thời sự,46,174,1232,11,39,284,True,True,True,False
12216,Giải trí,28,188,1147,7,44,248,True,True,True,False
15317,Giải trí,83,106,4352,18,22,924,True,True,True,False
167105,Giải trí,80,159,2882,17,34,621,True,True,True,False
155905,Du lịch,69,225,2439,15,50,536,True,True,True,False
252880,Xe,52,94,1475,13,22,331,True,True,True,False
51141,Xe,65,193,3497,12,43,754,True,True,True,False
191593,Kinh doanh,45,158,1700,10,36,378,True,True,True,False
59574,Khoa học công nghệ,57,86,955,11,17,204,True,True,True,False
239775,Thời sự,60,97,1068,15,23,245,True,True,True,False
263365,Đời sống,75,129,6745,17,30,1480,True,True,True,False
70927,Đời sống,68,140,1488,15,31,338,True,True,True,False
218558,Thế giới,70,147,1906,15,31,395,True,True,True,False
261931,Đời sống,50,129,5385,12,27,1195,True,True,True,True
45174,Thời sự,80,183,4991,18,41,1075,True,True,True,False
115102,Sức khỏe,73,186,2009,14,39,429,True,True,True,False
62267,Khoa học công nghệ,48,171,2194,11,37,487,True,True,True,False
161455,Giải trí,71,177,2098,17,43,476,True,True,True,False
184793,Khoa học công nghệ,54,135,2868,11,28,621,True,True,True,False
260110,Đời sống,75,157,1751,17,36,400,True,True,True,False
15489,Giải trí,74,129,3401,18,29,702,True,True,True,False
102222,Giáo dục,81,200,3049,17,44,662,True,True,True,False
247390,Thời sự,68,168,1725,17,38,394,True,True,True,False
26887,Pháp luật,66,138,2980,15,32,661,True,True,True,False
254260,Xe,63,123,4513,15,29,982,True,True,True,False
90555,Giải trí,64,206,4653,16,47,1051,True,True,True,False
153051,Bất động sản,67,165,4502,14,35,995,True,True,True,False
150614,Bất động sản,43,192,5020,11,43,1115,True,True,True,False
146482,Xe,69,248,4815,16,52,1048,True,True,True,False
144527,Xe,74,210,3061,16,44,651,True,True,True,False
222088,Thể thao,59,121,2427,13,27,527,True,True,True,False
217822,Thế giới,52,149,650,11,31,139,True,True,True,False
26707,Pháp luật,84,169,2921,18,39,646,True,True,True,False
168961,Giải trí,79,120,3780,15,26,813,True,True,True,False
205316,Sức khỏe,70,99,2877,16,20,618,True,True,True,False
264994,Đời sống,63,149,3897,15,34,868,True,True,True,False
109851,Kinh doanh,51,91,1931,11,20,420,True,True,True,False
116533,Sức khỏe,61,233,14436,14,52,2970,True,True,True,False
15473,Giải trí,77,158,3200,15,32,635,True,True,True,False
116279,Sức khỏe,55,77,6429,12,19,1358,True,True,True,False
52000,Xe,91,182,3125,19,40,665,True,True,True,False
265189,Đời sống,51,100,4567,13,23,1037,True,True,True,False
111997,Kinh doanh,72,150,2244,15,32,477,True,True,True,False
78693,Du lịch,61,179,2204,16,40,487,True,True,True,False
26619,Pháp luật,72,89,4778,16,19,1048,True,True,True,False
121437,Thế giới,66,133,5534,13,29,1171,True,True,True,False
219358,Thể thao,59,145,2433,13,34,528,True,True,True,False
4420,Giáo dục,78,112,2630,18,25,585,True,True,True,False
79333,Du lịch,60,139,2590,13,33,559,True,True,True,False
15768,Giải trí,76,221,4720,17,47,981,True,True,True,False
120599,Thế giới,77,175,3687,15,37,788,True,True,True,False
91968,Giải trí,54,154,2239,12,34,493,True,True,True,False
150854,Bất động sản,66,169,4714,15,37,989,True,True,True,False
145672,Xe,66,127,2267,15,29,494,True,True,True,False
178937,Giáo dục,56,151,1715,12,32,365,True,True,True,False
113767,Kinh doanh,60,106,1733,13,25,378,True,True,True,False
75539,Du lịch,76,153,3453,18,34,766,True,True,True,True
244381,Thời sự,74,188,1205,18,44,278,True,True,True,False
116986,Sức khỏe,43,296,3895,10,67,825,True,True,True,False
37169,Thể thao,77,125,1754,16,29,380,True,True,True,False
218093,Thế giới,67,133,1617,14,27,345,True,True,True,False
111756,Kinh doanh,72,110,1715,15,25,370,True,True,True,False
79060,Du lịch,55,173,1547,12,40,338,True,True,True,False
71542,Đời sống,58,121,3228,14,28,728,True,True,True,False
121509,Thế giới,74,189,4120,15,37,878,True,True,True,False
143170,Xe,54,203,4931,13,44,1070,True,True,True,False
150858,Bất động sản,49,135,2632,11,31,601,True,True,True,False
208005,Sức khỏe,63,228,3276,15,48,717,True,True,True,False
178976,Giáo dục,80,198,3944,19,44,861,True,True,True,False
133992,Thời sự,76,154,3488,16,34,759,True,True,True,False
54620,Khoa học công nghệ,47,134,3520,11,28,779,True,True,True,False
264833,Đời sống,56,174,2720,14,40,608,True,True,True,False
204015,Pháp luật,70,137,1842,16,31,411,True,True,True,False
164317,Giải trí,53,156,2497,13,36,535,True,True,True,False
184630,Khoa học công nghệ,44,249,2981,9,52,633,True,True,True,False
152478,Bất động sản,55,170,4379,12,37,952,True,True,True,False
187611,Khoa học công nghệ,60,138,5680,14,31,1219,True,True,True,False
139413,Thời sự,75,117,2644,17,26,592,True,True,True,False
221769,Thể thao,47,132,2808,11,31,620,True,True,True,False
102777,Giáo dục,21,154,8672,6,35,1947,True,True,True,True
204035,Pháp luật,56,144,2920,13,32,641,True,True,True,False
78375,Du lịch,60,132,2890,14,30,620,True,True,True,False
122604,Thế giới,82,138,4432,17,29,940,True,True,True,False
54066,Khoa học công nghệ,62,121,1906,14,28,413,True,True,True,False
31675,Sức khỏe,62,208,3545,14,44,766,True,True,True,False
225971,Thể thao,68,143,1073,17,33,235,True,True,True,False
221710,Thể thao,63,110,1453,13,23,327,True,True,True,False
152549,Bất động sản,59,165,5496,14,37,1218,True,True,True,False
70126,Đời sống,59,121,3467,14,28,790,True,True,True,False
133519,Thời sự,62,152,1480,15,33,323,True,True,True,False
140608,Thời sự,66,91,2010,15,20,441,True,True,True,False
178328,Giáo dục,51,128,832,12,29,189,True,True,True,False
111170,Kinh doanh,70,120,1769,15,26,384,True,True,True,False
70125,Đời sống,58,121,3245,14,28,728,True,True,True,False
183632,Khoa học công nghệ,78,206,3768,18,43,772,True,True,True,False
