qa_id,method,question,article_id,is_possible,source_article_ids,latency_ms,recall@1,hit@1,recall@5,hit@5,recall@10,hit@10,mrr@10,ndcg@10,relevant_article_ids,retrieved_article_ids,retrieved_chunk_ids
211640_1,bm25,Những loại nội tạng động vật nào được khuyến cáo nên hạn chế để tránh tăng axit uric và hại thận?,211640,True,"[""211640""]",8068.1106,1.0,1.0,1.0,1.0,1.0,1.0,1.0,1.0,"[""211640""]","[""211640"", ""31222"", ""205401"", ""28856"", ""212002"", ""31108"", ""34624"", ""28348"", ""206710"", ""29758"", ""207094"", ""27606"", ""203132"", ""211636"", ""31850"", ""208214"", ""216030"", ""29175"", ""34489"", ""29021"", ""212000"", ""211823"", ""27887"", ""212113"", ""30398"", ""115786"", ""209834"", ""207679"", ""255080"", ""117409"", ""206779"", ""213715"", ""46327"", ""212841""]","[""211640_token_0000"", ""31222_token_0002"", ""211640_token_0001"", ""205401_token_0000"", ""28856_token_0000"", ""31222_token_0001"", ""212002_token_0001"", ""31108_token_0002"", ""31108_token_0001"", ""34624_token_0001"", ""28348_token_0001"", ""206710_token_0000"", ""28348_token_0002"", ""29758_token_0002"", ""205401_token_0001"", ""207094_token_0001"", ""27606_token_0002"", ""203132_token_0002"", ""27606_token_0001"", ""211636_token_0001"", ""31850_token_0002"", ""208214_token_0000"", ""216030_token_0000"", ""29758_token_0001"", ""29175_token_0001"", ""34489_token_0000"", ""31108_token_0003"", ""29021_token_0001"", ""212000_token_0001"", ""211823_token_0001"", ""27887_token_0002"", ""34624_token_0002"", ""211823_token_0000"", ""34624_token_0000"", ""212113_token_0001"", ""28856_token_0001"", ""30398_token_0001"", ""115786_token_0002"", ""209834_token_0000"", ""207679_token_0000"", ""255080_token_0002"", ""31108_token_0000"", ""115786_token_0003"", ""117409_token_0000"", ""206779_token_0000"", ""213715_token_0000"", ""46327_token_0002"", ""27606_token_0000"", ""206710_token_0001"", ""212841_token_0000""]"
211640_1,dense,Những loại nội tạng động vật nào được khuyến cáo nên hạn chế để tránh tăng axit uric và hại thận?,211640,True,"[""211640""]",15865.7161,1.0,1.0,1.0,1.0,1.0,1.0,1.0,1.0,"[""211640""]","[""211640"", ""205401"", ""28856"", ""28348"", ""27606"", ""30177"", ""27887"", ""28276"", ""212113"", ""212000"", ""206539"", ""206769"", ""29758"", ""26527"", ""212002"", ""100253"", ""212118"", ""213430"", ""114265"", ""28878"", ""207751"", ""30970"", ""41024"", ""30705"", ""237888"", ""206710"", ""211884"", ""31850"", ""213664"", ""212311"", ""200586"", ""213206"", ""31661"", ""205342"", ""27573""]","[""211640_token_0000"", ""211640_token_0001"", ""205401_token_0001"", ""205401_token_0000"", ""28856_token_0000"", ""205401_token_0002"", ""28348_token_0001"", ""27606_token_0000"", ""30177_token_0000"", ""28856_token_0001"", ""27887_token_0000"", ""30177_token_0001"", ""28276_token_0000"", ""212113_token_0000"", ""27887_token_0002"", ""28276_token_0001"", ""212000_token_0001"", ""27606_token_0002"", ""206539_token_0001"", ""206769_token_0001"", ""29758_token_0003"", ""26527_token_0001"", ""212002_token_0001"", ""28348_token_0002"", ""27887_token_0001"", ""100253_token_0003"", ""212118_token_0000"", ""213430_token_0001"", ""114265_token_0000"", ""28878_token_0002"", ""207751_token_0000"", ""30970_token_0001"", ""212000_token_0000"", ""41024_token_0000"", ""30705_token_0001"", ""237888_token_0000"", ""206710_token_0000"", ""211884_token_0001"", ""31850_token_0002"", ""41024_token_0001"", ""213664_token_0000"", ""212311_token_0000"", ""200586_token_0000"", ""213206_token_0001"", ""31661_token_0001"", ""205342_token_0000"", ""31850_token_0000"", ""27606_token_0001"", ""27573_token_0001"", ""28276_token_0002""]"
211640_1,hybrid,Những loại nội tạng động vật nào được khuyến cáo nên hạn chế để tránh tăng axit uric và hại thận?,211640,True,"[""211640""]",6622.12,1.0,1.0,1.0,1.0,1.0,1.0,1.0,1.0,"[""211640""]","[""211640"", ""205401"", ""28856"", ""28348"", ""212002"", ""27606"", ""27887"", ""212000"", ""206710"", ""31850"", ""31222"", ""31108"", ""30177"", ""34624"", ""28276"", ""212113"", ""29758"", ""207094"", ""203132"", ""206539"", ""206769"", ""211636"", ""208214"", ""26527"", ""216030"", ""29175"", ""100253"", ""34489"", ""212118"", ""213430"", ""29021"", ""114265"", ""211823"", ""28878""]","[""211640_token_0000"", ""211640_token_0001"", ""205401_token_0000"", ""28856_token_0000"", ""205401_token_0001"", ""28348_token_0001"", ""212002_token_0001"", ""27606_token_0002"", ""28348_token_0002"", ""28856_token_0001"", ""27887_token_0002"", ""212000_token_0001"", ""206710_token_0000"", ""27606_token_0000"", ""31850_token_0002"", ""27606_token_0001"", ""31222_token_0002"", ""205401_token_0002"", ""31222_token_0001"", ""31108_token_0002"", ""30177_token_0000"", ""31108_token_0001"", ""34624_token_0001"", ""27887_token_0000"", ""30177_token_0001"", ""28276_token_0000"", ""212113_token_0000"", ""29758_token_0002"", ""207094_token_0001"", ""28276_token_0001"", ""203132_token_0002"", ""206539_token_0001"", ""206769_token_0001"", ""211636_token_0001"", ""29758_token_0003"", ""208214_token_0000"", ""26527_token_0001"", ""216030_token_0000"", ""29758_token_0001"", ""27887_token_0001"", ""29175_token_0001"", ""100253_token_0003"", ""34489_token_0000"", ""212118_token_0000"", ""31108_token_0003"", ""213430_token_0001"", ""29021_token_0001"", ""114265_token_0000"", ""211823_token_0001"", ""28878_token_0002""]"
211640_2,bm25,Quan niệm cho rằng thịt dê là thủ phạm duy nhất gây tăng axit uric thực chất sai ở điểm nào?,211640,True,"[""211640""]",177.1325,1.0,1.0,1.0,1.0,1.0,1.0,1.0,1.0,"[""211640""]","[""211640"", ""155705"", ""177219"", ""27606"", ""71468"", ""102567"", ""210159"", ""27454"", ""31661"", ""98585"", ""212113"", ""65739"", ""65764"", ""210597"", ""116180"", ""31222"", ""205100"", ""43524"", ""29648"", ""81528"", ""14867"", ""28844"", ""211884"", ""28587"", ""215956"", ""27887"", ""164773"", ""179767"", ""77373"", ""29406"", ""160043"", ""33761"", ""7950"", ""257290"", ""11741"", ""216138"", ""75382"", ""6171"", ""27567"", ""105167""]","[""211640_token_0000"", ""211640_token_0001"", ""155705_token_0000"", ""155705_token_0001"", ""177219_token_0000"", ""27606_token_0000"", ""71468_token_0000"", ""102567_token_0004"", ""210159_token_0000"", ""27454_token_0000"", ""31661_token_0000"", ""98585_token_0000"", ""212113_token_0001"", ""65739_token_0003"", ""65764_token_0000"", ""210597_token_0003"", ""116180_token_0001"", ""31222_token_0001"", ""65739_token_0002"", ""205100_token_0001"", ""65764_token_0001"", ""43524_token_0003"", ""29648_token_0001"", ""81528_token_0000"", ""14867_token_0001"", ""28844_token_0000"", ""211884_token_0000"", ""28587_token_0000"", ""215956_token_0001"", ""27606_token_0002"", ""65739_token_0000"", ""27887_token_0002"", ""215956_token_0000"", ""164773_token_0001"", ""179767_token_0002"", ""43524_token_0000"", ""77373_token_0000"", ""29406_token_0000"", ""160043_token_0001"", ""43524_token_0002"", ""33761_token_0000"", ""160043_token_0000"", ""7950_token_0002"", ""257290_token_0000"", ""11741_token_0000"", ""216138_token_0001"", ""75382_token_0001"", ""6171_token_0000"", ""27567_token_0001"", ""105167_token_0000""]"
211640_2,dense,Quan niệm cho rằng thịt dê là thủ phạm duy nhất gây tăng axit uric thực chất sai ở điểm nào?,211640,True,"[""211640""]",6270.9803,1.0,1.0,1.0,1.0,1.0,1.0,1.0,1.0,"[""211640""]","[""211640"", ""212311"", ""212000"", ""100253"", ""212113"", ""213415"", ""27606"", ""206769"", ""28348"", ""30970"", ""29406"", ""28587"", ""43755"", ""28878"", ""31990"", ""27573"", ""206710"", ""28856"", ""27454"", ""212921"", ""105167"", ""213206"", ""30901"", ""19882"", ""210597"", ""96976"", ""205401"", ""115249"", ""117438"", ""27908"", ""261818"", ""211588"", ""28670"", ""30177"", ""18345"", ""212777""]","[""211640_token_0000"", ""211640_token_0001"", ""212311_token_0000"", ""212000_token_0001"", ""100253_token_0003"", ""212113_token_0000"", ""212000_token_0000"", ""213415_token_0000"", ""27606_token_0000"", ""206769_token_0001"", ""28348_token_0001"", ""30970_token_0001"", ""29406_token_0000"", ""28587_token_0000"", ""43755_token_0003"", ""28878_token_0001"", ""28587_token_0001"", ""27606_token_0002"", ""28878_token_0002"", ""27606_token_0001"", ""43755_token_0002"", ""31990_token_0000"", ""27573_token_0001"", ""206710_token_0000"", ""212311_token_0001"", ""28856_token_0000"", ""27454_token_0001"", ""212921_token_0000"", ""28878_token_0000"", ""105167_token_0003"", ""213206_token_0001"", ""43755_token_0000"", ""43755_token_0001"", ""30901_token_0000"", ""19882_token_0000"", ""210597_token_0003"", ""212113_token_0001"", ""96976_token_0002"", ""205401_token_0001"", ""115249_token_0001"", ""117438_token_0002"", ""27908_token_0000"", ""29406_token_0003"", ""261818_token_0000"", ""211588_token_0000"", ""28670_token_0001"", ""213415_token_0001"", ""30177_token_0000"", ""18345_token_0000"", ""212777_token_0000""]"
211640_2,hybrid,Quan niệm cho rằng thịt dê là thủ phạm duy nhất gây tăng axit uric thực chất sai ở điểm nào?,211640,True,"[""211640""]",6421.932,1.0,1.0,1.0,1.0,1.0,1.0,1.0,1.0,"[""211640""]","[""211640"", ""27606"", ""28587"", ""212113"", ""29406"", ""210597"", ""155705"", ""212311"", ""212000"", ""100253"", ""177219"", ""71468"", ""102567"", ""213415"", ""210159"", ""206769"", ""27454"", ""28348"", ""31661"", ""30970"", ""98585"", ""65739"", ""43755"", ""65764"", ""28878"", ""116180"", ""31222"", ""205100"", ""31990"", ""43524"", ""27573"", ""29648"", ""206710"", ""81528"", ""14867"", ""28844"", ""28856"", ""211884""]","[""211640_token_0000"", ""211640_token_0001"", ""27606_token_0000"", ""28587_token_0000"", ""212113_token_0001"", ""27606_token_0002"", ""29406_token_0000"", ""210597_token_0003"", ""155705_token_0000"", ""212311_token_0000"", ""155705_token_0001"", ""212000_token_0001"", ""100253_token_0003"", ""177219_token_0000"", ""212113_token_0000"", ""212000_token_0000"", ""71468_token_0000"", ""102567_token_0004"", ""213415_token_0000"", ""210159_token_0000"", ""206769_token_0001"", ""27454_token_0000"", ""28348_token_0001"", ""31661_token_0000"", ""30970_token_0001"", ""98585_token_0000"", ""65739_token_0003"", ""43755_token_0003"", ""65764_token_0000"", ""28878_token_0001"", ""116180_token_0001"", ""28587_token_0001"", ""31222_token_0001"", ""28878_token_0002"", ""65739_token_0002"", ""205100_token_0001"", ""27606_token_0001"", ""43755_token_0002"", ""65764_token_0001"", ""31990_token_0000"", ""43524_token_0003"", ""27573_token_0001"", ""29648_token_0001"", ""206710_token_0000"", ""81528_token_0000"", ""14867_token_0001"", ""212311_token_0001"", ""28844_token_0000"", ""28856_token_0000"", ""211884_token_0000""]"
211640_3,bm25,Tại sao nước dùng hầm xương hoặc nước lẩu lại có thể gây hại cho thận?,211640,True,"[""211640""]",156.8747,1.0,1.0,1.0,1.0,1.0,1.0,1.0,1.0,"[""211640""]","[""211640"", ""212002"", ""211823"", ""207094"", ""261904"", ""213477"", ""212841"", ""212000"", ""209766"", ""212468"", ""261551"", ""27606"", ""155184"", ""155494"", ""27887"", ""213715"", ""28856"", ""76465"", ""261685"", ""212113"", ""31990"", ""29758"", ""205401"", ""27057"", ""199675"", ""29406"", ""117558"", ""16896"", ""31850"", ""251924"", ""29175"", ""42779"", ""212798"", ""156012"", ""213664""]","[""211640_token_0000"", ""211640_token_0001"", ""212002_token_0000"", ""212002_token_0001"", ""211823_token_0000"", ""207094_token_0000"", ""261904_token_0000"", ""213477_token_0000"", ""212841_token_0000"", ""212000_token_0001"", ""209766_token_0001"", ""212468_token_0000"", ""261551_token_0000"", ""27606_token_0001"", ""155184_token_0001"", ""155494_token_0000"", ""27887_token_0002"", ""27887_token_0003"", ""155184_token_0000"", ""261551_token_0001"", ""27887_token_0000"", ""213715_token_0000"", ""28856_token_0001"", ""76465_token_0000"", ""27606_token_0000"", ""261685_token_0000"", ""212113_token_0000"", ""213477_token_0001"", ""31990_token_0000"", ""29758_token_0000"", ""207094_token_0001"", ""205401_token_0000"", ""27057_token_0001"", ""199675_token_0000"", ""29406_token_0002"", ""261685_token_0001"", ""117558_token_0000"", ""16896_token_0002"", ""212468_token_0001"", ""27057_token_0000"", ""31850_token_0001"", ""29758_token_0001"", ""251924_token_0000"", ""29175_token_0001"", ""42779_token_0004"", ""27887_token_0001"", ""212798_token_0001"", ""156012_token_0001"", ""28856_token_0000"", ""213664_token_0000""]"
211640_3,dense,Tại sao nước dùng hầm xương hoặc nước lẩu lại có thể gây hại cho thận?,211640,True,"[""211640""]",6314.8532,0.0,0.0,1.0,1.0,1.0,1.0,0.5,0.6309297535714575,"[""211640""]","[""212002"", ""211640"", ""213477"", ""212000"", ""28856"", ""207094"", ""29383"", ""31990"", ""31222"", ""31850"", ""29406"", ""210207"", ""212841"", ""29021"", ""213664"", ""205401"", ""27887"", ""212422"", ""155184"", ""212113"", ""213715"", ""213079"", ""212311"", ""28348"", ""27606"", ""208036"", ""210261"", ""206732"", ""208054"", ""100253"", ""30177"", ""211565""]","[""212002_token_0001"", ""211640_token_0000"", ""212002_token_0000"", ""213477_token_0001"", ""213477_token_0000"", ""211640_token_0001"", ""212000_token_0001"", ""28856_token_0000"", ""207094_token_0000"", ""207094_token_0001"", ""29383_token_0000"", ""31990_token_0000"", ""31222_token_0001"", ""31850_token_0002"", ""29406_token_0001"", ""31850_token_0000"", ""29383_token_0001"", ""210207_token_0001"", ""212841_token_0000"", ""29021_token_0000"", ""213664_token_0000"", ""28856_token_0001"", ""205401_token_0001"", ""27887_token_0003"", ""212422_token_0000"", ""31222_token_0002"", ""27887_token_0000"", ""29406_token_0000"", ""155184_token_0001"", ""212113_token_0000"", ""213715_token_0001"", ""27887_token_0001"", ""213079_token_0001"", ""212311_token_0000"", ""28348_token_0001"", ""27606_token_0001"", ""208036_token_0000"", ""210261_token_0000"", ""27887_token_0002"", ""213715_token_0000"", ""206732_token_0000"", ""208054_token_0000"", ""31850_token_0001"", ""212113_token_0001"", ""29383_token_0002"", ""100253_token_0003"", ""31222_token_0000"", ""27606_token_0002"", ""30177_token_0000"", ""211565_token_0000""]"
211640_3,hybrid,Tại sao nước dùng hầm xương hoặc nước lẩu lại có thể gây hại cho thận?,211640,True,"[""211640""]",6430.1965,1.0,1.0,1.0,1.0,1.0,1.0,1.0,1.0,"[""211640""]","[""211640"", ""212002"", ""213477"", ""207094"", ""212000"", ""212841"", ""31990"", ""27887"", ""155184"", ""28856"", ""27606"", ""212113"", ""213715"", ""213664"", ""31850"", ""211823"", ""261904"", ""209766"", ""29383"", ""212468"", ""261551"", ""31222"", ""29406"", ""155494"", ""210207"", ""29021"", ""205401"", ""76465"", ""212422"", ""261685"", ""29758"", ""213079""]","[""211640_token_0000"", ""212002_token_0001"", ""212002_token_0000"", ""211640_token_0001"", ""213477_token_0000"", ""207094_token_0000"", ""212000_token_0001"", ""212841_token_0000"", ""213477_token_0001"", ""207094_token_0001"", ""31990_token_0000"", ""27887_token_0003"", ""155184_token_0001"", ""28856_token_0001"", ""27606_token_0001"", ""28856_token_0000"", ""27887_token_0000"", ""27887_token_0002"", ""212113_token_0000"", ""213715_token_0000"", ""213664_token_0000"", ""27887_token_0001"", ""31850_token_0001"", ""211823_token_0000"", ""261904_token_0000"", ""209766_token_0001"", ""29383_token_0000"", ""212468_token_0000"", ""261551_token_0000"", ""31222_token_0001"", ""31850_token_0002"", ""29406_token_0001"", ""155494_token_0000"", ""31850_token_0000"", ""29383_token_0001"", ""210207_token_0001"", ""155184_token_0000"", ""261551_token_0001"", ""29021_token_0000"", ""205401_token_0001"", ""76465_token_0000"", ""212422_token_0000"", ""27606_token_0000"", ""261685_token_0000"", ""31222_token_0002"", ""29406_token_0000"", ""29758_token_0000"", ""213715_token_0001"", ""205401_token_0000"", ""213079_token_0001""]"
211640_4,bm25,Hàm lượng purin trong cá nhỏ và nội tạng động vật khác biệt ra sao so với thịt đỏ thông thường?,211640,True,"[""211640""]",172.1417,1.0,1.0,1.0,1.0,1.0,1.0,1.0,1.0,"[""211640""]","[""211640"", ""212311"", ""212000"", ""67949"", ""215378"", ""28344"", ""28348"", ""30810"", ""200586"", ""212113"", ""28856"", ""31990"", ""205401"", ""206539"", ""26527"", ""260099"", ""156019"", ""212336"", ""117733"", ""261685"", ""31776"", ""31222"", ""212118"", ""201810"", ""65739"", ""215649"", ""28587"", ""68365"", ""71468"", ""261680"", ""261818"", ""68639"", ""33500"", ""65896"", ""212798"", ""27573"", ""155523"", ""34624"", ""155703"", ""116385"", ""212002"", ""67864"", ""116630"", ""28276""]","[""211640_token_0000"", ""211640_token_0001"", ""212311_token_0000"", ""212000_token_0000"", ""67949_token_0000"", ""215378_token_0001"", ""28344_token_0001"", ""28348_token_0001"", ""30810_token_0000"", ""200586_token_0001"", ""212113_token_0000"", ""212000_token_0001"", ""28856_token_0000"", ""31990_token_0000"", ""205401_token_0000"", ""206539_token_0001"", ""26527_token_0001"", ""260099_token_0004"", ""156019_token_0000"", ""212336_token_0000"", ""117733_token_0000"", ""261685_token_0000"", ""31776_token_0002"", ""212113_token_0001"", ""31222_token_0002"", ""212118_token_0000"", ""156019_token_0001"", ""201810_token_0001"", ""65739_token_0003"", ""215649_token_0000"", ""28587_token_0001"", ""68365_token_0000"", ""71468_token_0000"", ""261680_token_0000"", ""261680_token_0001"", ""261818_token_0000"", ""68639_token_0000"", ""33500_token_0000"", ""65896_token_0000"", ""212798_token_0000"", ""27573_token_0002"", ""155523_token_0000"", ""34624_token_0000"", ""155703_token_0000"", ""116385_token_0000"", ""212002_token_0001"", ""65896_token_0001"", ""67864_token_0000"", ""116630_token_0002"", ""28276_token_0001""]"
211640_4,dense,Hàm lượng purin trong cá nhỏ và nội tạng động vật khác biệt ra sao so với thịt đỏ thông thường?,211640,True,"[""211640""]",6360.7345,1.0,1.0,1.0,1.0,1.0,1.0,1.0,1.0,"[""211640""]","[""211640"", ""28348"", ""212000"", ""205401"", ""261818"", ""26527"", ""212311"", ""212113"", ""100253"", ""200586"", ""28856"", ""30177"", ""43755"", ""30901"", ""212002"", ""28587"", ""201810"", ""100947"", ""207751"", ""28878"", ""212422"", ""31150"", ""99658"", ""35220"", ""210261"", ""71468"", ""115249"", ""237900"", ""27606"", ""155285"", ""212336"", ""27567"", ""106547"", ""67949"", ""209549""]","[""211640_token_0001"", ""211640_token_0000"", ""28348_token_0001"", ""212000_token_0001"", ""205401_token_0001"", ""212000_token_0000"", ""261818_token_0000"", ""205401_token_0000"", ""26527_token_0001"", ""212311_token_0000"", ""212113_token_0000"", ""100253_token_0003"", ""200586_token_0000"", ""28856_token_0000"", ""30177_token_0000"", ""43755_token_0002"", ""30901_token_0001"", ""205401_token_0002"", ""212002_token_0000"", ""28587_token_0000"", ""201810_token_0000"", ""201810_token_0002"", ""100947_token_0001"", ""207751_token_0000"", ""28878_token_0002"", ""200586_token_0001"", ""212422_token_0000"", ""31150_token_0002"", ""99658_token_0000"", ""35220_token_0001"", ""210261_token_0000"", ""28587_token_0001"", ""43755_token_0000"", ""43755_token_0003"", ""71468_token_0000"", ""115249_token_0001"", ""237900_token_0000"", ""212113_token_0001"", ""27606_token_0002"", ""155285_token_0000"", ""212336_token_0000"", ""201810_token_0001"", ""28878_token_0001"", ""155285_token_0001"", ""27567_token_0001"", ""106547_token_0001"", ""30901_token_0000"", ""67949_token_0000"", ""209549_token_0000"", ""212002_token_0001""]"
211640_4,hybrid,Hàm lượng purin trong cá nhỏ và nội tạng động vật khác biệt ra sao so với thịt đỏ thông thường?,211640,True,"[""211640""]",6656.4115,1.0,1.0,1.0,1.0,1.0,1.0,1.0,1.0,"[""211640""]","[""211640"", ""212000"", ""28348"", ""212311"", ""212113"", ""205401"", ""26527"", ""28856"", ""200586"", ""261818"", ""67949"", ""212336"", ""28587"", ""71468"", ""201810"", ""212002"", ""215378"", ""28344"", ""30810"", ""100253"", ""31990"", ""30177"", ""206539"", ""43755"", ""30901"", ""260099"", ""156019"", ""117733"", ""261685"", ""100947"", ""31776"", ""207751"", ""28878"", ""31222"", ""212118"", ""212422"", ""31150"", ""65739"", ""99658""]","[""211640_token_0000"", ""211640_token_0001"", ""212000_token_0000"", ""28348_token_0001"", ""212311_token_0000"", ""212000_token_0001"", ""212113_token_0000"", ""205401_token_0000"", ""26527_token_0001"", ""28856_token_0000"", ""200586_token_0001"", ""261818_token_0000"", ""67949_token_0000"", ""212336_token_0000"", ""212113_token_0001"", ""28587_token_0001"", ""71468_token_0000"", ""201810_token_0001"", ""212002_token_0001"", ""205401_token_0001"", ""215378_token_0001"", ""28344_token_0001"", ""30810_token_0000"", ""100253_token_0003"", ""200586_token_0000"", ""31990_token_0000"", ""30177_token_0000"", ""206539_token_0001"", ""43755_token_0002"", ""30901_token_0001"", ""205401_token_0002"", ""260099_token_0004"", ""156019_token_0000"", ""212002_token_0000"", ""28587_token_0000"", ""117733_token_0000"", ""201810_token_0000"", ""201810_token_0002"", ""261685_token_0000"", ""100947_token_0001"", ""31776_token_0002"", ""207751_token_0000"", ""28878_token_0002"", ""31222_token_0002"", ""212118_token_0000"", ""156019_token_0001"", ""212422_token_0000"", ""31150_token_0002"", ""65739_token_0003"", ""99658_token_0000""]"
211640_5,bm25,Đúng hay sai: 'Chỉ cần bỏ thịt dê và chuyển sang ăn hải sản là có thể kiểm soát tốt axit uric'?,211640,True,"[""211640""]",210.4456,1.0,1.0,1.0,1.0,1.0,1.0,1.0,1.0,"[""211640""]","[""211640"", ""211884"", ""31222"", ""71468"", ""116180"", ""155705"", ""31150"", ""155953"", ""212113"", ""213066"", ""18318"", ""65764"", ""16890"", ""29107"", ""27606"", ""205100"", ""75537"", ""76465"", ""27454"", ""14523"", ""211777"", ""160043"", ""30244"", ""77535"", ""156099"", ""75625"", ""71595"", ""212336"", ""212798"", ""41087"", ""11992"", ""28856"", ""156224"", ""31661"", ""23558"", ""66051"", ""176549"", ""98585"", ""156019""]","[""211640_token_0000"", ""211640_token_0001"", ""211884_token_0000"", ""31222_token_0001"", ""71468_token_0000"", ""116180_token_0000"", ""155705_token_0000"", ""31150_token_0000"", ""155953_token_0003"", ""212113_token_0001"", ""155705_token_0001"", ""213066_token_0001"", ""18318_token_0000"", ""65764_token_0000"", ""16890_token_0000"", ""29107_token_0000"", ""116180_token_0001"", ""27606_token_0002"", ""205100_token_0001"", ""212113_token_0000"", ""75537_token_0001"", ""76465_token_0000"", ""27454_token_0000"", ""27454_token_0001"", ""14523_token_0001"", ""211777_token_0000"", ""27606_token_0000"", ""18318_token_0001"", ""160043_token_0003"", ""30244_token_0000"", ""77535_token_0000"", ""156099_token_0000"", ""75625_token_0001"", ""71595_token_0000"", ""211884_token_0001"", ""156099_token_0002"", ""212336_token_0001"", ""212798_token_0001"", ""41087_token_0001"", ""11992_token_0001"", ""28856_token_0000"", ""156224_token_0000"", ""31661_token_0000"", ""18318_token_0002"", ""23558_token_0007"", ""66051_token_0000"", ""176549_token_0001"", ""98585_token_0001"", ""156019_token_0000"", ""76465_token_0001""]"
211640_5,dense,Đúng hay sai: 'Chỉ cần bỏ thịt dê và chuyển sang ăn hải sản là có thể kiểm soát tốt axit uric'?,211640,True,"[""211640""]",6274.0472,1.0,1.0,1.0,1.0,1.0,1.0,1.0,1.0,"[""211640""]","[""211640"", ""27606"", ""212000"", ""28856"", ""206769"", ""100253"", ""30970"", ""28348"", ""212311"", ""30901"", ""211588"", ""27573"", ""212113"", ""213206"", ""206539"", ""207739"", ""28587"", ""29406"", ""29107"", ""30638"", ""29758"", ""208531"", ""29116"", ""28878"", ""94699"", ""31150"", ""43061"", ""210207"", ""30409"", ""134457"", ""30412"", ""213415"", ""30177"", ""115249"", ""208983"", ""27567"", ""43755"", ""27887"", ""29961""]","[""211640_token_0000"", ""211640_token_0001"", ""27606_token_0000"", ""212000_token_0001"", ""28856_token_0000"", ""206769_token_0001"", ""100253_token_0003"", ""27606_token_0002"", ""30970_token_0001"", ""28348_token_0001"", ""212311_token_0000"", ""27606_token_0001"", ""30901_token_0000"", ""211588_token_0000"", ""27573_token_0001"", ""212113_token_0000"", ""213206_token_0001"", ""206769_token_0000"", ""206539_token_0001"", ""212000_token_0000"", ""207739_token_0001"", ""28587_token_0001"", ""29406_token_0000"", ""30901_token_0001"", ""29107_token_0000"", ""28587_token_0000"", ""207739_token_0000"", ""30638_token_0001"", ""29758_token_0003"", ""208531_token_0000"", ""29116_token_0002"", ""28878_token_0001"", ""94699_token_0000"", ""31150_token_0002"", ""43061_token_0003"", ""210207_token_0000"", ""31150_token_0001"", ""30409_token_0000"", ""134457_token_0001"", ""30412_token_0001"", ""213415_token_0000"", ""28856_token_0001"", ""30177_token_0000"", ""115249_token_0001"", ""208983_token_0001"", ""210207_token_0001"", ""27567_token_0001"", ""43755_token_0002"", ""27887_token_0002"", ""29961_token_0000""]"
211640_5,hybrid,Đúng hay sai: 'Chỉ cần bỏ thịt dê và chuyển sang ăn hải sản là có thể kiểm soát tốt axit uric'?,211640,True,"[""211640""]",6436.6854,1.0,1.0,1.0,1.0,1.0,1.0,1.0,1.0,"[""211640""]","[""211640"", ""27606"", ""212113"", ""28856"", ""29107"", ""211884"", ""212000"", ""31222"", ""71468"", ""116180"", ""206769"", ""100253"", ""155705"", ""31150"", ""155953"", ""30970"", ""28348"", ""212311"", ""213066"", ""18318"", ""30901"", ""211588"", ""65764"", ""16890"", ""27573"", ""213206"", ""205100"", ""206539"", ""207739"", ""75537"", ""28587"", ""76465"", ""27454"", ""29406"", ""14523"", ""211777"", ""30638""]","[""211640_token_0000"", ""211640_token_0001"", ""27606_token_0002"", ""27606_token_0000"", ""212113_token_0000"", ""28856_token_0000"", ""29107_token_0000"", ""211884_token_0000"", ""212000_token_0001"", ""31222_token_0001"", ""71468_token_0000"", ""116180_token_0000"", ""206769_token_0001"", ""100253_token_0003"", ""155705_token_0000"", ""31150_token_0000"", ""155953_token_0003"", ""30970_token_0001"", ""212113_token_0001"", ""28348_token_0001"", ""155705_token_0001"", ""212311_token_0000"", ""213066_token_0001"", ""27606_token_0001"", ""18318_token_0000"", ""30901_token_0000"", ""211588_token_0000"", ""65764_token_0000"", ""16890_token_0000"", ""27573_token_0001"", ""116180_token_0001"", ""213206_token_0001"", ""206769_token_0000"", ""205100_token_0001"", ""206539_token_0001"", ""212000_token_0000"", ""207739_token_0001"", ""75537_token_0001"", ""28587_token_0001"", ""76465_token_0000"", ""27454_token_0000"", ""29406_token_0000"", ""27454_token_0001"", ""30901_token_0001"", ""14523_token_0001"", ""211777_token_0000"", ""28587_token_0000"", ""207739_token_0000"", ""18318_token_0001"", ""30638_token_0001""]"
152685_1,bm25,Doanh nghiệp nào trúng đấu giá thuê khu đất ven sông Hương tại TP. Huế?,152685,True,"[""152685""]",153.9867,1.0,1.0,1.0,1.0,1.0,1.0,1.0,1.0,"[""152685""]","[""152685"", ""137207"", ""152271"", ""138777"", ""152772"", ""131993"", ""192784"", ""139918"", ""152511"", ""152681"", ""153233"", ""151748"", ""152876"", ""153214"", ""163678"", ""151597"", ""2235"", ""153171"", ""43901"", ""100210"", ""151471"", ""151463"", ""153085"", ""149048"", ""152626"", ""213"", ""191602"", ""151718"", ""152742"", ""247055"", ""151039"", ""153325"", ""148770"", ""151374"", ""154952"", ""153138"", ""1204"", ""148924"", ""22727""]","[""152685_token_0000"", ""137207_token_0000"", ""152271_token_0000"", ""138777_token_0000"", ""152772_token_0000"", ""131993_token_0000"", ""138777_token_0001"", ""192784_token_0000"", ""139918_token_0000"", ""137207_token_0001"", ""152511_token_0001"", ""152681_token_0000"", ""153233_token_0001"", ""151748_token_0000"", ""152876_token_0000"", ""153233_token_0000"", ""153214_token_0000"", ""163678_token_0000"", ""151597_token_0000"", ""139918_token_0001"", ""2235_token_0002"", ""153171_token_0000"", ""152511_token_0000"", ""43901_token_0000"", ""100210_token_0002"", ""151471_token_0000"", ""151748_token_0001"", ""151463_token_0000"", ""153085_token_0000"", ""149048_token_0000"", ""152626_token_0000"", ""213_token_0001"", ""191602_token_0001"", ""151718_token_0000"", ""152742_token_0000"", ""213_token_0002"", ""247055_token_0000"", ""151039_token_0001"", ""153325_token_0000"", ""148770_token_0000"", ""151374_token_0001"", ""154952_token_0000"", ""213_token_0000"", ""153138_token_0000"", ""1204_token_0000"", ""148924_token_0000"", ""151039_token_0000"", ""151463_token_0001"", ""22727_token_0000"", ""151471_token_0001""]"
152685_1,dense,Doanh nghiệp nào trúng đấu giá thuê khu đất ven sông Hương tại TP. Huế?,152685,True,"[""152685""]",6312.429,1.0,1.0,1.0,1.0,1.0,1.0,1.0,1.0,"[""152685""]","[""152685"", ""192784"", ""153085"", ""138777"", ""151748"", ""152626"", ""20046"", ""151718"", ""193975"", ""152511"", ""149048"", ""151471"", ""191602"", ""254233"", ""150338"", ""194477"", ""149267"", ""133437"", ""27302"", ""21823"", ""139511"", ""152681"", ""218"", ""437"", ""153233"", ""149616"", ""195486"", ""137227"", ""107472"", ""23592"", ""140734"", ""197127"", ""151621"", ""341"", ""238019"", ""195474"", ""528"", ""43358"", ""21388"", ""20089"", ""22222""]","[""152685_token_0000"", ""192784_token_0000"", ""153085_token_0000"", ""138777_token_0000"", ""151748_token_0000"", ""152626_token_0000"", ""20046_token_0001"", ""151718_token_0000"", ""193975_token_0001"", ""152511_token_0000"", ""149048_token_0000"", ""151471_token_0000"", ""191602_token_0001"", ""254233_token_0001"", ""150338_token_0000"", ""194477_token_0001"", ""254233_token_0000"", ""151718_token_0001"", ""149267_token_0000"", ""152626_token_0001"", ""133437_token_0001"", ""149267_token_0001"", ""138777_token_0001"", ""27302_token_0000"", ""151748_token_0001"", ""152511_token_0001"", ""194477_token_0000"", ""21823_token_0002"", ""139511_token_0000"", ""150338_token_0001"", ""152681_token_0000"", ""218_token_0000"", ""437_token_0000"", ""153233_token_0001"", ""149616_token_0000"", ""195486_token_0000"", ""137227_token_0001"", ""107472_token_0000"", ""23592_token_0000"", ""140734_token_0000"", ""197127_token_0001"", ""151621_token_0000"", ""341_token_0001"", ""238019_token_0000"", ""195474_token_0000"", ""528_token_0001"", ""43358_token_0001"", ""21388_token_0002"", ""20089_token_0001"", ""22222_token_0001""]"
152685_1,hybrid,Doanh nghiệp nào trúng đấu giá thuê khu đất ven sông Hương tại TP. Huế?,152685,True,"[""152685""]",6916.6186,1.0,1.0,1.0,1.0,1.0,1.0,1.0,1.0,"[""152685""]","[""152685"", ""138777"", ""192784"", ""151748"", ""153085"", ""152511"", ""152626"", ""151471"", ""151718"", ""149048"", ""152681"", ""191602"", ""153233"", ""137207"", ""152271"", ""152772"", ""131993"", ""20046"", ""139918"", ""193975"", ""254233"", ""150338"", ""152876"", ""194477"", ""153214"", ""163678"", ""149267"", ""151597"", ""133437"", ""2235"", ""153171"", ""27302"", ""43901"", ""100210"", ""151463"", ""21823"", ""139511"", ""213""]","[""152685_token_0000"", ""138777_token_0000"", ""192784_token_0000"", ""151748_token_0000"", ""153085_token_0000"", ""138777_token_0001"", ""152511_token_0000"", ""152626_token_0000"", ""152511_token_0001"", ""151471_token_0000"", ""151718_token_0000"", ""149048_token_0000"", ""152681_token_0000"", ""191602_token_0001"", ""153233_token_0001"", ""151748_token_0001"", ""137207_token_0000"", ""152271_token_0000"", ""152772_token_0000"", ""131993_token_0000"", ""20046_token_0001"", ""139918_token_0000"", ""193975_token_0001"", ""137207_token_0001"", ""254233_token_0001"", ""150338_token_0000"", ""152876_token_0000"", ""153233_token_0000"", ""194477_token_0001"", ""153214_token_0000"", ""254233_token_0000"", ""151718_token_0001"", ""163678_token_0000"", ""149267_token_0000"", ""151597_token_0000"", ""139918_token_0001"", ""152626_token_0001"", ""133437_token_0001"", ""2235_token_0002"", ""149267_token_0001"", ""153171_token_0000"", ""27302_token_0000"", ""43901_token_0000"", ""100210_token_0002"", ""194477_token_0000"", ""151463_token_0000"", ""21823_token_0002"", ""139511_token_0000"", ""150338_token_0001"", ""213_token_0001""]"
152685_2,bm25,Cuộc đấu giá cho thuê khu đất số 5 Lê Lợi ven sông Hương diễn ra với kết quả như thế nào?,152685,True,"[""152685""]",183.3765,1.0,1.0,1.0,1.0,1.0,1.0,1.0,1.0,"[""152685""]","[""152685"", ""138777"", ""152271"", ""213"", ""152511"", ""151748"", ""137207"", ""238019"", ""148647"", ""45532"", ""756"", ""151039"", ""100210"", ""244265"", ""152742"", ""148770"", ""203200"", ""152876"", ""81101"", ""151718"", ""153138"", ""163393"", ""151471"", ""151597"", ""149048"", ""149561"", ""152772"", ""152492"", ""133437"", ""196499"", ""42721"", ""153233"", ""134527"", ""153214"", ""153085"", ""1204"", ""152681"", ""43901"", ""153096"", ""153171"", ""148559"", ""197692"", ""106977""]","[""152685_token_0000"", ""138777_token_0000"", ""152271_token_0000"", ""138777_token_0001"", ""213_token_0001"", ""152511_token_0001"", ""151748_token_0000"", ""137207_token_0000"", ""238019_token_0000"", ""148647_token_0000"", ""45532_token_0002"", ""756_token_0000"", ""151039_token_0001"", ""100210_token_0002"", ""244265_token_0000"", ""152742_token_0000"", ""148770_token_0000"", ""203200_token_0001"", ""152876_token_0000"", ""213_token_0000"", ""81101_token_0000"", ""151718_token_0000"", ""153138_token_0000"", ""163393_token_0000"", ""151471_token_0000"", ""151597_token_0000"", ""149048_token_0000"", ""149561_token_0000"", ""152772_token_0000"", ""152492_token_0000"", ""133437_token_0001"", ""203200_token_0000"", ""148647_token_0001"", ""196499_token_0005"", ""42721_token_0000"", ""153233_token_0001"", ""134527_token_0000"", ""153214_token_0000"", ""151039_token_0000"", ""153085_token_0000"", ""152511_token_0000"", ""1204_token_0000"", ""213_token_0002"", ""152681_token_0000"", ""43901_token_0000"", ""153096_token_0000"", ""153171_token_0000"", ""148559_token_0000"", ""197692_token_0000"", ""106977_token_0000""]"
152685_2,dense,Cuộc đấu giá cho thuê khu đất số 5 Lê Lợi ven sông Hương diễn ra với kết quả như thế nào?,152685,True,"[""152685""]",6268.1363,1.0,1.0,1.0,1.0,1.0,1.0,1.0,1.0,"[""152685""]","[""152685"", ""153085"", ""254233"", ""151471"", ""254223"", ""152511"", ""191602"", ""151084"", ""254218"", ""151337"", ""152653"", ""153171"", ""238019"", ""341"", ""153233"", ""151718"", ""27302"", ""244265"", ""152772"", ""69089"", ""254016"", ""151748"", ""153138"", ""197579"", ""138777"", ""25996"", ""254201"", ""69356"", ""151365"", ""252543"", ""149504"", ""152681"", ""194477"", ""430"", ""153096"", ""194341"", ""69034"", ""136766"", ""152271"", ""193975"", ""151939"", ""149048"", ""152492""]","[""152685_token_0000"", ""153085_token_0000"", ""254233_token_0000"", ""151471_token_0000"", ""254223_token_0000"", ""152511_token_0000"", ""191602_token_0001"", ""151084_token_0000"", ""254218_token_0000"", ""151337_token_0000"", ""152653_token_0000"", ""152511_token_0001"", ""153171_token_0000"", ""238019_token_0000"", ""341_token_0002"", ""153233_token_0001"", ""151718_token_0000"", ""254233_token_0001"", ""27302_token_0000"", ""244265_token_0000"", ""152772_token_0000"", ""69089_token_0000"", ""254016_token_0000"", ""151748_token_0000"", ""153138_token_0000"", ""197579_token_0000"", ""341_token_0001"", ""153233_token_0000"", ""151337_token_0002"", ""138777_token_0000"", ""25996_token_0000"", ""254201_token_0000"", ""69356_token_0000"", ""151365_token_0000"", ""252543_token_0000"", ""149504_token_0000"", ""152681_token_0000"", ""194477_token_0000"", ""27302_token_0003"", ""430_token_0002"", ""153096_token_0000"", ""151084_token_0001"", ""194341_token_0001"", ""69034_token_0000"", ""136766_token_0004"", ""152271_token_0000"", ""193975_token_0001"", ""151939_token_0000"", ""149048_token_0000"", ""152492_token_0000""]"
152685_2,hybrid,Cuộc đấu giá cho thuê khu đất số 5 Lê Lợi ven sông Hương diễn ra với kết quả như thế nào?,152685,True,"[""152685""]",6453.8234,1.0,1.0,1.0,1.0,1.0,1.0,1.0,1.0,"[""152685""]","[""152685"", ""152511"", ""238019"", ""151471"", ""138777"", ""151748"", ""153085"", ""244265"", ""152271"", ""151718"", ""153138"", ""152772"", ""153233"", ""153171"", ""149048"", ""152492"", ""152681"", ""153096"", ""254233"", ""213"", ""254223"", ""191602"", ""137207"", ""151084"", ""254218"", ""148647"", ""151337"", ""152653"", ""45532"", ""756"", ""151039"", ""100210"", ""341"", ""152742"", ""148770"", ""203200"", ""152876"", ""27302"", ""81101"", ""69089"", ""254016"", ""163393"", ""151597"", ""197579"", ""149561""]","[""152685_token_0000"", ""152511_token_0001"", ""238019_token_0000"", ""151471_token_0000"", ""138777_token_0000"", ""151748_token_0000"", ""153085_token_0000"", ""244265_token_0000"", ""152271_token_0000"", ""151718_token_0000"", ""152511_token_0000"", ""153138_token_0000"", ""152772_token_0000"", ""153233_token_0001"", ""153171_token_0000"", ""149048_token_0000"", ""152492_token_0000"", ""152681_token_0000"", ""153096_token_0000"", ""254233_token_0000"", ""138777_token_0001"", ""213_token_0001"", ""254223_token_0000"", ""191602_token_0001"", ""137207_token_0000"", ""151084_token_0000"", ""254218_token_0000"", ""148647_token_0000"", ""151337_token_0000"", ""152653_token_0000"", ""45532_token_0002"", ""756_token_0000"", ""151039_token_0001"", ""100210_token_0002"", ""341_token_0002"", ""152742_token_0000"", ""148770_token_0000"", ""203200_token_0001"", ""254233_token_0001"", ""152876_token_0000"", ""27302_token_0000"", ""213_token_0000"", ""81101_token_0000"", ""69089_token_0000"", ""254016_token_0000"", ""163393_token_0000"", ""151597_token_0000"", ""197579_token_0000"", ""341_token_0001"", ""149561_token_0000""]"
152685_3,bm25,Vì sao dư luận bất ngờ khi biết danh tính doanh nghiệp trúng đấu giá khu đất ven sông Hương?,152685,True,"[""152685""]",160.9773,1.0,1.0,1.0,1.0,1.0,1.0,1.0,1.0,"[""152685""]","[""152685"", ""138777"", ""152772"", ""153214"", ""152271"", ""151748"", ""152681"", ""196499"", ""100210"", ""213"", ""152511"", ""153233"", ""137207"", ""148770"", ""151039"", ""254233"", ""151597"", ""22727"", ""152492"", ""151084"", ""153171"", ""254223"", ""239775"", ""1204"", ""151718"", ""254364"", ""254218"", ""43901"", ""132947"", ""148559"", ""153085"", ""151463"", ""151471"", ""138843"", ""152876"", ""260452"", ""254016"", ""191602"", ""69638"", ""134527"", ""68859"", ""152742"", ""153822"", ""253510"", ""153138""]","[""152685_token_0000"", ""138777_token_0000"", ""152772_token_0000"", ""138777_token_0001"", ""153214_token_0000"", ""152271_token_0000"", ""151748_token_0000"", ""152681_token_0000"", ""196499_token_0005"", ""100210_token_0002"", ""213_token_0002"", ""152511_token_0001"", ""153233_token_0001"", ""137207_token_0000"", ""148770_token_0000"", ""213_token_0001"", ""213_token_0000"", ""151039_token_0000"", ""254233_token_0001"", ""151597_token_0000"", ""22727_token_0001"", ""22727_token_0000"", ""152492_token_0000"", ""151084_token_0000"", ""153171_token_0000"", ""254223_token_0000"", ""151748_token_0001"", ""239775_token_0000"", ""1204_token_0000"", ""151718_token_0000"", ""254364_token_0000"", ""254218_token_0000"", ""43901_token_0000"", ""132947_token_0000"", ""148559_token_0001"", ""153085_token_0000"", ""151463_token_0000"", ""151471_token_0000"", ""138843_token_0000"", ""152876_token_0000"", ""260452_token_0000"", ""254016_token_0001"", ""191602_token_0001"", ""69638_token_0000"", ""134527_token_0000"", ""68859_token_0001"", ""152742_token_0000"", ""153822_token_0002"", ""253510_token_0000"", ""153138_token_0000""]"
152685_3,dense,Vì sao dư luận bất ngờ khi biết danh tính doanh nghiệp trúng đấu giá khu đất ven sông Hương?,152685,True,"[""152685""]",6314.7536,1.0,1.0,1.0,1.0,1.0,1.0,1.0,1.0,"[""152685""]","[""152685"", ""193975"", ""153085"", ""197127"", ""151748"", ""437"", ""139511"", ""20046"", ""152681"", ""556"", ""27302"", ""151621"", ""195386"", ""104504"", ""196166"", ""254233"", ""191602"", ""149267"", ""197406"", ""44035"", ""38813"", ""194280"", ""194477"", ""21216"", ""19915"", ""138777"", ""21115"", ""149230"", ""196189"", ""194541"", ""197579"", ""149048"", ""238019"", ""194341"", ""528"", ""24252"", ""106225"", ""152511"", ""21388"", ""151471""]","[""152685_token_0000"", ""193975_token_0001"", ""153085_token_0000"", ""197127_token_0001"", ""151748_token_0000"", ""437_token_0000"", ""139511_token_0000"", ""437_token_0001"", ""20046_token_0001"", ""152681_token_0000"", ""556_token_0001"", ""27302_token_0000"", ""151621_token_0000"", ""195386_token_0002"", ""104504_token_0000"", ""196166_token_0002"", ""254233_token_0000"", ""191602_token_0001"", ""149267_token_0001"", ""197406_token_0001"", ""44035_token_0000"", ""38813_token_0000"", ""194280_token_0001"", ""556_token_0000"", ""194477_token_0000"", ""21216_token_0001"", ""19915_token_0002"", ""138777_token_0000"", ""21115_token_0002"", ""152681_token_0001"", ""149230_token_0002"", ""196189_token_0000"", ""194541_token_0000"", ""193975_token_0002"", ""197579_token_0000"", ""149048_token_0000"", ""21115_token_0000"", ""194477_token_0001"", ""238019_token_0000"", ""194341_token_0001"", ""528_token_0001"", ""24252_token_0000"", ""151748_token_0001"", ""106225_token_0002"", ""194341_token_0000"", ""152511_token_0000"", ""21388_token_0002"", ""196189_token_0002"", ""21388_token_0001"", ""151471_token_0000""]"
152685_3,hybrid,Vì sao dư luận bất ngờ khi biết danh tính doanh nghiệp trúng đấu giá khu đất ven sông Hương?,152685,True,"[""152685""]",6383.8192,1.0,1.0,1.0,1.0,1.0,1.0,1.0,1.0,"[""152685""]","[""152685"", ""151748"", ""152681"", ""138777"", ""153085"", ""191602"", ""151471"", ""193975"", ""152772"", ""197127"", ""153214"", ""152271"", ""437"", ""139511"", ""196499"", ""20046"", ""100210"", ""213"", ""556"", ""152511"", ""27302"", ""151621"", ""153233"", ""137207"", ""195386"", ""104504"", ""148770"", ""196166"", ""254233"", ""151039"", ""149267"", ""151597"", ""197406"", ""22727"", ""44035"", ""38813"", ""152492"", ""194280"", ""151084"", ""153171"", ""194477"", ""21216""]","[""152685_token_0000"", ""151748_token_0000"", ""152681_token_0000"", ""138777_token_0000"", ""153085_token_0000"", ""191602_token_0001"", ""151748_token_0001"", ""151471_token_0000"", ""193975_token_0001"", ""152772_token_0000"", ""138777_token_0001"", ""197127_token_0001"", ""153214_token_0000"", ""152271_token_0000"", ""437_token_0000"", ""139511_token_0000"", ""437_token_0001"", ""196499_token_0005"", ""20046_token_0001"", ""100210_token_0002"", ""213_token_0002"", ""556_token_0001"", ""152511_token_0001"", ""27302_token_0000"", ""151621_token_0000"", ""153233_token_0001"", ""137207_token_0000"", ""195386_token_0002"", ""104504_token_0000"", ""148770_token_0000"", ""196166_token_0002"", ""213_token_0001"", ""213_token_0000"", ""254233_token_0000"", ""151039_token_0000"", ""149267_token_0001"", ""254233_token_0001"", ""151597_token_0000"", ""197406_token_0001"", ""22727_token_0001"", ""44035_token_0000"", ""22727_token_0000"", ""38813_token_0000"", ""152492_token_0000"", ""194280_token_0001"", ""151084_token_0000"", ""556_token_0000"", ""153171_token_0000"", ""194477_token_0000"", ""21216_token_0001""]"
152685_4,bm25,Khu đất số 5 Lê Lợi được đưa ra đấu giá nhằm phục vụ mục tiêu gì cho TP. Huế?,152685,True,"[""152685""]",180.7091,1.0,1.0,1.0,1.0,1.0,1.0,1.0,1.0,"[""152685""]","[""152685"", ""192784"", ""244265"", ""152511"", ""138388"", ""152271"", ""185349"", ""152876"", ""152772"", ""151748"", ""149504"", ""430"", ""152681"", ""153233"", ""42409"", ""67348"", ""134527"", ""152742"", ""153138"", ""153085"", ""196499"", ""151471"", ""213"", ""106977"", ""133853"", ""151463"", ""153325"", ""106996"", ""66011"", ""131921"", ""253984"", ""150302"", ""25996"", ""65762"", ""197510"", ""788"", ""34344"", ""137207"", ""151718"", ""149048"", ""131993""]","[""152685_token_0000"", ""192784_token_0000"", ""244265_token_0000"", ""152511_token_0001"", ""138388_token_0001"", ""152271_token_0000"", ""185349_token_0001"", ""152876_token_0000"", ""152772_token_0000"", ""151748_token_0000"", ""149504_token_0000"", ""430_token_0001"", ""152681_token_0000"", ""153233_token_0000"", ""149504_token_0002"", ""42409_token_0001"", ""67348_token_0000"", ""153233_token_0001"", ""134527_token_0000"", ""152511_token_0000"", ""430_token_0002"", ""152742_token_0000"", ""430_token_0000"", ""153138_token_0000"", ""153085_token_0000"", ""196499_token_0005"", ""151471_token_0000"", ""213_token_0001"", ""106977_token_0000"", ""133853_token_0001"", ""151463_token_0001"", ""153325_token_0000"", ""106996_token_0002"", ""66011_token_0000"", ""131921_token_0000"", ""253984_token_0000"", ""150302_token_0000"", ""25996_token_0000"", ""65762_token_0000"", ""151463_token_0000"", ""197510_token_0003"", ""788_token_0001"", ""185349_token_0000"", ""34344_token_0001"", ""137207_token_0000"", ""151471_token_0001"", ""151718_token_0000"", ""149048_token_0000"", ""131993_token_0000"", ""66011_token_0001""]"
152685_4,dense,Khu đất số 5 Lê Lợi được đưa ra đấu giá nhằm phục vụ mục tiêu gì cho TP. Huế?,152685,True,"[""152685""]",6288.7006,1.0,1.0,1.0,1.0,1.0,1.0,1.0,1.0,"[""152685""]","[""152685"", ""136766"", ""192784"", ""244265"", ""134808"", ""152511"", ""163678"", ""152653"", ""106996"", ""430"", ""153085"", ""196475"", ""138388"", ""151718"", ""151337"", ""151471"", ""788"", ""341"", ""194477"", ""43803"", ""153233"", ""138777"", ""528"", ""20089"", ""105158"", ""21823"", ""42486"", ""67348"", ""68835"", ""39132"", ""149048"", ""191602"", ""152681"", ""107472""]","[""152685_token_0000"", ""136766_token_0001"", ""192784_token_0000"", ""136766_token_0002"", ""244265_token_0000"", ""134808_token_0000"", ""152511_token_0001"", ""134808_token_0002"", ""152511_token_0000"", ""163678_token_0000"", ""152653_token_0000"", ""136766_token_0004"", ""106996_token_0002"", ""134808_token_0003"", ""430_token_0002"", ""153085_token_0000"", ""196475_token_0001"", ""134808_token_0001"", ""138388_token_0000"", ""151718_token_0001"", ""136766_token_0003"", ""151337_token_0000"", ""151471_token_0000"", ""788_token_0001"", ""341_token_0001"", ""106996_token_0000"", ""194477_token_0001"", ""43803_token_0002"", ""151337_token_0002"", ""153233_token_0001"", ""138777_token_0000"", ""528_token_0001"", ""151718_token_0000"", ""196475_token_0002"", ""20089_token_0001"", ""163678_token_0001"", ""106996_token_0001"", ""105158_token_0001"", ""21823_token_0004"", ""42486_token_0003"", ""67348_token_0000"", ""196475_token_0000"", ""68835_token_0001"", ""39132_token_0000"", ""194477_token_0000"", ""149048_token_0000"", ""191602_token_0001"", ""152681_token_0000"", ""107472_token_0000"", ""105158_token_0003""]"
152685_4,hybrid,Khu đất số 5 Lê Lợi được đưa ra đấu giá nhằm phục vụ mục tiêu gì cho TP. Huế?,152685,True,"[""152685""]",6479.5973,1.0,1.0,1.0,1.0,1.0,1.0,1.0,1.0,"[""152685""]","[""152685"", ""192784"", ""244265"", ""152511"", ""430"", ""153085"", ""106996"", ""153233"", ""151471"", ""152681"", ""67348"", ""788"", ""151718"", ""149048"", ""136766"", ""138388"", ""134808"", ""152271"", ""185349"", ""152876"", ""152772"", ""151748"", ""163678"", ""149504"", ""152653"", ""42409"", ""196475"", ""134527"", ""151337"", ""152742"", ""153138"", ""341"", ""196499"", ""194477"", ""213"", ""43803""]","[""152685_token_0000"", ""192784_token_0000"", ""244265_token_0000"", ""152511_token_0001"", ""152511_token_0000"", ""430_token_0002"", ""153085_token_0000"", ""106996_token_0002"", ""153233_token_0001"", ""151471_token_0000"", ""152681_token_0000"", ""67348_token_0000"", ""788_token_0001"", ""151718_token_0000"", ""149048_token_0000"", ""136766_token_0001"", ""136766_token_0002"", ""138388_token_0001"", ""134808_token_0000"", ""152271_token_0000"", ""185349_token_0001"", ""134808_token_0002"", ""152876_token_0000"", ""152772_token_0000"", ""151748_token_0000"", ""163678_token_0000"", ""149504_token_0000"", ""152653_token_0000"", ""136766_token_0004"", ""430_token_0001"", ""134808_token_0003"", ""153233_token_0000"", ""149504_token_0002"", ""42409_token_0001"", ""196475_token_0001"", ""134808_token_0001"", ""134527_token_0000"", ""138388_token_0000"", ""151718_token_0001"", ""136766_token_0003"", ""151337_token_0000"", ""152742_token_0000"", ""430_token_0000"", ""153138_token_0000"", ""341_token_0001"", ""106996_token_0000"", ""196499_token_0005"", ""194477_token_0001"", ""213_token_0001"", ""43803_token_0002""]"
152685_5,bm25,Công ty An Phú Minh có kế hoạch cụ thể gì để phát triển khu đất ven sông Hương sau khi trúng đấu giá?,152685,False,"[""152685""]",189.4722,1.0,1.0,1.0,1.0,1.0,1.0,1.0,1.0,"[""152685""]","[""152685"", ""152772"", ""151748"", ""43901"", ""213"", ""151039"", ""153233"", ""254218"", ""100210"", ""152271"", ""22727"", ""196499"", ""153214"", ""138777"", ""254223"", ""148770"", ""254233"", ""153171"", ""197692"", ""151471"", ""153085"", ""152681"", ""152511"", ""152626"", ""26463"", ""1204"", ""134527"", ""198097"", ""34344"", ""163678"", ""202917"", ""476"", ""198699"", ""73444"", ""82786"", ""254364"", ""197579"", ""151463"", ""1122"", ""81101"", ""22479"", ""133755"", ""139511""]","[""152685_token_0000"", ""152772_token_0000"", ""151748_token_0001"", ""151748_token_0000"", ""43901_token_0000"", ""213_token_0001"", ""151039_token_0000"", ""153233_token_0001"", ""254218_token_0000"", ""100210_token_0002"", ""152271_token_0000"", ""22727_token_0000"", ""196499_token_0005"", ""153214_token_0000"", ""138777_token_0000"", ""254223_token_0000"", ""148770_token_0000"", ""254233_token_0001"", ""153171_token_0000"", ""138777_token_0001"", ""197692_token_0000"", ""151471_token_0000"", ""153085_token_0000"", ""22727_token_0001"", ""152681_token_0000"", ""152511_token_0001"", ""152626_token_0001"", ""26463_token_0000"", ""1204_token_0000"", ""134527_token_0000"", ""198097_token_0001"", ""34344_token_0000"", ""163678_token_0000"", ""202917_token_0005"", ""476_token_0001"", ""151039_token_0001"", ""198699_token_0000"", ""73444_token_0001"", ""82786_token_0000"", ""152626_token_0000"", ""213_token_0002"", ""254364_token_0000"", ""197579_token_0000"", ""153233_token_0000"", ""151463_token_0000"", ""1122_token_0000"", ""81101_token_0000"", ""22479_token_0000"", ""133755_token_0002"", ""139511_token_0000""]"
152685_5,dense,Công ty An Phú Minh có kế hoạch cụ thể gì để phát triển khu đất ven sông Hương sau khi trúng đấu giá?,152685,False,"[""152685""]",6264.296,1.0,1.0,1.0,1.0,1.0,1.0,1.0,1.0,"[""152685""]","[""152685"", ""153085"", ""149447"", ""195474"", ""151621"", ""1065"", ""148587"", ""151365"", ""139511"", ""218"", ""153325"", ""150035"", ""108202"", ""151471"", ""136766"", ""152687"", ""151748"", ""148558"", ""104706"", ""193975"", ""1212"", ""148559"", ""200622"", ""149230"", ""149339"", ""105697"", ""105855"", ""152549"", ""437"", ""151039"", ""151374"", ""198699"", ""153233"", ""148894"", ""152511"", ""149730"", ""151778"", ""151044"", ""148682"", ""195386"", ""149267"", ""148607"", ""107257""]","[""152685_token_0000"", ""153085_token_0000"", ""149447_token_0000"", ""195474_token_0000"", ""149447_token_0001"", ""151621_token_0000"", ""1065_token_0000"", ""148587_token_0000"", ""151365_token_0000"", ""139511_token_0000"", ""218_token_0000"", ""153325_token_0000"", ""149447_token_0002"", ""150035_token_0001"", ""108202_token_0001"", ""151471_token_0000"", ""136766_token_0004"", ""152687_token_0000"", ""151748_token_0000"", ""148558_token_0001"", ""104706_token_0004"", ""193975_token_0001"", ""1212_token_0001"", ""148559_token_0000"", ""200622_token_0002"", ""218_token_0001"", ""136766_token_0001"", ""149230_token_0002"", ""149339_token_0001"", ""105697_token_0002"", ""195474_token_0001"", ""105855_token_0000"", ""152549_token_0001"", ""437_token_0000"", ""151039_token_0000"", ""151374_token_0001"", ""198699_token_0001"", ""153233_token_0001"", ""148894_token_0002"", ""152511_token_0000"", ""1065_token_0001"", ""149730_token_0000"", ""151778_token_0000"", ""151044_token_0001"", ""148682_token_0001"", ""195386_token_0002"", ""149267_token_0000"", ""148607_token_0001"", ""149230_token_0000"", ""107257_token_0003""]"
152685_5,hybrid,Công ty An Phú Minh có kế hoạch cụ thể gì để phát triển khu đất ven sông Hương sau khi trúng đấu giá?,152685,False,"[""152685""]",6846.701,1.0,1.0,1.0,1.0,1.0,1.0,1.0,1.0,"[""152685""]","[""152685"", ""151748"", ""153085"", ""151039"", ""151471"", ""153233"", ""139511"", ""152772"", ""149447"", ""195474"", ""43901"", ""151621"", ""213"", ""1065"", ""148587"", ""151365"", ""254218"", ""100210"", ""152271"", ""218"", ""153325"", ""22727"", ""196499"", ""150035"", ""153214"", ""108202"", ""138777"", ""254223"", ""136766"", ""148770"", ""152687"", ""254233"", ""153171"", ""148558"", ""104706"", ""197692"", ""193975"", ""1212"", ""148559"", ""152681"", ""200622"", ""152511"", ""152626""]","[""152685_token_0000"", ""151748_token_0000"", ""153085_token_0000"", ""151039_token_0000"", ""151471_token_0000"", ""153233_token_0001"", ""139511_token_0000"", ""152772_token_0000"", ""149447_token_0000"", ""151748_token_0001"", ""195474_token_0000"", ""149447_token_0001"", ""43901_token_0000"", ""151621_token_0000"", ""213_token_0001"", ""1065_token_0000"", ""148587_token_0000"", ""151365_token_0000"", ""254218_token_0000"", ""100210_token_0002"", ""152271_token_0000"", ""218_token_0000"", ""153325_token_0000"", ""22727_token_0000"", ""149447_token_0002"", ""196499_token_0005"", ""150035_token_0001"", ""153214_token_0000"", ""108202_token_0001"", ""138777_token_0000"", ""254223_token_0000"", ""136766_token_0004"", ""148770_token_0000"", ""152687_token_0000"", ""254233_token_0001"", ""153171_token_0000"", ""138777_token_0001"", ""148558_token_0001"", ""104706_token_0004"", ""197692_token_0000"", ""193975_token_0001"", ""1212_token_0001"", ""148559_token_0000"", ""22727_token_0001"", ""152681_token_0000"", ""200622_token_0002"", ""152511_token_0001"", ""218_token_0001"", ""136766_token_0001"", ""152626_token_0001""]"
132354_1,bm25,Ông Nghiêm Xuân Thành đến kiểm tra công tác ứng phó bão Kalmaegi tại những địa điểm nào ở Khánh Hòa?,132354,True,"[""132354""]",161.2901,1.0,1.0,1.0,1.0,1.0,1.0,1.0,1.0,"[""132354""]","[""132354"", ""139545"", ""134076"", ""7515"", ""133008"", ""218"", ""45496"", ""132257"", ""135900"", ""138173"", ""106488"", ""45391"", ""136018"", ""142796"", ""137611"", ""237132"", ""127944"", ""136382"", ""131800"", ""45512"", ""96761"", ""141915"", ""71736"", ""27666"", ""243278"", ""45455"", ""27829"", ""240832"", ""5867"", ""102825"", ""237734"", ""99060"", ""139153"", ""32991"", ""45591"", ""77700"", ""69300"", ""46007"", ""170482"", ""184645""]","[""132354_token_0000"", ""132354_token_0001"", ""139545_token_0000"", ""134076_token_0001"", ""134076_token_0002"", ""7515_token_0000"", ""133008_token_0001"", ""218_token_0001"", ""45496_token_0001"", ""132257_token_0000"", ""135900_token_0000"", ""138173_token_0001"", ""134076_token_0000"", ""106488_token_0001"", ""45391_token_0001"", ""136018_token_0000"", ""142796_token_0000"", ""45391_token_0000"", ""137611_token_0002"", ""237132_token_0000"", ""127944_token_0000"", ""237132_token_0001"", ""136382_token_0000"", ""131800_token_0000"", ""45512_token_0000"", ""106488_token_0000"", ""96761_token_0003"", ""142796_token_0001"", ""137611_token_0000"", ""141915_token_0001"", ""139545_token_0001"", ""71736_token_0000"", ""27666_token_0000"", ""243278_token_0001"", ""45455_token_0000"", ""27829_token_0002"", ""240832_token_0000"", ""5867_token_0000"", ""102825_token_0002"", ""237734_token_0000"", ""99060_token_0000"", ""139153_token_0000"", ""32991_token_0001"", ""45591_token_0000"", ""77700_token_0002"", ""69300_token_0000"", ""46007_token_0001"", ""170482_token_0000"", ""184645_token_0000"", ""139545_token_0002""]"
132354_1,dense,Ông Nghiêm Xuân Thành đến kiểm tra công tác ứng phó bão Kalmaegi tại những địa điểm nào ở Khánh Hòa?,132354,True,"[""132354""]",6354.2464,1.0,1.0,1.0,1.0,1.0,1.0,1.0,1.0,"[""132354""]","[""132354"", ""136018"", ""134076"", ""45391"", ""136618"", ""237132"", ""136109"", ""133008"", ""45591"", ""137611"", ""133043"", ""139545"", ""245574"", ""136382"", ""96761"", ""45496"", ""132257"", ""139153"", ""107037"", ""136443"", ""67140"", ""138843"", ""218"", ""139756"", ""108175"", ""2240"", ""237734"", ""106488"", ""46605"", ""73326""]","[""132354_token_0000"", ""132354_token_0001"", ""136018_token_0000"", ""136018_token_0001"", ""134076_token_0002"", ""45391_token_0000"", ""45391_token_0001"", ""136618_token_0000"", ""134076_token_0000"", ""237132_token_0000"", ""136109_token_0000"", ""133008_token_0001"", ""45591_token_0000"", ""137611_token_0001"", ""134076_token_0001"", ""137611_token_0002"", ""237132_token_0001"", ""133043_token_0000"", ""139545_token_0001"", ""139545_token_0000"", ""139545_token_0002"", ""245574_token_0000"", ""133008_token_0000"", ""137611_token_0000"", ""136382_token_0000"", ""96761_token_0003"", ""136382_token_0001"", ""45496_token_0001"", ""132257_token_0000"", ""136382_token_0002"", ""139153_token_0000"", ""107037_token_0001"", ""136443_token_0000"", ""67140_token_0000"", ""45496_token_0000"", ""139153_token_0001"", ""138843_token_0000"", ""136443_token_0001"", ""218_token_0000"", ""137611_token_0003"", ""139756_token_0000"", ""108175_token_0000"", ""2240_token_0001"", ""2240_token_0000"", ""237734_token_0000"", ""106488_token_0000"", ""46605_token_0000"", ""73326_token_0001"", ""45496_token_0002"", ""138843_token_0001""]"
132354_1,hybrid,Ông Nghiêm Xuân Thành đến kiểm tra công tác ứng phó bão Kalmaegi tại những địa điểm nào ở Khánh Hòa?,132354,True,"[""132354""]",6427.6477,1.0,1.0,1.0,1.0,1.0,1.0,1.0,1.0,"[""132354""]","[""132354"", ""134076"", ""136018"", ""133008"", ""139545"", ""45391"", ""237132"", ""45496"", ""137611"", ""132257"", ""136382"", ""45591"", ""96761"", ""106488"", ""139153"", ""237734"", ""7515"", ""136618"", ""218"", ""135900"", ""136109"", ""138173"", ""142796"", ""133043"", ""127944"", ""245574"", ""131800"", ""45512"", ""141915"", ""107037"", ""71736"", ""136443"", ""27666"", ""243278"", ""67140""]","[""132354_token_0000"", ""132354_token_0001"", ""134076_token_0002"", ""136018_token_0000"", ""134076_token_0001"", ""133008_token_0001"", ""139545_token_0000"", ""45391_token_0001"", ""134076_token_0000"", ""45391_token_0000"", ""237132_token_0000"", ""45496_token_0001"", ""137611_token_0002"", ""132257_token_0000"", ""237132_token_0001"", ""136382_token_0000"", ""139545_token_0001"", ""45591_token_0000"", ""137611_token_0000"", ""96761_token_0003"", ""139545_token_0002"", ""106488_token_0000"", ""139153_token_0000"", ""237734_token_0000"", ""136018_token_0001"", ""7515_token_0000"", ""136618_token_0000"", ""218_token_0001"", ""135900_token_0000"", ""136109_token_0000"", ""138173_token_0001"", ""106488_token_0001"", ""137611_token_0001"", ""142796_token_0000"", ""133043_token_0000"", ""127944_token_0000"", ""245574_token_0000"", ""133008_token_0000"", ""131800_token_0000"", ""45512_token_0000"", ""136382_token_0001"", ""142796_token_0001"", ""136382_token_0002"", ""141915_token_0001"", ""107037_token_0001"", ""71736_token_0000"", ""136443_token_0000"", ""27666_token_0000"", ""243278_token_0001"", ""67140_token_0000""]"
132354_2,bm25,Công tác chuẩn bị ứng phó bão Kalmaegi tại Khánh Hòa được triển khai như thế nào?,132354,True,"[""132354""]",117.6151,1.0,1.0,1.0,1.0,1.0,1.0,1.0,1.0,"[""132354""]","[""132354"", ""136018"", ""237132"", ""96761"", ""137611"", ""134076"", ""45391"", ""135900"", ""104938"", ""133008"", ""133043"", ""22483"", ""133745"", ""218"", ""45591"", ""107672"", ""237525"", ""97510"", ""45361"", ""45455"", ""245574"", ""139153"", ""106488"", ""127944"", ""108175"", ""71736"", ""237980"", ""17909"", ""97673"", ""132257"", ""99060"", ""201641"", ""142762"", ""135648"", ""242900"", ""206919"", ""8705"", ""99611"", ""27666"", ""136382"", ""45496""]","[""132354_token_0000"", ""132354_token_0001"", ""136018_token_0000"", ""237132_token_0001"", ""96761_token_0003"", ""137611_token_0001"", ""237132_token_0000"", ""134076_token_0000"", ""96761_token_0004"", ""137611_token_0002"", ""45391_token_0001"", ""135900_token_0000"", ""104938_token_0000"", ""133008_token_0001"", ""133043_token_0000"", ""136018_token_0001"", ""22483_token_0000"", ""133745_token_0000"", ""45391_token_0000"", ""218_token_0001"", ""45591_token_0000"", ""107672_token_0001"", ""237525_token_0000"", ""97510_token_0000"", ""133008_token_0000"", ""45361_token_0001"", ""45455_token_0000"", ""245574_token_0000"", ""139153_token_0001"", ""106488_token_0000"", ""127944_token_0000"", ""108175_token_0000"", ""71736_token_0000"", ""137611_token_0000"", ""237980_token_0000"", ""17909_token_0000"", ""106488_token_0001"", ""97673_token_0001"", ""132257_token_0000"", ""99060_token_0000"", ""201641_token_0000"", ""142762_token_0000"", ""135648_token_0001"", ""242900_token_0001"", ""206919_token_0001"", ""8705_token_0000"", ""99611_token_0002"", ""27666_token_0000"", ""136382_token_0000"", ""45496_token_0001""]"
132354_2,dense,Công tác chuẩn bị ứng phó bão Kalmaegi tại Khánh Hòa được triển khai như thế nào?,132354,True,"[""132354""]",6292.3736,0.0,0.0,1.0,1.0,1.0,1.0,0.5,0.6309297535714575,"[""132354""]","[""136018"", ""132354"", ""237132"", ""45391"", ""45591"", ""133008"", ""134076"", ""245574"", ""96761"", ""46007"", ""136109"", ""136618"", ""137611"", ""238653"", ""206919"", ""17843"", ""133043"", ""139545"", ""109100"", ""245256"", ""132257"", ""135220"", ""136472"", ""136382"", ""45496"", ""108175"", ""138843"", ""183549"", ""17909"", ""139153""]","[""136018_token_0000"", ""136018_token_0001"", ""132354_token_0000"", ""132354_token_0001"", ""237132_token_0000"", ""45391_token_0000"", ""45391_token_0001"", ""45591_token_0000"", ""237132_token_0001"", ""45591_token_0001"", ""133008_token_0001"", ""134076_token_0000"", ""245574_token_0000"", ""96761_token_0003"", ""46007_token_0001"", ""136109_token_0000"", ""133008_token_0000"", ""134076_token_0002"", ""136618_token_0000"", ""137611_token_0002"", ""134076_token_0001"", ""238653_token_0001"", ""206919_token_0000"", ""46007_token_0000"", ""17843_token_0000"", ""133043_token_0000"", ""139545_token_0001"", ""137611_token_0001"", ""96761_token_0004"", ""109100_token_0000"", ""206919_token_0001"", ""46007_token_0002"", ""245256_token_0000"", ""132257_token_0000"", ""139545_token_0002"", ""109100_token_0001"", ""135220_token_0000"", ""136472_token_0000"", ""136382_token_0001"", ""137611_token_0000"", ""136382_token_0002"", ""45496_token_0001"", ""109100_token_0002"", ""108175_token_0000"", ""136382_token_0000"", ""137611_token_0003"", ""138843_token_0000"", ""183549_token_0000"", ""17909_token_0000"", ""139153_token_0000""]"
132354_2,hybrid,Công tác chuẩn bị ứng phó bão Kalmaegi tại Khánh Hòa được triển khai như thế nào?,132354,True,"[""132354""]",6535.0449,1.0,1.0,1.0,1.0,1.0,1.0,1.0,1.0,"[""132354""]","[""132354"", ""136018"", ""237132"", ""45391"", ""96761"", ""134076"", ""133008"", ""45591"", ""137611"", ""245574"", ""133043"", ""132257"", ""206919"", ""108175"", ""17909"", ""45496"", ""136382"", ""135900"", ""104938"", ""46007"", ""136109"", ""22483"", ""133745"", ""136618"", ""218"", ""107672"", ""238653"", ""237525"", ""97510"", ""17843"", ""45361"", ""139545"", ""45455"", ""139153"", ""106488"", ""109100"", ""127944""]","[""132354_token_0000"", ""136018_token_0000"", ""132354_token_0001"", ""237132_token_0000"", ""237132_token_0001"", ""136018_token_0001"", ""45391_token_0001"", ""96761_token_0003"", ""134076_token_0000"", ""45391_token_0000"", ""133008_token_0001"", ""45591_token_0000"", ""137611_token_0002"", ""137611_token_0001"", ""96761_token_0004"", ""245574_token_0000"", ""133043_token_0000"", ""133008_token_0000"", ""132257_token_0000"", ""137611_token_0000"", ""206919_token_0001"", ""108175_token_0000"", ""17909_token_0000"", ""45496_token_0001"", ""136382_token_0000"", ""45591_token_0001"", ""135900_token_0000"", ""104938_token_0000"", ""46007_token_0001"", ""136109_token_0000"", ""22483_token_0000"", ""133745_token_0000"", ""134076_token_0002"", ""136618_token_0000"", ""218_token_0001"", ""134076_token_0001"", ""107672_token_0001"", ""238653_token_0001"", ""206919_token_0000"", ""237525_token_0000"", ""46007_token_0000"", ""97510_token_0000"", ""17843_token_0000"", ""45361_token_0001"", ""139545_token_0001"", ""45455_token_0000"", ""139153_token_0001"", ""106488_token_0000"", ""109100_token_0000"", ""127944_token_0000""]"
132354_3,bm25,Vì sao Bí thư Tỉnh ủy Khánh Hòa lo ngại người dân có thể chủ quan trước bão Kalmaegi?,132354,True,"[""132354""]",150.1346,1.0,1.0,1.0,1.0,1.0,1.0,1.0,1.0,"[""132354""]","[""132354"", ""136018"", ""73326"", ""45512"", ""132257"", ""139545"", ""134076"", ""136109"", ""137724"", ""7515"", ""245256"", ""45391"", ""137611"", ""45591"", ""46007"", ""237132"", ""138439"", ""119203"", ""133382"", ""42573"", ""107504"", ""132602"", ""140405"", ""5383"", ""96761"", ""138969"", ""133333"", ""136382"", ""140833"", ""257318"", ""214460"", ""45836"", ""137218"", ""136614"", ""132588"", ""27829""]","[""132354_token_0001"", ""132354_token_0000"", ""136018_token_0000"", ""73326_token_0001"", ""45512_token_0000"", ""132257_token_0000"", ""45512_token_0001"", ""73326_token_0002"", ""139545_token_0000"", ""136018_token_0001"", ""134076_token_0001"", ""136109_token_0000"", ""137724_token_0000"", ""139545_token_0001"", ""7515_token_0000"", ""245256_token_0000"", ""45391_token_0001"", ""45391_token_0000"", ""137611_token_0002"", ""45591_token_0000"", ""46007_token_0000"", ""237132_token_0000"", ""138439_token_0001"", ""119203_token_0000"", ""138439_token_0000"", ""133382_token_0000"", ""237132_token_0001"", ""42573_token_0002"", ""107504_token_0000"", ""134076_token_0000"", ""132602_token_0000"", ""137611_token_0000"", ""140405_token_0001"", ""5383_token_0000"", ""96761_token_0003"", ""7515_token_0001"", ""138969_token_0000"", ""133333_token_0000"", ""136382_token_0000"", ""136382_token_0001"", ""140833_token_0002"", ""257318_token_0001"", ""214460_token_0000"", ""45836_token_0001"", ""137218_token_0000"", ""136614_token_0001"", ""45591_token_0001"", ""46007_token_0001"", ""132588_token_0001"", ""27829_token_0002""]"
132354_3,dense,Vì sao Bí thư Tỉnh ủy Khánh Hòa lo ngại người dân có thể chủ quan trước bão Kalmaegi?,132354,True,"[""132354""]",6556.517,1.0,1.0,1.0,1.0,1.0,1.0,1.0,1.0,"[""132354""]","[""132354"", ""136018"", ""45391"", ""134076"", ""139545"", ""45591"", ""137611"", ""237132"", ""96761"", ""136618"", ""45496"", ""136109"", ""132257"", ""73326"", ""245256"", ""138843"", ""136382"", ""45512"", ""206919"", ""139153"", ""131800"", ""46007"", ""44915"", ""138094"", ""237186"", ""245574"", ""46682"", ""135220"", ""109100"", ""136443"", ""133943"", ""7515""]","[""132354_token_0000"", ""132354_token_0001"", ""136018_token_0000"", ""136018_token_0001"", ""45391_token_0000"", ""134076_token_0000"", ""139545_token_0001"", ""45591_token_0000"", ""137611_token_0002"", ""237132_token_0000"", ""137611_token_0000"", ""139545_token_0000"", ""96761_token_0003"", ""137611_token_0001"", ""45391_token_0001"", ""134076_token_0001"", ""136618_token_0000"", ""45496_token_0001"", ""134076_token_0002"", ""136109_token_0000"", ""237132_token_0001"", ""132257_token_0000"", ""137611_token_0003"", ""139545_token_0002"", ""73326_token_0001"", ""45591_token_0001"", ""245256_token_0000"", ""138843_token_0000"", ""136382_token_0000"", ""136382_token_0001"", ""45512_token_0001"", ""45496_token_0000"", ""206919_token_0000"", ""139153_token_0001"", ""139153_token_0000"", ""131800_token_0000"", ""46007_token_0001"", ""44915_token_0000"", ""96761_token_0004"", ""138094_token_0000"", ""237186_token_0001"", ""245574_token_0000"", ""46682_token_0000"", ""135220_token_0000"", ""109100_token_0000"", ""136443_token_0001"", ""133943_token_0001"", ""136382_token_0002"", ""138094_token_0002"", ""7515_token_0000""]"
132354_3,hybrid,Vì sao Bí thư Tỉnh ủy Khánh Hòa lo ngại người dân có thể chủ quan trước bão Kalmaegi?,132354,True,"[""132354""]",6430.7653,1.0,1.0,1.0,1.0,1.0,1.0,1.0,1.0,"[""132354""]","[""132354"", ""136018"", ""139545"", ""45391"", ""73326"", ""132257"", ""134076"", ""45591"", ""137611"", ""237132"", ""136109"", ""45512"", ""245256"", ""96761"", ""7515"", ""136382"", ""46007"", ""137724"", ""136618"", ""45496"", ""138439"", ""119203"", ""133382"", ""138843"", ""42573"", ""107504"", ""132602"", ""140405"", ""206919"", ""139153"", ""5383""]","[""132354_token_0000"", ""132354_token_0001"", ""136018_token_0000"", ""136018_token_0001"", ""139545_token_0001"", ""139545_token_0000"", ""45391_token_0000"", ""73326_token_0001"", ""132257_token_0000"", ""134076_token_0001"", ""45591_token_0000"", ""137611_token_0002"", ""237132_token_0000"", ""136109_token_0000"", ""45391_token_0001"", ""134076_token_0000"", ""45512_token_0001"", ""137611_token_0000"", ""245256_token_0000"", ""96761_token_0003"", ""237132_token_0001"", ""7515_token_0000"", ""136382_token_0000"", ""136382_token_0001"", ""45591_token_0001"", ""46007_token_0001"", ""45512_token_0000"", ""73326_token_0002"", ""137724_token_0000"", ""137611_token_0001"", ""136618_token_0000"", ""45496_token_0001"", ""134076_token_0002"", ""46007_token_0000"", ""137611_token_0003"", ""138439_token_0001"", ""119203_token_0000"", ""139545_token_0002"", ""138439_token_0000"", ""133382_token_0000"", ""138843_token_0000"", ""42573_token_0002"", ""107504_token_0000"", ""132602_token_0000"", ""45496_token_0000"", ""140405_token_0001"", ""206919_token_0000"", ""139153_token_0001"", ""5383_token_0000"", ""139153_token_0000""]"
132354_4,bm25,Lực lượng biên phòng đóng vai trò gì trong công tác ứng phó bão Kalmaegi tại Khánh Hòa?,132354,True,"[""132354""]",133.2785,1.0,1.0,1.0,1.0,1.0,1.0,1.0,1.0,"[""132354""]","[""132354"", ""136018"", ""45455"", ""136337"", ""45391"", ""45591"", ""134076"", ""96761"", ""140714"", ""136445"", ""236881"", ""133008"", ""245574"", ""133701"", ""237888"", ""137611"", ""46007"", ""237132"", ""237734"", ""237525"", ""133043"", ""135900"", ""46577"", ""138086"", ""139153"", ""45496"", ""218640"", ""132257"", ""104938"", ""135220"", ""142395"", ""140426"", ""244876"", ""238653"", ""135648"", ""140404""]","[""132354_token_0000"", ""136018_token_0000"", ""132354_token_0001"", ""45455_token_0000"", ""136337_token_0000"", ""45391_token_0000"", ""45591_token_0000"", ""134076_token_0000"", ""136337_token_0001"", ""96761_token_0003"", ""140714_token_0000"", ""136445_token_0001"", ""236881_token_0000"", ""133008_token_0001"", ""45391_token_0001"", ""245574_token_0000"", ""236881_token_0002"", ""133701_token_0000"", ""237888_token_0001"", ""137611_token_0002"", ""46007_token_0001"", ""237132_token_0001"", ""237734_token_0000"", ""237525_token_0000"", ""136445_token_0000"", ""133043_token_0000"", ""46007_token_0000"", ""135900_token_0000"", ""46577_token_0000"", ""138086_token_0000"", ""139153_token_0001"", ""45496_token_0001"", ""237132_token_0000"", ""96761_token_0004"", ""218640_token_0001"", ""132257_token_0000"", ""133008_token_0000"", ""104938_token_0000"", ""135220_token_0000"", ""142395_token_0002"", ""136445_token_0002"", ""140426_token_0000"", ""139153_token_0000"", ""244876_token_0000"", ""236881_token_0001"", ""142395_token_0001"", ""137611_token_0001"", ""238653_token_0000"", ""135648_token_0001"", ""140404_token_0000""]"
132354_4,dense,Lực lượng biên phòng đóng vai trò gì trong công tác ứng phó bão Kalmaegi tại Khánh Hòa?,132354,True,"[""132354""]",6286.2356,1.0,1.0,1.0,1.0,1.0,1.0,1.0,1.0,"[""132354""]","[""132354"", ""136018"", ""45391"", ""133008"", ""237132"", ""45591"", ""245574"", ""236881"", ""134076"", ""136618"", ""136445"", ""137611"", ""136109"", ""136337"", ""96761"", ""238653"", ""46007"", ""140515"", ""45455"", ""133701"", ""45496"", ""142395"", ""139545"", ""236976"", ""135220"", ""139153"", ""206919"", ""141936"", ""136443"", ""133943""]","[""132354_token_0000"", ""132354_token_0001"", ""136018_token_0001"", ""136018_token_0000"", ""45391_token_0001"", ""133008_token_0001"", ""237132_token_0000"", ""45391_token_0000"", ""45591_token_0000"", ""237132_token_0001"", ""245574_token_0000"", ""133008_token_0000"", ""236881_token_0000"", ""134076_token_0000"", ""136618_token_0000"", ""136445_token_0000"", ""137611_token_0002"", ""136109_token_0000"", ""45591_token_0001"", ""136337_token_0001"", ""96761_token_0003"", ""238653_token_0001"", ""46007_token_0001"", ""134076_token_0002"", ""140515_token_0004"", ""45455_token_0000"", ""133701_token_0000"", ""236881_token_0002"", ""236881_token_0001"", ""45496_token_0000"", ""134076_token_0001"", ""142395_token_0001"", ""139545_token_0001"", ""137611_token_0000"", ""236976_token_0001"", ""135220_token_0000"", ""139153_token_0000"", ""136337_token_0000"", ""137611_token_0001"", ""206919_token_0000"", ""141936_token_0003"", ""137611_token_0003"", ""142395_token_0003"", ""236976_token_0000"", ""238653_token_0000"", ""136445_token_0001"", ""96761_token_0004"", ""136443_token_0001"", ""133943_token_0001"", ""141936_token_0002""]"
132354_4,hybrid,Lực lượng biên phòng đóng vai trò gì trong công tác ứng phó bão Kalmaegi tại Khánh Hòa?,132354,True,"[""132354""]",6796.2574,1.0,1.0,1.0,1.0,1.0,1.0,1.0,1.0,"[""132354""]","[""132354"", ""136018"", ""45391"", ""45591"", ""133008"", ""134076"", ""236881"", ""45455"", ""245574"", ""136337"", ""96761"", ""237132"", ""137611"", ""136445"", ""46007"", ""133701"", ""135220"", ""142395"", ""139153"", ""238653"", ""140714"", ""136618"", ""136109"", ""237888"", ""237734"", ""237525"", ""140515"", ""133043"", ""135900"", ""46577"", ""138086"", ""45496""]","[""132354_token_0000"", ""132354_token_0001"", ""136018_token_0000"", ""45391_token_0000"", ""45591_token_0000"", ""45391_token_0001"", ""133008_token_0001"", ""134076_token_0000"", ""236881_token_0000"", ""45455_token_0000"", ""245574_token_0000"", ""136337_token_0001"", ""96761_token_0003"", ""237132_token_0001"", ""237132_token_0000"", ""136337_token_0000"", ""137611_token_0002"", ""136445_token_0000"", ""46007_token_0001"", ""236881_token_0002"", ""133701_token_0000"", ""133008_token_0000"", ""136445_token_0001"", ""236881_token_0001"", ""135220_token_0000"", ""142395_token_0001"", ""139153_token_0000"", ""96761_token_0004"", ""137611_token_0001"", ""238653_token_0000"", ""136018_token_0001"", ""140714_token_0000"", ""136618_token_0000"", ""136109_token_0000"", ""237888_token_0001"", ""45591_token_0001"", ""238653_token_0001"", ""237734_token_0000"", ""134076_token_0002"", ""237525_token_0000"", ""140515_token_0004"", ""133043_token_0000"", ""46007_token_0000"", ""135900_token_0000"", ""46577_token_0000"", ""138086_token_0000"", ""45496_token_0000"", ""134076_token_0001"", ""139153_token_0001"", ""45496_token_0001""]"
132354_5,bm25,Bão Kalmaegi gây ra thiệt hại cụ thể như thế nào tại Khánh Hòa?,132354,False,"[""132354""]",117.7234,0.0,0.0,1.0,1.0,1.0,1.0,0.25,0.43067655807339306,"[""132354""]","[""136018"", ""136109"", ""245256"", ""132354"", ""73326"", ""237132"", ""137611"", ""45391"", ""136618"", ""196772"", ""66931"", ""45591"", ""137178"", ""96761"", ""45828"", ""73028"", ""139155"", ""133043"", ""139545"", ""99060"", ""192086"", ""200288"", ""139153"", ""7031"", ""201648"", ""44915"", ""237722"", ""134727"", ""206919"", ""131993"", ""135220"", ""25218"", ""26085"", ""107504"", ""136382"", ""97089"", ""245756"", ""5383"", ""166687"", ""109387""]","[""136018_token_0000"", ""136018_token_0001"", ""136109_token_0000"", ""245256_token_0000"", ""132354_token_0001"", ""73326_token_0001"", ""237132_token_0001"", ""137611_token_0001"", ""45391_token_0001"", ""136618_token_0000"", ""196772_token_0000"", ""66931_token_0001"", ""237132_token_0000"", ""45591_token_0000"", ""137178_token_0000"", ""96761_token_0001"", ""45828_token_0000"", ""73028_token_0001"", ""139155_token_0000"", ""133043_token_0000"", ""139545_token_0000"", ""99060_token_0000"", ""132354_token_0000"", ""192086_token_0000"", ""200288_token_0000"", ""139153_token_0001"", ""7031_token_0000"", ""45391_token_0000"", ""139153_token_0000"", ""96761_token_0004"", ""201648_token_0000"", ""44915_token_0000"", ""237722_token_0000"", ""134727_token_0000"", ""206919_token_0001"", ""131993_token_0000"", ""135220_token_0000"", ""25218_token_0000"", ""26085_token_0001"", ""206919_token_0000"", ""73326_token_0000"", ""107504_token_0000"", ""136382_token_0000"", ""97089_token_0001"", ""196772_token_0001"", ""245756_token_0000"", ""139545_token_0001"", ""5383_token_0000"", ""166687_token_0000"", ""109387_token_0001""]"
132354_5,dense,Bão Kalmaegi gây ra thiệt hại cụ thể như thế nào tại Khánh Hòa?,132354,False,"[""132354""]",6346.897,0.0,0.0,1.0,1.0,1.0,1.0,0.3333333333333333,0.5,"[""132354""]","[""133043"", ""136018"", ""132354"", ""136109"", ""136618"", ""237132"", ""133008"", ""139545"", ""45391"", ""132257"", ""96761"", ""45591"", ""139153"", ""137611"", ""45953"", ""134076"", ""73326"", ""200288"", ""7515"", ""138843"", ""245574"", ""139155"", ""135597"", ""45828"", ""237734"", ""136382"", ""45496"", ""245256"", ""136443"", ""237696"", ""17950""]","[""133043_token_0000"", ""136018_token_0001"", ""136018_token_0000"", ""132354_token_0001"", ""132354_token_0000"", ""136109_token_0000"", ""136618_token_0000"", ""237132_token_0000"", ""133008_token_0001"", ""139545_token_0000"", ""45391_token_0001"", ""132257_token_0000"", ""96761_token_0003"", ""45391_token_0000"", ""45591_token_0000"", ""139153_token_0000"", ""139545_token_0001"", ""96761_token_0004"", ""133008_token_0000"", ""137611_token_0001"", ""45953_token_0000"", ""134076_token_0000"", ""139545_token_0002"", ""73326_token_0001"", ""200288_token_0001"", ""7515_token_0000"", ""138843_token_0000"", ""237132_token_0001"", ""134076_token_0001"", ""137611_token_0000"", ""245574_token_0000"", ""137611_token_0002"", ""139155_token_0000"", ""135597_token_0000"", ""45828_token_0000"", ""45953_token_0001"", ""7515_token_0002"", ""237734_token_0000"", ""136382_token_0001"", ""134076_token_0002"", ""45591_token_0001"", ""45496_token_0001"", ""245256_token_0000"", ""136382_token_0000"", ""136443_token_0001"", ""237696_token_0001"", ""45828_token_0001"", ""17950_token_0001"", ""45496_token_0002"", ""45496_token_0000""]"
132354_5,hybrid,Bão Kalmaegi gây ra thiệt hại cụ thể như thế nào tại Khánh Hòa?,132354,False,"[""132354""]",6383.0376,0.0,0.0,1.0,1.0,1.0,1.0,0.3333333333333333,0.5,"[""132354""]","[""136018"", ""136109"", ""132354"", ""136618"", ""133043"", ""45391"", ""237132"", ""137611"", ""73326"", ""45591"", ""139545"", ""245256"", ""139153"", ""96761"", ""45828"", ""139155"", ""136382"", ""133008"", ""196772"", ""132257"", ""66931"", ""137178"", ""73028"", ""45953"", ""134076"", ""99060"", ""192086"", ""200288"", ""7515"", ""138843"", ""7031"", ""201648"", ""245574"", ""44915"", ""237722"", ""134727""]","[""136018_token_0000"", ""136018_token_0001"", ""136109_token_0000"", ""132354_token_0001"", ""136618_token_0000"", ""133043_token_0000"", ""45391_token_0001"", ""237132_token_0000"", ""132354_token_0000"", ""137611_token_0001"", ""73326_token_0001"", ""45591_token_0000"", ""139545_token_0000"", ""237132_token_0001"", ""245256_token_0000"", ""45391_token_0000"", ""139153_token_0000"", ""96761_token_0004"", ""45828_token_0000"", ""139155_token_0000"", ""139545_token_0001"", ""136382_token_0000"", ""133008_token_0001"", ""196772_token_0000"", ""132257_token_0000"", ""66931_token_0001"", ""96761_token_0003"", ""137178_token_0000"", ""96761_token_0001"", ""73028_token_0001"", ""133008_token_0000"", ""45953_token_0000"", ""134076_token_0000"", ""99060_token_0000"", ""139545_token_0002"", ""192086_token_0000"", ""200288_token_0000"", ""200288_token_0001"", ""139153_token_0001"", ""7515_token_0000"", ""138843_token_0000"", ""7031_token_0000"", ""134076_token_0001"", ""137611_token_0000"", ""201648_token_0000"", ""245574_token_0000"", ""137611_token_0002"", ""44915_token_0000"", ""237722_token_0000"", ""134727_token_0000""]"
50356_1,bm25,Mazda đã đăng ký bản quyền tên gọi Mazda 3e tại những thị trường nào?,50356,True,"[""50356""]",144.9063,1.0,1.0,1.0,1.0,1.0,1.0,1.0,1.0,"[""50356""]","[""50356"", ""51868"", ""143697"", ""48790"", ""253045"", ""143662"", ""52444"", ""144167"", ""145761"", ""252000"", ""146214"", ""47991"", ""250016"", ""47384"", ""145230"", ""144734"", ""144907"", ""48829"", ""48227"", ""253712"", ""253776"", ""145370"", ""144003"", ""51067"", ""252816"", ""125264"", ""144527"", ""48042"", ""250476"", ""143456"", ""148339"", ""253348"", ""62719"", ""145183""]","[""50356_token_0001"", ""51868_token_0000"", ""51868_token_0001"", ""50356_token_0002"", ""143697_token_0002"", ""50356_token_0000"", ""48790_token_0000"", ""253045_token_0002"", ""50356_token_0003"", ""143662_token_0001"", ""52444_token_0000"", ""144167_token_0000"", ""145761_token_0001"", ""143662_token_0000"", ""252000_token_0000"", ""146214_token_0001"", ""47991_token_0002"", ""250016_token_0000"", ""48790_token_0003"", ""47384_token_0001"", ""145230_token_0000"", ""144734_token_0000"", ""144907_token_0001"", ""48829_token_0000"", ""48790_token_0002"", ""47991_token_0000"", ""48227_token_0002"", ""144734_token_0001"", ""253712_token_0001"", ""146214_token_0000"", ""253712_token_0002"", ""253776_token_0001"", ""48790_token_0001"", ""145370_token_0000"", ""250016_token_0001"", ""47991_token_0001"", ""144003_token_0000"", ""51067_token_0002"", ""252816_token_0002"", ""125264_token_0000"", ""144527_token_0000"", ""48042_token_0000"", ""250476_token_0000"", ""143456_token_0002"", ""48829_token_0001"", ""148339_token_0000"", ""253348_token_0001"", ""62719_token_0001"", ""143697_token_0003"", ""145183_token_0000""]"
50356_1,dense,Mazda đã đăng ký bản quyền tên gọi Mazda 3e tại những thị trường nào?,50356,True,"[""50356""]",6302.4811,1.0,1.0,1.0,1.0,1.0,1.0,1.0,1.0,"[""50356""]","[""50356"", ""50308"", ""51868"", ""247487"", ""51707"", ""247875"", ""50283"", ""50314"", ""253045"", ""252237"", ""144734"", ""144429"", ""48227"", ""50353"", ""143662"", ""252769"", ""51806"", ""48790"", ""21820"", ""50265"", ""247496"", ""48101"", ""145370"", ""143143"", ""144818"", ""144003"", ""22730"", ""251878"", ""145737"", ""144301"", ""146361"", ""48459"", ""48710"", ""252489""]","[""50356_token_0001"", ""50356_token_0003"", ""50356_token_0002"", ""50308_token_0000"", ""50308_token_0002"", ""50308_token_0001"", ""50356_token_0000"", ""51868_token_0001"", ""247487_token_0000"", ""51868_token_0000"", ""50308_token_0003"", ""51707_token_0001"", ""50308_token_0004"", ""247875_token_0003"", ""50283_token_0001"", ""50314_token_0000"", ""247487_token_0001"", ""253045_token_0002"", ""252237_token_0000"", ""252237_token_0001"", ""144734_token_0001"", ""144429_token_0001"", ""48227_token_0002"", ""50283_token_0000"", ""50353_token_0000"", ""143662_token_0001"", ""252769_token_0000"", ""51806_token_0001"", ""48790_token_0000"", ""21820_token_0001"", ""50265_token_0001"", ""247496_token_0000"", ""48101_token_0001"", ""144734_token_0000"", ""145370_token_0002"", ""48101_token_0000"", ""143143_token_0000"", ""144818_token_0000"", ""144003_token_0000"", ""22730_token_0001"", ""50353_token_0001"", ""251878_token_0000"", ""145737_token_0000"", ""144301_token_0001"", ""146361_token_0001"", ""251878_token_0001"", ""48459_token_0000"", ""48790_token_0002"", ""48710_token_0002"", ""252489_token_0001""]"
50356_1,hybrid,Mazda đã đăng ký bản quyền tên gọi Mazda 3e tại những thị trường nào?,50356,True,"[""50356""]",6438.9829,1.0,1.0,1.0,1.0,1.0,1.0,1.0,1.0,"[""50356""]","[""50356"", ""51868"", ""253045"", ""48790"", ""143662"", ""144734"", ""48227"", ""144003"", ""50308"", ""143697"", ""247487"", ""52444"", ""144167"", ""51707"", ""145761"", ""247875"", ""252000"", ""50283"", ""146214"", ""50314"", ""47991"", ""250016"", ""252237"", ""47384"", ""145230"", ""144429"", ""144907"", ""48829"", ""50353"", ""252769"", ""51806"", ""253712"", ""21820""]","[""50356_token_0001"", ""50356_token_0002"", ""50356_token_0003"", ""51868_token_0001"", ""51868_token_0000"", ""50356_token_0000"", ""253045_token_0002"", ""48790_token_0000"", ""143662_token_0001"", ""144734_token_0001"", ""48227_token_0002"", ""144734_token_0000"", ""48790_token_0002"", ""144003_token_0000"", ""50308_token_0000"", ""143697_token_0002"", ""50308_token_0002"", ""50308_token_0001"", ""247487_token_0000"", ""50308_token_0003"", ""52444_token_0000"", ""144167_token_0000"", ""51707_token_0001"", ""145761_token_0001"", ""50308_token_0004"", ""143662_token_0000"", ""247875_token_0003"", ""252000_token_0000"", ""50283_token_0001"", ""146214_token_0001"", ""50314_token_0000"", ""247487_token_0001"", ""47991_token_0002"", ""250016_token_0000"", ""252237_token_0000"", ""48790_token_0003"", ""252237_token_0001"", ""47384_token_0001"", ""145230_token_0000"", ""144429_token_0001"", ""144907_token_0001"", ""48829_token_0000"", ""50283_token_0000"", ""50353_token_0000"", ""47991_token_0000"", ""252769_token_0000"", ""51806_token_0001"", ""253712_token_0001"", ""146214_token_0000"", ""21820_token_0001""]"
50356_2,bm25,Tình hình phát triển các dòng xe cỡ nhỏ của Mazda hiện nay diễn ra như thế nào?,50356,True,"[""50356""]",150.0512,1.0,1.0,1.0,1.0,1.0,1.0,1.0,1.0,"[""50356""]","[""50356"", ""253045"", ""144734"", ""253776"", ""144421"", ""51868"", ""253680"", ""48042"", ""145230"", ""253712"", ""143456"", ""48829"", ""143697"", ""255070"", ""52482"", ""248496"", ""145370"", ""255513"", ""146482"", ""144891"", ""146137"", ""143954"", ""48528"", ""250730"", ""144791"", ""144167"", ""253940"", ""162276"", ""48227"", ""48193"", ""143979"", ""50795"", ""250016"", ""47991"", ""143542"", ""50932""]","[""50356_token_0000"", ""253045_token_0002"", ""144734_token_0000"", ""253776_token_0001"", ""144421_token_0000"", ""51868_token_0000"", ""253680_token_0001"", ""48042_token_0000"", ""145230_token_0000"", ""253680_token_0000"", ""253712_token_0002"", ""143456_token_0001"", ""48829_token_0000"", ""143697_token_0004"", ""255070_token_0002"", ""52482_token_0000"", ""248496_token_0000"", ""145370_token_0000"", ""255513_token_0000"", ""51868_token_0001"", ""143697_token_0002"", ""143697_token_0003"", ""146482_token_0000"", ""50356_token_0001"", ""144891_token_0000"", ""146137_token_0001"", ""143954_token_0000"", ""48528_token_0000"", ""250730_token_0000"", ""144734_token_0001"", ""145230_token_0001"", ""144791_token_0000"", ""144167_token_0000"", ""145370_token_0001"", ""253045_token_0001"", ""255070_token_0001"", ""253940_token_0001"", ""162276_token_0001"", ""48227_token_0002"", ""146137_token_0000"", ""143697_token_0001"", ""48193_token_0000"", ""144421_token_0001"", ""143979_token_0001"", ""50795_token_0000"", ""250016_token_0000"", ""47991_token_0000"", ""143542_token_0001"", ""250016_token_0001"", ""50932_token_0000""]"
50356_2,dense,Tình hình phát triển các dòng xe cỡ nhỏ của Mazda hiện nay diễn ra như thế nào?,50356,True,"[""50356""]",6291.6934,0.0,0.0,1.0,1.0,1.0,1.0,0.5,0.6309297535714575,"[""50356""]","[""51868"", ""50356"", ""143542"", ""48009"", ""145723"", ""145737"", ""47991"", ""144421"", ""52482"", ""144734"", ""144728"", ""253091"", ""247875"", ""144119"", ""143979"", ""143662"", ""48227"", ""253096"", ""145370"", ""146137"", ""253045"", ""144923"", ""48206"", ""144775"", ""252000"", ""50353"", ""145495"", ""48193"", ""50308"", ""145230""]","[""51868_token_0000"", ""50356_token_0000"", ""51868_token_0001"", ""143542_token_0001"", ""143542_token_0000"", ""143542_token_0002"", ""48009_token_0000"", ""145723_token_0000"", ""145737_token_0002"", ""47991_token_0000"", ""144421_token_0000"", ""52482_token_0000"", ""145737_token_0000"", ""144734_token_0000"", ""47991_token_0001"", ""144728_token_0001"", ""48009_token_0001"", ""50356_token_0002"", ""253091_token_0001"", ""50356_token_0001"", ""144421_token_0001"", ""247875_token_0003"", ""144119_token_0000"", ""144728_token_0000"", ""143979_token_0001"", ""50356_token_0003"", ""144728_token_0002"", ""143662_token_0001"", ""48227_token_0002"", ""145737_token_0001"", ""253096_token_0001"", ""145370_token_0002"", ""146137_token_0002"", ""253045_token_0002"", ""144923_token_0000"", ""48206_token_0000"", ""144923_token_0001"", ""144775_token_0001"", ""252000_token_0000"", ""144734_token_0001"", ""50353_token_0001"", ""253091_token_0000"", ""145495_token_0001"", ""50353_token_0000"", ""253096_token_0000"", ""48193_token_0001"", ""50353_token_0002"", ""50308_token_0000"", ""145230_token_0001"", ""144119_token_0002""]"
50356_2,hybrid,Tình hình phát triển các dòng xe cỡ nhỏ của Mazda hiện nay diễn ra như thế nào?,50356,True,"[""50356""]",6445.5679,1.0,1.0,1.0,1.0,1.0,1.0,1.0,1.0,"[""50356""]","[""50356"", ""51868"", ""144421"", ""144734"", ""52482"", ""253045"", ""143542"", ""47991"", ""143979"", ""48227"", ""145230"", ""253776"", ""253680"", ""48009"", ""145723"", ""48042"", ""145737"", ""253712"", ""143456"", ""48829"", ""143697"", ""255070"", ""144728"", ""248496"", ""145370"", ""253091"", ""255513"", ""247875"", ""144119"", ""146482"", ""144891"", ""146137"", ""143954""]","[""50356_token_0000"", ""51868_token_0000"", ""144421_token_0000"", ""144734_token_0000"", ""51868_token_0001"", ""52482_token_0000"", ""253045_token_0002"", ""143542_token_0001"", ""50356_token_0001"", ""47991_token_0000"", ""144421_token_0001"", ""143979_token_0001"", ""48227_token_0002"", ""144734_token_0001"", ""145230_token_0001"", ""253776_token_0001"", ""143542_token_0000"", ""143542_token_0002"", ""253680_token_0001"", ""48009_token_0000"", ""145723_token_0000"", ""48042_token_0000"", ""145230_token_0000"", ""145737_token_0002"", ""253680_token_0000"", ""253712_token_0002"", ""143456_token_0001"", ""145737_token_0000"", ""48829_token_0000"", ""143697_token_0004"", ""255070_token_0002"", ""47991_token_0001"", ""144728_token_0001"", ""248496_token_0000"", ""48009_token_0001"", ""145370_token_0000"", ""50356_token_0002"", ""253091_token_0001"", ""255513_token_0000"", ""143697_token_0002"", ""143697_token_0003"", ""247875_token_0003"", ""144119_token_0000"", ""146482_token_0000"", ""144728_token_0000"", ""144891_token_0000"", ""146137_token_0001"", ""50356_token_0003"", ""143954_token_0000"", ""144728_token_0002""]"
50356_3,bm25,Điều gì khiến Mazda3 đứng trước nguy cơ bị khai tử hoặc phải thay đổi hoàn toàn?,50356,True,"[""50356""]",150.4288,1.0,1.0,1.0,1.0,1.0,1.0,1.0,1.0,"[""50356""]","[""50356"", ""49915"", ""38328"", ""144119"", ""145737"", ""52308"", ""115922"", ""52000"", ""28646"", ""58713"", ""26921"", ""254727"", ""252857"", ""250049"", ""187113"", ""92962"", ""48257"", ""70125"", ""253522"", ""212599"", ""31918"", ""31622"", ""144775"", ""220482"", ""16816"", ""98203"", ""43588"", ""172657"", ""205946"", ""16890"", ""75290"", ""71487"", ""38056"", ""37105"", ""43207"", ""27967"", ""60971"", ""176549"", ""145219"", ""26666""]","[""50356_token_0000"", ""50356_token_0002"", ""50356_token_0003"", ""50356_token_0001"", ""49915_token_0002"", ""38328_token_0001"", ""144119_token_0001"", ""145737_token_0001"", ""52308_token_0000"", ""115922_token_0000"", ""52000_token_0001"", ""28646_token_0000"", ""58713_token_0000"", ""26921_token_0000"", ""145737_token_0000"", ""254727_token_0000"", ""252857_token_0002"", ""250049_token_0001"", ""187113_token_0001"", ""92962_token_0001"", ""48257_token_0000"", ""70125_token_0000"", ""253522_token_0001"", ""212599_token_0001"", ""31918_token_0001"", ""31622_token_0001"", ""70125_token_0001"", ""144775_token_0001"", ""220482_token_0000"", ""16816_token_0000"", ""98203_token_0000"", ""144119_token_0000"", ""144119_token_0002"", ""43588_token_0002"", ""172657_token_0000"", ""205946_token_0001"", ""16890_token_0001"", ""75290_token_0001"", ""71487_token_0001"", ""38056_token_0001"", ""37105_token_0000"", ""43207_token_0000"", ""145737_token_0002"", ""27967_token_0000"", ""92962_token_0002"", ""60971_token_0000"", ""176549_token_0001"", ""38056_token_0000"", ""145219_token_0000"", ""26666_token_0000""]"
50356_3,dense,Điều gì khiến Mazda3 đứng trước nguy cơ bị khai tử hoặc phải thay đổi hoàn toàn?,50356,True,"[""50356""]",6341.15,1.0,1.0,1.0,1.0,1.0,1.0,1.0,1.0,"[""50356""]","[""50356"", ""51868"", ""253045"", ""50353"", ""145737"", ""143662"", ""144775"", ""143143"", ""144301"", ""250425"", ""109650"", ""48009"", ""250016"", ""144734"", ""252000"", ""143358"", ""248342"", ""143697"", ""144119"", ""144818"", ""144887"", ""145473"", ""254489"", ""143907"", ""144923"", ""252857"", ""145723"", ""252580"", ""252945"", ""254399"", ""48227"", ""145185"", ""252668""]","[""50356_token_0000"", ""50356_token_0003"", ""50356_token_0002"", ""51868_token_0000"", ""50356_token_0001"", ""253045_token_0003"", ""253045_token_0002"", ""51868_token_0001"", ""50353_token_0000"", ""145737_token_0000"", ""145737_token_0002"", ""50353_token_0001"", ""143662_token_0001"", ""144775_token_0001"", ""143143_token_0001"", ""145737_token_0001"", ""253045_token_0001"", ""144301_token_0001"", ""250425_token_0000"", ""109650_token_0002"", ""48009_token_0001"", ""250016_token_0000"", ""48009_token_0000"", ""144734_token_0000"", ""252000_token_0000"", ""143358_token_0001"", ""248342_token_0000"", ""144775_token_0000"", ""143697_token_0004"", ""144119_token_0001"", ""109650_token_0003"", ""50353_token_0002"", ""144818_token_0000"", ""143358_token_0000"", ""144887_token_0003"", ""145473_token_0000"", ""254489_token_0000"", ""143907_token_0001"", ""144734_token_0001"", ""144923_token_0001"", ""252857_token_0002"", ""144119_token_0000"", ""144887_token_0001"", ""145723_token_0000"", ""252580_token_0000"", ""252945_token_0000"", ""254399_token_0003"", ""48227_token_0002"", ""145185_token_0001"", ""252668_token_0000""]"
50356_3,hybrid,Điều gì khiến Mazda3 đứng trước nguy cơ bị khai tử hoặc phải thay đổi hoàn toàn?,50356,True,"[""50356""]",7063.1398,1.0,1.0,1.0,1.0,1.0,1.0,1.0,1.0,"[""50356""]","[""50356"", ""145737"", ""144119"", ""144775"", ""252857"", ""51868"", ""49915"", ""253045"", ""38328"", ""50353"", ""52308"", ""115922"", ""52000"", ""28646"", ""143662"", ""58713"", ""26921"", ""143143"", ""254727"", ""144301"", ""250049"", ""187113"", ""250425"", ""109650"", ""92962"", ""48009"", ""48257"", ""250016"", ""70125"", ""253522"", ""144734"", ""212599"", ""252000"", ""31918"", ""143358"", ""31622"", ""248342""]","[""50356_token_0000"", ""50356_token_0002"", ""50356_token_0003"", ""50356_token_0001"", ""145737_token_0001"", ""145737_token_0000"", ""144119_token_0001"", ""144775_token_0001"", ""145737_token_0002"", ""252857_token_0002"", ""144119_token_0000"", ""51868_token_0000"", ""49915_token_0002"", ""253045_token_0003"", ""38328_token_0001"", ""253045_token_0002"", ""51868_token_0001"", ""50353_token_0000"", ""52308_token_0000"", ""115922_token_0000"", ""52000_token_0001"", ""28646_token_0000"", ""50353_token_0001"", ""143662_token_0001"", ""58713_token_0000"", ""26921_token_0000"", ""143143_token_0001"", ""254727_token_0000"", ""253045_token_0001"", ""144301_token_0001"", ""250049_token_0001"", ""187113_token_0001"", ""250425_token_0000"", ""109650_token_0002"", ""92962_token_0001"", ""48009_token_0001"", ""48257_token_0000"", ""250016_token_0000"", ""70125_token_0000"", ""253522_token_0001"", ""48009_token_0000"", ""144734_token_0000"", ""212599_token_0001"", ""252000_token_0000"", ""31918_token_0001"", ""143358_token_0001"", ""31622_token_0001"", ""248342_token_0000"", ""70125_token_0001"", ""144775_token_0000""]"
50356_4,bm25,Deepal và Changan đóng vai trò gì trong chiến lược xe điện của Mazda?,50356,True,"[""50356""]",136.8598,1.0,1.0,1.0,1.0,1.0,1.0,1.0,1.0,"[""50356""]","[""50356"", ""252869"", ""51868"", ""52313"", ""201832"", ""52018"", ""148058"", ""253045"", ""143697"", ""32498"", ""181655"", ""249046"", ""251819"", ""194515"", ""160842"", ""48227"", ""48790"", ""49313"", ""190657"", ""22696"", ""144935"", ""48459"", ""132078"", ""144429"", ""249754"", ""143662"", ""198519"", ""51812"", ""248989"", ""23853"", ""196539"", ""185545"", ""49177"", ""48829"", ""60787"", ""179303"", ""252332"", ""109559""]","[""50356_token_0001"", ""50356_token_0002"", ""50356_token_0000"", ""50356_token_0003"", ""252869_token_0001"", ""51868_token_0000"", ""52313_token_0000"", ""201832_token_0001"", ""52018_token_0000"", ""148058_token_0000"", ""51868_token_0001"", ""253045_token_0002"", ""143697_token_0002"", ""32498_token_0002"", ""181655_token_0001"", ""249046_token_0000"", ""251819_token_0000"", ""194515_token_0003"", ""160842_token_0000"", ""48227_token_0002"", ""48790_token_0002"", ""252869_token_0000"", ""49313_token_0001"", ""190657_token_0003"", ""143697_token_0000"", ""22696_token_0001"", ""144935_token_0000"", ""48459_token_0003"", ""144935_token_0001"", ""132078_token_0000"", ""143697_token_0004"", ""48790_token_0001"", ""144429_token_0000"", ""249754_token_0000"", ""143662_token_0000"", ""198519_token_0001"", ""51812_token_0000"", ""248989_token_0000"", ""23853_token_0001"", ""196539_token_0000"", ""185545_token_0001"", ""49177_token_0001"", ""48829_token_0000"", ""185545_token_0002"", ""60787_token_0001"", ""179303_token_0001"", ""249046_token_0001"", ""252332_token_0000"", ""109559_token_0002"", ""109559_token_0001""]"
50356_4,dense,Deepal và Changan đóng vai trò gì trong chiến lược xe điện của Mazda?,50356,True,"[""50356""]",6450.8051,1.0,1.0,1.0,1.0,1.0,1.0,1.0,1.0,"[""50356""]","[""50356"", ""50308"", ""51806"", ""50353"", ""253045"", ""119753"", ""51868"", ""247875"", ""109559"", ""252869"", ""249375"", ""48206"", ""48227"", ""147874"", ""143662"", ""49483"", ""47405"", ""252668"", ""188472"", ""251878"", ""57609"", ""49161"", ""48418"", ""109065"", ""49177"", ""48193"", ""252517"", ""145723"", ""48422"", ""49616"", ""252857"", ""51950"", ""239633""]","[""50356_token_0001"", ""50356_token_0002"", ""50356_token_0000"", ""50356_token_0003"", ""50308_token_0000"", ""51806_token_0001"", ""50353_token_0000"", ""50353_token_0002"", ""253045_token_0002"", ""119753_token_0000"", ""50308_token_0001"", ""51868_token_0000"", ""247875_token_0003"", ""50353_token_0001"", ""119753_token_0002"", ""51868_token_0001"", ""109559_token_0001"", ""109559_token_0002"", ""252869_token_0001"", ""249375_token_0000"", ""50308_token_0002"", ""48206_token_0000"", ""48227_token_0002"", ""147874_token_0001"", ""51806_token_0000"", ""119753_token_0001"", ""143662_token_0001"", ""49483_token_0001"", ""47405_token_0002"", ""252668_token_0000"", ""188472_token_0000"", ""50308_token_0003"", ""251878_token_0000"", ""57609_token_0000"", ""49161_token_0000"", ""48418_token_0000"", ""109065_token_0000"", ""251878_token_0001"", ""147874_token_0000"", ""49177_token_0001"", ""48193_token_0000"", ""252517_token_0001"", ""145723_token_0000"", ""48422_token_0001"", ""252869_token_0000"", ""49616_token_0000"", ""252857_token_0002"", ""51950_token_0000"", ""109559_token_0004"", ""239633_token_0002""]"
50356_4,hybrid,Deepal và Changan đóng vai trò gì trong chiến lược xe điện của Mazda?,50356,True,"[""50356""]",6381.5132,1.0,1.0,1.0,1.0,1.0,1.0,1.0,1.0,"[""50356""]","[""50356"", ""51868"", ""253045"", ""252869"", ""48227"", ""109559"", ""49177"", ""50308"", ""51806"", ""50353"", ""52313"", ""201832"", ""52018"", ""119753"", ""148058"", ""143697"", ""247875"", ""32498"", ""181655"", ""249046"", ""251819"", ""194515"", ""160842"", ""249375"", ""48790"", ""48206"", ""49313"", ""147874"", ""190657"", ""22696"", ""143662"", ""144935"", ""48459"", ""49483"", ""47405""]","[""50356_token_0001"", ""50356_token_0002"", ""50356_token_0000"", ""50356_token_0003"", ""51868_token_0000"", ""253045_token_0002"", ""252869_token_0001"", ""51868_token_0001"", ""48227_token_0002"", ""109559_token_0001"", ""109559_token_0002"", ""252869_token_0000"", ""49177_token_0001"", ""50308_token_0000"", ""51806_token_0001"", ""50353_token_0000"", ""52313_token_0000"", ""201832_token_0001"", ""50353_token_0002"", ""52018_token_0000"", ""119753_token_0000"", ""148058_token_0000"", ""50308_token_0001"", ""143697_token_0002"", ""247875_token_0003"", ""32498_token_0002"", ""50353_token_0001"", ""119753_token_0002"", ""181655_token_0001"", ""249046_token_0000"", ""251819_token_0000"", ""194515_token_0003"", ""160842_token_0000"", ""249375_token_0000"", ""48790_token_0002"", ""50308_token_0002"", ""48206_token_0000"", ""49313_token_0001"", ""147874_token_0001"", ""190657_token_0003"", ""143697_token_0000"", ""51806_token_0000"", ""119753_token_0001"", ""22696_token_0001"", ""143662_token_0001"", ""144935_token_0000"", ""48459_token_0003"", ""49483_token_0001"", ""144935_token_0001"", ""47405_token_0002""]"
50356_5,bm25,Mazda 3e dự kiến sẽ được bán với mức giá bao nhiêu tại từng thị trường?,50356,False,"[""50356""]",161.1759,1.0,1.0,1.0,1.0,1.0,1.0,1.0,1.0,"[""50356""]","[""50356"", ""48790"", ""253712"", ""247447"", ""47991"", ""48042"", ""254121"", ""58954"", ""247875"", ""48874"", ""144734"", ""59546"", ""54468"", ""104626"", ""247856"", ""144907"", ""48422"", ""51298"", ""253348"", ""145761"", ""48702"", ""253776"", ""247487"", ""47635"", ""148081"", ""254009"", ""21752"", ""144167"", ""253601"", ""253045"", ""143697"", ""187722"", ""51868"", ""145370"", ""18994"", ""63909"", ""251958"", ""253876"", ""145230""]","[""50356_token_0001"", ""50356_token_0002"", ""48790_token_0000"", ""253712_token_0001"", ""50356_token_0003"", ""247447_token_0000"", ""47991_token_0002"", ""253712_token_0002"", ""48042_token_0000"", ""254121_token_0001"", ""48790_token_0001"", ""50356_token_0000"", ""58954_token_0000"", ""247875_token_0002"", ""48874_token_0000"", ""48790_token_0002"", ""144734_token_0000"", ""59546_token_0000"", ""247875_token_0001"", ""54468_token_0000"", ""104626_token_0003"", ""247856_token_0001"", ""247856_token_0000"", ""144907_token_0001"", ""48422_token_0000"", ""51298_token_0000"", ""253348_token_0001"", ""145761_token_0001"", ""48702_token_0001"", ""253776_token_0001"", ""247487_token_0001"", ""47635_token_0002"", ""253712_token_0000"", ""148081_token_0000"", ""254009_token_0000"", ""21752_token_0000"", ""144167_token_0000"", ""253601_token_0001"", ""253045_token_0002"", ""143697_token_0002"", ""148081_token_0001"", ""187722_token_0002"", ""51868_token_0000"", ""47635_token_0000"", ""145370_token_0000"", ""18994_token_0001"", ""63909_token_0000"", ""251958_token_0001"", ""253876_token_0000"", ""145230_token_0000""]"
50356_5,dense,Mazda 3e dự kiến sẽ được bán với mức giá bao nhiêu tại từng thị trường?,50356,False,"[""50356""]",6331.9166,1.0,1.0,1.0,1.0,1.0,1.0,1.0,1.0,"[""50356""]","[""50356"", ""247487"", ""247875"", ""144734"", ""50308"", ""48790"", ""48829"", ""47833"", ""144818"", ""252489"", ""48009"", ""47991"", ""253776"", ""143979"", ""51694"", ""47839"", ""47384"", ""145370"", ""145990"", ""48644"", ""48265"", ""146361"", ""145775"", ""248070"", ""247447"", ""143143"", ""143824"", ""52482"", ""144791"", ""144167"", ""148081"", ""48101"", ""144775"", ""247528"", ""51707""]","[""50356_token_0003"", ""50356_token_0002"", ""50356_token_0001"", ""247487_token_0001"", ""247875_token_0003"", ""144734_token_0001"", ""247487_token_0000"", ""50308_token_0000"", ""48790_token_0001"", ""144734_token_0000"", ""50308_token_0002"", ""48829_token_0000"", ""47833_token_0001"", ""144818_token_0000"", ""252489_token_0001"", ""50308_token_0001"", ""48790_token_0000"", ""48009_token_0001"", ""47991_token_0002"", ""50356_token_0000"", ""253776_token_0000"", ""143979_token_0001"", ""51694_token_0001"", ""47833_token_0000"", ""247875_token_0001"", ""47839_token_0001"", ""47384_token_0001"", ""145370_token_0002"", ""145990_token_0000"", ""48644_token_0000"", ""48265_token_0002"", ""145990_token_0001"", ""146361_token_0001"", ""145775_token_0000"", ""48009_token_0000"", ""248070_token_0001"", ""50308_token_0003"", ""247447_token_0000"", ""143143_token_0000"", ""143824_token_0001"", ""253776_token_0001"", ""52482_token_0000"", ""144791_token_0000"", ""48265_token_0000"", ""144167_token_0000"", ""148081_token_0001"", ""48101_token_0001"", ""144775_token_0000"", ""247528_token_0001"", ""51707_token_0000""]"
50356_5,hybrid,Mazda 3e dự kiến sẽ được bán với mức giá bao nhiêu tại từng thị trường?,50356,False,"[""50356""]",6446.3943,1.0,1.0,1.0,1.0,1.0,1.0,1.0,1.0,"[""50356""]","[""50356"", ""48790"", ""47991"", ""144734"", ""247487"", ""247447"", ""247875"", ""253776"", ""144167"", ""148081"", ""253712"", ""50308"", ""48042"", ""254121"", ""48829"", ""47833"", ""58954"", ""144818"", ""252489"", ""48874"", ""48009"", ""59546"", ""54468"", ""104626"", ""143979"", ""247856"", ""51694"", ""144907"", ""48422"", ""47839"", ""51298"", ""253348"", ""47384"", ""145370"", ""145761""]","[""50356_token_0001"", ""50356_token_0002"", ""50356_token_0003"", ""48790_token_0000"", ""48790_token_0001"", ""47991_token_0002"", ""144734_token_0000"", ""247487_token_0001"", ""50356_token_0000"", ""247447_token_0000"", ""247875_token_0001"", ""253776_token_0001"", ""144167_token_0000"", ""148081_token_0001"", ""253712_token_0001"", ""247875_token_0003"", ""144734_token_0001"", ""247487_token_0000"", ""253712_token_0002"", ""50308_token_0000"", ""48042_token_0000"", ""254121_token_0001"", ""50308_token_0002"", ""48829_token_0000"", ""47833_token_0001"", ""58954_token_0000"", ""144818_token_0000"", ""247875_token_0002"", ""252489_token_0001"", ""48874_token_0000"", ""48790_token_0002"", ""50308_token_0001"", ""48009_token_0001"", ""59546_token_0000"", ""54468_token_0000"", ""104626_token_0003"", ""253776_token_0000"", ""143979_token_0001"", ""247856_token_0001"", ""247856_token_0000"", ""51694_token_0001"", ""144907_token_0001"", ""47833_token_0000"", ""48422_token_0000"", ""47839_token_0001"", ""51298_token_0000"", ""253348_token_0001"", ""47384_token_0001"", ""145370_token_0002"", ""145761_token_0001""]"
148770_1,bm25,Dự án Da Nang Downtown được xây dựng tại khu vực nào của Đà Nẵng?,148770,True,"[""148770""]",131.8171,1.0,1.0,1.0,1.0,1.0,1.0,1.0,1.0,"[""148770""]","[""148770"", ""1649"", ""154701"", ""149950"", ""75902"", ""138484"", ""152128"", ""1850"", ""104025"", ""148481"", ""136061"", ""154472"", ""65400"", ""197510"", ""149616"", ""104398"", ""361"", ""45898"", ""333"", ""134187"", ""133853"", ""788"", ""151306"", ""148745"", ""33968"", ""149777"", ""1577"", ""133437"", ""5424"", ""139691"", ""153256"", ""153449"", ""191219"", ""152964"", ""149618"", ""104287"", ""247066"", ""106977"", ""218""]","[""148770_token_0000"", ""1649_token_0002"", ""1649_token_0000"", ""1649_token_0001"", ""154701_token_0001"", ""149950_token_0000"", ""75902_token_0000"", ""138484_token_0000"", ""149950_token_0002"", ""152128_token_0001"", ""1850_token_0001"", ""104025_token_0001"", ""148481_token_0000"", ""136061_token_0000"", ""154472_token_0000"", ""65400_token_0000"", ""197510_token_0003"", ""149616_token_0001"", ""104398_token_0006"", ""152128_token_0000"", ""149950_token_0001"", ""152128_token_0002"", ""361_token_0000"", ""45898_token_0000"", ""333_token_0000"", ""104025_token_0000"", ""134187_token_0000"", ""133853_token_0002"", ""788_token_0001"", ""151306_token_0000"", ""148745_token_0000"", ""33968_token_0001"", ""149777_token_0000"", ""1577_token_0000"", ""133437_token_0000"", ""5424_token_0000"", ""149616_token_0000"", ""139691_token_0000"", ""333_token_0001"", ""153256_token_0001"", ""153449_token_0000"", ""191219_token_0001"", ""152964_token_0000"", ""149618_token_0000"", ""104287_token_0000"", ""247066_token_0000"", ""191219_token_0000"", ""75902_token_0001"", ""106977_token_0000"", ""218_token_0001""]"
148770_1,dense,Dự án Da Nang Downtown được xây dựng tại khu vực nào của Đà Nẵng?,148770,True,"[""148770""]",6296.1194,1.0,1.0,1.0,1.0,1.0,1.0,1.0,1.0,"[""148770""]","[""148770"", ""149777"", ""149950"", ""1649"", ""65400"", ""184321"", ""523"", ""788"", ""136061"", ""1850"", ""149616"", ""1577"", ""148924"", ""138018"", ""139691"", ""148607"", ""361"", ""151975"", ""104902"", ""133437"", ""152128"", ""133853"", ""134187"", ""148745"", ""45509"", ""1658"", ""138484"", ""333"", ""75902"", ""105571""]","[""148770_token_0000"", ""149777_token_0000"", ""149777_token_0001"", ""149950_token_0000"", ""1649_token_0002"", ""65400_token_0000"", ""149950_token_0002"", ""184321_token_0003"", ""523_token_0001"", ""788_token_0001"", ""136061_token_0000"", ""1850_token_0001"", ""149616_token_0000"", ""1577_token_0001"", ""788_token_0000"", ""148924_token_0001"", ""138018_token_0000"", ""139691_token_0001"", ""148607_token_0001"", ""523_token_0002"", ""361_token_0000"", ""151975_token_0000"", ""138018_token_0001"", ""148924_token_0000"", ""104902_token_0003"", ""151975_token_0001"", ""133437_token_0002"", ""139691_token_0000"", ""152128_token_0001"", ""133853_token_0002"", ""104902_token_0001"", ""134187_token_0000"", ""134187_token_0001"", ""1649_token_0001"", ""148745_token_0001"", ""148924_token_0002"", ""65400_token_0001"", ""136061_token_0001"", ""45509_token_0000"", ""133437_token_0000"", ""1658_token_0001"", ""65400_token_0002"", ""104902_token_0002"", ""138484_token_0000"", ""333_token_0000"", ""75902_token_0000"", ""104902_token_0000"", ""149950_token_0001"", ""105571_token_0003"", ""1577_token_0000""]"
148770_1,hybrid,Dự án Da Nang Downtown được xây dựng tại khu vực nào của Đà Nẵng?,148770,True,"[""148770""]",6567.709,1.0,1.0,1.0,1.0,1.0,1.0,1.0,1.0,"[""148770""]","[""148770"", ""1649"", ""149950"", ""65400"", ""1850"", ""136061"", ""149777"", ""152128"", ""788"", ""361"", ""75902"", ""138484"", ""149616"", ""133853"", ""134187"", ""139691"", ""333"", ""133437"", ""1577"", ""154701"", ""184321"", ""523"", ""104025"", ""148481"", ""154472"", ""148924"", ""138018"", ""197510"", ""104398"", ""148607"", ""151975"", ""45898"", ""104902""]","[""148770_token_0000"", ""1649_token_0002"", ""149950_token_0000"", ""149950_token_0002"", ""65400_token_0000"", ""1850_token_0001"", ""136061_token_0000"", ""149777_token_0000"", ""1649_token_0001"", ""152128_token_0001"", ""788_token_0001"", ""361_token_0000"", ""75902_token_0000"", ""138484_token_0000"", ""149616_token_0000"", ""133853_token_0002"", ""134187_token_0000"", ""149950_token_0001"", ""139691_token_0000"", ""333_token_0000"", ""133437_token_0000"", ""1577_token_0000"", ""149777_token_0001"", ""1649_token_0000"", ""154701_token_0001"", ""184321_token_0003"", ""523_token_0001"", ""104025_token_0001"", ""148481_token_0000"", ""1577_token_0001"", ""154472_token_0000"", ""788_token_0000"", ""148924_token_0001"", ""138018_token_0000"", ""197510_token_0003"", ""139691_token_0001"", ""149616_token_0001"", ""104398_token_0006"", ""148607_token_0001"", ""152128_token_0000"", ""523_token_0002"", ""151975_token_0000"", ""152128_token_0002"", ""138018_token_0001"", ""148924_token_0000"", ""45898_token_0000"", ""104902_token_0003"", ""104025_token_0000"", ""151975_token_0001"", ""133437_token_0002""]"
148770_2,bm25,Dự án Da Nang Downtown bao gồm những hạng mục chính nào và điểm nhấn kiến trúc của dự án là gì?,148770,True,"[""148770""]",176.5692,1.0,1.0,1.0,1.0,1.0,1.0,1.0,1.0,"[""148770""]","[""148770"", ""1649"", ""150302"", ""149267"", ""108695"", ""153449"", ""75902"", ""1122"", ""148573"", ""77124"", ""154421"", ""106030"", ""240259"", ""9773"", ""32945"", ""154701"", ""13472"", ""80373"", ""94729"", ""149447"", ""164151"", ""75785"", ""149200"", ""199730"", ""154472"", ""149950"", ""149366"", ""199577"", ""149970"", ""1850"", ""150035"", ""149494"", ""171290"", ""143697"", ""77565"", ""78111"", ""77878"", ""52997""]","[""148770_token_0000"", ""1649_token_0002"", ""150302_token_0000"", ""1649_token_0000"", ""150302_token_0001"", ""149267_token_0001"", ""108695_token_0000"", ""153449_token_0000"", ""75902_token_0000"", ""1122_token_0001"", ""148573_token_0002"", ""1649_token_0001"", ""77124_token_0000"", ""77124_token_0001"", ""154421_token_0000"", ""106030_token_0003"", ""240259_token_0000"", ""9773_token_0001"", ""32945_token_0003"", ""154701_token_0001"", ""149267_token_0000"", ""13472_token_0001"", ""80373_token_0001"", ""94729_token_0002"", ""149447_token_0001"", ""164151_token_0003"", ""75785_token_0001"", ""94729_token_0003"", ""149200_token_0000"", ""199730_token_0000"", ""154472_token_0000"", ""106030_token_0002"", ""94729_token_0004"", ""149950_token_0002"", ""149366_token_0002"", ""106030_token_0000"", ""199577_token_0000"", ""149970_token_0001"", ""1850_token_0001"", ""150035_token_0001"", ""32945_token_0002"", ""80373_token_0000"", ""149494_token_0000"", ""171290_token_0000"", ""143697_token_0000"", ""149970_token_0000"", ""77565_token_0000"", ""78111_token_0000"", ""77878_token_0001"", ""52997_token_0002""]"
148770_2,dense,Dự án Da Nang Downtown bao gồm những hạng mục chính nào và điểm nhấn kiến trúc của dự án là gì?,148770,True,"[""148770""]",6433.2173,1.0,1.0,1.0,1.0,1.0,1.0,1.0,1.0,"[""148770""]","[""148770"", ""1649"", ""149777"", ""149950"", ""148607"", ""149311"", ""148786"", ""65400"", ""75902"", ""149834"", ""1074"", ""148924"", ""149230"", ""133437"", ""184321"", ""150302"", ""149321"", ""148682"", ""148453"", ""149366"", ""105697"", ""148481"", ""104706"", ""148973"", ""148558"", ""148763"", ""148573"", ""133755"", ""104902"", ""149678"", ""148647"", ""105571""]","[""148770_token_0000"", ""1649_token_0002"", ""149777_token_0001"", ""149950_token_0000"", ""149950_token_0002"", ""149777_token_0000"", ""1649_token_0001"", ""148607_token_0001"", ""148607_token_0000"", ""149950_token_0001"", ""149311_token_0000"", ""148786_token_0000"", ""148786_token_0001"", ""65400_token_0000"", ""75902_token_0000"", ""149311_token_0001"", ""149311_token_0002"", ""148607_token_0002"", ""149834_token_0002"", ""1074_token_0001"", ""148924_token_0001"", ""149230_token_0000"", ""133437_token_0000"", ""149834_token_0000"", ""184321_token_0003"", ""148924_token_0000"", ""150302_token_0001"", ""149230_token_0002"", ""149321_token_0001"", ""148682_token_0000"", ""148453_token_0001"", ""1649_token_0000"", ""149366_token_0002"", ""105697_token_0000"", ""148481_token_0000"", ""104706_token_0000"", ""148973_token_0002"", ""148558_token_0000"", ""148682_token_0001"", ""104706_token_0001"", ""148763_token_0001"", ""148573_token_0002"", ""149834_token_0001"", ""133755_token_0003"", ""104902_token_0001"", ""149678_token_0000"", ""148647_token_0000"", ""133437_token_0002"", ""105571_token_0003"", ""105697_token_0003""]"
148770_2,hybrid,Dự án Da Nang Downtown bao gồm những hạng mục chính nào và điểm nhấn kiến trúc của dự án là gì?,148770,True,"[""148770""]",6447.7145,1.0,1.0,1.0,1.0,1.0,1.0,1.0,1.0,"[""148770""]","[""148770"", ""1649"", ""75902"", ""150302"", ""149950"", ""148573"", ""149366"", ""149777"", ""149267"", ""108695"", ""148607"", ""153449"", ""1122"", ""149311"", ""148786"", ""77124"", ""65400"", ""154421"", ""106030"", ""240259"", ""9773"", ""149834"", ""32945"", ""1074"", ""154701"", ""148924"", ""13472"", ""149230"", ""133437"", ""80373"", ""94729"", ""149447"", ""184321"", ""164151"", ""75785""]","[""148770_token_0000"", ""1649_token_0002"", ""1649_token_0001"", ""75902_token_0000"", ""150302_token_0001"", ""1649_token_0000"", ""149950_token_0002"", ""148573_token_0002"", ""149366_token_0002"", ""149777_token_0001"", ""150302_token_0000"", ""149950_token_0000"", ""149267_token_0001"", ""149777_token_0000"", ""108695_token_0000"", ""148607_token_0001"", ""153449_token_0000"", ""148607_token_0000"", ""1122_token_0001"", ""149950_token_0001"", ""149311_token_0000"", ""148786_token_0000"", ""148786_token_0001"", ""77124_token_0000"", ""65400_token_0000"", ""77124_token_0001"", ""154421_token_0000"", ""106030_token_0003"", ""149311_token_0001"", ""149311_token_0002"", ""240259_token_0000"", ""148607_token_0002"", ""9773_token_0001"", ""149834_token_0002"", ""32945_token_0003"", ""1074_token_0001"", ""154701_token_0001"", ""148924_token_0001"", ""149267_token_0000"", ""13472_token_0001"", ""149230_token_0000"", ""133437_token_0000"", ""80373_token_0001"", ""149834_token_0000"", ""94729_token_0002"", ""149447_token_0001"", ""184321_token_0003"", ""148924_token_0000"", ""164151_token_0003"", ""75785_token_0001""]"
148770_3,bm25,Điều gì khiến Đà Nẵng trở thành thành phố trực thuộc Trung ương có diện tích lớn nhất cả nước?,148770,True,"[""148770""]",164.6797,1.0,1.0,1.0,1.0,1.0,1.0,1.0,1.0,"[""148770""]","[""148770"", ""149896"", ""107672"", ""149950"", ""44313"", ""139927"", ""119203"", ""153825"", ""134808"", ""196341"", ""66408"", ""104902"", ""137244"", ""165525"", ""133755"", ""74838"", ""150864"", ""1658"", ""239308"", ""191329"", ""154701"", ""134466"", ""197562"", ""65400"", ""788"", ""78478"", ""140485"", ""99182"", ""105581"", ""96852"", ""105571"", ""247074"", ""247390"", ""104191"", ""75290"", ""139413"", ""134187"", ""96761"", ""106873"", ""165194"", ""208199""]","[""148770_token_0000"", ""149896_token_0000"", ""107672_token_0000"", ""149950_token_0000"", ""44313_token_0000"", ""139927_token_0000"", ""119203_token_0001"", ""153825_token_0001"", ""134808_token_0003"", ""196341_token_0000"", ""196341_token_0001"", ""66408_token_0000"", ""134808_token_0000"", ""104902_token_0002"", ""137244_token_0002"", ""134808_token_0001"", ""165525_token_0000"", ""133755_token_0001"", ""44313_token_0001"", ""74838_token_0001"", ""150864_token_0001"", ""104902_token_0003"", ""1658_token_0000"", ""239308_token_0001"", ""134808_token_0002"", ""191329_token_0001"", ""154701_token_0001"", ""134466_token_0000"", ""197562_token_0002"", ""65400_token_0001"", ""788_token_0001"", ""78478_token_0000"", ""140485_token_0001"", ""99182_token_0000"", ""105581_token_0001"", ""96852_token_0000"", ""149896_token_0001"", ""105571_token_0003"", ""247074_token_0001"", ""247390_token_0000"", ""104191_token_0000"", ""75290_token_0002"", ""139413_token_0000"", ""134187_token_0000"", ""96761_token_0004"", ""137244_token_0007"", ""106873_token_0001"", ""106873_token_0000"", ""165194_token_0000"", ""208199_token_0002""]"
148770_3,dense,Điều gì khiến Đà Nẵng trở thành thành phố trực thuộc Trung ương có diện tích lớn nhất cả nước?,148770,True,"[""148770""]",6642.121,0.0,0.0,1.0,1.0,1.0,1.0,0.3333333333333333,0.5,"[""148770""]","[""104902"", ""65400"", ""148770"", ""139927"", ""105571"", ""139413"", ""247390"", ""184321"", ""247360"", ""1658"", ""138018"", ""105697"", ""196341"", ""134808"", ""333"", ""104312"", ""154701"", ""788"", ""238034"", ""150428"", ""523"", ""148481"", ""199846"", ""107676"", ""74494"", ""45509"", ""1850"", ""78478"", ""108091"", ""49772""]","[""104902_token_0002"", ""65400_token_0000"", ""148770_token_0000"", ""104902_token_0003"", ""104902_token_0001"", ""139927_token_0000"", ""105571_token_0003"", ""139413_token_0001"", ""247390_token_0000"", ""184321_token_0000"", ""105571_token_0004"", ""105571_token_0002"", ""247360_token_0000"", ""1658_token_0001"", ""184321_token_0003"", ""105571_token_0000"", ""139413_token_0000"", ""184321_token_0004"", ""138018_token_0000"", ""105697_token_0000"", ""104902_token_0000"", ""196341_token_0000"", ""184321_token_0001"", ""105571_token_0001"", ""134808_token_0003"", ""333_token_0001"", ""65400_token_0002"", ""247360_token_0001"", ""184321_token_0002"", ""104312_token_0000"", ""65400_token_0001"", ""184321_token_0005"", ""154701_token_0000"", ""788_token_0000"", ""238034_token_0000"", ""150428_token_0001"", ""1658_token_0000"", ""523_token_0001"", ""148481_token_0000"", ""199846_token_0000"", ""107676_token_0002"", ""74494_token_0000"", ""107676_token_0000"", ""45509_token_0000"", ""1850_token_0001"", ""78478_token_0002"", ""108091_token_0002"", ""49772_token_0000"", ""196341_token_0001"", ""788_token_0001""]"
148770_3,hybrid,Điều gì khiến Đà Nẵng trở thành thành phố trực thuộc Trung ương có diện tích lớn nhất cả nước?,148770,True,"[""148770""]",6455.3843,1.0,1.0,1.0,1.0,1.0,1.0,1.0,1.0,"[""148770""]","[""148770"", ""139927"", ""104902"", ""196341"", ""134808"", ""105571"", ""247390"", ""139413"", ""1658"", ""65400"", ""788"", ""149896"", ""107672"", ""149950"", ""44313"", ""119203"", ""153825"", ""184321"", ""66408"", ""247360"", ""137244"", ""165525"", ""133755"", ""138018"", ""105697"", ""74838"", ""150864"", ""239308"", ""191329"", ""333"", ""154701""]","[""148770_token_0000"", ""139927_token_0000"", ""104902_token_0002"", ""104902_token_0003"", ""196341_token_0000"", ""134808_token_0003"", ""105571_token_0003"", ""247390_token_0000"", ""196341_token_0001"", ""139413_token_0000"", ""1658_token_0000"", ""65400_token_0001"", ""788_token_0001"", ""149896_token_0000"", ""65400_token_0000"", ""107672_token_0000"", ""149950_token_0000"", ""104902_token_0001"", ""44313_token_0000"", ""119203_token_0001"", ""139413_token_0001"", ""153825_token_0001"", ""184321_token_0000"", ""105571_token_0004"", ""105571_token_0002"", ""66408_token_0000"", ""134808_token_0000"", ""247360_token_0000"", ""1658_token_0001"", ""137244_token_0002"", ""184321_token_0003"", ""105571_token_0000"", ""134808_token_0001"", ""165525_token_0000"", ""133755_token_0001"", ""184321_token_0004"", ""138018_token_0000"", ""44313_token_0001"", ""105697_token_0000"", ""74838_token_0001"", ""104902_token_0000"", ""150864_token_0001"", ""184321_token_0001"", ""105571_token_0001"", ""239308_token_0001"", ""134808_token_0002"", ""191329_token_0001"", ""333_token_0001"", ""154701_token_0001"", ""65400_token_0002""]"
148770_4,bm25,Tòa tháp 69 tầng được kỳ vọng đóng vai trò gì đối với khu vực miền Trung?,148770,True,"[""148770""]",143.2895,1.0,1.0,1.0,1.0,1.0,1.0,1.0,1.0,"[""148770""]","[""148770"", ""149616"", ""149950"", ""66404"", ""126501"", ""122604"", ""149387"", ""208939"", ""148495"", ""154926"", ""149028"", ""79595"", ""152128"", ""104061"", ""148924"", ""42228"", ""261517"", ""378"", ""1199"", ""97616"", ""104902"", ""199730"", ""217646"", ""34344"", ""140022"", ""2060"", ""78478"", ""74945"", ""153549"", ""201272"", ""194271"", ""152999"", ""66231"", ""149321"", ""213"", ""65400"", ""52997"", ""104212"", ""148511""]","[""148770_token_0000"", ""149616_token_0001"", ""149950_token_0000"", ""66404_token_0000"", ""66404_token_0001"", ""149950_token_0001"", ""126501_token_0000"", ""122604_token_0000"", ""149387_token_0000"", ""208939_token_0000"", ""148495_token_0001"", ""154926_token_0000"", ""149028_token_0000"", ""149028_token_0001"", ""79595_token_0002"", ""152128_token_0000"", ""104061_token_0000"", ""148924_token_0000"", ""42228_token_0000"", ""261517_token_0000"", ""378_token_0000"", ""1199_token_0000"", ""97616_token_0001"", ""104902_token_0003"", ""199730_token_0001"", ""217646_token_0000"", ""34344_token_0000"", ""140022_token_0000"", ""2060_token_0002"", ""152128_token_0001"", ""42228_token_0001"", ""78478_token_0002"", ""74945_token_0000"", ""153549_token_0000"", ""149028_token_0002"", ""201272_token_0001"", ""97616_token_0000"", ""42228_token_0002"", ""194271_token_0000"", ""152999_token_0000"", ""66231_token_0000"", ""149321_token_0002"", ""213_token_0000"", ""104902_token_0001"", ""65400_token_0000"", ""52997_token_0001"", ""104212_token_0000"", ""148511_token_0000"", ""42228_token_0003"", ""74945_token_0001""]"
148770_4,dense,Tòa tháp 69 tầng được kỳ vọng đóng vai trò gì đối với khu vực miền Trung?,148770,True,"[""148770""]",6300.8781,1.0,1.0,1.0,1.0,1.0,1.0,1.0,1.0,"[""148770""]","[""148770"", ""148495"", ""148763"", ""149339"", ""151548"", ""756"", ""191899"", ""137933"", ""151247"", ""106030"", ""151666"", ""105571"", ""104902"", ""23599"", ""151158"", ""104312"", ""134646"", ""149387"", ""137863"", ""133755"", ""106996"", ""104706"", ""135147"", ""152233"", ""148973"", ""20089"", ""139447"", ""44168"", ""150302"", ""107257"", ""127062"", ""44313"", ""749"", ""65400"", ""119382"", ""262261"", ""141670"", ""27380"", ""23488""]","[""148770_token_0000"", ""148495_token_0001"", ""148763_token_0000"", ""149339_token_0000"", ""151548_token_0001"", ""756_token_0002"", ""191899_token_0000"", ""137933_token_0000"", ""151548_token_0002"", ""151247_token_0000"", ""151548_token_0000"", ""106030_token_0003"", ""151666_token_0002"", ""105571_token_0001"", ""149339_token_0002"", ""104902_token_0003"", ""23599_token_0001"", ""151158_token_0002"", ""104312_token_0000"", ""134646_token_0000"", ""149387_token_0000"", ""148763_token_0002"", ""137863_token_0001"", ""133755_token_0003"", ""149339_token_0001"", ""148495_token_0000"", ""106996_token_0002"", ""104706_token_0004"", ""756_token_0001"", ""135147_token_0001"", ""152233_token_0001"", ""756_token_0000"", ""148973_token_0002"", ""20089_token_0001"", ""139447_token_0000"", ""44168_token_0001"", ""150302_token_0001"", ""107257_token_0001"", ""127062_token_0003"", ""133755_token_0001"", ""44313_token_0000"", ""749_token_0001"", ""65400_token_0000"", ""119382_token_0001"", ""262261_token_0000"", ""141670_token_0001"", ""27380_token_0001"", ""119382_token_0000"", ""23488_token_0001"", ""23599_token_0000""]"
148770_4,hybrid,Tòa tháp 69 tầng được kỳ vọng đóng vai trò gì đối với khu vực miền Trung?,148770,True,"[""148770""]",6386.7749,1.0,1.0,1.0,1.0,1.0,1.0,1.0,1.0,"[""148770""]","[""148770"", ""148495"", ""149387"", ""104902"", ""65400"", ""149616"", ""148763"", ""149950"", ""149339"", ""66404"", ""151548"", ""756"", ""126501"", ""191899"", ""122604"", ""137933"", ""151247"", ""208939"", ""106030"", ""154926"", ""149028"", ""151666"", ""105571"", ""79595"", ""152128"", ""104061"", ""23599"", ""148924"", ""151158"", ""104312"", ""42228"", ""134646"", ""261517"", ""378"", ""1199"", ""137863"", ""97616"", ""133755"", ""199730"", ""217646"", ""106996""]","[""148770_token_0000"", ""148495_token_0001"", ""149387_token_0000"", ""104902_token_0003"", ""65400_token_0000"", ""149616_token_0001"", ""148763_token_0000"", ""149950_token_0000"", ""149339_token_0000"", ""66404_token_0000"", ""151548_token_0001"", ""66404_token_0001"", ""149950_token_0001"", ""756_token_0002"", ""126501_token_0000"", ""191899_token_0000"", ""122604_token_0000"", ""137933_token_0000"", ""151548_token_0002"", ""151247_token_0000"", ""208939_token_0000"", ""151548_token_0000"", ""106030_token_0003"", ""154926_token_0000"", ""149028_token_0000"", ""151666_token_0002"", ""105571_token_0001"", ""149028_token_0001"", ""149339_token_0002"", ""79595_token_0002"", ""152128_token_0000"", ""104061_token_0000"", ""23599_token_0001"", ""148924_token_0000"", ""151158_token_0002"", ""104312_token_0000"", ""42228_token_0000"", ""134646_token_0000"", ""261517_token_0000"", ""378_token_0000"", ""1199_token_0000"", ""148763_token_0002"", ""137863_token_0001"", ""97616_token_0001"", ""133755_token_0003"", ""149339_token_0001"", ""199730_token_0001"", ""148495_token_0000"", ""217646_token_0000"", ""106996_token_0002""]"
148770_5,bm25,Đúng hay sai: Tòa tháp trong dự án Da Nang Downtown sẽ là công trình cao nhất Việt Nam khi hoàn thành?,148770,True,"[""148770""]",184.0444,1.0,1.0,1.0,1.0,1.0,1.0,1.0,1.0,"[""148770""]","[""148770"", ""1649"", ""1199"", ""149950"", ""106030"", ""149028"", ""1204"", ""98071"", ""42228"", ""261517"", ""1122"", ""154926"", ""378"", ""149387"", ""105010"", ""154701"", ""74945"", ""149730"", ""77316"", ""78047"", ""105515"", ""77481"", ""151939"", ""149321"", ""239308"", ""102336"", ""242060"", ""196115"", ""95667"", ""9763"", ""79595"", ""148924"", ""133474"", ""22479"", ""788""]","[""148770_token_0000"", ""1649_token_0002"", ""1199_token_0002"", ""149950_token_0001"", ""1649_token_0000"", ""106030_token_0003"", ""1649_token_0001"", ""149028_token_0002"", ""149028_token_0001"", ""1204_token_0000"", ""98071_token_0000"", ""42228_token_0001"", ""261517_token_0000"", ""1122_token_0000"", ""154926_token_0000"", ""378_token_0000"", ""106030_token_0001"", ""1199_token_0000"", ""149387_token_0000"", ""378_token_0001"", ""42228_token_0000"", ""105010_token_0001"", ""154701_token_0001"", ""149950_token_0000"", ""74945_token_0000"", ""149730_token_0001"", ""1199_token_0001"", ""77316_token_0002"", ""78047_token_0000"", ""105515_token_0000"", ""77481_token_0001"", ""151939_token_0001"", ""105010_token_0000"", ""149950_token_0002"", ""1204_token_0001"", ""149321_token_0001"", ""239308_token_0000"", ""102336_token_0002"", ""242060_token_0000"", ""196115_token_0000"", ""149321_token_0002"", ""95667_token_0001"", ""106030_token_0002"", ""9763_token_0001"", ""42228_token_0002"", ""79595_token_0002"", ""148924_token_0000"", ""133474_token_0001"", ""22479_token_0000"", ""788_token_0001""]"
148770_5,dense,Đúng hay sai: Tòa tháp trong dự án Da Nang Downtown sẽ là công trình cao nhất Việt Nam khi hoàn thành?,148770,True,"[""148770""]",6278.4302,1.0,1.0,1.0,1.0,1.0,1.0,1.0,1.0,"[""148770""]","[""148770"", ""149777"", ""149950"", ""239308"", ""1649"", ""152128"", ""104706"", ""150302"", ""149366"", ""152233"", ""153214"", ""105571"", ""151247"", ""149230"", ""378"", ""78047"", ""148763"", ""1199"", ""151666"", ""107257"", ""42228"", ""139373"", ""65400"", ""148973"", ""139511"", ""197180"", ""523"", ""148786"", ""148824"", ""193"", ""149616"", ""213"", ""361"", ""151158"", ""149339"", ""788"", ""107676""]","[""148770_token_0000"", ""149777_token_0000"", ""149950_token_0001"", ""149950_token_0000"", ""239308_token_0000"", ""1649_token_0001"", ""152128_token_0001"", ""149777_token_0001"", ""1649_token_0002"", ""104706_token_0005"", ""149950_token_0002"", ""150302_token_0001"", ""149366_token_0002"", ""152233_token_0001"", ""153214_token_0000"", ""105571_token_0003"", ""151247_token_0000"", ""149230_token_0000"", ""378_token_0001"", ""78047_token_0000"", ""150302_token_0000"", ""148763_token_0000"", ""1199_token_0002"", ""1199_token_0000"", ""151666_token_0002"", ""149230_token_0002"", ""107257_token_0001"", ""42228_token_0000"", ""139373_token_0001"", ""151247_token_0001"", ""65400_token_0000"", ""1649_token_0000"", ""148973_token_0001"", ""139511_token_0000"", ""239308_token_0001"", ""197180_token_0001"", ""1199_token_0001"", ""523_token_0001"", ""148786_token_0000"", ""148824_token_0003"", ""193_token_0000"", ""149616_token_0000"", ""213_token_0001"", ""361_token_0000"", ""151158_token_0000"", ""149339_token_0000"", ""788_token_0001"", ""151158_token_0001"", ""107676_token_0002"", ""149366_token_0000""]"
148770_5,hybrid,Đúng hay sai: Tòa tháp trong dự án Da Nang Downtown sẽ là công trình cao nhất Việt Nam khi hoàn thành?,148770,True,"[""148770""]",6470.8397,1.0,1.0,1.0,1.0,1.0,1.0,1.0,1.0,"[""148770""]","[""148770"", ""149950"", ""1649"", ""1199"", ""239308"", ""378"", ""78047"", ""42228"", ""788"", ""149777"", ""106030"", ""152128"", ""149028"", ""104706"", ""1204"", ""98071"", ""150302"", ""149366"", ""261517"", ""1122"", ""152233"", ""153214"", ""154926"", ""105571"", ""151247"", ""149230"", ""149387"", ""105010"", ""148763"", ""154701"", ""151666"", ""74945"", ""149730"", ""107257"", ""77316"", ""139373"", ""105515""]","[""148770_token_0000"", ""149950_token_0001"", ""1649_token_0002"", ""1649_token_0001"", ""1199_token_0002"", ""149950_token_0000"", ""1649_token_0000"", ""239308_token_0000"", ""378_token_0001"", ""1199_token_0000"", ""149950_token_0002"", ""78047_token_0000"", ""42228_token_0000"", ""1199_token_0001"", ""788_token_0001"", ""149777_token_0000"", ""106030_token_0003"", ""152128_token_0001"", ""149028_token_0002"", ""149777_token_0001"", ""149028_token_0001"", ""104706_token_0005"", ""1204_token_0000"", ""98071_token_0000"", ""150302_token_0001"", ""42228_token_0001"", ""149366_token_0002"", ""261517_token_0000"", ""1122_token_0000"", ""152233_token_0001"", ""153214_token_0000"", ""154926_token_0000"", ""105571_token_0003"", ""378_token_0000"", ""106030_token_0001"", ""151247_token_0000"", ""149230_token_0000"", ""149387_token_0000"", ""150302_token_0000"", ""105010_token_0001"", ""148763_token_0000"", ""154701_token_0001"", ""151666_token_0002"", ""74945_token_0000"", ""149230_token_0002"", ""149730_token_0001"", ""107257_token_0001"", ""77316_token_0002"", ""139373_token_0001"", ""105515_token_0000""]"
95886_1,bm25,Dương Minh Hải là học sinh lớp 12 của trường THPT nào?,95886,True,"[""95886""]",124.8572,1.0,1.0,1.0,1.0,1.0,1.0,1.0,1.0,"[""95886""]","[""95886"", ""96845"", ""97395"", ""98690"", ""4554"", ""99067"", ""97614"", ""178415"", ""178842"", ""174553"", ""95257"", ""99632"", ""179085"", ""99611"", ""4005"", ""176388"", ""5424"", ""95813"", ""3146"", ""176353"", ""5132"", ""102186"", ""178896"", ""102981"", ""103500"", ""5081"", ""99781"", ""180089"", ""95680"", ""99099"", ""178145"", ""98585"", ""98764"", ""103812"", ""94803"", ""178303"", ""96872"", ""5448"", ""3837"", ""4489""]","[""95886_token_0000"", ""96845_token_0000"", ""97395_token_0000"", ""98690_token_0000"", ""4554_token_0001"", ""99067_token_0000"", ""97395_token_0001"", ""98690_token_0002"", ""97614_token_0000"", ""97395_token_0002"", ""178415_token_0000"", ""178842_token_0000"", ""174553_token_0000"", ""95257_token_0000"", ""96845_token_0002"", ""99632_token_0001"", ""179085_token_0000"", ""99611_token_0000"", ""4005_token_0002"", ""96845_token_0001"", ""176388_token_0001"", ""5424_token_0000"", ""95813_token_0000"", ""176388_token_0002"", ""3146_token_0000"", ""176353_token_0000"", ""99067_token_0001"", ""5132_token_0000"", ""102186_token_0000"", ""178896_token_0001"", ""102981_token_0001"", ""99632_token_0002"", ""102981_token_0002"", ""103500_token_0000"", ""5081_token_0000"", ""99781_token_0000"", ""99632_token_0000"", ""180089_token_0000"", ""95680_token_0001"", ""99099_token_0002"", ""178145_token_0001"", ""98585_token_0002"", ""98764_token_0000"", ""103812_token_0000"", ""94803_token_0000"", ""178303_token_0000"", ""96872_token_0002"", ""5448_token_0000"", ""3837_token_0000"", ""4489_token_0001""]"
95886_1,dense,Dương Minh Hải là học sinh lớp 12 của trường THPT nào?,95886,True,"[""95886""]",6274.6645,0.0,0.0,0.0,0.0,0.0,0.0,0.0,0.0,"[""95886""]","[""172049"", ""98585"", ""95346"", ""99785"", ""5081"", ""176388"", ""165244"", ""103025"", ""99067"", ""174553"", ""179162"", ""102222"", ""93561"", ""103500"", ""96749"", ""175898"", ""95257"", ""102678"", ""95886"", ""102186"", ""96845"", ""175599"", ""5905"", ""98359"", ""97395"", ""99632"", ""100917"", ""13844"", ""97173"", ""99268"", ""101740"", ""98886"", ""98690"", ""180215"", ""7968"", ""165320"", ""81826""]","[""172049_token_0001"", ""98585_token_0000"", ""172049_token_0000"", ""98585_token_0002"", ""95346_token_0001"", ""99785_token_0003"", ""98585_token_0001"", ""5081_token_0000"", ""176388_token_0001"", ""165244_token_0001"", ""165244_token_0000"", ""103025_token_0001"", ""99067_token_0001"", ""174553_token_0000"", ""179162_token_0000"", ""102222_token_0001"", ""93561_token_0001"", ""176388_token_0000"", ""103500_token_0000"", ""96749_token_0000"", ""99785_token_0004"", ""175898_token_0000"", ""99785_token_0000"", ""95257_token_0001"", ""102678_token_0001"", ""95886_token_0000"", ""102186_token_0000"", ""102222_token_0000"", ""96845_token_0002"", ""176388_token_0002"", ""175599_token_0001"", ""5905_token_0001"", ""98359_token_0000"", ""97395_token_0000"", ""99632_token_0000"", ""103500_token_0001"", ""100917_token_0000"", ""13844_token_0001"", ""97173_token_0000"", ""99268_token_0000"", ""101740_token_0000"", ""99067_token_0000"", ""98886_token_0002"", ""98690_token_0001"", ""103500_token_0002"", ""180215_token_0000"", ""7968_token_0001"", ""165320_token_0001"", ""175599_token_0000"", ""81826_token_0000""]"
95886_1,hybrid,Dương Minh Hải là học sinh lớp 12 của trường THPT nào?,95886,True,"[""95886""]",6384.2559,1.0,1.0,1.0,1.0,1.0,1.0,1.0,1.0,"[""95886""]","[""95886"", ""174553"", ""176388"", ""97395"", ""98585"", ""5081"", ""99067"", ""96845"", ""103500"", ""102186"", ""99632"", ""172049"", ""98690"", ""4554"", ""95346"", ""99785"", ""97614"", ""165244"", ""178415"", ""103025"", ""178842"", ""95257"", ""179162"", ""102222"", ""179085"", ""93561"", ""99611"", ""4005"", ""96749"", ""175898"", ""5424"", ""95813"", ""102678"", ""3146""]","[""95886_token_0000"", ""174553_token_0000"", ""176388_token_0001"", ""97395_token_0000"", ""98585_token_0002"", ""5081_token_0000"", ""99067_token_0001"", ""99067_token_0000"", ""96845_token_0002"", ""103500_token_0000"", ""176388_token_0002"", ""102186_token_0000"", ""99632_token_0000"", ""172049_token_0001"", ""96845_token_0000"", ""98585_token_0000"", ""172049_token_0000"", ""98690_token_0000"", ""4554_token_0001"", ""95346_token_0001"", ""99785_token_0003"", ""97395_token_0001"", ""98585_token_0001"", ""98690_token_0002"", ""97614_token_0000"", ""165244_token_0001"", ""97395_token_0002"", ""165244_token_0000"", ""178415_token_0000"", ""103025_token_0001"", ""178842_token_0000"", ""95257_token_0000"", ""179162_token_0000"", ""102222_token_0001"", ""99632_token_0001"", ""179085_token_0000"", ""93561_token_0001"", ""176388_token_0000"", ""99611_token_0000"", ""4005_token_0002"", ""96749_token_0000"", ""96845_token_0001"", ""99785_token_0004"", ""175898_token_0000"", ""5424_token_0000"", ""95813_token_0000"", ""99785_token_0000"", ""95257_token_0001"", ""102678_token_0001"", ""3146_token_0000""]"
95886_2,bm25,Chương trình tư vấn truyền hình trực tuyến của Báo Thanh Niên về chọn ngành đăng ký xét tuyển diễn ra với những nội dung chính nào?,95886,True,"[""95886""]",205.0704,0.0,0.0,0.0,0.0,0.0,0.0,0.0,0.0,"[""95886""]","[""103465"", ""94973"", ""103521"", ""102479"", ""102742"", ""102603"", ""102573"", ""103927"", ""95284"", ""94913"", ""103139"", ""95298"", ""94729"", ""95257"", ""103751"", ""95381"", ""95886"", ""3395"", ""4554"", ""95693"", ""103047"", ""3422"", ""99308"", ""3285"", ""102826"", ""99632"", ""3940"", ""143697"", ""102842""]","[""103465_token_0000"", ""94973_token_0000"", ""103521_token_0000"", ""102479_token_0000"", ""102742_token_0000"", ""102742_token_0003"", ""102603_token_0000"", ""102742_token_0004"", ""102479_token_0004"", ""102479_token_0005"", ""102573_token_0001"", ""102573_token_0000"", ""103927_token_0000"", ""95284_token_0000"", ""94913_token_0002"", ""102742_token_0002"", ""103139_token_0000"", ""95298_token_0000"", ""102479_token_0003"", ""94913_token_0001"", ""102573_token_0002"", ""94729_token_0000"", ""95298_token_0001"", ""95257_token_0000"", ""103751_token_0000"", ""102742_token_0001"", ""95381_token_0002"", ""95886_token_0000"", ""3395_token_0000"", ""102479_token_0001"", ""4554_token_0001"", ""102479_token_0002"", ""95693_token_0000"", ""102603_token_0001"", ""103047_token_0000"", ""3395_token_0001"", ""3422_token_0002"", ""99308_token_0000"", ""3285_token_0000"", ""3395_token_0002"", ""102826_token_0004"", ""3422_token_0000"", ""103139_token_0001"", ""4554_token_0002"", ""94913_token_0000"", ""99632_token_0000"", ""3940_token_0002"", ""143697_token_0000"", ""102842_token_0000"", ""102826_token_0003""]"
95886_2,dense,Chương trình tư vấn truyền hình trực tuyến của Báo Thanh Niên về chọn ngành đăng ký xét tuyển diễn ra với những nội dung chính nào?,95886,True,"[""95886""]",6665.3885,0.0,0.0,0.0,0.0,0.0,0.0,0.0,0.0,"[""95886""]","[""94973"", ""103521"", ""103465"", ""102742"", ""94913"", ""102573"", ""101740"", ""98836"", ""95693"", ""4738"", ""95257"", ""102603"", ""97173"", ""94788"", ""95886"", ""95284"", ""99630"", ""95804"", ""99016"", ""94729"", ""99308"", ""3940"", ""103927"", ""79021"", ""102479"", ""95414"", ""102486"", ""95057"", ""98645"", ""3395""]","[""94973_token_0000"", ""103521_token_0000"", ""103465_token_0000"", ""102742_token_0000"", ""94913_token_0000"", ""102742_token_0004"", ""102573_token_0000"", ""94913_token_0001"", ""101740_token_0000"", ""98836_token_0000"", ""94913_token_0002"", ""102742_token_0001"", ""95693_token_0000"", ""4738_token_0001"", ""95257_token_0000"", ""95257_token_0001"", ""102573_token_0001"", ""102603_token_0000"", ""97173_token_0000"", ""102573_token_0002"", ""94973_token_0005"", ""94788_token_0000"", ""102742_token_0003"", ""95886_token_0000"", ""95284_token_0000"", ""99630_token_0000"", ""95804_token_0000"", ""99016_token_0000"", ""95284_token_0001"", ""102742_token_0002"", ""94973_token_0004"", ""94729_token_0000"", ""94973_token_0001"", ""4738_token_0002"", ""99308_token_0001"", ""3940_token_0002"", ""4738_token_0003"", ""103927_token_0000"", ""102603_token_0003"", ""94973_token_0002"", ""79021_token_0001"", ""102479_token_0003"", ""101740_token_0001"", ""95414_token_0001"", ""102486_token_0001"", ""95057_token_0000"", ""102603_token_0002"", ""3940_token_0001"", ""98645_token_0000"", ""3395_token_0000""]"
95886_2,hybrid,Chương trình tư vấn truyền hình trực tuyến của Báo Thanh Niên về chọn ngành đăng ký xét tuyển diễn ra với những nội dung chính nào?,95886,True,"[""95886""]",6502.0694,0.0,0.0,0.0,0.0,0.0,0.0,0.0,0.0,"[""95886""]","[""94973"", ""103465"", ""103521"", ""102742"", ""102573"", ""102603"", ""94913"", ""95284"", ""95257"", ""95693"", ""103927"", ""95886"", ""94729"", ""102479"", ""3395"", ""3940"", ""101740"", ""98836"", ""4738"", ""103139"", ""95298"", ""97173"", ""94788"", ""103751"", ""99630"", ""95381"", ""95804"", ""99016"", ""4554""]","[""94973_token_0000"", ""103465_token_0000"", ""103521_token_0000"", ""102742_token_0000"", ""102742_token_0004"", ""102573_token_0000"", ""102603_token_0000"", ""94913_token_0002"", ""94913_token_0001"", ""102742_token_0003"", ""102573_token_0001"", ""102742_token_0001"", ""95284_token_0000"", ""95257_token_0000"", ""94913_token_0000"", ""102573_token_0002"", ""95693_token_0000"", ""102742_token_0002"", ""103927_token_0000"", ""95886_token_0000"", ""94729_token_0000"", ""102479_token_0003"", ""3395_token_0000"", ""3940_token_0002"", ""102479_token_0000"", ""101740_token_0000"", ""102479_token_0004"", ""102479_token_0005"", ""98836_token_0000"", ""4738_token_0001"", ""95257_token_0001"", ""103139_token_0000"", ""95298_token_0000"", ""97173_token_0000"", ""94973_token_0005"", ""94788_token_0000"", ""95298_token_0001"", ""103751_token_0000"", ""99630_token_0000"", ""95381_token_0002"", ""95804_token_0000"", ""99016_token_0000"", ""95284_token_0001"", ""102479_token_0001"", ""4554_token_0001"", ""94973_token_0004"", ""102479_token_0002"", ""94973_token_0001"", ""102603_token_0001"", ""4738_token_0002""]"
95886_3,bm25,Vì sao ngành quản lý tài nguyên và môi trường dù không phải ngành 'hot' nhưng vẫn có cơ hội việc làm tốt sau khi tốt nghiệp?,95886,True,"[""95886""]",228.5521,1.0,1.0,1.0,1.0,1.0,1.0,1.0,1.0,"[""95886""]","[""95886"", ""102742"", ""95298"", ""94973"", ""175543"", ""102479"", ""102486"", ""95490"", ""103927"", ""100866"", ""177358"", ""151193"", ""102603"", ""96165"", ""96252"", ""95202"", ""103751"", ""3359"", ""97239"", ""180510"", ""180525"", ""178498"", ""103047"", ""42347"", ""95393"", ""175918"", ""103657"", ""3559"", ""25105"", ""94684"", ""259534"", ""6124""]","[""95886_token_0000"", ""102742_token_0003"", ""95886_token_0001"", ""95298_token_0000"", ""94973_token_0003"", ""175543_token_0000"", ""102479_token_0004"", ""102742_token_0002"", ""102486_token_0002"", ""102479_token_0003"", ""94973_token_0002"", ""95490_token_0000"", ""103927_token_0003"", ""100866_token_0000"", ""177358_token_0000"", ""103927_token_0002"", ""151193_token_0000"", ""102479_token_0002"", ""102742_token_0001"", ""102603_token_0003"", ""96165_token_0002"", ""96252_token_0000"", ""95202_token_0001"", ""102603_token_0002"", ""103751_token_0001"", ""3359_token_0001"", ""97239_token_0002"", ""180510_token_0002"", ""180525_token_0001"", ""96165_token_0001"", ""178498_token_0001"", ""103047_token_0001"", ""103927_token_0004"", ""180525_token_0000"", ""94973_token_0001"", ""102486_token_0000"", ""103751_token_0000"", ""94973_token_0004"", ""42347_token_0002"", ""95393_token_0001"", ""175918_token_0000"", ""103657_token_0000"", ""102742_token_0004"", ""3559_token_0000"", ""25105_token_0000"", ""103047_token_0000"", ""94684_token_0000"", ""259534_token_0001"", ""94684_token_0001"", ""6124_token_0000""]"
95886_3,dense,Vì sao ngành quản lý tài nguyên và môi trường dù không phải ngành 'hot' nhưng vẫn có cơ hội việc làm tốt sau khi tốt nghiệp?,95886,True,"[""95886""]",6301.8544,1.0,1.0,1.0,1.0,1.0,1.0,1.0,1.0,"[""95886""]","[""95886"", ""102742"", ""103751"", ""95490"", ""103139"", ""175543"", ""94788"", ""42347"", ""103465"", ""180510"", ""3559"", ""102486"", ""178498"", ""6066"", ""43393"", ""100866"", ""4738"", ""96717"", ""172958"", ""95298"", ""103812"", ""95202"", ""4938"", ""95693"", ""46726"", ""94973"", ""103047"", ""195518"", ""95393"", ""94684""]","[""95886_token_0000"", ""102742_token_0003"", ""103751_token_0001"", ""95490_token_0000"", ""102742_token_0002"", ""103139_token_0000"", ""102742_token_0001"", ""95490_token_0001"", ""175543_token_0000"", ""103751_token_0000"", ""94788_token_0001"", ""42347_token_0003"", ""103465_token_0000"", ""42347_token_0001"", ""42347_token_0002"", ""180510_token_0001"", ""103139_token_0002"", ""3559_token_0002"", ""102486_token_0001"", ""178498_token_0001"", ""103139_token_0001"", ""103139_token_0004"", ""6066_token_0001"", ""102486_token_0002"", ""43393_token_0003"", ""100866_token_0000"", ""4738_token_0002"", ""42347_token_0000"", ""96717_token_0000"", ""103139_token_0003"", ""102742_token_0000"", ""172958_token_0001"", ""172958_token_0000"", ""95298_token_0000"", ""103812_token_0002"", ""95202_token_0001"", ""4938_token_0001"", ""95693_token_0000"", ""46726_token_0000"", ""94973_token_0004"", ""103047_token_0001"", ""195518_token_0003"", ""95393_token_0001"", ""180510_token_0000"", ""95393_token_0000"", ""43393_token_0001"", ""94684_token_0001"", ""42347_token_0004"", ""3559_token_0001"", ""94684_token_0002""]"
95886_3,hybrid,Vì sao ngành quản lý tài nguyên và môi trường dù không phải ngành 'hot' nhưng vẫn có cơ hội việc làm tốt sau khi tốt nghiệp?,95886,True,"[""95886""]",6481.0139,1.0,1.0,1.0,1.0,1.0,1.0,1.0,1.0,"[""95886""]","[""95886"", ""102742"", ""175543"", ""95490"", ""103751"", ""102486"", ""95298"", ""100866"", ""178498"", ""42347"", ""95202"", ""103047"", ""94973"", ""95393"", ""94684"", ""103139"", ""102479"", ""94788"", ""103465"", ""103927"", ""177358"", ""180510"", ""151193"", ""3559"", ""102603"", ""96165"", ""96252"", ""6066"", ""43393"", ""3359"", ""4738"", ""97239""]","[""95886_token_0000"", ""102742_token_0003"", ""102742_token_0002"", ""175543_token_0000"", ""95490_token_0000"", ""103751_token_0001"", ""102742_token_0001"", ""102486_token_0002"", ""95298_token_0000"", ""100866_token_0000"", ""103751_token_0000"", ""178498_token_0001"", ""42347_token_0002"", ""95202_token_0001"", ""103047_token_0001"", ""94973_token_0004"", ""95393_token_0001"", ""94684_token_0001"", ""95886_token_0001"", ""94973_token_0003"", ""103139_token_0000"", ""102479_token_0004"", ""95490_token_0001"", ""102479_token_0003"", ""94788_token_0001"", ""94973_token_0002"", ""42347_token_0003"", ""103465_token_0000"", ""103927_token_0003"", ""42347_token_0001"", ""177358_token_0000"", ""103927_token_0002"", ""180510_token_0001"", ""103139_token_0002"", ""151193_token_0000"", ""102479_token_0002"", ""3559_token_0002"", ""102486_token_0001"", ""102603_token_0003"", ""103139_token_0001"", ""96165_token_0002"", ""103139_token_0004"", ""96252_token_0000"", ""6066_token_0001"", ""102603_token_0002"", ""43393_token_0003"", ""3359_token_0001"", ""4738_token_0002"", ""97239_token_0002"", ""180510_token_0002""]"
95886_4,bm25,Thí sinh nên làm gì khi ngành yêu thích có điểm chuẩn quá cao so với khả năng của mình?,95886,True,"[""95886""]",178.4644,1.0,1.0,1.0,1.0,1.0,1.0,1.0,1.0,"[""95886""]","[""95886"", ""103047"", ""102479"", ""4226"", ""177467"", ""103927"", ""103215"", ""102194"", ""3325"", ""102396"", ""102742"", ""177592"", ""180752"", ""2383"", ""102981"", ""181196"", ""103242"", ""178842"", ""102826"", ""103848"", ""103534"", ""177452"", ""4183"", ""95433"", ""103139"", ""102603"", ""103751"", ""103457"", ""179963"", ""6804""]","[""95886_token_0001"", ""95886_token_0000"", ""103047_token_0000"", ""103047_token_0001"", ""102479_token_0004"", ""4226_token_0001"", ""102479_token_0005"", ""102479_token_0003"", ""177467_token_0004"", ""102479_token_0000"", ""103047_token_0002"", ""4226_token_0000"", ""103927_token_0004"", ""103215_token_0000"", ""102194_token_0000"", ""103927_token_0003"", ""3325_token_0000"", ""102396_token_0000"", ""102479_token_0002"", ""102742_token_0001"", ""177592_token_0001"", ""180752_token_0001"", ""177467_token_0000"", ""2383_token_0000"", ""177467_token_0001"", ""4226_token_0002"", ""102981_token_0001"", ""180752_token_0000"", ""181196_token_0000"", ""103242_token_0000"", ""103927_token_0002"", ""178842_token_0000"", ""102826_token_0003"", ""103848_token_0000"", ""103534_token_0000"", ""177452_token_0000"", ""102981_token_0002"", ""4183_token_0000"", ""177592_token_0000"", ""177467_token_0003"", ""95433_token_0003"", ""177452_token_0001"", ""103139_token_0001"", ""95433_token_0002"", ""102603_token_0002"", ""102742_token_0003"", ""103751_token_0000"", ""103457_token_0000"", ""179963_token_0000"", ""6804_token_0003""]"
95886_4,dense,Thí sinh nên làm gì khi ngành yêu thích có điểm chuẩn quá cao so với khả năng của mình?,95886,True,"[""95886""]",6396.8596,1.0,1.0,1.0,1.0,1.0,1.0,1.0,1.0,"[""95886""]","[""95886"", ""103927"", ""103047"", ""177467"", ""102603"", ""180752"", ""4226"", ""102479"", ""102194"", ""180525"", ""3395"", ""94973"", ""177479"", ""103583"", ""102486"", ""102186"", ""4371"", ""103215"", ""175543"", ""102826"", ""177452"", ""3422"", ""179621"", ""103690"", ""175910""]","[""95886_token_0001"", ""95886_token_0000"", ""103927_token_0003"", ""103047_token_0001"", ""177467_token_0002"", ""102603_token_0002"", ""177467_token_0001"", ""180752_token_0001"", ""102603_token_0003"", ""4226_token_0001"", ""177467_token_0000"", ""102479_token_0004"", ""103047_token_0000"", ""177467_token_0004"", ""102479_token_0003"", ""103927_token_0002"", ""103927_token_0004"", ""102194_token_0001"", ""102479_token_0000"", ""180525_token_0000"", ""103927_token_0001"", ""180525_token_0002"", ""102479_token_0005"", ""3395_token_0001"", ""94973_token_0003"", ""177479_token_0000"", ""103583_token_0001"", ""4226_token_0000"", ""3395_token_0000"", ""102479_token_0001"", ""102486_token_0000"", ""102186_token_0000"", ""4371_token_0001"", ""102194_token_0000"", ""102603_token_0000"", ""177467_token_0003"", ""103215_token_0000"", ""175543_token_0000"", ""177479_token_0001"", ""102826_token_0000"", ""4371_token_0002"", ""177452_token_0002"", ""103927_token_0000"", ""3422_token_0002"", ""179621_token_0001"", ""103690_token_0001"", ""175543_token_0001"", ""180752_token_0002"", ""175910_token_0003"", ""180752_token_0000""]"
95886_4,hybrid,Thí sinh nên làm gì khi ngành yêu thích có điểm chuẩn quá cao so với khả năng của mình?,95886,True,"[""95886""]",6400.5599,1.0,1.0,1.0,1.0,1.0,1.0,1.0,1.0,"[""95886""]","[""95886"", ""103047"", ""4226"", ""102479"", ""103927"", ""177467"", ""180752"", ""102603"", ""102194"", ""103215"", ""3325"", ""102396"", ""102742"", ""180525"", ""177592"", ""2383"", ""3395"", ""94973"", ""177479"", ""102981"", ""103583"", ""181196"", ""103242"", ""102486"", ""102186"", ""178842"", ""102826"", ""4371""]","[""95886_token_0001"", ""95886_token_0000"", ""103047_token_0001"", ""103047_token_0000"", ""4226_token_0001"", ""102479_token_0004"", ""103927_token_0003"", ""102479_token_0003"", ""177467_token_0004"", ""102479_token_0005"", ""102479_token_0000"", ""180752_token_0001"", ""177467_token_0001"", ""103927_token_0004"", ""177467_token_0000"", ""4226_token_0000"", ""102603_token_0002"", ""103927_token_0002"", ""102194_token_0000"", ""103215_token_0000"", ""180752_token_0000"", ""177467_token_0003"", ""177467_token_0002"", ""102603_token_0003"", ""103047_token_0002"", ""3325_token_0000"", ""102194_token_0001"", ""102396_token_0000"", ""102479_token_0002"", ""102742_token_0001"", ""180525_token_0000"", ""103927_token_0001"", ""177592_token_0001"", ""180525_token_0002"", ""2383_token_0000"", ""3395_token_0001"", ""94973_token_0003"", ""177479_token_0000"", ""4226_token_0002"", ""102981_token_0001"", ""103583_token_0001"", ""181196_token_0000"", ""3395_token_0000"", ""102479_token_0001"", ""103242_token_0000"", ""102486_token_0000"", ""102186_token_0000"", ""178842_token_0000"", ""102826_token_0003"", ""4371_token_0001""]"
95886_5,bm25,"Đúng hay sai: Theo quy định hiện hành, thí sinh chỉ được đăng ký tối đa 5 nguyện vọng xét tuyển đại học?",95886,True,"[""95886""]",187.3858,0.0,0.0,0.0,0.0,0.0,0.0,0.0,0.0,"[""95886""]","[""2727"", ""4554"", ""4584"", ""177851"", ""178937"", ""95478"", ""3395"", ""3410"", ""180064"", ""2648"", ""179786"", ""177644"", ""4371"", ""102826"", ""179906"", ""2470"", ""3422"", ""177700"", ""177386"", ""179667"", ""179011"", ""3826"", ""102479"", ""177379"", ""178842"", ""180237"", ""94850"", ""102194"", ""4640"", ""95381"", ""180340"", ""4376"", ""102486"", ""95873""]","[""2727_token_0001"", ""4554_token_0000"", ""4584_token_0000"", ""177851_token_0000"", ""178937_token_0000"", ""95478_token_0000"", ""2727_token_0002"", ""3395_token_0000"", ""4554_token_0002"", ""4554_token_0001"", ""3410_token_0002"", ""180064_token_0000"", ""2727_token_0000"", ""2648_token_0002"", ""4584_token_0001"", ""179786_token_0004"", ""177644_token_0000"", ""4371_token_0002"", ""102826_token_0000"", ""179906_token_0000"", ""2470_token_0001"", ""3422_token_0002"", ""177700_token_0000"", ""177386_token_0000"", ""4371_token_0001"", ""179667_token_0000"", ""179011_token_0000"", ""3826_token_0000"", ""179786_token_0003"", ""102479_token_0005"", ""2648_token_0000"", ""2470_token_0000"", ""177379_token_0000"", ""3422_token_0000"", ""178842_token_0000"", ""180237_token_0000"", ""94850_token_0000"", ""3395_token_0001"", ""102194_token_0001"", ""4640_token_0000"", ""177379_token_0001"", ""95381_token_0000"", ""180340_token_0001"", ""3395_token_0002"", ""4376_token_0000"", ""102486_token_0000"", ""102479_token_0001"", ""95873_token_0002"", ""102194_token_0000"", ""3422_token_0001""]"
95886_5,dense,"Đúng hay sai: Theo quy định hiện hành, thí sinh chỉ được đăng ký tối đa 5 nguyện vọng xét tuyển đại học?",95886,True,"[""95886""]",6253.2124,0.0,0.0,0.0,0.0,0.0,0.0,0.0,0.0,"[""95886""]","[""3395"", ""102194"", ""3422"", ""4554"", ""180064"", ""95381"", ""3024"", ""103139"", ""177467"", ""102603"", ""95138"", ""103047"", ""177644"", ""2727"", ""2470"", ""94850"", ""3226"", ""177851"", ""4640"", ""180752"", ""102479"", ""94973"", ""103052"", ""4371"", ""96798"", ""103610"", ""102486"", ""103583""]","[""3395_token_0000"", ""3395_token_0001"", ""102194_token_0000"", ""3422_token_0000"", ""3395_token_0002"", ""4554_token_0000"", ""3422_token_0002"", ""3422_token_0003"", ""180064_token_0000"", ""95381_token_0001"", ""3024_token_0001"", ""3024_token_0000"", ""3422_token_0001"", ""180064_token_0001"", ""103139_token_0002"", ""177467_token_0002"", ""102603_token_0000"", ""102194_token_0001"", ""95138_token_0001"", ""103047_token_0000"", ""177644_token_0000"", ""95381_token_0000"", ""2727_token_0002"", ""2470_token_0001"", ""102603_token_0003"", ""102603_token_0002"", ""177644_token_0001"", ""94850_token_0001"", ""3226_token_0001"", ""2727_token_0000"", ""177851_token_0000"", ""95381_token_0002"", ""177467_token_0001"", ""102603_token_0004"", ""177467_token_0003"", ""102603_token_0001"", ""4640_token_0000"", ""180752_token_0002"", ""102479_token_0003"", ""94973_token_0002"", ""103052_token_0002"", ""2470_token_0000"", ""4371_token_0001"", ""96798_token_0000"", ""103610_token_0002"", ""102486_token_0000"", ""103583_token_0000"", ""103139_token_0004"", ""103583_token_0002"", ""2727_token_0001""]"
95886_5,hybrid,"Đúng hay sai: Theo quy định hiện hành, thí sinh chỉ được đăng ký tối đa 5 nguyện vọng xét tuyển đại học?",95886,True,"[""95886""]",6501.1317,0.0,0.0,0.0,0.0,0.0,0.0,0.0,0.0,"[""95886""]","[""4554"", ""3395"", ""180064"", ""3422"", ""2727"", ""177851"", ""177644"", ""102194"", ""2470"", ""95381"", ""4371"", ""4640"", ""102486"", ""4584"", ""178937"", ""95478"", ""3024"", ""3410"", ""2648"", ""103139"", ""177467"", ""179786"", ""102603"", ""102826"", ""95138"", ""103047"", ""179906"", ""177700"", ""177386"", ""179667"", ""179011""]","[""4554_token_0000"", ""3395_token_0000"", ""180064_token_0000"", ""3422_token_0002"", ""2727_token_0002"", ""177851_token_0000"", ""3395_token_0001"", ""3422_token_0000"", ""2727_token_0001"", ""177644_token_0000"", ""102194_token_0000"", ""3395_token_0002"", ""2727_token_0000"", ""2470_token_0001"", ""102194_token_0001"", ""3422_token_0001"", ""95381_token_0000"", ""4371_token_0001"", ""2470_token_0000"", ""4640_token_0000"", ""102486_token_0000"", ""4584_token_0000"", ""178937_token_0000"", ""95478_token_0000"", ""3422_token_0003"", ""4554_token_0002"", ""4554_token_0001"", ""95381_token_0001"", ""3024_token_0001"", ""3410_token_0002"", ""3024_token_0000"", ""180064_token_0001"", ""2648_token_0002"", ""103139_token_0002"", ""4584_token_0001"", ""177467_token_0002"", ""179786_token_0004"", ""102603_token_0000"", ""4371_token_0002"", ""102826_token_0000"", ""95138_token_0001"", ""103047_token_0000"", ""179906_token_0000"", ""177700_token_0000"", ""177386_token_0000"", ""102603_token_0003"", ""102603_token_0002"", ""179667_token_0000"", ""177644_token_0001"", ""179011_token_0000""]"
106745_1,bm25,Hộ kinh doanh bán lẻ thủy sản tươi sống có doanh thu cao nhất thuộc địa bàn Chi cục Thuế khu vực nào?,106745,True,"[""106745""]",164.9404,1.0,1.0,1.0,1.0,1.0,1.0,1.0,1.0,"[""106745""]","[""106745"", ""190743"", ""190604"", ""183533"", ""105864"", ""23558"", ""26011"", ""112637"", ""203200"", ""106486"", ""24069"", ""183534"", ""106547"", ""22022"", ""107330"", ""200786"", ""99856"", ""22775"", ""203172"", ""17942"", ""107866"", ""133991"", ""237734"", ""46388"", ""107504"", ""104626"", ""106679""]","[""106745_token_0000"", ""106745_token_0001"", ""190743_token_0000"", ""190743_token_0001"", ""190604_token_0000"", ""183533_token_0001"", ""105864_token_0001"", ""23558_token_0013"", ""26011_token_0001"", ""23558_token_0008"", ""26011_token_0000"", ""112637_token_0001"", ""203200_token_0000"", ""106486_token_0001"", ""183533_token_0000"", ""106745_token_0003"", ""106486_token_0002"", ""24069_token_0002"", ""183534_token_0000"", ""106547_token_0001"", ""106486_token_0000"", ""24069_token_0001"", ""22022_token_0000"", ""106486_token_0004"", ""106547_token_0000"", ""24069_token_0000"", ""107330_token_0003"", ""106486_token_0003"", ""190604_token_0001"", ""200786_token_0000"", ""23558_token_0007"", ""99856_token_0002"", ""22775_token_0001"", ""203172_token_0000"", ""105864_token_0002"", ""106745_token_0002"", ""23558_token_0006"", ""17942_token_0001"", ""23558_token_0009"", ""107866_token_0000"", ""23558_token_0014"", ""133991_token_0000"", ""23558_token_0002"", ""237734_token_0000"", ""46388_token_0000"", ""203200_token_0001"", ""107504_token_0000"", ""104626_token_0000"", ""106679_token_0001"", ""23558_token_0000""]"
106745_1,dense,Hộ kinh doanh bán lẻ thủy sản tươi sống có doanh thu cao nhất thuộc địa bàn Chi cục Thuế khu vực nào?,106745,True,"[""106745""]",6824.0868,1.0,1.0,1.0,1.0,1.0,1.0,1.0,1.0,"[""106745""]","[""106745"", ""106547"", ""106486"", ""203200"", ""105864"", ""106679"", ""109723"", ""183533"", ""23558"", ""24069"", ""201648"", ""19621"", ""19882"", ""258447"", ""190743"", ""198946"", ""202002"", ""257897"", ""23488"", ""181519"", ""77679"", ""112637"", ""22022"", ""196772"", ""261723"", ""197180""]","[""106745_token_0001"", ""106745_token_0000"", ""106547_token_0001"", ""106486_token_0000"", ""106547_token_0000"", ""203200_token_0001"", ""105864_token_0002"", ""106745_token_0003"", ""106679_token_0000"", ""203200_token_0000"", ""106745_token_0004"", ""109723_token_0001"", ""183533_token_0001"", ""106486_token_0004"", ""23558_token_0013"", ""106486_token_0002"", ""24069_token_0002"", ""105864_token_0001"", ""183533_token_0000"", ""106486_token_0003"", ""24069_token_0001"", ""201648_token_0000"", ""19621_token_0000"", ""106745_token_0002"", ""106679_token_0001"", ""23558_token_0012"", ""105864_token_0000"", ""24069_token_0000"", ""106486_token_0001"", ""19621_token_0003"", ""23558_token_0003"", ""109723_token_0000"", ""201648_token_0001"", ""23558_token_0005"", ""19882_token_0000"", ""258447_token_0000"", ""203200_token_0002"", ""190743_token_0000"", ""19621_token_0001"", ""198946_token_0000"", ""202002_token_0001"", ""257897_token_0002"", ""23488_token_0000"", ""181519_token_0002"", ""77679_token_0000"", ""112637_token_0003"", ""22022_token_0000"", ""196772_token_0001"", ""261723_token_0000"", ""197180_token_0001""]"
106745_1,hybrid,Hộ kinh doanh bán lẻ thủy sản tươi sống có doanh thu cao nhất thuộc địa bàn Chi cục Thuế khu vực nào?,106745,True,"[""106745""]",6409.1818,1.0,1.0,1.0,1.0,1.0,1.0,1.0,1.0,"[""106745""]","[""106745"", ""183533"", ""106547"", ""23558"", ""203200"", ""106486"", ""105864"", ""190743"", ""24069"", ""22022"", ""106679"", ""190604"", ""26011"", ""109723"", ""112637"", ""183534"", ""201648"", ""19621"", ""107330"", ""200786"", ""99856"", ""22775"", ""203172""]","[""106745_token_0000"", ""106745_token_0001"", ""183533_token_0001"", ""106547_token_0001"", ""23558_token_0013"", ""203200_token_0000"", ""106486_token_0000"", ""106745_token_0003"", ""105864_token_0001"", ""106547_token_0000"", ""106486_token_0002"", ""190743_token_0000"", ""183533_token_0000"", ""24069_token_0002"", ""105864_token_0002"", ""106486_token_0004"", ""106486_token_0001"", ""203200_token_0001"", ""24069_token_0001"", ""106486_token_0003"", ""24069_token_0000"", ""106745_token_0002"", ""22022_token_0000"", ""106679_token_0001"", ""190743_token_0001"", ""190604_token_0000"", ""106679_token_0000"", ""26011_token_0001"", ""23558_token_0008"", ""106745_token_0004"", ""26011_token_0000"", ""109723_token_0001"", ""112637_token_0001"", ""183534_token_0000"", ""201648_token_0000"", ""19621_token_0000"", ""23558_token_0012"", ""105864_token_0000"", ""107330_token_0003"", ""190604_token_0001"", ""19621_token_0003"", ""200786_token_0000"", ""23558_token_0003"", ""23558_token_0007"", ""109723_token_0000"", ""99856_token_0002"", ""201648_token_0001"", ""22775_token_0001"", ""203172_token_0000"", ""23558_token_0005""]"
106745_2,bm25,Thực trạng nộp thuế của các hộ kinh doanh có doanh thu hàng trăm tỉ đồng tại Việt Nam hiện nay diễn ra như thế nào?,106745,True,"[""106745""]",202.8716,1.0,1.0,1.0,1.0,1.0,1.0,1.0,1.0,"[""106745""]","[""106745"", ""19621"", ""56309"", ""23660"", ""106486"", ""105864"", ""200786"", ""104626"", ""23558"", ""24069"", ""27022"", ""26011"", ""99856"", ""112637"", ""22022"", ""190743"", ""21336"", ""190604"", ""183533"", ""200439"", ""112177"", ""196166"", ""23143""]","[""106745_token_0001"", ""106745_token_0000"", ""19621_token_0001"", ""56309_token_0000"", ""23660_token_0003"", ""106486_token_0004"", ""105864_token_0001"", ""106486_token_0001"", ""200786_token_0000"", ""104626_token_0000"", ""106745_token_0003"", ""23558_token_0013"", ""24069_token_0000"", ""23558_token_0014"", ""27022_token_0000"", ""106486_token_0003"", ""26011_token_0001"", ""24069_token_0002"", ""23558_token_0002"", ""104626_token_0002"", ""200786_token_0001"", ""24069_token_0001"", ""19621_token_0000"", ""106486_token_0000"", ""104626_token_0001"", ""99856_token_0002"", ""112637_token_0002"", ""23558_token_0001"", ""19621_token_0002"", ""106745_token_0002"", ""22022_token_0000"", ""26011_token_0000"", ""190743_token_0000"", ""21336_token_0000"", ""23660_token_0000"", ""190604_token_0000"", ""23558_token_0008"", ""105864_token_0002"", ""183533_token_0000"", ""23558_token_0000"", ""21336_token_0001"", ""200439_token_0000"", ""112177_token_0000"", ""183533_token_0001"", ""23660_token_0001"", ""105864_token_0000"", ""112637_token_0001"", ""196166_token_0002"", ""106486_token_0002"", ""23143_token_0001""]"
106745_2,dense,Thực trạng nộp thuế của các hộ kinh doanh có doanh thu hàng trăm tỉ đồng tại Việt Nam hiện nay diễn ra như thế nào?,106745,True,"[""106745""]",6309.2187,1.0,1.0,1.0,1.0,1.0,1.0,1.0,1.0,"[""106745""]","[""106745"", ""106486"", ""200786"", ""24069"", ""26011"", ""19621"", ""107866"", ""23558"", ""105864"", ""24913"", ""190604"", ""99856"", ""196365"", ""23660"", ""106547"", ""203200"", ""196166""]","[""106745_token_0003"", ""106745_token_0001"", ""106745_token_0004"", ""106486_token_0004"", ""106486_token_0000"", ""106486_token_0002"", ""106486_token_0001"", ""106745_token_0000"", ""106486_token_0003"", ""200786_token_0000"", ""24069_token_0001"", ""24069_token_0002"", ""26011_token_0001"", ""19621_token_0002"", ""106745_token_0002"", ""26011_token_0000"", ""19621_token_0001"", ""26011_token_0002"", ""19621_token_0000"", ""107866_token_0002"", ""23558_token_0014"", ""23558_token_0008"", ""200786_token_0001"", ""23558_token_0001"", ""105864_token_0001"", ""105864_token_0002"", ""23558_token_0013"", ""107866_token_0001"", ""24069_token_0000"", ""23558_token_0007"", ""23558_token_0003"", ""24913_token_0002"", ""19621_token_0003"", ""107866_token_0000"", ""23558_token_0000"", ""190604_token_0000"", ""24913_token_0001"", ""99856_token_0002"", ""23558_token_0005"", ""23558_token_0012"", ""105864_token_0000"", ""107866_token_0003"", ""99856_token_0000"", ""196365_token_0001"", ""23660_token_0000"", ""106547_token_0001"", ""203200_token_0000"", ""196166_token_0002"", ""23558_token_0004"", ""24913_token_0000""]"
106745_2,hybrid,Thực trạng nộp thuế của các hộ kinh doanh có doanh thu hàng trăm tỉ đồng tại Việt Nam hiện nay diễn ra như thế nào?,106745,True,"[""106745""]",6483.9594,1.0,1.0,1.0,1.0,1.0,1.0,1.0,1.0,"[""106745""]","[""106745"", ""106486"", ""19621"", ""200786"", ""24069"", ""105864"", ""26011"", ""23558"", ""99856"", ""190604"", ""23660"", ""196166"", ""56309"", ""104626"", ""27022"", ""107866"", ""112637"", ""22022"", ""24913"", ""190743""]","[""106745_token_0001"", ""106745_token_0000"", ""106486_token_0004"", ""106745_token_0003"", ""106486_token_0001"", ""19621_token_0001"", ""200786_token_0000"", ""106486_token_0003"", ""106486_token_0000"", ""24069_token_0002"", ""105864_token_0001"", ""26011_token_0001"", ""24069_token_0001"", ""23558_token_0014"", ""23558_token_0013"", ""24069_token_0000"", ""19621_token_0002"", ""19621_token_0000"", ""106745_token_0002"", ""200786_token_0001"", ""106486_token_0002"", ""26011_token_0000"", ""23558_token_0001"", ""23558_token_0008"", ""105864_token_0002"", ""99856_token_0002"", ""190604_token_0000"", ""23558_token_0000"", ""23660_token_0000"", ""105864_token_0000"", ""196166_token_0002"", ""106745_token_0004"", ""56309_token_0000"", ""23660_token_0003"", ""104626_token_0000"", ""27022_token_0000"", ""26011_token_0002"", ""23558_token_0002"", ""104626_token_0002"", ""107866_token_0002"", ""104626_token_0001"", ""112637_token_0002"", ""107866_token_0001"", ""23558_token_0007"", ""22022_token_0000"", ""23558_token_0003"", ""24913_token_0002"", ""190743_token_0000"", ""19621_token_0003"", ""107866_token_0000""]"
106745_3,bm25,Vì sao hộ kinh doanh bán lẻ thủy sản tươi sống doanh thu hàng trăm tỉ đồng lại thường không có hóa đơn?,106745,True,"[""106745""]",185.3967,1.0,1.0,1.0,1.0,1.0,1.0,1.0,1.0,"[""106745""]","[""106745"", ""106486"", ""23558"", ""56309"", ""105864"", ""24069"", ""190604"", ""194135"", ""27022"", ""22022"", ""107330"", ""19621"", ""20568"", ""106022"", ""104626"", ""26011"", ""202917"", ""106547"", ""194759"", ""18169"", ""110684"", ""23660"", ""18828"", ""99856"", ""201691"", ""62185"", ""56754"", ""21570"", ""190743"", ""25842"", ""200786""]","[""106745_token_0001"", ""106745_token_0000"", ""106486_token_0001"", ""23558_token_0008"", ""106486_token_0003"", ""106486_token_0002"", ""56309_token_0000"", ""105864_token_0001"", ""24069_token_0002"", ""23558_token_0007"", ""106486_token_0004"", ""190604_token_0000"", ""194135_token_0002"", ""23558_token_0002"", ""27022_token_0000"", ""106745_token_0003"", ""22022_token_0000"", ""107330_token_0000"", ""106486_token_0000"", ""19621_token_0001"", ""20568_token_0000"", ""19621_token_0000"", ""19621_token_0002"", ""106022_token_0003"", ""104626_token_0000"", ""27022_token_0001"", ""23558_token_0001"", ""26011_token_0001"", ""202917_token_0005"", ""106547_token_0001"", ""194759_token_0001"", ""190604_token_0001"", ""24069_token_0000"", ""18169_token_0001"", ""110684_token_0000"", ""26011_token_0000"", ""23660_token_0000"", ""106745_token_0002"", ""106547_token_0000"", ""18828_token_0002"", ""99856_token_0002"", ""201691_token_0000"", ""62185_token_0000"", ""56754_token_0000"", ""27022_token_0002"", ""106022_token_0000"", ""21570_token_0000"", ""190743_token_0000"", ""25842_token_0001"", ""200786_token_0000""]"
106745_3,dense,Vì sao hộ kinh doanh bán lẻ thủy sản tươi sống doanh thu hàng trăm tỉ đồng lại thường không có hóa đơn?,106745,True,"[""106745""]",6287.2644,0.0,0.0,1.0,1.0,1.0,1.0,0.5,0.6309297535714575,"[""106745""]","[""106486"", ""106745"", ""24069"", ""106547"", ""107330"", ""23558"", ""190743"", ""106022"", ""190604"", ""27022"", ""196365"", ""19621"", ""201691"", ""245776"", ""56309"", ""21101""]","[""106486_token_0002"", ""106745_token_0001"", ""106486_token_0000"", ""106486_token_0003"", ""106486_token_0001"", ""106486_token_0004"", ""106745_token_0000"", ""24069_token_0002"", ""106547_token_0000"", ""107330_token_0002"", ""106745_token_0003"", ""106547_token_0001"", ""24069_token_0001"", ""23558_token_0002"", ""107330_token_0000"", ""23558_token_0008"", ""107330_token_0003"", ""24069_token_0000"", ""190743_token_0000"", ""106745_token_0004"", ""107330_token_0001"", ""190743_token_0001"", ""106022_token_0001"", ""190604_token_0001"", ""106745_token_0002"", ""23558_token_0007"", ""190604_token_0000"", ""106022_token_0002"", ""23558_token_0003"", ""27022_token_0001"", ""23558_token_0005"", ""196365_token_0001"", ""23558_token_0006"", ""23558_token_0012"", ""19621_token_0001"", ""23558_token_0004"", ""201691_token_0001"", ""23558_token_0001"", ""106022_token_0003"", ""201691_token_0003"", ""27022_token_0000"", ""106022_token_0000"", ""245776_token_0001"", ""19621_token_0000"", ""56309_token_0000"", ""27022_token_0002"", ""23558_token_0011"", ""21101_token_0001"", ""196365_token_0000"", ""201691_token_0002""]"
106745_3,hybrid,Vì sao hộ kinh doanh bán lẻ thủy sản tươi sống doanh thu hàng trăm tỉ đồng lại thường không có hóa đơn?,106745,True,"[""106745""]",6446.3298,1.0,1.0,1.0,1.0,1.0,1.0,1.0,1.0,"[""106745""]","[""106745"", ""106486"", ""24069"", ""23558"", ""107330"", ""190604"", ""106547"", ""56309"", ""27022"", ""19621"", ""106022"", ""190743"", ""105864"", ""194135"", ""22022"", ""20568"", ""104626"", ""26011"", ""202917"", ""194759"", ""196365""]","[""106745_token_0001"", ""106486_token_0002"", ""106486_token_0001"", ""106745_token_0000"", ""106486_token_0003"", ""106486_token_0004"", ""24069_token_0002"", ""23558_token_0008"", ""106486_token_0000"", ""106745_token_0003"", ""23558_token_0002"", ""107330_token_0000"", ""23558_token_0007"", ""190604_token_0000"", ""106547_token_0001"", ""106547_token_0000"", ""56309_token_0000"", ""24069_token_0000"", ""27022_token_0000"", ""19621_token_0001"", ""190604_token_0001"", ""27022_token_0001"", ""106022_token_0003"", ""106745_token_0002"", ""190743_token_0000"", ""19621_token_0000"", ""23558_token_0001"", ""106022_token_0000"", ""27022_token_0002"", ""105864_token_0001"", ""107330_token_0002"", ""194135_token_0002"", ""24069_token_0001"", ""107330_token_0003"", ""22022_token_0000"", ""106745_token_0004"", ""107330_token_0001"", ""20568_token_0000"", ""190743_token_0001"", ""106022_token_0001"", ""19621_token_0002"", ""104626_token_0000"", ""106022_token_0002"", ""26011_token_0001"", ""202917_token_0005"", ""23558_token_0003"", ""194759_token_0001"", ""23558_token_0005"", ""196365_token_0001"", ""23558_token_0006""]"
106745_4,bm25,Luật sư Trần Xoa đánh giá như thế nào về vai trò và ý nghĩa của việc chuyển đổi hộ kinh doanh lớn sang mô hình doanh nghiệp?,106745,True,"[""106745""]",180.6851,1.0,1.0,1.0,1.0,1.0,1.0,1.0,1.0,"[""106745""]","[""106745"", ""99856"", ""23558"", ""23488"", ""119963"", ""106679"", ""200786"", ""109559"", ""184587"", ""183950"", ""197506"", ""106486"", ""18048"", ""197562"", ""48193"", ""245215"", ""196207"", ""183778"", ""182465"", ""22696"", ""249046"", ""17942"", ""162259"", ""184808""]","[""106745_token_0002"", ""106745_token_0003"", ""99856_token_0000"", ""23558_token_0012"", ""23558_token_0010"", ""106745_token_0000"", ""23488_token_0001"", ""23558_token_0000"", ""23488_token_0000"", ""23558_token_0005"", ""99856_token_0003"", ""106745_token_0001"", ""119963_token_0001"", ""23558_token_0014"", ""23558_token_0006"", ""23558_token_0008"", ""23558_token_0001"", ""23558_token_0009"", ""99856_token_0001"", ""106679_token_0000"", ""200786_token_0001"", ""23558_token_0003"", ""109559_token_0000"", ""23558_token_0011"", ""23558_token_0013"", ""184587_token_0001"", ""183950_token_0000"", ""197506_token_0000"", ""184587_token_0000"", ""106486_token_0003"", ""23488_token_0002"", ""18048_token_0001"", ""23558_token_0004"", ""106486_token_0001"", ""197562_token_0001"", ""48193_token_0000"", ""245215_token_0001"", ""23558_token_0015"", ""99856_token_0002"", ""196207_token_0000"", ""23558_token_0002"", ""106486_token_0002"", ""23488_token_0003"", ""183778_token_0000"", ""182465_token_0000"", ""22696_token_0000"", ""249046_token_0000"", ""17942_token_0001"", ""162259_token_0001"", ""184808_token_0002""]"
106745_4,dense,Luật sư Trần Xoa đánh giá như thế nào về vai trò và ý nghĩa của việc chuyển đổi hộ kinh doanh lớn sang mô hình doanh nghiệp?,106745,True,"[""106745""]",6426.4184,1.0,1.0,1.0,1.0,1.0,1.0,1.0,1.0,"[""106745""]","[""106745"", ""23558"", ""107676"", ""48576"", ""24069"", ""106486"", ""17942"", ""99856"", ""104771"", ""162259"", ""23488"", ""108211"", ""109650"", ""106679"", ""762"", ""106697"", ""20967"", ""44612""]","[""106745_token_0002"", ""106745_token_0003"", ""23558_token_0010"", ""23558_token_0000"", ""23558_token_0001"", ""23558_token_0011"", ""23558_token_0008"", ""106745_token_0000"", ""23558_token_0014"", ""23558_token_0015"", ""23558_token_0006"", ""23558_token_0005"", ""23558_token_0012"", ""23558_token_0003"", ""23558_token_0009"", ""23558_token_0007"", ""107676_token_0002"", ""23558_token_0013"", ""23558_token_0004"", ""48576_token_0003"", ""106745_token_0004"", ""24069_token_0001"", ""106745_token_0001"", ""23558_token_0002"", ""106486_token_0001"", ""48576_token_0007"", ""48576_token_0005"", ""106486_token_0002"", ""106486_token_0003"", ""17942_token_0001"", ""48576_token_0001"", ""24069_token_0002"", ""48576_token_0004"", ""99856_token_0002"", ""48576_token_0006"", ""104771_token_0000"", ""162259_token_0001"", ""106486_token_0004"", ""23488_token_0001"", ""108211_token_0004"", ""162259_token_0000"", ""48576_token_0002"", ""24069_token_0000"", ""109650_token_0003"", ""106679_token_0000"", ""762_token_0001"", ""99856_token_0001"", ""106697_token_0003"", ""20967_token_0002"", ""44612_token_0001""]"
106745_4,hybrid,Luật sư Trần Xoa đánh giá như thế nào về vai trò và ý nghĩa của việc chuyển đổi hộ kinh doanh lớn sang mô hình doanh nghiệp?,106745,True,"[""106745""]",6459.5367,1.0,1.0,1.0,1.0,1.0,1.0,1.0,1.0,"[""106745""]","[""106745"", ""23558"", ""23488"", ""106486"", ""106679"", ""99856"", ""17942"", ""162259"", ""119963"", ""107676"", ""48576"", ""200786"", ""24069"", ""109559"", ""184587"", ""183950"", ""197506"", ""18048""]","[""106745_token_0002"", ""106745_token_0003"", ""23558_token_0010"", ""23558_token_0000"", ""106745_token_0000"", ""23558_token_0012"", ""23558_token_0001"", ""23558_token_0005"", ""23558_token_0008"", ""23558_token_0014"", ""23558_token_0006"", ""23558_token_0011"", ""23558_token_0009"", ""106745_token_0001"", ""23558_token_0003"", ""23488_token_0001"", ""23558_token_0013"", ""23558_token_0015"", ""23558_token_0004"", ""106486_token_0001"", ""106486_token_0003"", ""106679_token_0000"", ""99856_token_0001"", ""23558_token_0002"", ""106486_token_0002"", ""99856_token_0002"", ""17942_token_0001"", ""162259_token_0001"", ""99856_token_0000"", ""23488_token_0000"", ""99856_token_0003"", ""119963_token_0001"", ""23558_token_0007"", ""107676_token_0002"", ""48576_token_0003"", ""106745_token_0004"", ""200786_token_0001"", ""24069_token_0001"", ""109559_token_0000"", ""184587_token_0001"", ""48576_token_0007"", ""183950_token_0000"", ""48576_token_0005"", ""197506_token_0000"", ""184587_token_0000"", ""23488_token_0002"", ""48576_token_0001"", ""18048_token_0001"", ""24069_token_0002"", ""48576_token_0004""]"
106745_5,bm25,Cơ quan thuế có biện pháp xử phạt cụ thể nào đối với các hộ kinh doanh đủ điều kiện kê khai nhưng vẫn nộp thuế khoán không?,106745,False,"[""106745""]",184.9598,0.0,0.0,1.0,1.0,1.0,1.0,0.5,0.6309297535714575,"[""106745""]","[""23558"", ""106745"", ""200786"", ""106486"", ""183533"", ""19621"", ""105864"", ""99856"", ""107866"", ""24069"", ""190604"", ""106547"", ""26011"", ""112637"", ""191585"", ""245078"", ""132451""]","[""23558_token_0002"", ""106745_token_0001"", ""23558_token_0012"", ""23558_token_0013"", ""23558_token_0003"", ""23558_token_0000"", ""23558_token_0007"", ""23558_token_0006"", ""23558_token_0015"", ""23558_token_0008"", ""23558_token_0014"", ""23558_token_0001"", ""200786_token_0000"", ""106486_token_0003"", ""106745_token_0000"", ""106745_token_0002"", ""183533_token_0001"", ""106486_token_0002"", ""106486_token_0000"", ""200786_token_0001"", ""19621_token_0002"", ""105864_token_0001"", ""19621_token_0001"", ""105864_token_0002"", ""106745_token_0003"", ""99856_token_0002"", ""23558_token_0009"", ""23558_token_0004"", ""107866_token_0002"", ""24069_token_0000"", ""24069_token_0002"", ""106486_token_0004"", ""23558_token_0005"", ""190604_token_0000"", ""183533_token_0000"", ""106547_token_0000"", ""24069_token_0001"", ""26011_token_0001"", ""23558_token_0011"", ""106547_token_0001"", ""26011_token_0000"", ""105864_token_0000"", ""112637_token_0001"", ""106486_token_0001"", ""191585_token_0001"", ""112637_token_0002"", ""245078_token_0001"", ""132451_token_0001"", ""191585_token_0002"", ""107866_token_0003""]"
106745_5,dense,Cơ quan thuế có biện pháp xử phạt cụ thể nào đối với các hộ kinh doanh đủ điều kiện kê khai nhưng vẫn nộp thuế khoán không?,106745,False,"[""106745""]",6376.3217,0.0,0.0,1.0,1.0,1.0,1.0,0.3333333333333333,0.5,"[""106745""]","[""23558"", ""106486"", ""106745"", ""26011"", ""24069"", ""107866"", ""19621"", ""190604"", ""203123"", ""99856"", ""203200"", ""200786"", ""106547"", ""24913"", ""203264"", ""108211"", ""27022""]","[""23558_token_0008"", ""23558_token_0003"", ""23558_token_0007"", ""106486_token_0000"", ""23558_token_0014"", ""23558_token_0002"", ""23558_token_0013"", ""23558_token_0015"", ""23558_token_0004"", ""23558_token_0000"", ""106486_token_0002"", ""23558_token_0012"", ""106745_token_0001"", ""26011_token_0002"", ""23558_token_0001"", ""106486_token_0001"", ""23558_token_0005"", ""23558_token_0006"", ""26011_token_0001"", ""23558_token_0011"", ""106745_token_0002"", ""23558_token_0010"", ""26011_token_0000"", ""106486_token_0003"", ""106745_token_0003"", ""24069_token_0002"", ""106486_token_0004"", ""107866_token_0003"", ""106745_token_0000"", ""23558_token_0009"", ""19621_token_0003"", ""24069_token_0001"", ""190604_token_0001"", ""203123_token_0000"", ""107866_token_0002"", ""19621_token_0002"", ""99856_token_0002"", ""203200_token_0000"", ""200786_token_0000"", ""106547_token_0001"", ""24913_token_0001"", ""106745_token_0004"", ""24069_token_0000"", ""19621_token_0001"", ""203264_token_0001"", ""203264_token_0000"", ""108211_token_0003"", ""107866_token_0001"", ""27022_token_0001"", ""203200_token_0001""]"
106745_5,hybrid,Cơ quan thuế có biện pháp xử phạt cụ thể nào đối với các hộ kinh doanh đủ điều kiện kê khai nhưng vẫn nộp thuế khoán không?,106745,False,"[""106745""]",6864.9578,0.0,0.0,1.0,1.0,1.0,1.0,0.5,0.6309297535714575,"[""106745""]","[""23558"", ""106745"", ""106486"", ""200786"", ""26011"", ""19621"", ""24069"", ""99856"", ""107866"", ""106547"", ""183533"", ""105864"", ""190604"", ""203123"", ""203200"", ""24913""]","[""23558_token_0002"", ""23558_token_0003"", ""23558_token_0007"", ""23558_token_0008"", ""23558_token_0013"", ""106745_token_0001"", ""23558_token_0012"", ""23558_token_0014"", ""23558_token_0000"", ""23558_token_0015"", ""106486_token_0000"", ""23558_token_0006"", ""23558_token_0001"", ""106486_token_0002"", ""23558_token_0004"", ""106745_token_0002"", ""106486_token_0003"", ""106745_token_0000"", ""200786_token_0000"", ""23558_token_0005"", ""106745_token_0003"", ""26011_token_0001"", ""106486_token_0001"", ""19621_token_0002"", ""24069_token_0002"", ""23558_token_0009"", ""23558_token_0011"", ""106486_token_0004"", ""26011_token_0000"", ""99856_token_0002"", ""107866_token_0002"", ""19621_token_0001"", ""24069_token_0001"", ""24069_token_0000"", ""107866_token_0003"", ""106547_token_0001"", ""26011_token_0002"", ""183533_token_0001"", ""200786_token_0001"", ""105864_token_0001"", ""23558_token_0010"", ""105864_token_0002"", ""19621_token_0003"", ""190604_token_0001"", ""190604_token_0000"", ""203123_token_0000"", ""183533_token_0000"", ""106547_token_0000"", ""203200_token_0000"", ""24913_token_0001""]"
90345_1,bm25,Show thời trang Tinh hoa cố đô diễn ra tại địa điểm nào?,90345,True,"[""90345""]",121.3747,1.0,1.0,1.0,1.0,1.0,1.0,1.0,1.0,"[""90345""]","[""90345"", ""168601"", ""91495"", ""52922"", ""166703"", ""2230"", ""90106"", ""167250"", ""154338"", ""8243"", ""170486"", ""169898"", ""88038"", ""169260"", ""163831"", ""7785"", ""263215"", ""15635"", ""79771"", ""93840"", ""167605"", ""171180"", ""75217"", ""14438"", ""75228"", ""257780"", ""13585"", ""35198"", ""91930"", ""166918"", ""14819"", ""16614"", ""162399"", ""168646"", ""236122"", ""15558"", ""148924"", ""77601"", ""1649"", ""13639"", ""170715"", ""155036"", ""149746""]","[""90345_token_0000"", ""168601_token_0000"", ""168601_token_0001"", ""91495_token_0000"", ""52922_token_0000"", ""166703_token_0000"", ""2230_token_0000"", ""52922_token_0001"", ""90106_token_0000"", ""167250_token_0000"", ""154338_token_0001"", ""8243_token_0002"", ""170486_token_0000"", ""169898_token_0000"", ""88038_token_0000"", ""169260_token_0002"", ""163831_token_0000"", ""7785_token_0001"", ""263215_token_0002"", ""15635_token_0000"", ""79771_token_0002"", ""93840_token_0000"", ""79771_token_0003"", ""169260_token_0000"", ""167605_token_0000"", ""171180_token_0000"", ""75217_token_0002"", ""169260_token_0001"", ""14438_token_0001"", ""75228_token_0004"", ""257780_token_0002"", ""13585_token_0000"", ""35198_token_0001"", ""91930_token_0000"", ""166918_token_0000"", ""14819_token_0000"", ""16614_token_0001"", ""162399_token_0000"", ""168646_token_0001"", ""236122_token_0000"", ""15558_token_0001"", ""148924_token_0001"", ""77601_token_0001"", ""1649_token_0000"", ""13639_token_0000"", ""170715_token_0000"", ""8243_token_0001"", ""155036_token_0001"", ""35198_token_0000"", ""149746_token_0002""]"
90345_1,dense,Show thời trang Tinh hoa cố đô diễn ra tại địa điểm nào?,90345,True,"[""90345""]",6288.8049,0.0,0.0,1.0,1.0,1.0,1.0,0.5,0.6309297535714575,"[""90345""]","[""168601"", ""90345"", ""166703"", ""257260"", ""77750"", ""77316"", ""166552"", ""16143"", ""171369"", ""165048"", ""168646"", ""139667"", ""52922"", ""13472"", ""10059"", ""88763"", ""15635"", ""93133"", ""90439"", ""263177"", ""14480"", ""167250"", ""262489"", ""13493"", ""170601"", ""109278"", ""167190"", ""68247"", ""93557"", ""169579"", ""164345"", ""14633"", ""13585"", ""166414"", ""14851"", ""32945"", ""166370"", ""166340"", ""149678"", ""170486"", ""14819""]","[""168601_token_0000"", ""168601_token_0001"", ""90345_token_0000"", ""166703_token_0000"", ""257260_token_0002"", ""77750_token_0001"", ""77316_token_0002"", ""166552_token_0001"", ""77316_token_0001"", ""16143_token_0000"", ""171369_token_0000"", ""165048_token_0000"", ""168646_token_0001"", ""139667_token_0002"", ""52922_token_0000"", ""13472_token_0001"", ""10059_token_0000"", ""88763_token_0000"", ""77750_token_0000"", ""15635_token_0000"", ""93133_token_0000"", ""90439_token_0000"", ""263177_token_0002"", ""14480_token_0001"", ""257260_token_0000"", ""167250_token_0000"", ""262489_token_0000"", ""13493_token_0000"", ""170601_token_0000"", ""109278_token_0001"", ""167190_token_0000"", ""90439_token_0001"", ""68247_token_0002"", ""88763_token_0001"", ""93557_token_0000"", ""14480_token_0000"", ""169579_token_0001"", ""257260_token_0001"", ""164345_token_0000"", ""14633_token_0000"", ""13585_token_0001"", ""166414_token_0000"", ""109278_token_0000"", ""14851_token_0000"", ""32945_token_0003"", ""166370_token_0000"", ""166340_token_0000"", ""149678_token_0000"", ""170486_token_0000"", ""14819_token_0001""]"
90345_1,hybrid,Show thời trang Tinh hoa cố đô diễn ra tại địa điểm nào?,90345,True,"[""90345""]",6332.5739,0.0,0.0,1.0,1.0,1.0,1.0,0.5,0.6309297535714575,"[""90345""]","[""168601"", ""90345"", ""166703"", ""52922"", ""167250"", ""15635"", ""168646"", ""170486"", ""91495"", ""257260"", ""77750"", ""2230"", ""77316"", ""166552"", ""90106"", ""16143"", ""154338"", ""171369"", ""165048"", ""8243"", ""139667"", ""169898"", ""88038"", ""13472"", ""169260"", ""10059"", ""163831"", ""7785"", ""88763"", ""263215"", ""79771"", ""93133"", ""90439"", ""93840"", ""263177"", ""14480"", ""167605"", ""171180"", ""262489"", ""75217"", ""13493"", ""14438""]","[""168601_token_0000"", ""90345_token_0000"", ""168601_token_0001"", ""166703_token_0000"", ""52922_token_0000"", ""167250_token_0000"", ""15635_token_0000"", ""168646_token_0001"", ""170486_token_0000"", ""91495_token_0000"", ""257260_token_0002"", ""77750_token_0001"", ""2230_token_0000"", ""77316_token_0002"", ""166552_token_0001"", ""52922_token_0001"", ""77316_token_0001"", ""90106_token_0000"", ""16143_token_0000"", ""154338_token_0001"", ""171369_token_0000"", ""165048_token_0000"", ""8243_token_0002"", ""139667_token_0002"", ""169898_token_0000"", ""88038_token_0000"", ""13472_token_0001"", ""169260_token_0002"", ""10059_token_0000"", ""163831_token_0000"", ""7785_token_0001"", ""88763_token_0000"", ""263215_token_0002"", ""77750_token_0000"", ""79771_token_0002"", ""93133_token_0000"", ""90439_token_0000"", ""93840_token_0000"", ""263177_token_0002"", ""79771_token_0003"", ""14480_token_0001"", ""169260_token_0000"", ""167605_token_0000"", ""257260_token_0000"", ""171180_token_0000"", ""262489_token_0000"", ""75217_token_0002"", ""13493_token_0000"", ""169260_token_0001"", ""14438_token_0001""]"
90345_2,bm25,Bộ sưu tập Nguyệt Hồi của nhà thiết kế Kiên Vũ được xây dựng dựa trên ý tưởng gì và bao gồm những dòng trang phục nào?,90345,True,"[""90345""]",199.0148,1.0,1.0,1.0,1.0,1.0,1.0,1.0,1.0,"[""90345""]","[""90345"", ""93133"", ""13585"", ""13493"", ""169966"", ""168486"", ""13560"", ""164345"", ""13634"", ""166982"", ""13011"", ""166918"", ""165048"", ""167293"", ""88759"", ""16075"", ""122243"", ""88763"", ""13228"", ""14480"", ""64774"", ""167605"", ""161725"", ""13639"", ""33968"", ""94729"", ""13292"", ""167250"", ""109278"", ""166703"", ""168646"", ""16630"", ""87998"", ""170219"", ""148824"", ""185936"", ""78600"", ""149366"", ""148899"", ""76880""]","[""90345_token_0000"", ""93133_token_0000"", ""13585_token_0001"", ""13493_token_0000"", ""169966_token_0000"", ""168486_token_0000"", ""13560_token_0000"", ""169966_token_0001"", ""164345_token_0000"", ""13634_token_0002"", ""166982_token_0000"", ""13634_token_0001"", ""13011_token_0000"", ""164345_token_0001"", ""166918_token_0000"", ""165048_token_0000"", ""167293_token_0000"", ""88759_token_0000"", ""16075_token_0000"", ""122243_token_0000"", ""88763_token_0000"", ""13634_token_0000"", ""13228_token_0000"", ""14480_token_0000"", ""64774_token_0000"", ""16075_token_0001"", ""167605_token_0000"", ""13585_token_0000"", ""167605_token_0001"", ""161725_token_0001"", ""13639_token_0000"", ""33968_token_0000"", ""94729_token_0003"", ""13292_token_0000"", ""167250_token_0000"", ""168486_token_0001"", ""109278_token_0000"", ""166703_token_0000"", ""168646_token_0000"", ""16630_token_0001"", ""87998_token_0001"", ""88759_token_0001"", ""170219_token_0000"", ""13639_token_0001"", ""148824_token_0001"", ""185936_token_0000"", ""78600_token_0000"", ""149366_token_0002"", ""148899_token_0000"", ""76880_token_0001""]"
90345_2,dense,Bộ sưu tập Nguyệt Hồi của nhà thiết kế Kiên Vũ được xây dựng dựa trên ý tưởng gì và bao gồm những dòng trang phục nào?,90345,True,"[""90345""]",6246.3845,1.0,1.0,1.0,1.0,1.0,1.0,1.0,1.0,"[""90345""]","[""90345"", ""13639"", ""164345"", ""13560"", ""166982"", ""165048"", ""168486"", ""93557"", ""167560"", ""166044"", ""148899"", ""166703"", ""68247"", ""168601"", ""13634"", ""168646"", ""93133"", ""165252"", ""15473"", ""13585"", ""13493"", ""77316"", ""166918"", ""91228"", ""262489"", ""15781"", ""91930"", ""13472"", ""14591"", ""163970"", ""66514"", ""161725"", ""170486"", ""40620"", ""88763"", ""84095"", ""42393"", ""15724"", ""90439""]","[""90345_token_0000"", ""13639_token_0001"", ""164345_token_0001"", ""13560_token_0000"", ""166982_token_0000"", ""165048_token_0000"", ""168486_token_0001"", ""93557_token_0000"", ""167560_token_0000"", ""166044_token_0000"", ""148899_token_0000"", ""164345_token_0000"", ""166703_token_0000"", ""68247_token_0001"", ""168601_token_0001"", ""13634_token_0001"", ""168646_token_0001"", ""13634_token_0000"", ""93133_token_0000"", ""165252_token_0000"", ""13639_token_0000"", ""13634_token_0002"", ""15473_token_0000"", ""13585_token_0002"", ""13585_token_0001"", ""148899_token_0001"", ""13493_token_0000"", ""77316_token_0001"", ""168486_token_0000"", ""166918_token_0000"", ""91228_token_0000"", ""262489_token_0000"", ""15781_token_0002"", ""91930_token_0000"", ""15473_token_0001"", ""262489_token_0001"", ""168601_token_0000"", ""13472_token_0000"", ""14591_token_0001"", ""163970_token_0001"", ""66514_token_0000"", ""161725_token_0001"", ""170486_token_0001"", ""40620_token_0000"", ""168646_token_0000"", ""88763_token_0000"", ""84095_token_0001"", ""42393_token_0000"", ""15724_token_0000"", ""90439_token_0001""]"
90345_2,hybrid,Bộ sưu tập Nguyệt Hồi của nhà thiết kế Kiên Vũ được xây dựng dựa trên ý tưởng gì và bao gồm những dòng trang phục nào?,90345,True,"[""90345""]",6456.9476,1.0,1.0,1.0,1.0,1.0,1.0,1.0,1.0,"[""90345""]","[""90345"", ""13560"", ""166982"", ""164345"", ""93133"", ""165048"", ""13585"", ""13493"", ""13634"", ""168486"", ""13639"", ""166918"", ""166703"", ""148899"", ""88763"", ""161725"", ""168646"", ""169966"", ""93557"", ""167560"", ""166044"", ""13011"", ""68247"", ""168601"", ""167293"", ""88759"", ""16075"", ""122243"", ""165252"", ""13228"", ""15473"", ""14480"", ""64774"", ""167605"", ""77316"", ""91228"", ""262489"", ""33968""]","[""90345_token_0000"", ""13560_token_0000"", ""166982_token_0000"", ""164345_token_0001"", ""93133_token_0000"", ""164345_token_0000"", ""165048_token_0000"", ""13585_token_0001"", ""13493_token_0000"", ""13634_token_0001"", ""13634_token_0002"", ""168486_token_0000"", ""13639_token_0001"", ""168486_token_0001"", ""13634_token_0000"", ""166918_token_0000"", ""166703_token_0000"", ""13639_token_0000"", ""148899_token_0000"", ""88763_token_0000"", ""161725_token_0001"", ""168646_token_0000"", ""169966_token_0000"", ""169966_token_0001"", ""93557_token_0000"", ""167560_token_0000"", ""166044_token_0000"", ""13011_token_0000"", ""68247_token_0001"", ""168601_token_0001"", ""167293_token_0000"", ""168646_token_0001"", ""88759_token_0000"", ""16075_token_0000"", ""122243_token_0000"", ""165252_token_0000"", ""13228_token_0000"", ""15473_token_0000"", ""13585_token_0002"", ""14480_token_0000"", ""64774_token_0000"", ""148899_token_0001"", ""16075_token_0001"", ""167605_token_0000"", ""13585_token_0000"", ""77316_token_0001"", ""167605_token_0001"", ""91228_token_0000"", ""262489_token_0000"", ""33968_token_0000""]"
90345_3,bm25,Vì sao nhà thiết kế Kiên Vũ lại chọn H'Hen Niê và Thủy Tiên cho vị trí vedette và mở màn?,90345,True,"[""90345""]",163.6587,1.0,1.0,1.0,1.0,1.0,1.0,1.0,1.0,"[""90345""]","[""90345"", ""168601"", ""168646"", ""88763"", ""16630"", ""165252"", ""91228"", ""114782"", ""13493"", ""15768"", ""93133"", ""93557"", ""143697"", ""26199"", ""13634"", ""167293"", ""58818"", ""13639"", ""164345"", ""93281"", ""104012"", ""150795"", ""94973"", ""184793"", ""86828"", ""264354"", ""148647"", ""171180"", ""102742"", ""50621"", ""393"", ""201071"", ""84895"", ""47635"", ""169898"", ""10620"", ""75902"", ""67374"", ""101701""]","[""90345_token_0000"", ""168601_token_0000"", ""168601_token_0001"", ""168646_token_0000"", ""88763_token_0001"", ""16630_token_0001"", ""168646_token_0001"", ""88763_token_0000"", ""165252_token_0000"", ""91228_token_0000"", ""114782_token_0000"", ""13493_token_0000"", ""15768_token_0000"", ""93133_token_0000"", ""93557_token_0000"", ""143697_token_0003"", ""26199_token_0000"", ""13634_token_0001"", ""16630_token_0002"", ""167293_token_0000"", ""58818_token_0001"", ""13639_token_0000"", ""164345_token_0000"", ""93281_token_0000"", ""104012_token_0000"", ""150795_token_0000"", ""94973_token_0003"", ""13634_token_0000"", ""184793_token_0001"", ""86828_token_0000"", ""264354_token_0001"", ""148647_token_0000"", ""171180_token_0000"", ""150795_token_0001"", ""58818_token_0000"", ""102742_token_0001"", ""16630_token_0000"", ""50621_token_0000"", ""393_token_0002"", ""201071_token_0000"", ""84895_token_0000"", ""47635_token_0003"", ""94973_token_0004"", ""264354_token_0002"", ""169898_token_0000"", ""10620_token_0000"", ""75902_token_0000"", ""13634_token_0002"", ""67374_token_0000"", ""101701_token_0004""]"
90345_3,dense,Vì sao nhà thiết kế Kiên Vũ lại chọn H'Hen Niê và Thủy Tiên cho vị trí vedette và mở màn?,90345,True,"[""90345""]",6288.348,1.0,1.0,1.0,1.0,1.0,1.0,1.0,1.0,"[""90345""]","[""90345"", ""168601"", ""84305"", ""168646"", ""14591"", ""13634"", ""91228"", ""88763"", ""13639"", ""165252"", ""93281"", ""166703"", ""90439"", ""166552"", ""12280"", ""164345"", ""166044"", ""93133"", ""93557"", ""169260"", ""163176"", ""165048"", ""85107"", ""130392"", ""166982"", ""85108"", ""170784"", ""15806"", ""157377"", ""166470"", ""14480"", ""86828"", ""13560"", ""171777"", ""15473"", ""81172"", ""171134"", ""159517"", ""91930"", ""170219"", ""15597""]","[""90345_token_0000"", ""168601_token_0001"", ""84305_token_0001"", ""168646_token_0001"", ""168646_token_0000"", ""14591_token_0001"", ""13634_token_0002"", ""84305_token_0000"", ""91228_token_0000"", ""88763_token_0001"", ""13639_token_0000"", ""165252_token_0000"", ""93281_token_0000"", ""166703_token_0000"", ""90439_token_0001"", ""166552_token_0001"", ""12280_token_0001"", ""90439_token_0000"", ""164345_token_0000"", ""166044_token_0000"", ""93133_token_0000"", ""93557_token_0000"", ""169260_token_0000"", ""163176_token_0001"", ""165048_token_0000"", ""85107_token_0000"", ""130392_token_0000"", ""166982_token_0000"", ""169260_token_0001"", ""12280_token_0000"", ""85108_token_0000"", ""170784_token_0000"", ""15806_token_0003"", ""157377_token_0000"", ""166470_token_0000"", ""14480_token_0000"", ""86828_token_0000"", ""13560_token_0000"", ""171777_token_0000"", ""15473_token_0001"", ""88763_token_0000"", ""81172_token_0002"", ""171134_token_0000"", ""159517_token_0001"", ""91930_token_0000"", ""130392_token_0001"", ""170219_token_0000"", ""15597_token_0002"", ""13639_token_0001"", ""14480_token_0001""]"
90345_3,hybrid,Vì sao nhà thiết kế Kiên Vũ lại chọn H'Hen Niê và Thủy Tiên cho vị trí vedette và mở màn?,90345,True,"[""90345""]",6376.0841,1.0,1.0,1.0,1.0,1.0,1.0,1.0,1.0,"[""90345""]","[""90345"", ""168601"", ""168646"", ""88763"", ""91228"", ""165252"", ""13639"", ""93133"", ""93281"", ""93557"", ""164345"", ""13634"", ""86828"", ""84305"", ""14591"", ""16630"", ""114782"", ""13493"", ""15768"", ""166703"", ""90439"", ""143697"", ""166552"", ""12280"", ""26199"", ""166044"", ""167293"", ""58818"", ""169260"", ""163176"", ""104012"", ""165048"", ""150795"", ""85107"", ""130392"", ""94973"", ""166982"", ""184793"", ""264354"", ""85108""]","[""90345_token_0000"", ""168601_token_0001"", ""168646_token_0000"", ""168646_token_0001"", ""88763_token_0001"", ""91228_token_0000"", ""165252_token_0000"", ""13639_token_0000"", ""93133_token_0000"", ""93281_token_0000"", ""93557_token_0000"", ""164345_token_0000"", ""88763_token_0000"", ""13634_token_0002"", ""86828_token_0000"", ""168601_token_0000"", ""84305_token_0001"", ""14591_token_0001"", ""16630_token_0001"", ""84305_token_0000"", ""114782_token_0000"", ""13493_token_0000"", ""15768_token_0000"", ""166703_token_0000"", ""90439_token_0001"", ""143697_token_0003"", ""166552_token_0001"", ""12280_token_0001"", ""26199_token_0000"", ""13634_token_0001"", ""90439_token_0000"", ""16630_token_0002"", ""166044_token_0000"", ""167293_token_0000"", ""58818_token_0001"", ""169260_token_0000"", ""163176_token_0001"", ""104012_token_0000"", ""165048_token_0000"", ""150795_token_0000"", ""85107_token_0000"", ""130392_token_0000"", ""94973_token_0003"", ""13634_token_0000"", ""166982_token_0000"", ""169260_token_0001"", ""184793_token_0001"", ""12280_token_0000"", ""264354_token_0001"", ""85108_token_0000""]"
90345_4,bm25,"Ngoài H'Hen Niê và Thủy Tiên, những ai khác góp mặt trong show diễn Tinh hoa cố đô?",90345,True,"[""90345""]",143.4148,1.0,1.0,1.0,1.0,1.0,1.0,1.0,1.0,"[""90345""]","[""90345"", ""168601"", ""91495"", ""16630"", ""2230"", ""88763"", ""93281"", ""171180"", ""8426"", ""7030"", ""202306"", ""171463"", ""154472"", ""7463"", ""166703"", ""165048"", ""1649"", ""78858"", ""84305"", ""77878"", ""93595"", ""79771"", ""89740"", ""88038"", ""114782"", ""163678"", ""17335"", ""104012"", ""84699"", ""93640"", ""77010"", ""165450"", ""7470"", ""91228"", ""52922"", ""35198"", ""158546"", ""230623"", ""170486"", ""93840"", ""77565"", ""93629"", ""160035""]","[""90345_token_0000"", ""168601_token_0000"", ""168601_token_0001"", ""91495_token_0000"", ""16630_token_0001"", ""2230_token_0000"", ""88763_token_0000"", ""93281_token_0000"", ""171180_token_0000"", ""8426_token_0001"", ""7030_token_0001"", ""202306_token_0000"", ""171463_token_0001"", ""154472_token_0001"", ""7463_token_0000"", ""166703_token_0000"", ""165048_token_0000"", ""1649_token_0001"", ""78858_token_0000"", ""84305_token_0000"", ""7463_token_0001"", ""77878_token_0002"", ""93595_token_0000"", ""1649_token_0002"", ""79771_token_0002"", ""89740_token_0000"", ""88038_token_0000"", ""114782_token_0000"", ""163678_token_0000"", ""171463_token_0000"", ""17335_token_0000"", ""7463_token_0002"", ""79771_token_0001"", ""104012_token_0000"", ""84699_token_0001"", ""93640_token_0001"", ""1649_token_0000"", ""77010_token_0001"", ""165450_token_0001"", ""7470_token_0000"", ""91228_token_0000"", ""52922_token_0000"", ""35198_token_0001"", ""158546_token_0000"", ""230623_token_0000"", ""170486_token_0000"", ""93840_token_0000"", ""77565_token_0001"", ""93629_token_0001"", ""160035_token_0001""]"
90345_4,dense,"Ngoài H'Hen Niê và Thủy Tiên, những ai khác góp mặt trong show diễn Tinh hoa cố đô?",90345,True,"[""90345""]",6266.6719,0.0,0.0,1.0,1.0,1.0,1.0,0.5,0.6309297535714575,"[""90345""]","[""168601"", ""90345"", ""166703"", ""91363"", ""7230"", ""168646"", ""162728"", ""93281"", ""171134"", ""166552"", ""14993"", ""163504"", ""170802"", ""85868"", ""85292"", ""162965"", ""12280"", ""93133"", ""170486"", ""7291"", ""170683"", ""164160"", ""157954"", ""15427"", ""170881"", ""93045"", ""7488"", ""16143"", ""103025"", ""165538"", ""170584"", ""91583"", ""7407"", ""165498"", ""131539"", ""85108"", ""89020"", ""14591"", ""169579"", ""171777"", ""16768"", ""90106"", ""7470"", ""84305""]","[""168601_token_0001"", ""90345_token_0000"", ""168601_token_0000"", ""166703_token_0000"", ""91363_token_0000"", ""7230_token_0001"", ""7230_token_0002"", ""168646_token_0001"", ""162728_token_0000"", ""93281_token_0000"", ""171134_token_0000"", ""166552_token_0001"", ""14993_token_0001"", ""163504_token_0000"", ""170802_token_0000"", ""85868_token_0000"", ""85292_token_0001"", ""162965_token_0000"", ""12280_token_0000"", ""93133_token_0000"", ""170486_token_0000"", ""7230_token_0000"", ""7291_token_0001"", ""170683_token_0001"", ""164160_token_0000"", ""85292_token_0000"", ""12280_token_0001"", ""157954_token_0000"", ""15427_token_0000"", ""170881_token_0000"", ""93045_token_0000"", ""7488_token_0000"", ""16143_token_0001"", ""103025_token_0001"", ""165538_token_0000"", ""170584_token_0001"", ""91583_token_0000"", ""7407_token_0001"", ""165498_token_0001"", ""131539_token_0002"", ""85108_token_0000"", ""93281_token_0001"", ""89020_token_0001"", ""14591_token_0001"", ""169579_token_0001"", ""171777_token_0000"", ""16768_token_0000"", ""90106_token_0000"", ""7470_token_0001"", ""84305_token_0001""]"
90345_4,hybrid,"Ngoài H'Hen Niê và Thủy Tiên, những ai khác góp mặt trong show diễn Tinh hoa cố đô?",90345,True,"[""90345""]",6763.4044,1.0,1.0,1.0,1.0,1.0,1.0,1.0,1.0,"[""90345""]","[""90345"", ""168601"", ""93281"", ""166703"", ""170486"", ""91495"", ""16630"", ""91363"", ""2230"", ""7230"", ""88763"", ""168646"", ""162728"", ""171180"", ""8426"", ""171134"", ""7030"", ""166552"", ""202306"", ""14993"", ""171463"", ""154472"", ""163504"", ""170802"", ""7463"", ""85868"", ""165048"", ""85292"", ""162965"", ""1649"", ""12280"", ""78858"", ""84305"", ""93133"", ""77878"", ""7291"", ""93595"", ""170683"", ""164160"", ""79771"", ""89740"", ""88038"", ""114782""]","[""90345_token_0000"", ""168601_token_0001"", ""168601_token_0000"", ""93281_token_0000"", ""166703_token_0000"", ""170486_token_0000"", ""91495_token_0000"", ""16630_token_0001"", ""91363_token_0000"", ""2230_token_0000"", ""7230_token_0001"", ""7230_token_0002"", ""88763_token_0000"", ""168646_token_0001"", ""162728_token_0000"", ""171180_token_0000"", ""8426_token_0001"", ""171134_token_0000"", ""7030_token_0001"", ""166552_token_0001"", ""202306_token_0000"", ""14993_token_0001"", ""171463_token_0001"", ""154472_token_0001"", ""163504_token_0000"", ""170802_token_0000"", ""7463_token_0000"", ""85868_token_0000"", ""165048_token_0000"", ""85292_token_0001"", ""162965_token_0000"", ""1649_token_0001"", ""12280_token_0000"", ""78858_token_0000"", ""84305_token_0000"", ""93133_token_0000"", ""7463_token_0001"", ""7230_token_0000"", ""77878_token_0002"", ""7291_token_0001"", ""93595_token_0000"", ""1649_token_0002"", ""170683_token_0001"", ""164160_token_0000"", ""79771_token_0002"", ""85292_token_0000"", ""89740_token_0000"", ""12280_token_0001"", ""88038_token_0000"", ""114782_token_0000""]"
90345_5,bm25,Hoa hậu H'Hen Niê cảm nhận như thế nào khi được mời làm vedette cho bộ sưu tập Nguyệt Hồi?,90345,False,"[""90345""]",155.1692,1.0,1.0,1.0,1.0,1.0,1.0,1.0,1.0,"[""90345""]","[""90345"", ""168601"", ""93281"", ""93133"", ""168646"", ""165498"", ""75391"", ""171180"", ""15427"", ""86828"", ""16630"", ""91228"", ""13493"", ""88377"", ""150513"", ""84305"", ""264173"", ""13639"", ""97654"", ""162276"", ""88194"", ""89850"", ""165194"", ""166703"", ""15768"", ""171684"", ""163393"", ""116427"", ""88011"", ""93640"", ""85398"", ""65764"", ""66107"", ""74250"", ""98203"", ""49829"", ""5867"", ""77316"", ""158619"", ""4473""]","[""90345_token_0000"", ""168601_token_0000"", ""168601_token_0001"", ""93281_token_0001"", ""93133_token_0000"", ""168646_token_0000"", ""93281_token_0000"", ""165498_token_0000"", ""75391_token_0001"", ""171180_token_0001"", ""15427_token_0000"", ""86828_token_0000"", ""171180_token_0000"", ""86828_token_0001"", ""165498_token_0001"", ""16630_token_0001"", ""91228_token_0000"", ""13493_token_0000"", ""88377_token_0001"", ""15427_token_0001"", ""150513_token_0001"", ""84305_token_0000"", ""264173_token_0000"", ""13639_token_0001"", ""97654_token_0001"", ""162276_token_0000"", ""88194_token_0000"", ""89850_token_0000"", ""165194_token_0001"", ""166703_token_0000"", ""15768_token_0000"", ""171684_token_0001"", ""163393_token_0000"", ""116427_token_0003"", ""88011_token_0000"", ""75391_token_0000"", ""171684_token_0000"", ""93640_token_0003"", ""85398_token_0001"", ""15427_token_0002"", ""65764_token_0000"", ""66107_token_0001"", ""74250_token_0000"", ""98203_token_0000"", ""49829_token_0001"", ""5867_token_0002"", ""77316_token_0000"", ""158619_token_0000"", ""4473_token_0012"", ""75391_token_0003""]"
90345_5,dense,Hoa hậu H'Hen Niê cảm nhận như thế nào khi được mời làm vedette cho bộ sưu tập Nguyệt Hồi?,90345,False,"[""90345""]",6218.5185,1.0,1.0,1.0,1.0,1.0,1.0,1.0,1.0,"[""90345""]","[""90345"", ""91228"", ""168601"", ""93281"", ""165498"", ""166703"", ""13639"", ""86828"", ""15427"", ""93133"", ""16697"", ""164345"", ""80722"", ""166044"", ""263512"", ""168646"", ""166982"", ""171134"", ""104012"", ""13493"", ""148899"", ""15806"", ""170486"", ""168819"", ""165252"", ""84025"", ""89439"", ""15781"", ""16630"", ""14591"", ""94002"", ""160104"", ""86779"", ""89850"", ""88311"", ""15417"", ""168486""]","[""90345_token_0000"", ""91228_token_0000"", ""168601_token_0001"", ""93281_token_0000"", ""93281_token_0001"", ""165498_token_0001"", ""166703_token_0000"", ""165498_token_0000"", ""13639_token_0000"", ""86828_token_0000"", ""15427_token_0000"", ""86828_token_0001"", ""15427_token_0002"", ""93133_token_0000"", ""16697_token_0000"", ""164345_token_0000"", ""80722_token_0001"", ""166044_token_0000"", ""15427_token_0001"", ""168601_token_0000"", ""263512_token_0000"", ""168646_token_0000"", ""166982_token_0000"", ""13639_token_0001"", ""171134_token_0000"", ""104012_token_0001"", ""13493_token_0000"", ""148899_token_0000"", ""168646_token_0001"", ""15806_token_0001"", ""170486_token_0001"", ""168819_token_0000"", ""165252_token_0000"", ""84025_token_0000"", ""89439_token_0000"", ""15781_token_0002"", ""16630_token_0001"", ""15806_token_0003"", ""14591_token_0001"", ""94002_token_0000"", ""80722_token_0000"", ""160104_token_0001"", ""86779_token_0001"", ""89850_token_0001"", ""104012_token_0000"", ""84025_token_0001"", ""164345_token_0001"", ""88311_token_0000"", ""15417_token_0001"", ""168486_token_0001""]"
90345_5,hybrid,Hoa hậu H'Hen Niê cảm nhận như thế nào khi được mời làm vedette cho bộ sưu tập Nguyệt Hồi?,90345,False,"[""90345""]",6401.6698,1.0,1.0,1.0,1.0,1.0,1.0,1.0,1.0,"[""90345""]","[""90345"", ""168601"", ""93281"", ""165498"", ""91228"", ""93133"", ""86828"", ""15427"", ""168646"", ""166703"", ""13493"", ""13639"", ""16630"", ""75391"", ""171180"", ""16697"", ""164345"", ""80722"", ""166044"", ""88377"", ""150513"", ""263512"", ""84305"", ""166982"", ""264173"", ""171134"", ""97654"", ""104012"", ""162276"", ""88194"", ""148899"", ""89850"", ""165194"", ""15806"", ""15768"", ""170486"", ""168819"", ""171684"", ""163393"", ""165252"", ""116427""]","[""90345_token_0000"", ""168601_token_0001"", ""93281_token_0001"", ""93281_token_0000"", ""165498_token_0000"", ""91228_token_0000"", ""93133_token_0000"", ""168601_token_0000"", ""165498_token_0001"", ""86828_token_0000"", ""15427_token_0000"", ""86828_token_0001"", ""168646_token_0000"", ""166703_token_0000"", ""15427_token_0001"", ""13493_token_0000"", ""13639_token_0001"", ""15427_token_0002"", ""16630_token_0001"", ""13639_token_0000"", ""75391_token_0001"", ""171180_token_0001"", ""171180_token_0000"", ""16697_token_0000"", ""164345_token_0000"", ""80722_token_0001"", ""166044_token_0000"", ""88377_token_0001"", ""150513_token_0001"", ""263512_token_0000"", ""84305_token_0000"", ""166982_token_0000"", ""264173_token_0000"", ""171134_token_0000"", ""97654_token_0001"", ""104012_token_0001"", ""162276_token_0000"", ""88194_token_0000"", ""148899_token_0000"", ""89850_token_0000"", ""165194_token_0001"", ""168646_token_0001"", ""15806_token_0001"", ""15768_token_0000"", ""170486_token_0001"", ""168819_token_0000"", ""171684_token_0001"", ""163393_token_0000"", ""165252_token_0000"", ""116427_token_0003""]"
225322_1,bm25,Quang Hải đang thi đấu cho câu lạc bộ nào tại nước ngoài vào thời điểm đợt tập trung?,225322,True,"[""225322""]",141.8127,1.0,1.0,1.0,1.0,1.0,1.0,1.0,1.0,"[""225322""]","[""225322"", ""222471"", ""223507"", ""123547"", ""225537"", ""221769"", ""224003"", ""128460"", ""220560"", ""223745"", ""222973"", ""204092"", ""38035"", ""224610"", ""66351"", ""223508"", ""225709"", ""223627"", ""25064"", ""36907"", ""223114"", ""124120"", ""220656"", ""236686"", ""4005"", ""3146"", ""222718"", ""224464"", ""257780"", ""3232"", ""219436"", ""196363"", ""125176"", ""219346"", ""221944"", ""38017"", ""69331"", ""126694"", ""127916"", ""225317"", ""102742"", ""40562"", ""129718"", ""123597"", ""220531""]","[""225322_token_0000"", ""222471_token_0000"", ""223507_token_0000"", ""123547_token_0001"", ""123547_token_0000"", ""225537_token_0000"", ""221769_token_0000"", ""224003_token_0000"", ""128460_token_0000"", ""220560_token_0000"", ""223745_token_0000"", ""222973_token_0000"", ""220560_token_0001"", ""204092_token_0000"", ""38035_token_0001"", ""224610_token_0000"", ""66351_token_0001"", ""38035_token_0000"", ""223508_token_0001"", ""225709_token_0001"", ""223627_token_0000"", ""25064_token_0002"", ""36907_token_0000"", ""223114_token_0000"", ""124120_token_0000"", ""220656_token_0000"", ""236686_token_0000"", ""4005_token_0002"", ""3146_token_0000"", ""222718_token_0001"", ""224464_token_0000"", ""257780_token_0000"", ""3232_token_0000"", ""219436_token_0000"", ""196363_token_0000"", ""125176_token_0001"", ""219346_token_0000"", ""221944_token_0001"", ""38017_token_0000"", ""69331_token_0002"", ""128460_token_0001"", ""126694_token_0000"", ""127916_token_0001"", ""225317_token_0000"", ""102742_token_0000"", ""69331_token_0000"", ""40562_token_0000"", ""129718_token_0001"", ""123597_token_0000"", ""220531_token_0000""]"
225322_1,dense,Quang Hải đang thi đấu cho câu lạc bộ nào tại nước ngoài vào thời điểm đợt tập trung?,225322,True,"[""225322""]",6298.6552,0.0,0.0,1.0,1.0,1.0,1.0,0.3333333333333333,0.5,"[""225322""]","[""222471"", ""225537"", ""225322"", ""223740"", ""223507"", ""223627"", ""128107"", ""128460"", ""128349"", ""219436"", ""128644"", ""129185"", ""224042"", ""223745"", ""222110"", ""126694"", ""38035"", ""124469"", ""36289"", ""126937"", ""223976"", ""224464"", ""124794"", ""221944"", ""128078"", ""128125"", ""131099"", ""228077"", ""223075"", ""128123"", ""126821"", ""222806"", ""225068"", ""37655"", ""222973"", ""224610"", ""219371"", ""220656"", ""124845"", ""37169"", ""124152"", ""124088""]","[""222471_token_0000"", ""225537_token_0000"", ""225322_token_0000"", ""225537_token_0001"", ""223740_token_0000"", ""223507_token_0000"", ""223627_token_0000"", ""128107_token_0001"", ""128460_token_0000"", ""128460_token_0001"", ""128107_token_0000"", ""128349_token_0000"", ""219436_token_0000"", ""128644_token_0000"", ""129185_token_0000"", ""224042_token_0000"", ""223745_token_0000"", ""222110_token_0000"", ""126694_token_0000"", ""38035_token_0001"", ""124469_token_0001"", ""128349_token_0001"", ""36289_token_0000"", ""126937_token_0000"", ""223976_token_0001"", ""224464_token_0000"", ""124794_token_0001"", ""221944_token_0001"", ""128078_token_0001"", ""128125_token_0001"", ""131099_token_0001"", ""228077_token_0001"", ""124794_token_0000"", ""223075_token_0001"", ""128123_token_0001"", ""126821_token_0001"", ""222806_token_0000"", ""225068_token_0000"", ""37655_token_0001"", ""126694_token_0001"", ""222973_token_0000"", ""224610_token_0000"", ""219371_token_0000"", ""220656_token_0000"", ""124845_token_0001"", ""37169_token_0000"", ""124152_token_0001"", ""124469_token_0000"", ""124088_token_0001"", ""221944_token_0002""]"
225322_1,hybrid,Quang Hải đang thi đấu cho câu lạc bộ nào tại nước ngoài vào thời điểm đợt tập trung?,225322,True,"[""225322""]",6387.5096,0.0,0.0,1.0,1.0,1.0,1.0,0.5,0.6309297535714575,"[""225322""]","[""222471"", ""225322"", ""225537"", ""223507"", ""128460"", ""223627"", ""223745"", ""38035"", ""219436"", ""222973"", ""224610"", ""224464"", ""126694"", ""221944"", ""220656"", ""123547"", ""223740"", ""221769"", ""128107"", ""224003"", ""220560"", ""128349"", ""128644"", ""204092"", ""129185"", ""224042"", ""66351"", ""222110"", ""223508"", ""225709"", ""124469"", ""25064"", ""36289"", ""36907"", ""126937"", ""223114"", ""124120"", ""223976"", ""124794"", ""236686"", ""4005"", ""128078"", ""3146""]","[""222471_token_0000"", ""225322_token_0000"", ""225537_token_0000"", ""223507_token_0000"", ""128460_token_0000"", ""223627_token_0000"", ""223745_token_0000"", ""38035_token_0001"", ""219436_token_0000"", ""128460_token_0001"", ""222973_token_0000"", ""224610_token_0000"", ""224464_token_0000"", ""126694_token_0000"", ""221944_token_0001"", ""220656_token_0000"", ""123547_token_0001"", ""225537_token_0001"", ""123547_token_0000"", ""223740_token_0000"", ""221769_token_0000"", ""128107_token_0001"", ""224003_token_0000"", ""220560_token_0000"", ""128107_token_0000"", ""128349_token_0000"", ""220560_token_0001"", ""128644_token_0000"", ""204092_token_0000"", ""129185_token_0000"", ""224042_token_0000"", ""66351_token_0001"", ""222110_token_0000"", ""38035_token_0000"", ""223508_token_0001"", ""225709_token_0001"", ""124469_token_0001"", ""128349_token_0001"", ""25064_token_0002"", ""36289_token_0000"", ""36907_token_0000"", ""126937_token_0000"", ""223114_token_0000"", ""124120_token_0000"", ""223976_token_0001"", ""124794_token_0001"", ""236686_token_0000"", ""4005_token_0002"", ""128078_token_0001"", ""3146_token_0000""]"
225322_2,bm25,Đợt hội quân tháng 3 của tuyển Việt Nam dưới thời HLV Troussier được tổ chức ra sao?,225322,True,"[""225322""]",168.2424,0.0,0.0,0.0,0.0,0.0,0.0,0.0,0.0,"[""225322""]","[""225496"", ""225317"", ""223075"", ""223834"", ""222973"", ""223822"", ""223259"", ""223508"", ""223627"", ""221944"", ""225072"", ""223745"", ""225465"", ""223507"", ""225350"", ""224023"", ""225322"", ""223166"", ""223976"", ""222809"", ""223302"", ""223537"", ""224695"", ""221666"", ""222839"", ""222815"", ""224003"", ""223306"", ""225467"", ""222947"", ""220656"", ""223114"", ""225289"", ""220642""]","[""225496_token_0000"", ""225317_token_0000"", ""223075_token_0000"", ""223834_token_0000"", ""222973_token_0000"", ""223822_token_0000"", ""223259_token_0000"", ""223508_token_0000"", ""225496_token_0001"", ""223508_token_0001"", ""223627_token_0000"", ""221944_token_0001"", ""225072_token_0000"", ""223745_token_0000"", ""225465_token_0000"", ""223507_token_0000"", ""225350_token_0000"", ""224023_token_0000"", ""225322_token_0000"", ""223166_token_0000"", ""223976_token_0001"", ""222809_token_0000"", ""223302_token_0001"", ""223976_token_0000"", ""221944_token_0002"", ""223537_token_0000"", ""223302_token_0000"", ""223075_token_0001"", ""224695_token_0001"", ""221666_token_0000"", ""222839_token_0000"", ""222815_token_0000"", ""224003_token_0000"", ""223537_token_0001"", ""222839_token_0001"", ""223822_token_0001"", ""225350_token_0001"", ""223259_token_0001"", ""223306_token_0000"", ""225467_token_0000"", ""222947_token_0000"", ""222973_token_0001"", ""225467_token_0001"", ""220656_token_0001"", ""223114_token_0001"", ""221944_token_0000"", ""222815_token_0001"", ""223306_token_0001"", ""225289_token_0000"", ""220642_token_0000""]"
225322_2,dense,Đợt hội quân tháng 3 của tuyển Việt Nam dưới thời HLV Troussier được tổ chức ra sao?,225322,True,"[""225322""]",6268.8957,1.0,1.0,1.0,1.0,1.0,1.0,1.0,1.0,"[""225322""]","[""225322"", ""225317"", ""225496"", ""224042"", ""223302"", ""224023"", ""223976"", ""225289"", ""225068"", ""222815"", ""225072"", ""223537"", ""223822"", ""223834"", ""223259"", ""223627"", ""223306"", ""222973"", ""225350"", ""222809"", ""223075"", ""225465"", ""128644"", ""223508"", ""222839"", ""223166"", ""223745"", ""128107"", ""222947"", ""126810"", ""127739"", ""127349"", ""128078"", ""223205""]","[""225322_token_0000"", ""225317_token_0000"", ""225496_token_0001"", ""224042_token_0000"", ""223302_token_0001"", ""224023_token_0000"", ""223976_token_0001"", ""225289_token_0000"", ""225496_token_0000"", ""225068_token_0000"", ""222815_token_0001"", ""223302_token_0000"", ""222815_token_0000"", ""225072_token_0000"", ""223537_token_0000"", ""223822_token_0000"", ""223834_token_0000"", ""223259_token_0000"", ""223627_token_0000"", ""223306_token_0000"", ""222973_token_0001"", ""225350_token_0001"", ""222809_token_0000"", ""223075_token_0000"", ""223822_token_0001"", ""225289_token_0001"", ""223976_token_0000"", ""223075_token_0001"", ""225072_token_0001"", ""223306_token_0001"", ""223259_token_0001"", ""223537_token_0001"", ""225465_token_0000"", ""225350_token_0000"", ""128644_token_0000"", ""223508_token_0000"", ""223508_token_0001"", ""222839_token_0000"", ""222815_token_0002"", ""222973_token_0000"", ""223166_token_0000"", ""223745_token_0000"", ""128107_token_0000"", ""222947_token_0000"", ""126810_token_0000"", ""127739_token_0000"", ""127349_token_0001"", ""128078_token_0001"", ""128107_token_0001"", ""223205_token_0001""]"
225322_2,hybrid,Đợt hội quân tháng 3 của tuyển Việt Nam dưới thời HLV Troussier được tổ chức ra sao?,225322,True,"[""225322""]",6519.3798,0.0,0.0,1.0,1.0,1.0,1.0,0.3333333333333333,0.5,"[""225322""]","[""225317"", ""225496"", ""225322"", ""223834"", ""223822"", ""224023"", ""223075"", ""223259"", ""223302"", ""223976"", ""225072"", ""223627"", ""222973"", ""223508"", ""223537"", ""222815"", ""222809"", ""225465"", ""225289"", ""225350"", ""223745"", ""223306"", ""223166"", ""222839"", ""222947"", ""224042"", ""225068"", ""221944"", ""223507"", ""224695"", ""221666"", ""224003"", ""128644""]","[""225317_token_0000"", ""225496_token_0000"", ""225496_token_0001"", ""225322_token_0000"", ""223834_token_0000"", ""223822_token_0000"", ""224023_token_0000"", ""223075_token_0000"", ""223259_token_0000"", ""223302_token_0001"", ""223976_token_0001"", ""225072_token_0000"", ""223627_token_0000"", ""222973_token_0000"", ""223302_token_0000"", ""223508_token_0000"", ""223537_token_0000"", ""223508_token_0001"", ""222815_token_0000"", ""222809_token_0000"", ""225465_token_0000"", ""225289_token_0000"", ""225350_token_0000"", ""222815_token_0001"", ""223976_token_0000"", ""223745_token_0000"", ""223075_token_0001"", ""223306_token_0000"", ""225350_token_0001"", ""223166_token_0000"", ""223822_token_0001"", ""222973_token_0001"", ""223537_token_0001"", ""222839_token_0000"", ""223259_token_0001"", ""223306_token_0001"", ""222947_token_0000"", ""224042_token_0000"", ""225068_token_0000"", ""221944_token_0001"", ""223507_token_0000"", ""221944_token_0002"", ""225289_token_0001"", ""224695_token_0001"", ""225072_token_0001"", ""221666_token_0000"", ""224003_token_0000"", ""128644_token_0000"", ""222839_token_0001"", ""222815_token_0002""]"
225322_3,bm25,"Vì sao các câu lạc bộ nước ngoài không cho Quang Hải, Công Phượng và Văn Toàn về tập trung cùng tuyển Việt Nam?",225322,True,"[""225322""]",182.4877,1.0,1.0,1.0,1.0,1.0,1.0,1.0,1.0,"[""225322""]","[""225322"", ""222973"", ""223627"", ""224610"", ""223834"", ""223976"", ""223507"", ""221651"", ""222471"", ""224003"", ""221666"", ""225537"", ""223114"", ""223745"", ""221769"", ""170223"", ""126670"", ""224458"", ""219436"", ""66351"", ""204092"", ""221944"", ""11050"", ""222806"", ""220642"", ""221109"", ""219999"", ""220656"", ""3422"", ""222088"", ""222327"", ""24186"", ""225709"", ""221474"", ""128134"", ""222727"", ""220531"", ""222839"", ""2283"", ""223508"", ""220569"", ""221172""]","[""225322_token_0000"", ""222973_token_0000"", ""223627_token_0000"", ""224610_token_0000"", ""222973_token_0001"", ""223834_token_0000"", ""223976_token_0000"", ""223507_token_0000"", ""221651_token_0000"", ""222471_token_0000"", ""224003_token_0000"", ""221666_token_0001"", ""225537_token_0000"", ""223114_token_0000"", ""223745_token_0000"", ""221769_token_0000"", ""221651_token_0001"", ""170223_token_0001"", ""126670_token_0000"", ""224458_token_0001"", ""219436_token_0000"", ""66351_token_0002"", ""66351_token_0001"", ""204092_token_0000"", ""221944_token_0001"", ""221666_token_0000"", ""11050_token_0000"", ""222806_token_0000"", ""220642_token_0000"", ""221109_token_0000"", ""219999_token_0000"", ""220656_token_0000"", ""3422_token_0000"", ""225537_token_0001"", ""222088_token_0000"", ""222327_token_0000"", ""24186_token_0003"", ""225709_token_0000"", ""221474_token_0000"", ""128134_token_0000"", ""222727_token_0000"", ""220531_token_0002"", ""221769_token_0001"", ""222839_token_0000"", ""2283_token_0004"", ""223508_token_0000"", ""223114_token_0001"", ""220569_token_0000"", ""220531_token_0000"", ""221172_token_0001""]"
225322_3,dense,"Vì sao các câu lạc bộ nước ngoài không cho Quang Hải, Công Phượng và Văn Toàn về tập trung cùng tuyển Việt Nam?",225322,True,"[""225322""]",6198.0669,1.0,1.0,1.0,1.0,1.0,1.0,1.0,1.0,"[""225322""]","[""225322"", ""223834"", ""223627"", ""223507"", ""128107"", ""224610"", ""129185"", ""222471"", ""128125"", ""222973"", ""126670"", ""223976"", ""225537"", ""128460"", ""222110"", ""38017"", ""224023"", ""126937"", ""222201"", ""219436"", ""223302"", ""40562"", ""224042"", ""223508"", ""126810"", ""223740"", ""225317"", ""222839"", ""224458"", ""128644"", ""220569"", ""221944"", ""221651"", ""223075"", ""222269"", ""127349"", ""224464"", ""128200"", ""37655""]","[""225322_token_0000"", ""223834_token_0000"", ""223627_token_0000"", ""223507_token_0000"", ""128107_token_0001"", ""224610_token_0000"", ""129185_token_0000"", ""222471_token_0000"", ""128125_token_0001"", ""222973_token_0001"", ""128107_token_0000"", ""126670_token_0000"", ""223976_token_0000"", ""225537_token_0000"", ""128460_token_0000"", ""222110_token_0000"", ""38017_token_0000"", ""225537_token_0001"", ""224023_token_0000"", ""126937_token_0000"", ""222973_token_0000"", ""222201_token_0000"", ""219436_token_0000"", ""223302_token_0001"", ""40562_token_0000"", ""224042_token_0000"", ""223508_token_0000"", ""126810_token_0000"", ""223740_token_0000"", ""225317_token_0000"", ""222839_token_0000"", ""224458_token_0000"", ""128644_token_0000"", ""220569_token_0001"", ""221944_token_0001"", ""223508_token_0001"", ""221651_token_0000"", ""223976_token_0001"", ""223075_token_0001"", ""222269_token_0000"", ""224458_token_0001"", ""127349_token_0001"", ""221651_token_0001"", ""224464_token_0000"", ""221944_token_0002"", ""128200_token_0000"", ""129185_token_0001"", ""40562_token_0001"", ""128460_token_0001"", ""37655_token_0000""]"
225322_3,hybrid,"Vì sao các câu lạc bộ nước ngoài không cho Quang Hải, Công Phượng và Văn Toàn về tập trung cùng tuyển Việt Nam?",225322,True,"[""225322""]",6419.6762,1.0,1.0,1.0,1.0,1.0,1.0,1.0,1.0,"[""225322""]","[""225322"", ""223627"", ""223834"", ""224610"", ""223507"", ""222973"", ""222471"", ""223976"", ""225537"", ""126670"", ""221651"", ""219436"", ""224458"", ""221944"", ""223508"", ""222839"", ""128107"", ""129185"", ""128125"", ""224003"", ""221666"", ""223114"", ""128460"", ""223745"", ""221769"", ""222110"", ""38017"", ""170223"", ""224023"", ""126937"", ""222201"", ""66351"", ""204092"", ""223302"", ""40562"", ""224042"", ""11050"", ""126810"", ""222806"", ""220642"", ""223740"", ""221109"", ""225317"", ""219999""]","[""225322_token_0000"", ""223627_token_0000"", ""223834_token_0000"", ""224610_token_0000"", ""223507_token_0000"", ""222973_token_0001"", ""222471_token_0000"", ""223976_token_0000"", ""222973_token_0000"", ""225537_token_0000"", ""126670_token_0000"", ""221651_token_0000"", ""219436_token_0000"", ""225537_token_0001"", ""221651_token_0001"", ""224458_token_0001"", ""221944_token_0001"", ""223508_token_0000"", ""222839_token_0000"", ""128107_token_0001"", ""129185_token_0000"", ""128125_token_0001"", ""128107_token_0000"", ""224003_token_0000"", ""221666_token_0001"", ""223114_token_0000"", ""128460_token_0000"", ""223745_token_0000"", ""221769_token_0000"", ""222110_token_0000"", ""38017_token_0000"", ""170223_token_0001"", ""224023_token_0000"", ""126937_token_0000"", ""222201_token_0000"", ""66351_token_0002"", ""66351_token_0001"", ""204092_token_0000"", ""223302_token_0001"", ""40562_token_0000"", ""221666_token_0000"", ""224042_token_0000"", ""11050_token_0000"", ""126810_token_0000"", ""222806_token_0000"", ""220642_token_0000"", ""223740_token_0000"", ""221109_token_0000"", ""225317_token_0000"", ""219999_token_0000""]"
225322_4,bm25,Tình hình thi đấu ở nước ngoài của Quang Hải và Công Phượng khác nhau như thế nào?,225322,True,"[""225322""]",137.4799,1.0,1.0,1.0,1.0,1.0,1.0,1.0,1.0,"[""225322""]","[""225322"", ""126937"", ""222973"", ""224003"", ""126670"", ""221651"", ""222471"", ""220656"", ""128134"", ""129185"", ""225537"", ""128460"", ""127819"", ""224610"", ""223507"", ""219999"", ""223627"", ""222839"", ""39762"", ""224458"", ""220531"", ""222806"", ""38633"", ""225523"", ""26616"", ""32847"", ""224464"", ""26200"", ""38056"", ""36907"", ""221878"", ""7785"", ""222718"", ""220138"", ""36289"", ""39162"", ""220546"", ""36399"", ""223154"", ""126803"", ""124088"", ""224933"", ""41912"", ""223325""]","[""225322_token_0000"", ""126937_token_0000"", ""126937_token_0002"", ""222973_token_0000"", ""224003_token_0000"", ""126670_token_0000"", ""221651_token_0000"", ""222471_token_0000"", ""126937_token_0001"", ""220656_token_0000"", ""128134_token_0000"", ""129185_token_0000"", ""225537_token_0000"", ""128460_token_0001"", ""127819_token_0000"", ""224610_token_0000"", ""223507_token_0000"", ""128460_token_0000"", ""219999_token_0000"", ""223627_token_0000"", ""222839_token_0000"", ""39762_token_0000"", ""224458_token_0001"", ""220531_token_0002"", ""222806_token_0000"", ""38633_token_0000"", ""225523_token_0001"", ""26616_token_0000"", ""128134_token_0001"", ""222973_token_0001"", ""32847_token_0000"", ""224464_token_0000"", ""26200_token_0000"", ""38056_token_0000"", ""36907_token_0000"", ""221878_token_0000"", ""129185_token_0001"", ""7785_token_0000"", ""222718_token_0001"", ""220138_token_0000"", ""36289_token_0000"", ""39162_token_0000"", ""220546_token_0000"", ""36399_token_0000"", ""223154_token_0000"", ""126803_token_0000"", ""124088_token_0000"", ""224933_token_0001"", ""41912_token_0000"", ""223325_token_0000""]"
225322_4,dense,Tình hình thi đấu ở nước ngoài của Quang Hải và Công Phượng khác nhau như thế nào?,225322,True,"[""225322""]",6610.7736,1.0,1.0,1.0,1.0,1.0,1.0,1.0,1.0,"[""225322""]","[""225322"", ""222471"", ""222973"", ""223507"", ""222839"", ""225537"", ""223834"", ""128460"", ""129185"", ""128107"", ""223627"", ""126670"", ""219436"", ""221651"", ""224610"", ""222110"", ""126937"", ""222269"", ""224458"", ""224464"", ""36289"", ""128125"", ""219999"", ""128477"", ""128227"", ""128139"", ""218945"", ""223508"", ""223976"", ""221944"", ""223740"", ""221878"", ""226452"", ""124152"", ""127819"", ""126810"", ""221185"", ""222806"", ""224003"", ""124794""]","[""225322_token_0000"", ""222471_token_0000"", ""222973_token_0001"", ""223507_token_0000"", ""222839_token_0000"", ""225537_token_0000"", ""223834_token_0000"", ""128460_token_0001"", ""129185_token_0000"", ""128107_token_0001"", ""223627_token_0000"", ""128460_token_0000"", ""126670_token_0000"", ""219436_token_0000"", ""222973_token_0000"", ""221651_token_0000"", ""225537_token_0001"", ""224610_token_0000"", ""222110_token_0000"", ""126937_token_0000"", ""128107_token_0000"", ""222269_token_0000"", ""224458_token_0000"", ""221651_token_0001"", ""126937_token_0001"", ""224464_token_0000"", ""36289_token_0000"", ""126670_token_0001"", ""128125_token_0001"", ""222269_token_0001"", ""219999_token_0000"", ""128477_token_0001"", ""224458_token_0001"", ""128227_token_0000"", ""128139_token_0001"", ""218945_token_0000"", ""223508_token_0000"", ""223976_token_0000"", ""221944_token_0002"", ""223740_token_0000"", ""221878_token_0000"", ""129185_token_0001"", ""226452_token_0000"", ""124152_token_0000"", ""127819_token_0000"", ""126810_token_0000"", ""221185_token_0000"", ""222806_token_0000"", ""224003_token_0000"", ""124794_token_0001""]"
225322_4,hybrid,Tình hình thi đấu ở nước ngoài của Quang Hải và Công Phượng khác nhau như thế nào?,225322,True,"[""225322""]",6334.4983,1.0,1.0,1.0,1.0,1.0,1.0,1.0,1.0,"[""225322""]","[""225322"", ""222471"", ""222973"", ""126670"", ""225537"", ""126937"", ""223507"", ""129185"", ""128460"", ""221651"", ""222839"", ""223627"", ""224610"", ""224003"", ""219999"", ""127819"", ""224458"", ""224464"", ""36289"", ""222806"", ""221878"", ""223834"", ""128107"", ""220656"", ""128134"", ""219436"", ""222110"", ""222269"", ""39762"", ""220531"", ""38633"", ""225523"", ""26616"", ""128125"", ""32847"", ""128477"", ""26200"", ""128227""]","[""225322_token_0000"", ""222471_token_0000"", ""222973_token_0000"", ""126670_token_0000"", ""225537_token_0000"", ""126937_token_0000"", ""223507_token_0000"", ""129185_token_0000"", ""128460_token_0001"", ""221651_token_0000"", ""222839_token_0000"", ""222973_token_0001"", ""128460_token_0000"", ""223627_token_0000"", ""126937_token_0001"", ""224610_token_0000"", ""224003_token_0000"", ""219999_token_0000"", ""127819_token_0000"", ""224458_token_0001"", ""224464_token_0000"", ""36289_token_0000"", ""222806_token_0000"", ""221878_token_0000"", ""129185_token_0001"", ""126937_token_0002"", ""223834_token_0000"", ""128107_token_0001"", ""220656_token_0000"", ""128134_token_0000"", ""219436_token_0000"", ""225537_token_0001"", ""222110_token_0000"", ""128107_token_0000"", ""222269_token_0000"", ""39762_token_0000"", ""224458_token_0000"", ""220531_token_0002"", ""221651_token_0001"", ""38633_token_0000"", ""225523_token_0001"", ""126670_token_0001"", ""26616_token_0000"", ""128125_token_0001"", ""128134_token_0001"", ""222269_token_0001"", ""32847_token_0000"", ""128477_token_0001"", ""26200_token_0000"", ""128227_token_0000""]"
225322_5,bm25,HLV Troussier nhận xét cụ thể gì về phong độ hiện tại của Quang Hải tại Pau?,225322,False,"[""225322""]",142.1115,0.0,0.0,1.0,1.0,1.0,1.0,0.5,0.6309297535714575,"[""225322""]","[""225537"", ""225322"", ""222471"", ""223075"", ""222973"", ""223508"", ""223627"", ""222806"", ""223507"", ""225317"", ""223259"", ""224003"", ""223302"", ""222815"", ""225072"", ""224458"", ""223834"", ""221474"", ""220656"", ""42037"", ""128460"", ""220322"", ""222809"", ""225465"", ""223114"", ""223976"", ""223745"", ""129185"", ""38035"", ""225523"", ""225350"", ""222327"", ""225496"", ""221769"", ""222269"", ""39162"", ""223306"", ""220531"", ""225068"", ""224042""]","[""225537_token_0000"", ""225322_token_0000"", ""222471_token_0000"", ""223075_token_0000"", ""223075_token_0001"", ""222973_token_0000"", ""223508_token_0001"", ""223627_token_0000"", ""222806_token_0000"", ""223507_token_0000"", ""225317_token_0000"", ""223259_token_0000"", ""224003_token_0000"", ""223302_token_0000"", ""222815_token_0000"", ""225072_token_0000"", ""222815_token_0001"", ""224458_token_0001"", ""223508_token_0000"", ""223834_token_0000"", ""221474_token_0000"", ""220656_token_0000"", ""42037_token_0000"", ""128460_token_0000"", ""220322_token_0000"", ""222809_token_0000"", ""223259_token_0001"", ""225465_token_0000"", ""223114_token_0000"", ""222973_token_0001"", ""223302_token_0001"", ""223976_token_0000"", ""223745_token_0000"", ""129185_token_0000"", ""38035_token_0001"", ""225523_token_0001"", ""225350_token_0000"", ""222327_token_0001"", ""225496_token_0000"", ""223114_token_0001"", ""221769_token_0000"", ""222269_token_0000"", ""39162_token_0001"", ""222327_token_0000"", ""222815_token_0002"", ""223306_token_0000"", ""220531_token_0002"", ""221769_token_0001"", ""225068_token_0000"", ""224042_token_0000""]"
225322_5,dense,HLV Troussier nhận xét cụ thể gì về phong độ hiện tại của Quang Hải tại Pau?,225322,False,"[""225322""]",6296.4662,1.0,1.0,1.0,1.0,1.0,1.0,1.0,1.0,"[""225322""]","[""225322"", ""225350"", ""223508"", ""223627"", ""222973"", ""225496"", ""225068"", ""223075"", ""223822"", ""225317"", ""223976"", ""222806"", ""225072"", ""225537"", ""222815"", ""222839"", ""225289"", ""223306"", ""224023"", ""126937"", ""223259"", ""225465"", ""223537"", ""222471"", ""223166"", ""223834"", ""224042"", ""223302"", ""128460"", ""222809"", ""219436"", ""124469"", ""221944"", ""223507"", ""129185"", ""223205""]","[""225322_token_0000"", ""225350_token_0000"", ""223508_token_0000"", ""223627_token_0000"", ""225350_token_0001"", ""222973_token_0001"", ""225496_token_0000"", ""225068_token_0000"", ""223075_token_0001"", ""223822_token_0000"", ""225317_token_0000"", ""223976_token_0000"", ""222806_token_0000"", ""223976_token_0001"", ""225072_token_0000"", ""225496_token_0001"", ""225537_token_0000"", ""222815_token_0001"", ""222839_token_0000"", ""223508_token_0001"", ""225289_token_0000"", ""223306_token_0001"", ""225072_token_0001"", ""224023_token_0000"", ""222815_token_0000"", ""126937_token_0001"", ""223822_token_0001"", ""222973_token_0000"", ""223075_token_0000"", ""223259_token_0000"", ""225465_token_0000"", ""223537_token_0000"", ""223306_token_0000"", ""222471_token_0000"", ""223166_token_0000"", ""223834_token_0000"", ""224042_token_0000"", ""223302_token_0001"", ""128460_token_0001"", ""223259_token_0001"", ""222809_token_0000"", ""223302_token_0000"", ""219436_token_0000"", ""128460_token_0000"", ""223537_token_0001"", ""124469_token_0001"", ""221944_token_0002"", ""223507_token_0000"", ""129185_token_0000"", ""223205_token_0001""]"
225322_5,hybrid,HLV Troussier nhận xét cụ thể gì về phong độ hiện tại của Quang Hải tại Pau?,225322,False,"[""225322""]",6343.1422,1.0,1.0,1.0,1.0,1.0,1.0,1.0,1.0,"[""225322""]","[""225322"", ""223627"", ""223075"", ""225537"", ""223508"", ""222806"", ""225317"", ""222973"", ""222471"", ""225072"", ""225350"", ""222815"", ""225496"", ""223259"", ""223976"", ""225068"", ""223507"", ""223302"", ""223834"", ""225465"", ""222809"", ""128460"", ""223306"", ""129185"", ""224042"", ""223822"", ""224003"", ""224458"", ""222839"", ""221474"", ""225289"", ""220656"", ""42037"", ""224023"", ""220322"", ""126937"", ""223114"", ""223537""]","[""225322_token_0000"", ""223627_token_0000"", ""223075_token_0001"", ""225537_token_0000"", ""223508_token_0000"", ""222806_token_0000"", ""225317_token_0000"", ""223508_token_0001"", ""223075_token_0000"", ""222973_token_0000"", ""222471_token_0000"", ""225072_token_0000"", ""225350_token_0000"", ""222973_token_0001"", ""222815_token_0001"", ""222815_token_0000"", ""225496_token_0000"", ""223259_token_0000"", ""223976_token_0000"", ""225068_token_0000"", ""223507_token_0000"", ""223302_token_0000"", ""223834_token_0000"", ""225465_token_0000"", ""222809_token_0000"", ""128460_token_0000"", ""223259_token_0001"", ""223302_token_0001"", ""223306_token_0000"", ""129185_token_0000"", ""224042_token_0000"", ""225350_token_0001"", ""223822_token_0000"", ""224003_token_0000"", ""223976_token_0001"", ""225496_token_0001"", ""224458_token_0001"", ""222839_token_0000"", ""221474_token_0000"", ""225289_token_0000"", ""220656_token_0000"", ""223306_token_0001"", ""225072_token_0001"", ""42037_token_0000"", ""224023_token_0000"", ""220322_token_0000"", ""126937_token_0001"", ""223822_token_0001"", ""223114_token_0000"", ""223537_token_0000""]"
114604_1,bm25,Hệ thống nhà thuốc Long Châu và STADA Pymepharco đã triển khai những hoạt động kiểm tra sức khỏe cụ thể nào cho người dân trong sự kiện hợp tác?,114604,True,"[""114604""]",192.5581,1.0,1.0,1.0,1.0,1.0,1.0,1.0,1.0,"[""114604""]","[""114604"", ""29260"", ""206172"", ""28541"", ""29054"", ""56306"", ""65134"", ""205994"", ""108231"", ""62185"", ""114933"", ""29266"", ""208779"", ""28731"", ""184334"", ""22819"", ""208739"", ""24678"", ""105544"", ""29478"", ""209066"", ""117545"", ""183453"", ""210063"", ""108652"", ""183751"", ""184808"", ""182566"", ""22730"", ""109037""]","[""114604_token_0001"", ""114604_token_0000"", ""29260_token_0002"", ""29260_token_0001"", ""206172_token_0001"", ""114604_token_0002"", ""29260_token_0003"", ""206172_token_0000"", ""28541_token_0000"", ""29054_token_0001"", ""56306_token_0000"", ""65134_token_0000"", ""29260_token_0000"", ""29054_token_0002"", ""56306_token_0001"", ""29054_token_0000"", ""205994_token_0001"", ""205994_token_0000"", ""206172_token_0002"", ""205994_token_0002"", ""108231_token_0000"", ""62185_token_0000"", ""114933_token_0000"", ""65134_token_0001"", ""29266_token_0000"", ""208779_token_0000"", ""108231_token_0001"", ""28731_token_0001"", ""184334_token_0001"", ""28541_token_0001"", ""22819_token_0001"", ""208739_token_0000"", ""24678_token_0000"", ""105544_token_0002"", ""29478_token_0002"", ""184334_token_0002"", ""208739_token_0001"", ""209066_token_0000"", ""117545_token_0001"", ""183453_token_0002"", ""29478_token_0001"", ""210063_token_0000"", ""29266_token_0001"", ""108652_token_0001"", ""183751_token_0001"", ""184808_token_0000"", ""182566_token_0000"", ""22730_token_0001"", ""109037_token_0001"", ""108652_token_0002""]"
114604_1,dense,Hệ thống nhà thuốc Long Châu và STADA Pymepharco đã triển khai những hoạt động kiểm tra sức khỏe cụ thể nào cho người dân trong sự kiện hợp tác?,114604,True,"[""114604""]",6295.1431,1.0,1.0,1.0,1.0,1.0,1.0,1.0,1.0,"[""114604""]","[""114604"", ""206172"", ""65134"", ""29260"", ""28541"", ""29054"", ""114933"", ""208779"", ""209140"", ""205994"", ""208739"", ""29478"", ""56306"", ""210063"", ""29116"", ""137958"", ""209660"", ""68725"", ""209713"", ""114376"", ""256915"", ""189823"", ""66795"", ""28731"", ""29266"", ""31836"", ""207679"", ""206259"", ""115072""]","[""114604_token_0002"", ""114604_token_0001"", ""114604_token_0000"", ""206172_token_0002"", ""206172_token_0001"", ""206172_token_0000"", ""65134_token_0001"", ""29260_token_0001"", ""65134_token_0000"", ""29260_token_0002"", ""28541_token_0001"", ""29260_token_0000"", ""29054_token_0001"", ""28541_token_0000"", ""29260_token_0003"", ""114933_token_0000"", ""208779_token_0000"", ""114933_token_0001"", ""209140_token_0001"", ""29054_token_0002"", ""205994_token_0002"", ""208739_token_0000"", ""209140_token_0000"", ""29478_token_0001"", ""56306_token_0001"", ""208739_token_0001"", ""210063_token_0001"", ""56306_token_0000"", ""205994_token_0001"", ""29116_token_0002"", ""137958_token_0000"", ""209660_token_0001"", ""68725_token_0001"", ""209713_token_0001"", ""114376_token_0000"", ""29478_token_0002"", ""256915_token_0000"", ""208779_token_0001"", ""68725_token_0002"", ""189823_token_0000"", ""66795_token_0001"", ""28731_token_0001"", ""29478_token_0003"", ""210063_token_0000"", ""29266_token_0001"", ""31836_token_0001"", ""207679_token_0000"", ""206259_token_0000"", ""209713_token_0000"", ""115072_token_0000""]"
114604_1,hybrid,Hệ thống nhà thuốc Long Châu và STADA Pymepharco đã triển khai những hoạt động kiểm tra sức khỏe cụ thể nào cho người dân trong sự kiện hợp tác?,114604,True,"[""114604""]",6423.6176,1.0,1.0,1.0,1.0,1.0,1.0,1.0,1.0,"[""114604""]","[""114604"", ""206172"", ""29260"", ""65134"", ""28541"", ""29054"", ""56306"", ""114933"", ""205994"", ""208779"", ""208739"", ""29478"", ""28731"", ""210063"", ""29266"", ""209140"", ""108231"", ""62185"", ""184334"", ""29116"", ""137958"", ""22819"", ""209660"", ""24678"", ""68725"", ""105544"", ""209713"", ""114376""]","[""114604_token_0001"", ""114604_token_0000"", ""114604_token_0002"", ""206172_token_0001"", ""29260_token_0001"", ""29260_token_0002"", ""206172_token_0000"", ""65134_token_0000"", ""206172_token_0002"", ""29260_token_0003"", ""28541_token_0000"", ""29054_token_0001"", ""29260_token_0000"", ""65134_token_0001"", ""29054_token_0002"", ""56306_token_0000"", ""114933_token_0000"", ""28541_token_0001"", ""56306_token_0001"", ""205994_token_0002"", ""208779_token_0000"", ""205994_token_0001"", ""208739_token_0000"", ""208739_token_0001"", ""29478_token_0001"", ""28731_token_0001"", ""29478_token_0002"", ""210063_token_0000"", ""29266_token_0001"", ""29054_token_0000"", ""114933_token_0001"", ""205994_token_0000"", ""209140_token_0001"", ""108231_token_0000"", ""62185_token_0000"", ""209140_token_0000"", ""29266_token_0000"", ""108231_token_0001"", ""210063_token_0001"", ""184334_token_0001"", ""29116_token_0002"", ""137958_token_0000"", ""22819_token_0001"", ""209660_token_0001"", ""24678_token_0000"", ""68725_token_0001"", ""105544_token_0002"", ""209713_token_0001"", ""114376_token_0000"", ""184334_token_0002""]"
114604_2,bm25,Chương trình hợp tác giữa Long Châu và STADA Pymepharco tập trung giải quyết vấn đề sức khỏe nào và hướng đến thông điệp gì cho cộng đồng?,114604,True,"[""114604""]",184.6444,1.0,1.0,1.0,1.0,1.0,1.0,1.0,1.0,"[""114604""]","[""114604"", ""29260"", ""206172"", ""208779"", ""29054"", ""65134"", ""35855"", ""209372"", ""97673"", ""56306"", ""208739"", ""211376"", ""28541"", ""12908"", ""84025"", ""109559"", ""52997"", ""117545"", ""96891"", ""52734"", ""32486"", ""173895"", ""95298"", ""4946"", ""158375"", ""197588"", ""142272"", ""22576"", ""262272"", ""28731"", ""6202"", ""45920"", ""198995"", ""29478"", ""189823"", ""86711"", ""4950"", ""19982"", ""170560""]","[""114604_token_0001"", ""114604_token_0000"", ""29260_token_0000"", ""114604_token_0002"", ""206172_token_0001"", ""29260_token_0002"", ""208779_token_0000"", ""29260_token_0001"", ""206172_token_0000"", ""29054_token_0002"", ""65134_token_0000"", ""29260_token_0003"", ""35855_token_0001"", ""29054_token_0001"", ""209372_token_0000"", ""97673_token_0001"", ""56306_token_0000"", ""56306_token_0001"", ""208739_token_0001"", ""211376_token_0000"", ""28541_token_0000"", ""12908_token_0000"", ""84025_token_0000"", ""109559_token_0000"", ""52997_token_0001"", ""117545_token_0001"", ""208739_token_0000"", ""96891_token_0002"", ""52734_token_0002"", ""32486_token_0002"", ""173895_token_0000"", ""95298_token_0000"", ""4946_token_0001"", ""158375_token_0000"", ""197588_token_0001"", ""65134_token_0001"", ""142272_token_0000"", ""22576_token_0000"", ""262272_token_0000"", ""28731_token_0001"", ""6202_token_0001"", ""117545_token_0002"", ""45920_token_0001"", ""198995_token_0001"", ""29478_token_0002"", ""189823_token_0000"", ""86711_token_0002"", ""4950_token_0002"", ""19982_token_0001"", ""170560_token_0002""]"
114604_2,dense,Chương trình hợp tác giữa Long Châu và STADA Pymepharco tập trung giải quyết vấn đề sức khỏe nào và hướng đến thông điệp gì cho cộng đồng?,114604,True,"[""114604""]",6230.734,1.0,1.0,1.0,1.0,1.0,1.0,1.0,1.0,"[""114604""]","[""114604"", ""206172"", ""65134"", ""29260"", ""28541"", ""29054"", ""208779"", ""208739"", ""137958"", ""68875"", ""205994"", ""209140"", ""29478"", ""56306"", ""19954"", ""210063"", ""29266"", ""114933"", ""206259"", ""19896"", ""17768"", ""209713"", ""108231"", ""209372"", ""199846"", ""68725"", ""256915"", ""114660"", ""101752""]","[""114604_token_0002"", ""114604_token_0000"", ""114604_token_0001"", ""206172_token_0002"", ""206172_token_0001"", ""206172_token_0000"", ""65134_token_0001"", ""65134_token_0000"", ""29260_token_0000"", ""29260_token_0002"", ""29260_token_0001"", ""28541_token_0001"", ""29054_token_0001"", ""29054_token_0002"", ""28541_token_0000"", ""208779_token_0000"", ""29260_token_0003"", ""208739_token_0000"", ""208739_token_0001"", ""137958_token_0000"", ""68875_token_0000"", ""205994_token_0002"", ""209140_token_0001"", ""29478_token_0001"", ""56306_token_0001"", ""208779_token_0001"", ""209140_token_0000"", ""19954_token_0002"", ""210063_token_0001"", ""29266_token_0001"", ""114933_token_0000"", ""56306_token_0000"", ""206259_token_0002"", ""29054_token_0000"", ""114933_token_0001"", ""206259_token_0000"", ""19896_token_0000"", ""17768_token_0001"", ""209713_token_0001"", ""108231_token_0000"", ""209372_token_0000"", ""205994_token_0001"", ""199846_token_0001"", ""68725_token_0002"", ""209713_token_0000"", ""206259_token_0001"", ""19896_token_0001"", ""256915_token_0000"", ""114660_token_0000"", ""101752_token_0000""]"
114604_2,hybrid,Chương trình hợp tác giữa Long Châu và STADA Pymepharco tập trung giải quyết vấn đề sức khỏe nào và hướng đến thông điệp gì cho cộng đồng?,114604,True,"[""114604""]",6564.6784,1.0,1.0,1.0,1.0,1.0,1.0,1.0,1.0,"[""114604""]","[""114604"", ""206172"", ""29260"", ""65134"", ""208779"", ""29054"", ""28541"", ""208739"", ""56306"", ""209372"", ""35855"", ""97673"", ""137958"", ""211376"", ""68875"", ""12908"", ""205994"", ""209140"", ""84025"", ""109559"", ""29478"", ""52997"", ""117545"", ""19954"", ""96891"", ""210063"", ""52734"", ""29266"", ""32486"", ""114933"", ""173895"", ""95298"", ""206259"", ""4946"", ""158375""]","[""114604_token_0001"", ""114604_token_0000"", ""114604_token_0002"", ""206172_token_0001"", ""29260_token_0000"", ""206172_token_0000"", ""29260_token_0002"", ""29260_token_0001"", ""65134_token_0000"", ""208779_token_0000"", ""29054_token_0002"", ""29054_token_0001"", ""29260_token_0003"", ""28541_token_0000"", ""65134_token_0001"", ""208739_token_0001"", ""56306_token_0001"", ""208739_token_0000"", ""56306_token_0000"", ""209372_token_0000"", ""206172_token_0002"", ""28541_token_0001"", ""35855_token_0001"", ""97673_token_0001"", ""137958_token_0000"", ""211376_token_0000"", ""68875_token_0000"", ""12908_token_0000"", ""205994_token_0002"", ""209140_token_0001"", ""84025_token_0000"", ""109559_token_0000"", ""29478_token_0001"", ""52997_token_0001"", ""117545_token_0001"", ""208779_token_0001"", ""209140_token_0000"", ""19954_token_0002"", ""96891_token_0002"", ""210063_token_0001"", ""52734_token_0002"", ""29266_token_0001"", ""32486_token_0002"", ""114933_token_0000"", ""173895_token_0000"", ""95298_token_0000"", ""206259_token_0002"", ""4946_token_0001"", ""158375_token_0000"", ""29054_token_0000""]"
114604_3,bm25,"Tình trạng thừa cân, béo phì gây ra những hệ lụy gì cho sức khỏe cá nhân và xã hội theo cảnh báo của giới y khoa?",114604,True,"[""114604""]",204.1729,1.0,1.0,1.0,1.0,1.0,1.0,1.0,1.0,"[""114604""]","[""114604"", ""31499"", ""28561"", ""212311"", ""29406"", ""117438"", ""210723"", ""212777"", ""31155"", ""210193"", ""57400"", ""114265"", ""114283"", ""205100"", ""29906"", ""117298"", ""209834"", ""205669"", ""29107"", ""210151"", ""205994"", ""114762"", ""117265"", ""29383"", ""66795"", ""213143"", ""210413"", ""31776"", ""98374"", ""212000"", ""206409"", ""114567"", ""243191"", ""96976"", ""66330"", ""30629"", ""212833"", ""206954"", ""213312"", ""172124"", ""31662""]","[""114604_token_0001"", ""114604_token_0000"", ""31499_token_0001"", ""28561_token_0000"", ""212311_token_0001"", ""29406_token_0003"", ""117438_token_0002"", ""210723_token_0001"", ""212777_token_0000"", ""31155_token_0000"", ""210193_token_0000"", ""57400_token_0002"", ""114265_token_0000"", ""210723_token_0000"", ""114283_token_0002"", ""205100_token_0001"", ""29906_token_0000"", ""117298_token_0000"", ""29906_token_0001"", ""209834_token_0000"", ""205669_token_0000"", ""205100_token_0000"", ""29107_token_0000"", ""210151_token_0000"", ""117438_token_0003"", ""205994_token_0000"", ""114762_token_0000"", ""117265_token_0003"", ""29383_token_0001"", ""66795_token_0002"", ""213143_token_0000"", ""210413_token_0001"", ""31776_token_0002"", ""98374_token_0001"", ""212311_token_0000"", ""29406_token_0002"", ""212000_token_0000"", ""206409_token_0001"", ""31155_token_0001"", ""114567_token_0000"", ""243191_token_0001"", ""96976_token_0003"", ""66330_token_0001"", ""30629_token_0000"", ""243191_token_0002"", ""212833_token_0000"", ""206954_token_0001"", ""213312_token_0000"", ""172124_token_0000"", ""31662_token_0001""]"
114604_3,dense,"Tình trạng thừa cân, béo phì gây ra những hệ lụy gì cho sức khỏe cá nhân và xã hội theo cảnh báo của giới y khoa?",114604,True,"[""114604""]",6633.2172,1.0,1.0,1.0,1.0,1.0,1.0,1.0,1.0,"[""114604""]","[""114604"", ""30629"", ""29406"", ""28561"", ""114283"", ""31499"", ""207365"", ""31138"", ""210193"", ""205100"", ""30946"", ""210151"", ""213312"", ""117438"", ""46621"", ""208531"", ""206597"", ""117298"", ""210597"", ""29906"", ""27895"", ""181012"", ""28878"", ""29383"", ""205205"", ""185788"", ""209801"", ""210207"", ""206539"", ""205731"", ""28670"", ""72791"", ""158062""]","[""114604_token_0000"", ""114604_token_0001"", ""30629_token_0001"", ""29406_token_0003"", ""30629_token_0002"", ""28561_token_0001"", ""114283_token_0002"", ""31499_token_0002"", ""28561_token_0000"", ""207365_token_0001"", ""31138_token_0001"", ""30629_token_0000"", ""210193_token_0000"", ""205100_token_0001"", ""30946_token_0002"", ""210151_token_0000"", ""213312_token_0000"", ""117438_token_0004"", ""30946_token_0001"", ""46621_token_0001"", ""208531_token_0000"", ""206597_token_0003"", ""117298_token_0000"", ""210597_token_0003"", ""205100_token_0000"", ""117438_token_0003"", ""29906_token_0000"", ""114604_token_0002"", ""29906_token_0001"", ""27895_token_0001"", ""181012_token_0001"", ""206597_token_0002"", ""31138_token_0000"", ""28878_token_0002"", ""29383_token_0002"", ""205205_token_0001"", ""185788_token_0001"", ""209801_token_0001"", ""114283_token_0001"", ""207365_token_0000"", ""210207_token_0003"", ""29406_token_0002"", ""27895_token_0002"", ""30946_token_0000"", ""206539_token_0000"", ""205731_token_0001"", ""209801_token_0000"", ""28670_token_0001"", ""72791_token_0000"", ""158062_token_0001""]"
114604_3,hybrid,"Tình trạng thừa cân, béo phì gây ra những hệ lụy gì cho sức khỏe cá nhân và xã hội theo cảnh báo của giới y khoa?",114604,True,"[""114604""]",6425.0243,1.0,1.0,1.0,1.0,1.0,1.0,1.0,1.0,"[""114604""]","[""114604"", ""29406"", ""28561"", ""114283"", ""210193"", ""205100"", ""210151"", ""117298"", ""29906"", ""30629"", ""117438"", ""213312"", ""31499"", ""212311"", ""210723"", ""212777"", ""207365"", ""31155"", ""31138"", ""57400"", ""114265"", ""30946"", ""209834"", ""46621"", ""205669"", ""208531"", ""206597"", ""29107"", ""210597"", ""205994"", ""114762"", ""117265"", ""29383"", ""27895"", ""66795"", ""181012"", ""213143""]","[""114604_token_0000"", ""114604_token_0001"", ""29406_token_0003"", ""28561_token_0000"", ""114283_token_0002"", ""210193_token_0000"", ""205100_token_0001"", ""210151_token_0000"", ""117298_token_0000"", ""29906_token_0000"", ""205100_token_0000"", ""29906_token_0001"", ""30629_token_0000"", ""117438_token_0003"", ""213312_token_0000"", ""29406_token_0002"", ""30629_token_0001"", ""31499_token_0001"", ""212311_token_0001"", ""30629_token_0002"", ""28561_token_0001"", ""117438_token_0002"", ""210723_token_0001"", ""31499_token_0002"", ""212777_token_0000"", ""207365_token_0001"", ""31155_token_0000"", ""31138_token_0001"", ""57400_token_0002"", ""114265_token_0000"", ""210723_token_0000"", ""30946_token_0002"", ""117438_token_0004"", ""30946_token_0001"", ""209834_token_0000"", ""46621_token_0001"", ""205669_token_0000"", ""208531_token_0000"", ""206597_token_0003"", ""29107_token_0000"", ""210597_token_0003"", ""205994_token_0000"", ""114762_token_0000"", ""114604_token_0002"", ""117265_token_0003"", ""29383_token_0001"", ""27895_token_0001"", ""66795_token_0002"", ""181012_token_0001"", ""213143_token_0000""]"
114604_4,bm25,Hệ thống nhà thuốc Long Châu đóng vai trò gì trong việc đưa kiến thức y khoa về quản lý cân nặng đến với người dân?,114604,True,"[""114604""]",187.9041,1.0,1.0,1.0,1.0,1.0,1.0,1.0,1.0,"[""114604""]","[""114604"", ""205994"", ""206172"", ""28541"", ""29054"", ""65134"", ""56306"", ""29260"", ""116707"", ""29266"", ""13092"", ""210723"", ""172308"", ""29478"", ""114399"", ""189823"", ""29432"", ""182962"", ""46682"", ""67447"", ""210597"", ""117438"", ""94684"", ""183059"", ""99496"", ""29906"", ""161827"", ""173895"", ""29309""]","[""114604_token_0001"", ""114604_token_0000"", ""205994_token_0000"", ""205994_token_0001"", ""206172_token_0001"", ""205994_token_0002"", ""206172_token_0000"", ""28541_token_0000"", ""29054_token_0002"", ""65134_token_0001"", ""56306_token_0001"", ""29260_token_0003"", ""29054_token_0001"", ""29260_token_0002"", ""116707_token_0001"", ""29266_token_0000"", ""13092_token_0001"", ""114604_token_0002"", ""56306_token_0000"", ""210723_token_0001"", ""29260_token_0001"", ""172308_token_0002"", ""29478_token_0001"", ""116707_token_0002"", ""28541_token_0001"", ""29478_token_0002"", ""29260_token_0000"", ""114399_token_0000"", ""189823_token_0000"", ""206172_token_0002"", ""29432_token_0001"", ""182962_token_0001"", ""210723_token_0000"", ""46682_token_0001"", ""67447_token_0001"", ""210597_token_0004"", ""117438_token_0002"", ""65134_token_0000"", ""29478_token_0003"", ""210597_token_0003"", ""172308_token_0000"", ""210597_token_0002"", ""94684_token_0001"", ""183059_token_0000"", ""210723_token_0002"", ""99496_token_0003"", ""29906_token_0000"", ""161827_token_0000"", ""173895_token_0000"", ""29309_token_0002""]"
114604_4,dense,Hệ thống nhà thuốc Long Châu đóng vai trò gì trong việc đưa kiến thức y khoa về quản lý cân nặng đến với người dân?,114604,True,"[""114604""]",6258.7475,1.0,1.0,1.0,1.0,1.0,1.0,1.0,1.0,"[""114604""]","[""114604"", ""206172"", ""65134"", ""208739"", ""28541"", ""29260"", ""205994"", ""56306"", ""29054"", ""208779"", ""30629"", ""29266"", ""68725"", ""210063"", ""67447"", ""117298"", ""28561"", ""207679"", ""29478"", ""114376"", ""206259"", ""108231"", ""209801"", ""31836"", ""142263"", ""27708""]","[""114604_token_0001"", ""114604_token_0000"", ""114604_token_0002"", ""206172_token_0002"", ""65134_token_0001"", ""206172_token_0001"", ""208739_token_0001"", ""208739_token_0000"", ""28541_token_0001"", ""206172_token_0000"", ""65134_token_0000"", ""29260_token_0001"", ""28541_token_0000"", ""205994_token_0002"", ""29260_token_0000"", ""205994_token_0001"", ""29260_token_0002"", ""29260_token_0003"", ""56306_token_0001"", ""29054_token_0001"", ""29054_token_0002"", ""208779_token_0000"", ""30629_token_0002"", ""208779_token_0001"", ""29266_token_0000"", ""68725_token_0000"", ""210063_token_0001"", ""67447_token_0000"", ""56306_token_0000"", ""68725_token_0001"", ""68725_token_0002"", ""117298_token_0000"", ""28561_token_0001"", ""207679_token_0000"", ""29478_token_0003"", ""67447_token_0001"", ""114376_token_0003"", ""206259_token_0002"", ""108231_token_0000"", ""29266_token_0001"", ""209801_token_0000"", ""31836_token_0002"", ""29478_token_0000"", ""29478_token_0001"", ""142263_token_0000"", ""29054_token_0000"", ""206259_token_0001"", ""108231_token_0001"", ""27708_token_0000"", ""29478_token_0002""]"
114604_4,hybrid,Hệ thống nhà thuốc Long Châu đóng vai trò gì trong việc đưa kiến thức y khoa về quản lý cân nặng đến với người dân?,114604,True,"[""114604""]",6401.461,1.0,1.0,1.0,1.0,1.0,1.0,1.0,1.0,"[""114604""]","[""114604"", ""206172"", ""65134"", ""205994"", ""28541"", ""29054"", ""56306"", ""29260"", ""29266"", ""29478"", ""67447"", ""208739"", ""116707"", ""13092"", ""210723"", ""172308"", ""208779"", ""30629"", ""68725"", ""210063"", ""114399"", ""189823"", ""29432"", ""117298"", ""182962"", ""28561"", ""207679"", ""46682""]","[""114604_token_0001"", ""114604_token_0000"", ""206172_token_0001"", ""65134_token_0001"", ""206172_token_0000"", ""205994_token_0001"", ""114604_token_0002"", ""205994_token_0002"", ""28541_token_0000"", ""29054_token_0002"", ""56306_token_0001"", ""206172_token_0002"", ""29260_token_0003"", ""29260_token_0002"", ""28541_token_0001"", ""29260_token_0001"", ""29054_token_0001"", ""29266_token_0000"", ""29260_token_0000"", ""65134_token_0000"", ""56306_token_0000"", ""29478_token_0001"", ""67447_token_0001"", ""29478_token_0002"", ""29478_token_0003"", ""205994_token_0000"", ""208739_token_0001"", ""208739_token_0000"", ""116707_token_0001"", ""13092_token_0001"", ""210723_token_0001"", ""172308_token_0002"", ""208779_token_0000"", ""30629_token_0002"", ""116707_token_0002"", ""208779_token_0001"", ""68725_token_0000"", ""210063_token_0001"", ""114399_token_0000"", ""67447_token_0000"", ""189823_token_0000"", ""68725_token_0001"", ""29432_token_0001"", ""68725_token_0002"", ""117298_token_0000"", ""182962_token_0001"", ""210723_token_0000"", ""28561_token_0001"", ""207679_token_0000"", ""46682_token_0001""]"
114604_5,bm25,"Sau các chương trình truyền thông và đào tạo, doanh thu từ các sản phẩm hỗ trợ giảm cân tại hệ thống nhà thuốc Long Châu đã tăng trưởng như thế nào?",114604,False,"[""114604""]",222.5617,1.0,1.0,1.0,1.0,1.0,1.0,1.0,1.0,"[""114604""]","[""114604"", ""29260"", ""62185"", ""206172"", ""29054"", ""205994"", ""65134"", ""28541"", ""114619"", ""25842"", ""210597"", ""208779"", ""116707"", ""56306"", ""63293"", ""65400"", ""108231"", ""28963"", ""185168"", ""56309"", ""5446"", ""18300"", ""182332"", ""190728"", ""661"", ""202169"", ""94788"", ""79539"", ""53558"", ""176852"", ""65405"", ""183018"", ""17557"", ""184587"", ""180510"", ""125264""]","[""114604_token_0000"", ""29260_token_0001"", ""114604_token_0002"", ""62185_token_0000"", ""29260_token_0000"", ""206172_token_0001"", ""114604_token_0001"", ""29260_token_0003"", ""29054_token_0001"", ""205994_token_0001"", ""29054_token_0000"", ""65134_token_0000"", ""29260_token_0002"", ""28541_token_0000"", ""206172_token_0000"", ""114619_token_0001"", ""25842_token_0001"", ""210597_token_0001"", ""208779_token_0000"", ""205994_token_0002"", ""116707_token_0001"", ""56306_token_0001"", ""63293_token_0000"", ""65400_token_0000"", ""108231_token_0000"", ""28963_token_0000"", ""56306_token_0000"", ""185168_token_0001"", ""56309_token_0000"", ""114619_token_0000"", ""185168_token_0000"", ""5446_token_0000"", ""18300_token_0001"", ""25842_token_0000"", ""182332_token_0001"", ""190728_token_0000"", ""205994_token_0000"", ""661_token_0000"", ""202169_token_0000"", ""94788_token_0000"", ""79539_token_0005"", ""53558_token_0000"", ""176852_token_0001"", ""65405_token_0000"", ""183018_token_0000"", ""17557_token_0000"", ""184587_token_0001"", ""180510_token_0004"", ""125264_token_0001"", ""65134_token_0001""]"
114604_5,dense,"Sau các chương trình truyền thông và đào tạo, doanh thu từ các sản phẩm hỗ trợ giảm cân tại hệ thống nhà thuốc Long Châu đã tăng trưởng như thế nào?",114604,False,"[""114604""]",6241.0235,1.0,1.0,1.0,1.0,1.0,1.0,1.0,1.0,"[""114604""]","[""114604"", ""65134"", ""208739"", ""206172"", ""28541"", ""29260"", ""114619"", ""208779"", ""56306"", ""30629"", ""183059"", ""17557"", ""66795"", ""205994"", ""210063"", ""108231"", ""238118"", ""68725"", ""210597"", ""207578"", ""194243"", ""67447"", ""29054"", ""56309"", ""62185"", ""206259"", ""18038"", ""19954"", ""20967"", ""184313"", ""198499""]","[""114604_token_0000"", ""114604_token_0001"", ""114604_token_0002"", ""65134_token_0001"", ""208739_token_0001"", ""208739_token_0000"", ""206172_token_0002"", ""28541_token_0001"", ""206172_token_0001"", ""65134_token_0000"", ""28541_token_0000"", ""29260_token_0001"", ""29260_token_0003"", ""29260_token_0002"", ""114619_token_0000"", ""29260_token_0000"", ""208779_token_0000"", ""56306_token_0001"", ""30629_token_0002"", ""206172_token_0000"", ""183059_token_0000"", ""17557_token_0002"", ""66795_token_0001"", ""208779_token_0001"", ""205994_token_0002"", ""210063_token_0001"", ""17557_token_0001"", ""108231_token_0000"", ""205994_token_0001"", ""238118_token_0000"", ""68725_token_0000"", ""210597_token_0000"", ""207578_token_0001"", ""194243_token_0001"", ""67447_token_0000"", ""29054_token_0001"", ""56309_token_0002"", ""17557_token_0003"", ""207578_token_0000"", ""108231_token_0001"", ""62185_token_0000"", ""66795_token_0000"", ""206259_token_0001"", ""18038_token_0002"", ""67447_token_0001"", ""19954_token_0002"", ""20967_token_0000"", ""56306_token_0000"", ""184313_token_0001"", ""198499_token_0001""]"
114604_5,hybrid,"Sau các chương trình truyền thông và đào tạo, doanh thu từ các sản phẩm hỗ trợ giảm cân tại hệ thống nhà thuốc Long Châu đã tăng trưởng như thế nào?",114604,False,"[""114604""]",6455.4535,1.0,1.0,1.0,1.0,1.0,1.0,1.0,1.0,"[""114604""]","[""114604"", ""29260"", ""206172"", ""65134"", ""28541"", ""208779"", ""62185"", ""205994"", ""56306"", ""29054"", ""114619"", ""108231"", ""208739"", ""25842"", ""210597"", ""30629"", ""116707"", ""183059"", ""17557"", ""63293"", ""66795"", ""65400"", ""210063"", ""28963"", ""185168"", ""56309"", ""238118"", ""68725"", ""5446"", ""18300"", ""207578"", ""194243""]","[""114604_token_0000"", ""114604_token_0002"", ""114604_token_0001"", ""29260_token_0001"", ""206172_token_0001"", ""29260_token_0000"", ""29260_token_0003"", ""65134_token_0000"", ""28541_token_0000"", ""29260_token_0002"", ""206172_token_0000"", ""208779_token_0000"", ""62185_token_0000"", ""205994_token_0001"", ""56306_token_0001"", ""29054_token_0001"", ""65134_token_0001"", ""114619_token_0000"", ""205994_token_0002"", ""108231_token_0000"", ""56306_token_0000"", ""208739_token_0001"", ""208739_token_0000"", ""206172_token_0002"", ""28541_token_0001"", ""29054_token_0000"", ""114619_token_0001"", ""25842_token_0001"", ""210597_token_0001"", ""30629_token_0002"", ""116707_token_0001"", ""183059_token_0000"", ""17557_token_0002"", ""63293_token_0000"", ""66795_token_0001"", ""208779_token_0001"", ""65400_token_0000"", ""210063_token_0001"", ""28963_token_0000"", ""17557_token_0001"", ""185168_token_0001"", ""56309_token_0000"", ""238118_token_0000"", ""185168_token_0000"", ""68725_token_0000"", ""210597_token_0000"", ""5446_token_0000"", ""18300_token_0001"", ""207578_token_0001"", ""194243_token_0001""]"
160104_1,bm25,Vai diễn nào khiến Kiều Anh cảm thấy tiếc nuối nhất trong sự nghiệp diễn xuất?,160104,True,"[""160104""]",136.3468,0.0,0.0,1.0,1.0,1.0,1.0,0.5,0.6309297535714575,"[""160104""]","[""82830"", ""160104"", ""168756"", ""85181"", ""159768"", ""158908"", ""88173"", ""88912"", ""160035"", ""169914"", ""84095"", ""91743"", ""11069"", ""80373"", ""82425"", ""84918"", ""82138"", ""93640"", ""88194"", ""10988"", ""80539"", ""168674"", ""168104"", ""164234"", ""165281"", ""164717"", ""13092"", ""80441"", ""80436"", ""80572"", ""8996"", ""156567"", ""80722"", ""164647"", ""81105""]","[""82830_token_0001"", ""160104_token_0000"", ""168756_token_0003"", ""85181_token_0001"", ""82830_token_0002"", ""160104_token_0001"", ""159768_token_0001"", ""82830_token_0000"", ""158908_token_0000"", ""168756_token_0000"", ""88173_token_0000"", ""88912_token_0000"", ""160035_token_0001"", ""168756_token_0002"", ""88173_token_0001"", ""85181_token_0000"", ""158908_token_0001"", ""169914_token_0000"", ""84095_token_0000"", ""84095_token_0001"", ""91743_token_0000"", ""159768_token_0000"", ""11069_token_0001"", ""80373_token_0000"", ""82425_token_0001"", ""84918_token_0000"", ""82138_token_0000"", ""93640_token_0003"", ""88194_token_0000"", ""10988_token_0002"", ""160035_token_0000"", ""82425_token_0002"", ""80539_token_0000"", ""168756_token_0001"", ""168674_token_0001"", ""168104_token_0000"", ""164234_token_0000"", ""165281_token_0000"", ""164717_token_0001"", ""13092_token_0000"", ""80441_token_0000"", ""80436_token_0001"", ""10988_token_0000"", ""80572_token_0002"", ""8996_token_0001"", ""156567_token_0000"", ""158908_token_0002"", ""80722_token_0000"", ""164647_token_0000"", ""81105_token_0001""]"
160104_1,dense,Vai diễn nào khiến Kiều Anh cảm thấy tiếc nuối nhất trong sự nghiệp diễn xuất?,160104,True,"[""160104""]",6262.7566,1.0,1.0,1.0,1.0,1.0,1.0,1.0,1.0,"[""160104""]","[""160104"", ""168756"", ""82830"", ""10907"", ""84095"", ""88173"", ""160035"", ""82671"", ""11283"", ""80572"", ""168642"", ""86404"", ""80701"", ""11739"", ""16637"", ""166088"", ""83169"", ""88912"", ""12589"", ""158705"", ""158453"", ""164647"", ""158729"", ""80988"", ""9867"", ""83209"", ""158908"", ""83547"", ""12178""]","[""160104_token_0000"", ""160104_token_0001"", ""168756_token_0000"", ""82830_token_0001"", ""168756_token_0001"", ""82830_token_0000"", ""168756_token_0003"", ""10907_token_0000"", ""82830_token_0003"", ""84095_token_0000"", ""88173_token_0001"", ""168756_token_0002"", ""84095_token_0001"", ""82830_token_0002"", ""160035_token_0001"", ""82671_token_0001"", ""11283_token_0000"", ""10907_token_0001"", ""88173_token_0000"", ""11283_token_0001"", ""80572_token_0002"", ""168642_token_0001"", ""86404_token_0001"", ""86404_token_0000"", ""80701_token_0000"", ""160035_token_0000"", ""168756_token_0004"", ""11739_token_0001"", ""16637_token_0001"", ""166088_token_0001"", ""83169_token_0001"", ""88912_token_0000"", ""80572_token_0000"", ""12589_token_0001"", ""80572_token_0003"", ""168642_token_0000"", ""166088_token_0002"", ""158705_token_0000"", ""158453_token_0000"", ""164647_token_0000"", ""80572_token_0001"", ""158729_token_0001"", ""80988_token_0000"", ""9867_token_0001"", ""83209_token_0000"", ""80701_token_0001"", ""158908_token_0002"", ""83547_token_0001"", ""12178_token_0000"", ""83169_token_0000""]"
160104_1,hybrid,Vai diễn nào khiến Kiều Anh cảm thấy tiếc nuối nhất trong sự nghiệp diễn xuất?,160104,True,"[""160104""]",6321.0342,1.0,1.0,1.0,1.0,1.0,1.0,1.0,1.0,"[""160104""]","[""160104"", ""82830"", ""168756"", ""88173"", ""160035"", ""84095"", ""88912"", ""80572"", ""164647"", ""158908"", ""85181"", ""159768"", ""10907"", ""82671"", ""11283"", ""169914"", ""91743"", ""168642"", ""11069"", ""86404"", ""80373"", ""80701"", ""82425"", ""84918"", ""82138"", ""11739"", ""93640"", ""16637"", ""88194"", ""10988"", ""166088"", ""83169""]","[""160104_token_0000"", ""82830_token_0001"", ""160104_token_0001"", ""168756_token_0003"", ""168756_token_0000"", ""82830_token_0000"", ""82830_token_0002"", ""88173_token_0001"", ""168756_token_0002"", ""160035_token_0001"", ""84095_token_0000"", ""88173_token_0000"", ""84095_token_0001"", ""168756_token_0001"", ""88912_token_0000"", ""160035_token_0000"", ""80572_token_0002"", ""164647_token_0000"", ""158908_token_0002"", ""85181_token_0001"", ""159768_token_0001"", ""10907_token_0000"", ""158908_token_0000"", ""82830_token_0003"", ""82671_token_0001"", ""85181_token_0000"", ""11283_token_0000"", ""158908_token_0001"", ""10907_token_0001"", ""169914_token_0000"", ""11283_token_0001"", ""91743_token_0000"", ""159768_token_0000"", ""168642_token_0001"", ""11069_token_0001"", ""86404_token_0001"", ""80373_token_0000"", ""86404_token_0000"", ""80701_token_0000"", ""82425_token_0001"", ""84918_token_0000"", ""168756_token_0004"", ""82138_token_0000"", ""11739_token_0001"", ""93640_token_0003"", ""16637_token_0001"", ""88194_token_0000"", ""10988_token_0002"", ""166088_token_0001"", ""83169_token_0001""]"
160104_2,bm25,Kiều Anh đã trải qua hành trình chuyển từ sự nghiệp múa sang diễn xuất như thế nào?,160104,True,"[""160104""]",141.569,0.0,0.0,1.0,1.0,1.0,1.0,0.3333333333333333,0.5,"[""160104""]","[""168756"", ""88912"", ""160104"", ""82830"", ""167516"", ""81046"", ""159768"", ""38301"", ""88173"", ""166011"", ""81105"", ""86565"", ""85268"", ""11633"", ""160035"", ""92292"", ""90871"", ""10016"", ""162276"", ""165281"", ""168674"", ""79049"", ""92552"", ""167210"", ""169914"", ""170683"", ""38633"", ""87091"", ""157377"", ""16630"", ""75107"", ""166756"", ""96252"", ""42981"", ""100777"", ""169748"", ""177358"", ""175496"", ""157371"", ""81945"", ""170191"", ""12280""]","[""168756_token_0003"", ""168756_token_0000"", ""88912_token_0000"", ""160104_token_0000"", ""82830_token_0001"", ""167516_token_0000"", ""82830_token_0000"", ""81046_token_0000"", ""159768_token_0001"", ""159768_token_0000"", ""38301_token_0001"", ""88173_token_0000"", ""166011_token_0000"", ""81105_token_0001"", ""86565_token_0000"", ""85268_token_0000"", ""11633_token_0001"", ""160035_token_0001"", ""92292_token_0001"", ""90871_token_0000"", ""86565_token_0001"", ""10016_token_0001"", ""162276_token_0000"", ""165281_token_0000"", ""168674_token_0001"", ""79049_token_0000"", ""92552_token_0000"", ""167210_token_0001"", ""169914_token_0000"", ""170683_token_0000"", ""38633_token_0000"", ""87091_token_0000"", ""157377_token_0001"", ""167210_token_0000"", ""16630_token_0000"", ""75107_token_0000"", ""166756_token_0000"", ""82830_token_0002"", ""96252_token_0001"", ""168756_token_0002"", ""42981_token_0000"", ""100777_token_0000"", ""169748_token_0000"", ""81105_token_0000"", ""177358_token_0001"", ""175496_token_0000"", ""157371_token_0000"", ""81945_token_0000"", ""170191_token_0000"", ""12280_token_0000""]"
160104_2,dense,Kiều Anh đã trải qua hành trình chuyển từ sự nghiệp múa sang diễn xuất như thế nào?,160104,True,"[""160104""]",6709.5912,1.0,1.0,1.0,1.0,1.0,1.0,1.0,1.0,"[""160104""]","[""160104"", ""82830"", ""168756"", ""10907"", ""88173"", ""11283"", ""88912"", ""82671"", ""84095"", ""164887"", ""164924"", ""167516"", ""164034"", ""160035"", ""91832"", ""142486"", ""80373"", ""165450"", ""85358"", ""93126"", ""168873"", ""169172"", ""166088"", ""84098"", ""9517"", ""170288"", ""165071"", ""162600"", ""168556"", ""80436"", ""84895"", ""80440"", ""164216"", ""142791"", ""16637""]","[""160104_token_0000"", ""82830_token_0000"", ""168756_token_0000"", ""168756_token_0003"", ""10907_token_0000"", ""88173_token_0000"", ""82830_token_0003"", ""82830_token_0001"", ""168756_token_0001"", ""168756_token_0002"", ""82830_token_0002"", ""11283_token_0000"", ""10907_token_0001"", ""88912_token_0000"", ""160104_token_0001"", ""88173_token_0001"", ""82671_token_0001"", ""84095_token_0001"", ""164887_token_0000"", ""84095_token_0000"", ""164924_token_0000"", ""167516_token_0000"", ""168756_token_0004"", ""164034_token_0000"", ""160035_token_0001"", ""11283_token_0001"", ""91832_token_0000"", ""142486_token_0001"", ""80373_token_0000"", ""165450_token_0000"", ""85358_token_0001"", ""93126_token_0000"", ""168873_token_0000"", ""169172_token_0000"", ""166088_token_0001"", ""84098_token_0001"", ""9517_token_0001"", ""170288_token_0000"", ""165071_token_0000"", ""162600_token_0000"", ""168556_token_0000"", ""160035_token_0000"", ""80436_token_0000"", ""84895_token_0001"", ""80440_token_0001"", ""167516_token_0001"", ""164216_token_0000"", ""88912_token_0001"", ""142791_token_0000"", ""16637_token_0001""]"
160104_2,hybrid,Kiều Anh đã trải qua hành trình chuyển từ sự nghiệp múa sang diễn xuất như thế nào?,160104,True,"[""160104""]",6373.4379,1.0,1.0,1.0,1.0,1.0,1.0,1.0,1.0,"[""160104""]","[""160104"", ""168756"", ""82830"", ""88912"", ""88173"", ""167516"", ""160035"", ""10907"", ""81046"", ""159768"", ""38301"", ""11283"", ""166011"", ""81105"", ""86565"", ""85268"", ""11633"", ""82671"", ""84095"", ""164887"", ""92292"", ""90871"", ""164924"", ""10016"", ""162276"", ""164034"", ""165281"", ""168674"", ""79049"", ""91832"", ""92552"", ""142486"", ""167210"", ""169914"", ""80373"", ""165450""]","[""160104_token_0000"", ""168756_token_0003"", ""168756_token_0000"", ""82830_token_0000"", ""82830_token_0001"", ""88912_token_0000"", ""88173_token_0000"", ""167516_token_0000"", ""160035_token_0001"", ""82830_token_0002"", ""168756_token_0002"", ""10907_token_0000"", ""82830_token_0003"", ""81046_token_0000"", ""159768_token_0001"", ""168756_token_0001"", ""159768_token_0000"", ""38301_token_0001"", ""11283_token_0000"", ""10907_token_0001"", ""166011_token_0000"", ""81105_token_0001"", ""160104_token_0001"", ""86565_token_0000"", ""85268_token_0000"", ""88173_token_0001"", ""11633_token_0001"", ""82671_token_0001"", ""84095_token_0001"", ""164887_token_0000"", ""92292_token_0001"", ""84095_token_0000"", ""90871_token_0000"", ""164924_token_0000"", ""86565_token_0001"", ""10016_token_0001"", ""162276_token_0000"", ""168756_token_0004"", ""164034_token_0000"", ""165281_token_0000"", ""168674_token_0001"", ""11283_token_0001"", ""79049_token_0000"", ""91832_token_0000"", ""92552_token_0000"", ""142486_token_0001"", ""167210_token_0001"", ""169914_token_0000"", ""80373_token_0000"", ""165450_token_0000""]"
160104_3,bm25,Vì sao Kiều Anh quyết định nhận vai Phương trong phim Gia đình mình vui bất thình lình dù nhân vật khá nhạt nhoà?,160104,True,"[""160104""]",177.2159,1.0,1.0,1.0,1.0,1.0,1.0,1.0,1.0,"[""160104""]","[""160104"", ""82830"", ""160035"", ""168756"", ""80042"", ""83233"", ""16637"", ""164647"", ""91244"", ""81459"", ""158749"", ""160214"", ""10714"", ""93552"", ""81508"", ""160219"", ""157377"", ""13092"", ""81340"", ""88173"", ""158705"", ""168642"", ""81945"", ""158729"", ""12480"", ""90149"", ""159799"", ""84918"", ""81528"", ""170191"", ""159768"", ""16630"", ""165194"", ""81197"", ""81171"", ""80436""]","[""160104_token_0000"", ""82830_token_0000"", ""82830_token_0001"", ""82830_token_0002"", ""160035_token_0000"", ""168756_token_0000"", ""80042_token_0000"", ""83233_token_0000"", ""82830_token_0003"", ""83233_token_0001"", ""16637_token_0001"", ""164647_token_0000"", ""91244_token_0000"", ""160035_token_0001"", ""168756_token_0003"", ""81459_token_0001"", ""158749_token_0000"", ""160214_token_0000"", ""168756_token_0001"", ""168756_token_0002"", ""10714_token_0001"", ""93552_token_0000"", ""81508_token_0000"", ""160219_token_0000"", ""157377_token_0001"", ""13092_token_0001"", ""81340_token_0000"", ""88173_token_0000"", ""158705_token_0000"", ""13092_token_0000"", ""160104_token_0001"", ""168642_token_0001"", ""81459_token_0000"", ""81945_token_0001"", ""158729_token_0001"", ""168642_token_0000"", ""12480_token_0001"", ""90149_token_0000"", ""159799_token_0000"", ""84918_token_0000"", ""81528_token_0002"", ""170191_token_0000"", ""159768_token_0000"", ""16630_token_0001"", ""168642_token_0002"", ""165194_token_0002"", ""81197_token_0001"", ""81171_token_0000"", ""165194_token_0003"", ""80436_token_0000""]"
160104_3,dense,Vì sao Kiều Anh quyết định nhận vai Phương trong phim Gia đình mình vui bất thình lình dù nhân vật khá nhạt nhoà?,160104,True,"[""160104""]",6246.6798,0.0,0.0,1.0,1.0,1.0,1.0,0.5,0.6309297535714575,"[""160104""]","[""82830"", ""160104"", ""83233"", ""16637"", ""168756"", ""160214"", ""160035"", ""80042"", ""160219"", ""82671"", ""11739"", ""86088"", ""10907"", ""157377"", ""81459"", ""80572"", ""11283"", ""81171"", ""11556"", ""87925"", ""83130"", ""158793"", ""80988"", ""164647"", ""84095"", ""82138"", ""81237"", ""88173"", ""80776"", ""12480"", ""9481"", ""12809"", ""81229"", ""10714"", ""83209""]","[""82830_token_0001"", ""82830_token_0000"", ""82830_token_0003"", ""160104_token_0000"", ""82830_token_0002"", ""83233_token_0000"", ""83233_token_0001"", ""16637_token_0001"", ""168756_token_0000"", ""160214_token_0000"", ""160035_token_0000"", ""80042_token_0000"", ""168756_token_0001"", ""160219_token_0000"", ""82671_token_0001"", ""168756_token_0002"", ""11739_token_0001"", ""160104_token_0001"", ""86088_token_0001"", ""11739_token_0000"", ""10907_token_0000"", ""157377_token_0000"", ""81459_token_0000"", ""168756_token_0003"", ""86088_token_0000"", ""160035_token_0001"", ""80572_token_0002"", ""11283_token_0000"", ""81459_token_0001"", ""81171_token_0000"", ""11556_token_0000"", ""87925_token_0000"", ""83130_token_0000"", ""158793_token_0000"", ""80988_token_0000"", ""164647_token_0000"", ""84095_token_0000"", ""82138_token_0000"", ""81237_token_0000"", ""88173_token_0000"", ""80776_token_0000"", ""81171_token_0001"", ""12480_token_0000"", ""9481_token_0001"", ""12809_token_0001"", ""81229_token_0000"", ""10714_token_0001"", ""11283_token_0001"", ""80776_token_0001"", ""83209_token_0000""]"
160104_3,hybrid,Vì sao Kiều Anh quyết định nhận vai Phương trong phim Gia đình mình vui bất thình lình dù nhân vật khá nhạt nhoà?,160104,True,"[""160104""]",6464.7441,0.0,0.0,1.0,1.0,1.0,1.0,0.5,0.6309297535714575,"[""160104""]","[""82830"", ""160104"", ""83233"", ""168756"", ""160035"", ""80042"", ""16637"", ""160214"", ""160219"", ""81459"", ""164647"", ""10714"", ""88173"", ""81171"", ""91244"", ""82671"", ""11739"", ""158749"", ""86088"", ""10907"", ""157377"", ""93552"", ""81508"", ""13092"", ""80572"", ""81340"", ""11283"", ""158705"", ""11556"", ""168642"", ""87925"", ""83130"", ""158793"", ""81945"", ""158729"", ""80988""]","[""82830_token_0001"", ""82830_token_0000"", ""160104_token_0000"", ""82830_token_0002"", ""82830_token_0003"", ""83233_token_0000"", ""168756_token_0000"", ""160035_token_0000"", ""83233_token_0001"", ""80042_token_0000"", ""16637_token_0001"", ""160214_token_0000"", ""168756_token_0001"", ""168756_token_0002"", ""160219_token_0000"", ""168756_token_0003"", ""160035_token_0001"", ""81459_token_0001"", ""164647_token_0000"", ""160104_token_0001"", ""81459_token_0000"", ""10714_token_0001"", ""88173_token_0000"", ""81171_token_0000"", ""91244_token_0000"", ""82671_token_0001"", ""11739_token_0001"", ""158749_token_0000"", ""86088_token_0001"", ""11739_token_0000"", ""10907_token_0000"", ""157377_token_0000"", ""93552_token_0000"", ""81508_token_0000"", ""157377_token_0001"", ""86088_token_0000"", ""13092_token_0001"", ""80572_token_0002"", ""81340_token_0000"", ""11283_token_0000"", ""158705_token_0000"", ""13092_token_0000"", ""11556_token_0000"", ""168642_token_0001"", ""87925_token_0000"", ""83130_token_0000"", ""158793_token_0000"", ""81945_token_0001"", ""158729_token_0001"", ""80988_token_0000""]"
160104_4,bm25,Vai Phương của Kiều Anh và vai Hà của Lan Phương khác nhau thế nào trong cùng bộ phim?,160104,True,"[""160104""]",165.1709,1.0,1.0,1.0,1.0,1.0,1.0,1.0,1.0,"[""160104""]","[""160104"", ""168756"", ""82830"", ""160035"", ""164647"", ""16637"", ""81508"", ""90439"", ""88143"", ""159768"", ""12809"", ""157377"", ""88173"", ""165194"", ""10016"", ""12480"", ""80244"", ""81340"", ""169914"", ""160219"", ""82698"", ""82671"", ""117174"", ""90963"", ""168674"", ""160466"", ""82287"", ""80064"", ""160214"", ""158546"", ""165577"", ""80042"", ""81172"", ""164717"", ""11116""]","[""160104_token_0000"", ""160104_token_0001"", ""168756_token_0000"", ""82830_token_0001"", ""160035_token_0001"", ""164647_token_0001"", ""82830_token_0000"", ""16637_token_0001"", ""164647_token_0000"", ""81508_token_0000"", ""168756_token_0004"", ""168756_token_0003"", ""160035_token_0000"", ""90439_token_0000"", ""168756_token_0001"", ""88143_token_0000"", ""159768_token_0000"", ""12809_token_0001"", ""168756_token_0002"", ""157377_token_0001"", ""88173_token_0000"", ""165194_token_0003"", ""10016_token_0000"", ""12480_token_0001"", ""80244_token_0000"", ""81340_token_0000"", ""169914_token_0000"", ""160219_token_0000"", ""81508_token_0001"", ""165194_token_0000"", ""82698_token_0002"", ""82671_token_0001"", ""117174_token_0001"", ""82830_token_0002"", ""90963_token_0000"", ""168674_token_0001"", ""160466_token_0000"", ""82287_token_0004"", ""88173_token_0001"", ""80064_token_0000"", ""160214_token_0000"", ""158546_token_0000"", ""165577_token_0001"", ""159768_token_0001"", ""80042_token_0000"", ""81172_token_0000"", ""82830_token_0003"", ""164717_token_0001"", ""11116_token_0000"", ""81172_token_0003""]"
160104_4,dense,Vai Phương của Kiều Anh và vai Hà của Lan Phương khác nhau thế nào trong cùng bộ phim?,160104,True,"[""160104""]",6201.3343,1.0,1.0,1.0,1.0,1.0,1.0,1.0,1.0,"[""160104""]","[""160104"", ""168756"", ""80572"", ""164647"", ""82671"", ""82830"", ""80701"", ""16637"", ""81237"", ""160214"", ""165194"", ""10907"", ""160035"", ""11739"", ""83130"", ""84095"", ""86088"", ""10635"", ""164717"", ""156668"", ""80069"", ""81229"", ""80440"", ""11895"", ""13092"", ""159725"", ""157216"", ""160466"", ""159090"", ""156567"", ""80988""]","[""160104_token_0001"", ""160104_token_0000"", ""168756_token_0000"", ""80572_token_0002"", ""168756_token_0003"", ""168756_token_0002"", ""164647_token_0000"", ""82671_token_0001"", ""82830_token_0000"", ""82830_token_0003"", ""168756_token_0001"", ""82830_token_0001"", ""80701_token_0000"", ""16637_token_0001"", ""81237_token_0000"", ""160214_token_0000"", ""80572_token_0001"", ""165194_token_0002"", ""168756_token_0004"", ""82830_token_0002"", ""10907_token_0001"", ""160035_token_0000"", ""11739_token_0001"", ""80701_token_0001"", ""11739_token_0000"", ""160035_token_0001"", ""83130_token_0000"", ""84095_token_0000"", ""86088_token_0000"", ""10635_token_0001"", ""164717_token_0002"", ""156668_token_0000"", ""164717_token_0003"", ""80069_token_0000"", ""81229_token_0000"", ""80440_token_0002"", ""11895_token_0001"", ""13092_token_0000"", ""82671_token_0002"", ""159725_token_0000"", ""80572_token_0000"", ""10907_token_0000"", ""157216_token_0000"", ""160466_token_0000"", ""164717_token_0000"", ""157216_token_0001"", ""159090_token_0000"", ""156567_token_0001"", ""81229_token_0001"", ""80988_token_0000""]"
160104_4,hybrid,Vai Phương của Kiều Anh và vai Hà của Lan Phương khác nhau thế nào trong cùng bộ phim?,160104,True,"[""160104""]",6393.7708,1.0,1.0,1.0,1.0,1.0,1.0,1.0,1.0,"[""160104""]","[""160104"", ""168756"", ""82830"", ""164647"", ""16637"", ""160035"", ""82671"", ""160214"", ""160466"", ""80572"", ""81508"", ""80701"", ""90439"", ""81237"", ""88143"", ""159768"", ""12809"", ""165194"", ""157377"", ""10907"", ""88173"", ""10016"", ""11739"", ""12480"", ""80244"", ""81340"", ""169914"", ""83130"", ""160219"", ""84095"", ""86088"", ""10635"", ""164717"", ""82698""]","[""160104_token_0000"", ""160104_token_0001"", ""168756_token_0000"", ""82830_token_0001"", ""164647_token_0000"", ""82830_token_0000"", ""168756_token_0003"", ""16637_token_0001"", ""168756_token_0002"", ""168756_token_0001"", ""160035_token_0001"", ""168756_token_0004"", ""160035_token_0000"", ""82671_token_0001"", ""82830_token_0003"", ""82830_token_0002"", ""160214_token_0000"", ""160466_token_0000"", ""80572_token_0002"", ""164647_token_0001"", ""81508_token_0000"", ""80701_token_0000"", ""90439_token_0000"", ""81237_token_0000"", ""88143_token_0000"", ""159768_token_0000"", ""80572_token_0001"", ""12809_token_0001"", ""165194_token_0002"", ""157377_token_0001"", ""10907_token_0001"", ""88173_token_0000"", ""165194_token_0003"", ""10016_token_0000"", ""11739_token_0001"", ""12480_token_0001"", ""80701_token_0001"", ""11739_token_0000"", ""80244_token_0000"", ""81340_token_0000"", ""169914_token_0000"", ""83130_token_0000"", ""160219_token_0000"", ""84095_token_0000"", ""81508_token_0001"", ""86088_token_0000"", ""10635_token_0001"", ""165194_token_0000"", ""164717_token_0002"", ""82698_token_0002""]"
160104_5,bm25,Mạnh Trường nhận xét gì về khả năng diễn xuất của Kiều Anh khi đóng cặp cùng nhau?,160104,False,"[""160104""]",169.4975,0.0,0.0,0.0,0.0,1.0,1.0,0.1111111111111111,0.3010299956639812,"[""160104""]","[""160035"", ""82830"", ""88173"", ""16304"", ""159768"", ""169914"", ""88912"", ""168756"", ""160104"", ""89010"", ""88194"", ""263399"", ""84528"", ""257199"", ""82251"", ""158729"", ""11647"", ""82425"", ""164717"", ""80539"", ""156779"", ""167657"", ""157260"", ""86088"", ""15445"", ""257835"", ""167244"", ""80064"", ""263355"", ""13092"", ""89345"", ""87228"", ""157954"", ""168642"", ""159836"", ""170191"", ""148358"", ""172164"", ""168674"", ""83318"", ""175496"", ""8996""]","[""160035_token_0001"", ""82830_token_0002"", ""88173_token_0001"", ""88173_token_0000"", ""16304_token_0000"", ""159768_token_0000"", ""169914_token_0000"", ""88912_token_0000"", ""168756_token_0003"", ""160104_token_0000"", ""89010_token_0000"", ""88194_token_0000"", ""263399_token_0001"", ""84528_token_0001"", ""257199_token_0000"", ""82251_token_0000"", ""158729_token_0001"", ""84528_token_0000"", ""159768_token_0001"", ""160104_token_0001"", ""11647_token_0000"", ""168756_token_0004"", ""82425_token_0001"", ""164717_token_0001"", ""80539_token_0000"", ""156779_token_0000"", ""167657_token_0000"", ""157260_token_0001"", ""160035_token_0000"", ""86088_token_0001"", ""15445_token_0003"", ""168756_token_0001"", ""257835_token_0001"", ""167244_token_0003"", ""80064_token_0000"", ""263355_token_0001"", ""13092_token_0000"", ""89345_token_0000"", ""87228_token_0000"", ""157954_token_0000"", ""168642_token_0001"", ""159836_token_0000"", ""167244_token_0004"", ""170191_token_0000"", ""148358_token_0000"", ""172164_token_0000"", ""168674_token_0001"", ""83318_token_0001"", ""175496_token_0001"", ""8996_token_0001""]"
160104_5,dense,Mạnh Trường nhận xét gì về khả năng diễn xuất của Kiều Anh khi đóng cặp cùng nhau?,160104,False,"[""160104""]",6409.0773,1.0,1.0,1.0,1.0,1.0,1.0,1.0,1.0,"[""160104""]","[""160104"", ""80701"", ""160234"", ""168756"", ""160035"", ""88173"", ""156651"", ""11283"", ""10907"", ""82830"", ""169899"", ""86404"", ""80572"", ""9338"", ""84095"", ""169914"", ""11658"", ""164717"", ""164647"", ""157377"", ""169819"", ""82671"", ""80373"", ""168674"", ""160466"", ""85022"", ""85432"", ""159090"", ""12589"", ""83972"", ""83169"", ""158705"", ""157954"", ""16637""]","[""160104_token_0001"", ""160104_token_0000"", ""80701_token_0000"", ""160234_token_0000"", ""168756_token_0003"", ""160035_token_0001"", ""88173_token_0001"", ""160035_token_0000"", ""156651_token_0000"", ""11283_token_0001"", ""168756_token_0002"", ""10907_token_0001"", ""168756_token_0000"", ""11283_token_0000"", ""80701_token_0001"", ""82830_token_0002"", ""168756_token_0001"", ""10907_token_0000"", ""169899_token_0000"", ""86404_token_0000"", ""82830_token_0003"", ""80572_token_0002"", ""82830_token_0001"", ""9338_token_0001"", ""84095_token_0000"", ""169914_token_0000"", ""9338_token_0000"", ""11658_token_0001"", ""164717_token_0000"", ""164647_token_0000"", ""157377_token_0001"", ""169819_token_0000"", ""82671_token_0001"", ""82830_token_0000"", ""80373_token_0000"", ""168674_token_0001"", ""156651_token_0001"", ""160466_token_0000"", ""85022_token_0000"", ""85432_token_0000"", ""159090_token_0000"", ""80572_token_0001"", ""12589_token_0000"", ""83972_token_0000"", ""83169_token_0001"", ""157377_token_0000"", ""158705_token_0000"", ""157954_token_0000"", ""86404_token_0001"", ""16637_token_0001""]"
160104_5,hybrid,Mạnh Trường nhận xét gì về khả năng diễn xuất của Kiều Anh khi đóng cặp cùng nhau?,160104,False,"[""160104""]",6378.3583,0.0,0.0,1.0,1.0,1.0,1.0,0.3333333333333333,0.5,"[""160104""]","[""160035"", ""88173"", ""160104"", ""168756"", ""82830"", ""169914"", ""168674"", ""157954"", ""80701"", ""160234"", ""16304"", ""159768"", ""88912"", ""156651"", ""11283"", ""89010"", ""10907"", ""88194"", ""263399"", ""84528"", ""257199"", ""82251"", ""158729"", ""169899"", ""86404"", ""11647"", ""80572"", ""82425"", ""164717"", ""9338"", ""80539"", ""84095"", ""156779"", ""167657"", ""11658""]","[""160035_token_0001"", ""88173_token_0001"", ""160104_token_0000"", ""168756_token_0003"", ""82830_token_0002"", ""160104_token_0001"", ""169914_token_0000"", ""160035_token_0000"", ""168756_token_0001"", ""168674_token_0001"", ""157954_token_0000"", ""80701_token_0000"", ""160234_token_0000"", ""88173_token_0000"", ""16304_token_0000"", ""159768_token_0000"", ""88912_token_0000"", ""156651_token_0000"", ""11283_token_0001"", ""168756_token_0002"", ""89010_token_0000"", ""10907_token_0001"", ""88194_token_0000"", ""168756_token_0000"", ""263399_token_0001"", ""11283_token_0000"", ""84528_token_0001"", ""257199_token_0000"", ""80701_token_0001"", ""82251_token_0000"", ""158729_token_0001"", ""10907_token_0000"", ""84528_token_0000"", ""159768_token_0001"", ""169899_token_0000"", ""86404_token_0000"", ""11647_token_0000"", ""82830_token_0003"", ""168756_token_0004"", ""80572_token_0002"", ""82425_token_0001"", ""82830_token_0001"", ""164717_token_0001"", ""9338_token_0001"", ""80539_token_0000"", ""84095_token_0000"", ""156779_token_0000"", ""167657_token_0000"", ""9338_token_0000"", ""11658_token_0001""]"
253647_1,bm25,Chiếc Mercedes-Benz C180 đang được rao bán với giá rẻ bất ngờ thuộc phiên bản nào và được sản xuất vào năm bao nhiêu?,253647,True,"[""253647""]",212.6684,1.0,1.0,1.0,1.0,1.0,1.0,1.0,1.0,"[""253647""]","[""253647"", ""51164"", ""253876"", ""146976"", ""48415"", ""253024"", ""254332"", ""249229"", ""53314"", ""253630"", ""253645"", ""248760"", ""253776"", ""146069"", ""200312"", ""47959"", ""50911"", ""253655"", ""253721"", ""253703"", ""253510"", ""143645"", ""252535"", ""190905"", ""48790"", ""48644"", ""200154"", ""249074"", ""253297"", ""254009"", ""253233"", ""146548"", ""200082"", ""253712"", ""253372"", ""248633"", ""253717"", ""252246"", ""253590"", ""252489"", ""254121""]","[""253647_token_0000"", ""253647_token_0001"", ""51164_token_0000"", ""253876_token_0000"", ""146976_token_0000"", ""48415_token_0000"", ""146976_token_0001"", ""253024_token_0001"", ""254332_token_0001"", ""249229_token_0000"", ""53314_token_0000"", ""253630_token_0000"", ""48415_token_0001"", ""253645_token_0000"", ""253024_token_0000"", ""248760_token_0000"", ""254332_token_0000"", ""253776_token_0001"", ""146069_token_0000"", ""200312_token_0000"", ""254332_token_0002"", ""47959_token_0000"", ""50911_token_0000"", ""253655_token_0001"", ""253721_token_0001"", ""253703_token_0001"", ""253510_token_0000"", ""143645_token_0000"", ""252535_token_0000"", ""190905_token_0000"", ""48790_token_0001"", ""48644_token_0002"", ""200154_token_0001"", ""249074_token_0001"", ""253297_token_0001"", ""254009_token_0000"", ""249074_token_0000"", ""253233_token_0000"", ""253655_token_0000"", ""146548_token_0001"", ""200082_token_0000"", ""253712_token_0001"", ""253372_token_0000"", ""248633_token_0001"", ""253717_token_0000"", ""252246_token_0000"", ""253590_token_0000"", ""252489_token_0001"", ""48790_token_0002"", ""254121_token_0001""]"
253647_1,dense,Chiếc Mercedes-Benz C180 đang được rao bán với giá rẻ bất ngờ thuộc phiên bản nào và được sản xuất vào năm bao nhiêu?,253647,True,"[""253647""]",6292.8261,1.0,1.0,1.0,1.0,1.0,1.0,1.0,1.0,"[""253647""]","[""253647"", ""146069"", ""253233"", ""47959"", ""144626"", ""254121"", ""249950"", ""247725"", ""146027"", ""47921"", ""50994"", ""253372"", ""50911"", ""47635"", ""48415"", ""51141"", ""145294"", ""146976"", ""254364"", ""144173"", ""145473"", ""249539"", ""51180"", ""51067"", ""247447"", ""253712"", ""252769"", ""253776"", ""190905"", ""253510"", ""145458"", ""253601"", ""143287"", ""146137"", ""253787""]","[""253647_token_0001"", ""253647_token_0000"", ""146069_token_0000"", ""253233_token_0000"", ""253233_token_0002"", ""47959_token_0000"", ""253233_token_0001"", ""47959_token_0001"", ""144626_token_0001"", ""254121_token_0001"", ""249950_token_0000"", ""247725_token_0000"", ""146027_token_0000"", ""47921_token_0001"", ""50994_token_0000"", ""253372_token_0000"", ""50911_token_0000"", ""47635_token_0000"", ""48415_token_0000"", ""51141_token_0000"", ""253372_token_0002"", ""145294_token_0001"", ""146976_token_0001"", ""254364_token_0000"", ""47635_token_0002"", ""144173_token_0001"", ""145473_token_0000"", ""249539_token_0000"", ""51180_token_0000"", ""51067_token_0000"", ""247447_token_0000"", ""253712_token_0003"", ""146976_token_0000"", ""145294_token_0000"", ""146027_token_0001"", ""252769_token_0000"", ""253776_token_0001"", ""47635_token_0003"", ""51180_token_0001"", ""190905_token_0000"", ""253372_token_0001"", ""47921_token_0000"", ""253510_token_0000"", ""145458_token_0000"", ""253601_token_0002"", ""145473_token_0001"", ""143287_token_0001"", ""47635_token_0001"", ""146137_token_0001"", ""253787_token_0002""]"
253647_1,hybrid,Chiếc Mercedes-Benz C180 đang được rao bán với giá rẻ bất ngờ thuộc phiên bản nào và được sản xuất vào năm bao nhiêu?,253647,True,"[""253647""]",6725.9872,1.0,1.0,1.0,1.0,1.0,1.0,1.0,1.0,"[""253647""]","[""253647"", ""146069"", ""48415"", ""47959"", ""146976"", ""253233"", ""50911"", ""254121"", ""253776"", ""253372"", ""253510"", ""190905"", ""51164"", ""253876"", ""253024"", ""144626"", ""254332"", ""249229"", ""249950"", ""53314"", ""247725"", ""253630"", ""146027"", ""253645"", ""47921"", ""50994"", ""248760"", ""47635"", ""200312"", ""51141"", ""145294"", ""253655"", ""254364"", ""253721"", ""144173"", ""253703"", ""145473"", ""143645"", ""249539""]","[""253647_token_0000"", ""253647_token_0001"", ""146069_token_0000"", ""48415_token_0000"", ""47959_token_0000"", ""146976_token_0001"", ""146976_token_0000"", ""253233_token_0000"", ""50911_token_0000"", ""254121_token_0001"", ""253776_token_0001"", ""253372_token_0000"", ""253510_token_0000"", ""190905_token_0000"", ""51164_token_0000"", ""253876_token_0000"", ""253233_token_0002"", ""253233_token_0001"", ""253024_token_0001"", ""47959_token_0001"", ""144626_token_0001"", ""254332_token_0001"", ""249229_token_0000"", ""249950_token_0000"", ""53314_token_0000"", ""247725_token_0000"", ""253630_token_0000"", ""146027_token_0000"", ""48415_token_0001"", ""253645_token_0000"", ""47921_token_0001"", ""253024_token_0000"", ""50994_token_0000"", ""248760_token_0000"", ""254332_token_0000"", ""47635_token_0000"", ""200312_token_0000"", ""51141_token_0000"", ""253372_token_0002"", ""254332_token_0002"", ""145294_token_0001"", ""253655_token_0001"", ""254364_token_0000"", ""253721_token_0001"", ""47635_token_0002"", ""144173_token_0001"", ""253703_token_0001"", ""145473_token_0000"", ""143645_token_0000"", ""249539_token_0000""]"
253647_2,bm25,Tình trạng thực tế về ngoại thất và nội thất của chiếc Mercedes-Benz C180 đã qua hơn hai thập kỷ sử dụng hiện nay ra sao?,253647,True,"[""253647""]",199.3789,1.0,1.0,1.0,1.0,1.0,1.0,1.0,1.0,"[""253647""]","[""253647"", ""253645"", ""47959"", ""51164"", ""247725"", ""50308"", ""254489"", ""248760"", ""50994"", ""247831"", ""249525"", ""47635"", ""253510"", ""48644"", ""48711"", ""51141"", ""249539"", ""50723"", ""47991"", ""49313"", ""51067"", ""252668"", ""146698"", ""145294"", ""146027"", ""51116"", ""50621"", ""247856"", ""248463"", ""66351"", ""248608"", ""116071"", ""53968"", ""59379"", ""48042"", ""253630"", ""249898"", ""51431"", ""52020"", ""248951"", ""50805"", ""188505""]","[""253647_token_0000"", ""253647_token_0001"", ""253645_token_0000"", ""47959_token_0000"", ""51164_token_0000"", ""247725_token_0000"", ""50308_token_0003"", ""247725_token_0001"", ""254489_token_0001"", ""248760_token_0000"", ""50994_token_0001"", ""247831_token_0000"", ""249525_token_0000"", ""253645_token_0001"", ""47635_token_0003"", ""253510_token_0000"", ""48644_token_0001"", ""48711_token_0000"", ""51141_token_0000"", ""249539_token_0000"", ""50723_token_0000"", ""47991_token_0000"", ""49313_token_0001"", ""51067_token_0001"", ""252668_token_0000"", ""146698_token_0000"", ""145294_token_0001"", ""146027_token_0000"", ""51116_token_0001"", ""50621_token_0000"", ""145294_token_0000"", ""50994_token_0000"", ""247856_token_0000"", ""248463_token_0000"", ""66351_token_0000"", ""248608_token_0000"", ""116071_token_0000"", ""53968_token_0000"", ""59379_token_0000"", ""48042_token_0000"", ""253630_token_0000"", ""66351_token_0002"", ""66351_token_0001"", ""249898_token_0000"", ""51431_token_0000"", ""52020_token_0000"", ""248951_token_0000"", ""50805_token_0000"", ""47635_token_0000"", ""188505_token_0000""]"
253647_2,dense,Tình trạng thực tế về ngoại thất và nội thất của chiếc Mercedes-Benz C180 đã qua hơn hai thập kỷ sử dụng hiện nay ra sao?,253647,True,"[""253647""]",6313.7221,1.0,1.0,1.0,1.0,1.0,1.0,1.0,1.0,"[""253647""]","[""253647"", ""47635"", ""253233"", ""253372"", ""143645"", ""144626"", ""249950"", ""247725"", ""143922"", ""145294"", ""249539"", ""146069"", ""47959"", ""146976"", ""252218"", ""249898"", ""253237"", ""51116"", ""50994"", ""51141"", ""253717"", ""248792"", ""51067"", ""49313"", ""50621"", ""248760"", ""48415"", ""143697"", ""47991"", ""145473"", ""51580"", ""248951""]","[""253647_token_0000"", ""253647_token_0001"", ""47635_token_0000"", ""253233_token_0001"", ""253372_token_0002"", ""47635_token_0002"", ""143645_token_0001"", ""253233_token_0002"", ""144626_token_0000"", ""249950_token_0000"", ""247725_token_0000"", ""47635_token_0003"", ""47635_token_0004"", ""253233_token_0000"", ""143922_token_0000"", ""145294_token_0000"", ""249539_token_0000"", ""146069_token_0000"", ""47959_token_0000"", ""146976_token_0001"", ""47959_token_0001"", ""252218_token_0001"", ""249898_token_0000"", ""253237_token_0002"", ""253372_token_0001"", ""247725_token_0001"", ""51116_token_0001"", ""50994_token_0001"", ""51141_token_0000"", ""253717_token_0000"", ""248792_token_0000"", ""253372_token_0000"", ""51067_token_0000"", ""50994_token_0000"", ""49313_token_0000"", ""50621_token_0001"", ""47635_token_0001"", ""248792_token_0001"", ""49313_token_0001"", ""248760_token_0000"", ""48415_token_0000"", ""143697_token_0004"", ""47991_token_0001"", ""252218_token_0000"", ""51141_token_0001"", ""145473_token_0000"", ""51580_token_0001"", ""144626_token_0001"", ""146976_token_0000"", ""248951_token_0000""]"
253647_2,hybrid,Tình trạng thực tế về ngoại thất và nội thất của chiếc Mercedes-Benz C180 đã qua hơn hai thập kỷ sử dụng hiện nay ra sao?,253647,True,"[""253647""]",6424.4806,1.0,1.0,1.0,1.0,1.0,1.0,1.0,1.0,"[""253647""]","[""253647"", ""247725"", ""47959"", ""47635"", ""249539"", ""50994"", ""248760"", ""145294"", ""51141"", ""51116"", ""49313"", ""249898"", ""248951"", ""253645"", ""253233"", ""253372"", ""51164"", ""143645"", ""50308"", ""144626"", ""254489"", ""249950"", ""247831"", ""249525"", ""143922"", ""253510"", ""48644"", ""146069"", ""48711"", ""146976"", ""50723"", ""252218"", ""47991"", ""253237"", ""51067"", ""252668"", ""146698"", ""146027""]","[""253647_token_0000"", ""253647_token_0001"", ""247725_token_0000"", ""47959_token_0000"", ""47635_token_0003"", ""247725_token_0001"", ""249539_token_0000"", ""50994_token_0001"", ""47635_token_0000"", ""248760_token_0000"", ""145294_token_0000"", ""51141_token_0000"", ""51116_token_0001"", ""49313_token_0001"", ""249898_token_0000"", ""50994_token_0000"", ""248951_token_0000"", ""253645_token_0000"", ""253233_token_0001"", ""253372_token_0002"", ""51164_token_0000"", ""47635_token_0002"", ""143645_token_0001"", ""50308_token_0003"", ""253233_token_0002"", ""144626_token_0000"", ""254489_token_0001"", ""249950_token_0000"", ""247831_token_0000"", ""249525_token_0000"", ""47635_token_0004"", ""253233_token_0000"", ""253645_token_0001"", ""143922_token_0000"", ""253510_token_0000"", ""48644_token_0001"", ""146069_token_0000"", ""48711_token_0000"", ""146976_token_0001"", ""47959_token_0001"", ""50723_token_0000"", ""252218_token_0001"", ""47991_token_0000"", ""253237_token_0002"", ""51067_token_0001"", ""252668_token_0000"", ""253372_token_0001"", ""146698_token_0000"", ""145294_token_0001"", ""146027_token_0000""]"
253647_3,bm25,Mức giá hiện tại của chiếc Mercedes-Benz C180 cũ đang được so sánh ngang bằng với mẫu xe tay ga nào trên thị trường?,253647,True,"[""253647""]",211.2806,1.0,1.0,1.0,1.0,1.0,1.0,1.0,1.0,"[""253647""]","[""253647"", ""253645"", ""253821"", ""253233"", ""247725"", ""143938"", ""47959"", ""47635"", ""253372"", ""254332"", ""254260"", ""253237"", ""51141"", ""253745"", ""146499"", ""143645"", ""253876"", ""253277"", ""253940"", ""247562"", ""143553"", ""48415"", ""146976"", ""253501"", ""143446"", ""48790"", ""253522"", ""249878"", ""251939"", ""145915"", ""254364"", ""254372"", ""253591"", ""145294"", ""48644"", ""51164"", ""253510"", ""146069"", ""247856""]","[""253647_token_0000"", ""253647_token_0001"", ""253645_token_0000"", ""253821_token_0000"", ""253233_token_0001"", ""247725_token_0000"", ""253821_token_0001"", ""143938_token_0000"", ""47959_token_0000"", ""47635_token_0000"", ""253372_token_0000"", ""254332_token_0002"", ""254260_token_0000"", ""253237_token_0003"", ""51141_token_0000"", ""253745_token_0000"", ""253372_token_0002"", ""146499_token_0000"", ""47959_token_0001"", ""253233_token_0002"", ""143645_token_0000"", ""253876_token_0000"", ""253277_token_0000"", ""254332_token_0000"", ""253940_token_0000"", ""253745_token_0001"", ""253233_token_0000"", ""247562_token_0001"", ""143553_token_0000"", ""48415_token_0000"", ""146976_token_0000"", ""253501_token_0000"", ""143446_token_0000"", ""48790_token_0001"", ""253522_token_0000"", ""249878_token_0003"", ""251939_token_0001"", ""145915_token_0001"", ""254364_token_0001"", ""254372_token_0000"", ""254364_token_0000"", ""253591_token_0001"", ""145294_token_0000"", ""48644_token_0002"", ""253372_token_0001"", ""51164_token_0000"", ""253510_token_0002"", ""146069_token_0000"", ""143938_token_0001"", ""247856_token_0000""]"
253647_3,dense,Mức giá hiện tại của chiếc Mercedes-Benz C180 cũ đang được so sánh ngang bằng với mẫu xe tay ga nào trên thị trường?,253647,True,"[""253647""]",6298.107,1.0,1.0,1.0,1.0,1.0,1.0,1.0,1.0,"[""253647""]","[""253647"", ""146069"", ""47959"", ""51141"", ""253233"", ""249950"", ""253372"", ""50911"", ""253669"", ""253821"", ""146027"", ""254121"", ""51164"", ""47921"", ""47635"", ""144626"", ""247406"", ""144566"", ""249878"", ""51836"", ""248792"", ""143645"", ""253712"", ""253721"", ""51180"", ""48790"", ""247725"", ""248760"", ""145915"", ""253787"", ""144791"", ""247447"", ""247751"", ""48415"", ""190905""]","[""253647_token_0000"", ""253647_token_0001"", ""146069_token_0000"", ""47959_token_0001"", ""51141_token_0000"", ""253233_token_0001"", ""249950_token_0000"", ""253372_token_0000"", ""50911_token_0000"", ""253669_token_0002"", ""253821_token_0001"", ""146027_token_0000"", ""254121_token_0001"", ""253372_token_0002"", ""47959_token_0000"", ""51164_token_0000"", ""253821_token_0000"", ""47921_token_0000"", ""47635_token_0002"", ""144626_token_0001"", ""247406_token_0001"", ""144566_token_0001"", ""253233_token_0000"", ""249878_token_0003"", ""51836_token_0000"", ""248792_token_0001"", ""143645_token_0000"", ""253712_token_0003"", ""253721_token_0001"", ""51180_token_0001"", ""253669_token_0000"", ""48790_token_0001"", ""247406_token_0002"", ""253372_token_0001"", ""47921_token_0001"", ""247725_token_0000"", ""248760_token_0000"", ""145915_token_0001"", ""247725_token_0001"", ""146027_token_0001"", ""253787_token_0003"", ""144791_token_0000"", ""247447_token_0000"", ""247751_token_0001"", ""51141_token_0001"", ""48415_token_0000"", ""253787_token_0002"", ""190905_token_0000"", ""51180_token_0000"", ""253233_token_0002""]"
253647_3,hybrid,Mức giá hiện tại của chiếc Mercedes-Benz C180 cũ đang được so sánh ngang bằng với mẫu xe tay ga nào trên thị trường?,253647,True,"[""253647""]",6470.4148,1.0,1.0,1.0,1.0,1.0,1.0,1.0,1.0,"[""253647""]","[""253647"", ""253233"", ""253821"", ""253372"", ""51141"", ""47959"", ""247725"", ""146069"", ""143645"", ""51164"", ""249878"", ""48790"", ""48415"", ""145915"", ""253645"", ""249950"", ""143938"", ""50911"", ""253669"", ""47635"", ""146027"", ""254332"", ""254121"", ""254260"", ""253237"", ""253745"", ""146499"", ""47921"", ""144626"", ""247406"", ""144566"", ""253876"", ""253277"", ""253940"", ""51836"", ""248792"", ""247562"", ""253712"", ""143553"", ""253721""]","[""253647_token_0000"", ""253647_token_0001"", ""253233_token_0001"", ""253821_token_0001"", ""253372_token_0000"", ""51141_token_0000"", ""253821_token_0000"", ""47959_token_0001"", ""47959_token_0000"", ""253372_token_0002"", ""247725_token_0000"", ""146069_token_0000"", ""143645_token_0000"", ""253233_token_0000"", ""51164_token_0000"", ""249878_token_0003"", ""253233_token_0002"", ""48790_token_0001"", ""48415_token_0000"", ""145915_token_0001"", ""253372_token_0001"", ""253645_token_0000"", ""249950_token_0000"", ""143938_token_0000"", ""50911_token_0000"", ""253669_token_0002"", ""47635_token_0000"", ""146027_token_0000"", ""254332_token_0002"", ""254121_token_0001"", ""254260_token_0000"", ""253237_token_0003"", ""253745_token_0000"", ""146499_token_0000"", ""47921_token_0000"", ""47635_token_0002"", ""144626_token_0001"", ""247406_token_0001"", ""144566_token_0001"", ""253876_token_0000"", ""253277_token_0000"", ""254332_token_0000"", ""253940_token_0000"", ""51836_token_0000"", ""248792_token_0001"", ""253745_token_0001"", ""247562_token_0001"", ""253712_token_0003"", ""143553_token_0000"", ""253721_token_0001""]"
253647_4,bm25,Vì sao những người lần đầu mua ô tô hoặc có điều kiện kinh tế hạn hẹp được khuyên không nên chọn mua các mẫu xe sang Đức đã qua sử dụng quá lâu năm?,253647,True,"[""253647""]",291.8465,1.0,1.0,1.0,1.0,1.0,1.0,1.0,1.0,"[""253647""]","[""253647"", ""146976"", ""254845"", ""254294"", ""146092"", ""253372"", ""249060"", ""143697"", ""253721"", ""253510"", ""254958"", ""255103"", ""253024"", ""143456"", ""255070"", ""51067"", ""254478"", ""252246"", ""47614"", ""255181"", ""48528"", ""144301"", ""47615"", ""47409"", ""253630"", ""248760"", ""144476"", ""248435"", ""47635"", ""253940"", ""50853"", ""254776"", ""48206"", ""251819"", ""253876"", ""51219"", ""255513"", ""252089""]","[""253647_token_0001"", ""146976_token_0001"", ""254845_token_0002"", ""254294_token_0002"", ""146092_token_0000"", ""253372_token_0003"", ""249060_token_0000"", ""143697_token_0003"", ""253721_token_0000"", ""253510_token_0002"", ""254958_token_0000"", ""255103_token_0001"", ""253024_token_0001"", ""254958_token_0001"", ""254845_token_0001"", ""143456_token_0001"", ""255070_token_0001"", ""51067_token_0001"", ""254478_token_0000"", ""252246_token_0000"", ""47614_token_0001"", ""255181_token_0000"", ""48528_token_0000"", ""144301_token_0000"", ""47615_token_0001"", ""47409_token_0002"", ""47614_token_0000"", ""253630_token_0001"", ""248760_token_0000"", ""48528_token_0001"", ""47615_token_0000"", ""144476_token_0001"", ""248435_token_0000"", ""47635_token_0000"", ""253940_token_0002"", ""50853_token_0000"", ""254776_token_0001"", ""252246_token_0001"", ""51067_token_0000"", ""48206_token_0003"", ""251819_token_0000"", ""253876_token_0001"", ""51219_token_0000"", ""255513_token_0000"", ""253372_token_0002"", ""249060_token_0001"", ""143697_token_0004"", ""252089_token_0001"", ""255070_token_0002"", ""254294_token_0001""]"
253647_4,dense,Vì sao những người lần đầu mua ô tô hoặc có điều kiện kinh tế hạn hẹp được khuyên không nên chọn mua các mẫu xe sang Đức đã qua sử dụng quá lâu năm?,253647,True,"[""253647""]",6384.4341,0.0,0.0,0.0,0.0,0.0,0.0,0.0,0.0,"[""253647""]","[""146976"", ""254845"", ""255383"", ""51067"", ""49273"", ""47605"", ""253233"", ""252218"", ""48206"", ""254700"", ""252318"", ""47551"", ""252246"", ""47513"", ""47615"", ""47529"", ""253372"", ""254489"", ""146698"", ""253745"", ""47632"", ""109650"", ""252122"", ""253721"", ""248760"", ""47405"", ""47635"", ""50853"", ""252816"", ""47488"", ""147232"", ""255181"", ""253237""]","[""146976_token_0001"", ""254845_token_0001"", ""255383_token_0000"", ""254845_token_0000"", ""255383_token_0001"", ""51067_token_0001"", ""49273_token_0000"", ""146976_token_0002"", ""51067_token_0000"", ""47605_token_0001"", ""254845_token_0002"", ""253233_token_0001"", ""252218_token_0001"", ""47605_token_0000"", ""48206_token_0003"", ""255383_token_0002"", ""254700_token_0000"", ""252318_token_0000"", ""47551_token_0000"", ""252246_token_0001"", ""47513_token_0001"", ""47615_token_0001"", ""47529_token_0000"", ""253372_token_0002"", ""254489_token_0000"", ""146698_token_0001"", ""253745_token_0001"", ""47632_token_0003"", ""252318_token_0002"", ""109650_token_0002"", ""252122_token_0000"", ""252246_token_0000"", ""253721_token_0000"", ""47632_token_0000"", ""248760_token_0001"", ""47405_token_0002"", ""252246_token_0002"", ""47635_token_0001"", ""253372_token_0003"", ""50853_token_0001"", ""248760_token_0000"", ""254489_token_0001"", ""252816_token_0003"", ""47488_token_0000"", ""147232_token_0000"", ""255181_token_0000"", ""47632_token_0004"", ""254489_token_0002"", ""50853_token_0000"", ""253237_token_0001""]"
253647_4,hybrid,Vì sao những người lần đầu mua ô tô hoặc có điều kiện kinh tế hạn hẹp được khuyên không nên chọn mua các mẫu xe sang Đức đã qua sử dụng quá lâu năm?,253647,True,"[""253647""]",6542.7358,0.0,0.0,0.0,0.0,0.0,0.0,0.0,0.0,"[""253647""]","[""146976"", ""254845"", ""51067"", ""253372"", ""253721"", ""47615"", ""252246"", ""48206"", ""255181"", ""248760"", ""50853"", ""253647"", ""255383"", ""254294"", ""146092"", ""249060"", ""49273"", ""143697"", ""253510"", ""47605"", ""254958"", ""253233"", ""255103"", ""252218"", ""253024"", ""143456"", ""254700"", ""255070"", ""252318"", ""254478"", ""47551"", ""47513"", ""47614"", ""47529"", ""48528"", ""144301"", ""254489"", ""146698"", ""47409"", ""253745""]","[""146976_token_0001"", ""254845_token_0002"", ""254845_token_0001"", ""51067_token_0001"", ""253372_token_0003"", ""253721_token_0000"", ""51067_token_0000"", ""47615_token_0001"", ""252246_token_0000"", ""48206_token_0003"", ""252246_token_0001"", ""255181_token_0000"", ""253372_token_0002"", ""248760_token_0000"", ""50853_token_0000"", ""253647_token_0001"", ""255383_token_0000"", ""254294_token_0002"", ""254845_token_0000"", ""146092_token_0000"", ""255383_token_0001"", ""249060_token_0000"", ""49273_token_0000"", ""143697_token_0003"", ""146976_token_0002"", ""253510_token_0002"", ""47605_token_0001"", ""254958_token_0000"", ""253233_token_0001"", ""255103_token_0001"", ""252218_token_0001"", ""253024_token_0001"", ""254958_token_0001"", ""47605_token_0000"", ""143456_token_0001"", ""255383_token_0002"", ""254700_token_0000"", ""255070_token_0001"", ""252318_token_0000"", ""254478_token_0000"", ""47551_token_0000"", ""47513_token_0001"", ""47614_token_0001"", ""47529_token_0000"", ""48528_token_0000"", ""144301_token_0000"", ""254489_token_0000"", ""146698_token_0001"", ""47409_token_0002"", ""253745_token_0001""]"
253647_5,bm25,Chủ nhân hiện tại của chiếc Mercedes-Benz C180 này là ai và lý do cá nhân nào khiến họ quyết định bán lại chiếc xe với mức giá rẻ bất ngờ như vậy?,253647,False,"[""253647""]",251.3206,1.0,1.0,1.0,1.0,1.0,1.0,1.0,1.0,"[""253647""]","[""253647"", ""48415"", ""51141"", ""253630"", ""253372"", ""253645"", ""253024"", ""249229"", ""47635"", ""253717"", ""248160"", ""49568"", ""253876"", ""254845"", ""51164"", ""252517"", ""47959"", ""51067"", ""146976"", ""253821"", ""253510"", ""250490"", ""64707"", ""254992"", ""50911"", ""47682"", ""247587"", ""143645"", ""253712"", ""250425"", ""247856"", ""249087"", ""51707"", ""48528"", ""146027"", ""252246"", ""47614"", ""253237"", ""251483"", ""47488"", ""248276"", ""247861"", ""254364""]","[""253647_token_0001"", ""253647_token_0000"", ""48415_token_0000"", ""51141_token_0000"", ""253630_token_0000"", ""253372_token_0002"", ""253645_token_0000"", ""253372_token_0000"", ""253024_token_0000"", ""249229_token_0001"", ""47635_token_0001"", ""249229_token_0000"", ""253717_token_0000"", ""248160_token_0000"", ""49568_token_0000"", ""253876_token_0000"", ""253024_token_0001"", ""254845_token_0000"", ""51164_token_0000"", ""252517_token_0000"", ""47959_token_0000"", ""51067_token_0001"", ""146976_token_0000"", ""253821_token_0000"", ""253510_token_0002"", ""250490_token_0000"", ""64707_token_0000"", ""254992_token_0000"", ""50911_token_0000"", ""47682_token_0000"", ""247587_token_0000"", ""143645_token_0000"", ""253712_token_0000"", ""250425_token_0000"", ""247856_token_0000"", ""249087_token_0000"", ""51707_token_0000"", ""48528_token_0003"", ""146027_token_0000"", ""252246_token_0000"", ""47614_token_0001"", ""253237_token_0000"", ""47635_token_0000"", ""253237_token_0003"", ""251483_token_0000"", ""253510_token_0001"", ""47488_token_0000"", ""248276_token_0000"", ""247861_token_0000"", ""254364_token_0000""]"
253647_5,dense,Chủ nhân hiện tại của chiếc Mercedes-Benz C180 này là ai và lý do cá nhân nào khiến họ quyết định bán lại chiếc xe với mức giá rẻ bất ngờ như vậy?,253647,False,"[""253647""]",6242.2738,1.0,1.0,1.0,1.0,1.0,1.0,1.0,1.0,"[""253647""]","[""253647"", ""253233"", ""249539"", ""249950"", ""51067"", ""146069"", ""47959"", ""253372"", ""47635"", ""252218"", ""146027"", ""47488"", ""47921"", ""33891"", ""47682"", ""249898"", ""51219"", ""48415"", ""146976"", ""51141"", ""250625"", ""249229"", ""252318"", ""248951"", ""254845"", ""248792"", ""50911"", ""254121"", ""248183"", ""52402"", ""50994"", ""252918"", ""253721"", ""47605""]","[""253647_token_0000"", ""253647_token_0001"", ""253233_token_0001"", ""253233_token_0002"", ""253233_token_0000"", ""249539_token_0000"", ""249950_token_0000"", ""51067_token_0000"", ""146069_token_0000"", ""47959_token_0001"", ""47959_token_0000"", ""253372_token_0002"", ""249539_token_0001"", ""47635_token_0002"", ""252218_token_0001"", ""146027_token_0000"", ""47488_token_0000"", ""47921_token_0001"", ""33891_token_0000"", ""47635_token_0003"", ""47682_token_0000"", ""249898_token_0000"", ""51219_token_0002"", ""146027_token_0001"", ""51219_token_0000"", ""48415_token_0000"", ""146976_token_0001"", ""51141_token_0000"", ""250625_token_0000"", ""47635_token_0000"", ""253372_token_0000"", ""249229_token_0000"", ""252318_token_0000"", ""248951_token_0001"", ""252318_token_0002"", ""254845_token_0001"", ""51067_token_0002"", ""248792_token_0001"", ""50911_token_0000"", ""254121_token_0001"", ""252218_token_0000"", ""51067_token_0001"", ""248183_token_0000"", ""253372_token_0001"", ""52402_token_0004"", ""47921_token_0000"", ""50994_token_0000"", ""252918_token_0000"", ""253721_token_0001"", ""47605_token_0000""]"
253647_5,hybrid,Chủ nhân hiện tại của chiếc Mercedes-Benz C180 này là ai và lý do cá nhân nào khiến họ quyết định bán lại chiếc xe với mức giá rẻ bất ngờ như vậy?,253647,False,"[""253647""]",6816.6709,1.0,1.0,1.0,1.0,1.0,1.0,1.0,1.0,"[""253647""]","[""253647"", ""253372"", ""48415"", ""51141"", ""47959"", ""249229"", ""47682"", ""146027"", ""47488"", ""51067"", ""50911"", ""47635"", ""253233"", ""253630"", ""249539"", ""249950"", ""253645"", ""146069"", ""253024"", ""253717"", ""248160"", ""252218"", ""49568"", ""253876"", ""254845"", ""47921"", ""33891"", ""51164"", ""252517"", ""249898"", ""146976"", ""51219"", ""253821"", ""253510"", ""250490""]","[""253647_token_0000"", ""253647_token_0001"", ""253372_token_0002"", ""48415_token_0000"", ""51141_token_0000"", ""47959_token_0000"", ""253372_token_0000"", ""249229_token_0000"", ""47682_token_0000"", ""146027_token_0000"", ""47488_token_0000"", ""51067_token_0001"", ""50911_token_0000"", ""47635_token_0000"", ""253233_token_0001"", ""253233_token_0002"", ""253233_token_0000"", ""253630_token_0000"", ""249539_token_0000"", ""249950_token_0000"", ""253645_token_0000"", ""51067_token_0000"", ""146069_token_0000"", ""253024_token_0000"", ""249229_token_0001"", ""47959_token_0001"", ""47635_token_0001"", ""249539_token_0001"", ""253717_token_0000"", ""248160_token_0000"", ""47635_token_0002"", ""252218_token_0001"", ""49568_token_0000"", ""253876_token_0000"", ""253024_token_0001"", ""254845_token_0000"", ""47921_token_0001"", ""33891_token_0000"", ""51164_token_0000"", ""252517_token_0000"", ""47635_token_0003"", ""249898_token_0000"", ""146976_token_0000"", ""51219_token_0002"", ""146027_token_0001"", ""253821_token_0000"", ""253510_token_0002"", ""51219_token_0000"", ""250490_token_0000"", ""146976_token_0001""]"
64976_1,bm25,Những doanh nghiệp khởi nghiệp sáng tạo nào tại Khu Công nghệ cao đã phát triển vươn tầm thế giới?,64976,True,"[""64976""]",151.7735,1.0,1.0,1.0,1.0,1.0,1.0,1.0,1.0,"[""64976""]","[""64976"", ""137863"", ""5322"", ""59270"", ""184793"", ""181956"", ""22728"", ""74838"", ""104975"", ""131651"", ""65400"", ""20698"", ""164459"", ""106617"", ""132078"", ""196858"", ""24939"", ""185000"", ""139309"", ""198666"", ""199220"", ""105571"", ""200690"", ""199857"", ""182501"", ""134408"", ""35620"", ""44188"", ""198887"", ""33209"", ""77211"", ""184808"", ""23783"", ""184986"", ""48576"", ""194515"", ""91481"", ""132602"", ""170487"", ""104771"", ""22904"", ""182550""]","[""64976_token_0001"", ""64976_token_0000"", ""137863_token_0000"", ""5322_token_0000"", ""59270_token_0000"", ""184793_token_0001"", ""59270_token_0001"", ""137863_token_0001"", ""181956_token_0000"", ""22728_token_0000"", ""74838_token_0000"", ""104975_token_0000"", ""131651_token_0001"", ""104975_token_0003"", ""65400_token_0000"", ""20698_token_0001"", ""164459_token_0000"", ""106617_token_0001"", ""132078_token_0000"", ""196858_token_0001"", ""181956_token_0001"", ""24939_token_0000"", ""185000_token_0002"", ""139309_token_0000"", ""198666_token_0001"", ""199220_token_0000"", ""105571_token_0003"", ""106617_token_0000"", ""200690_token_0000"", ""199857_token_0000"", ""182501_token_0000"", ""134408_token_0003"", ""35620_token_0000"", ""44188_token_0001"", ""198887_token_0000"", ""33209_token_0002"", ""77211_token_0000"", ""184808_token_0002"", ""23783_token_0000"", ""184986_token_0000"", ""48576_token_0004"", ""194515_token_0003"", ""199857_token_0001"", ""91481_token_0000"", ""132602_token_0001"", ""170487_token_0002"", ""104771_token_0003"", ""22904_token_0002"", ""182550_token_0005"", ""131651_token_0000""]"
64976_1,dense,Những doanh nghiệp khởi nghiệp sáng tạo nào tại Khu Công nghệ cao đã phát triển vươn tầm thế giới?,64976,True,"[""64976""]",6294.8023,0.0,0.0,1.0,1.0,1.0,1.0,0.5,0.6309297535714575,"[""64976""]","[""137863"", ""64976"", ""184986"", ""104025"", ""65431"", ""198887"", ""77211"", ""107410"", ""139309"", ""183947"", ""105800"", ""65400"", ""181956"", ""59270"", ""188267"", ""184928"", ""21352"", ""22904"", ""185000"", ""106521"", ""202548"", ""194541"", ""23783"", ""22126"", ""182962"", ""137059"", ""58498"", ""182827"", ""23488"", ""22728"", ""22473"", ""198823"", ""185461"", ""18419"", ""97616"", ""197544"", ""20794"", ""198519"", ""65134""]","[""137863_token_0001"", ""64976_token_0001"", ""184986_token_0001"", ""104025_token_0000"", ""65431_token_0000"", ""65431_token_0001"", ""198887_token_0000"", ""77211_token_0001"", ""107410_token_0001"", ""139309_token_0000"", ""183947_token_0000"", ""105800_token_0000"", ""65400_token_0000"", ""181956_token_0000"", ""59270_token_0000"", ""184986_token_0000"", ""188267_token_0000"", ""181956_token_0002"", ""184928_token_0000"", ""21352_token_0000"", ""22904_token_0002"", ""185000_token_0000"", ""106521_token_0000"", ""107410_token_0002"", ""202548_token_0000"", ""194541_token_0000"", ""23783_token_0001"", ""22126_token_0001"", ""182962_token_0001"", ""104025_token_0001"", ""137059_token_0000"", ""181956_token_0001"", ""58498_token_0000"", ""182827_token_0000"", ""185000_token_0002"", ""23488_token_0000"", ""182962_token_0000"", ""22728_token_0001"", ""22473_token_0000"", ""23488_token_0001"", ""106521_token_0001"", ""198823_token_0000"", ""185461_token_0000"", ""182827_token_0001"", ""18419_token_0002"", ""97616_token_0000"", ""197544_token_0000"", ""20794_token_0000"", ""198519_token_0001"", ""65134_token_0000""]"
64976_1,hybrid,Những doanh nghiệp khởi nghiệp sáng tạo nào tại Khu Công nghệ cao đã phát triển vươn tầm thế giới?,64976,True,"[""64976""]",6563.0649,1.0,1.0,1.0,1.0,1.0,1.0,1.0,1.0,"[""64976""]","[""64976"", ""137863"", ""59270"", ""181956"", ""65400"", ""139309"", ""198887"", ""184986"", ""185000"", ""22904"", ""104025"", ""5322"", ""65431"", ""184793"", ""77211"", ""107410"", ""22728"", ""183947"", ""74838"", ""104975"", ""105800"", ""131651"", ""20698"", ""164459"", ""188267"", ""106617"", ""132078"", ""184928"", ""196858"", ""21352"", ""24939"", ""106521"", ""198666"", ""202548"", ""194541"", ""199220"", ""105571"", ""23783"", ""22126""]","[""64976_token_0001"", ""137863_token_0001"", ""59270_token_0000"", ""181956_token_0000"", ""65400_token_0000"", ""139309_token_0000"", ""198887_token_0000"", ""181956_token_0001"", ""184986_token_0000"", ""185000_token_0002"", ""22904_token_0002"", ""64976_token_0000"", ""137863_token_0000"", ""184986_token_0001"", ""104025_token_0000"", ""5322_token_0000"", ""65431_token_0000"", ""184793_token_0001"", ""65431_token_0001"", ""59270_token_0001"", ""77211_token_0001"", ""107410_token_0001"", ""22728_token_0000"", ""183947_token_0000"", ""74838_token_0000"", ""104975_token_0000"", ""105800_token_0000"", ""131651_token_0001"", ""104975_token_0003"", ""20698_token_0001"", ""164459_token_0000"", ""188267_token_0000"", ""106617_token_0001"", ""181956_token_0002"", ""132078_token_0000"", ""184928_token_0000"", ""196858_token_0001"", ""21352_token_0000"", ""185000_token_0000"", ""24939_token_0000"", ""106521_token_0000"", ""107410_token_0002"", ""198666_token_0001"", ""202548_token_0000"", ""194541_token_0000"", ""199220_token_0000"", ""105571_token_0003"", ""23783_token_0001"", ""106617_token_0000"", ""22126_token_0001""]"
64976_2,bm25,Hội thảo về phát triển hệ sinh thái Drone/UAV thông minh đặt ra những mục tiêu chính nào?,64976,True,"[""64976""]",160.9041,1.0,1.0,1.0,1.0,1.0,1.0,1.0,1.0,"[""64976""]","[""64976"", ""186326"", ""13837"", ""104203"", ""184172"", ""182827"", ""121323"", ""197301"", ""120324"", ""32879"", ""22473"", ""59270"", ""163752"", ""122626"", ""106521"", ""198699"", ""213793"", ""198995"", ""255178"", ""22819"", ""120891"", ""6202"", ""183947"", ""115377"", ""121335"", ""199577"", ""216338"", ""121437"", ""122339"", ""20995"", ""56415"", ""121596"", ""187301"", ""99986"", ""197004"", ""5322"", ""105614"", ""19982"", ""193844"", ""32418"", ""182962"", ""218221""]","[""64976_token_0000"", ""64976_token_0001"", ""186326_token_0001"", ""13837_token_0000"", ""104203_token_0006"", ""184172_token_0001"", ""182827_token_0000"", ""121323_token_0002"", ""184172_token_0000"", ""197301_token_0001"", ""120324_token_0001"", ""120324_token_0000"", ""32879_token_0002"", ""22473_token_0000"", ""59270_token_0000"", ""163752_token_0001"", ""122626_token_0000"", ""184172_token_0002"", ""32879_token_0001"", ""32879_token_0000"", ""106521_token_0000"", ""198699_token_0000"", ""213793_token_0001"", ""198995_token_0001"", ""255178_token_0002"", ""213793_token_0000"", ""22819_token_0000"", ""120891_token_0000"", ""6202_token_0002"", ""183947_token_0001"", ""115377_token_0001"", ""121335_token_0000"", ""199577_token_0001"", ""216338_token_0000"", ""121437_token_0002"", ""183947_token_0000"", ""122339_token_0001"", ""20995_token_0000"", ""56415_token_0000"", ""121596_token_0000"", ""187301_token_0000"", ""99986_token_0000"", ""197004_token_0000"", ""5322_token_0000"", ""105614_token_0000"", ""19982_token_0001"", ""193844_token_0000"", ""32418_token_0000"", ""182962_token_0002"", ""218221_token_0000""]"
64976_2,dense,Hội thảo về phát triển hệ sinh thái Drone/UAV thông minh đặt ra những mục tiêu chính nào?,64976,True,"[""64976""]",6283.4704,1.0,1.0,1.0,1.0,1.0,1.0,1.0,1.0,"[""64976""]","[""64976"", ""184639"", ""186326"", ""182501"", ""65400"", ""183147"", ""121596"", ""182689"", ""186726"", ""65434"", ""185466"", ""185000"", ""185405"", ""58498"", ""65431"", ""137863"", ""52728"", ""182827"", ""24939"", ""185631"", ""22696"", ""21991"", ""122115"", ""173021"", ""182517"", ""184172"", ""60787"", ""184928"", ""182255"", ""19982"", ""181956"", ""58169"", ""217012"", ""170821"", ""185086"", ""22473"", ""65134"", ""66351"", ""161559"", ""22730"", ""199022""]","[""64976_token_0000"", ""64976_token_0001"", ""184639_token_0002"", ""186326_token_0001"", ""182501_token_0000"", ""65400_token_0000"", ""183147_token_0002"", ""121596_token_0001"", ""182689_token_0001"", ""186726_token_0000"", ""65434_token_0001"", ""185466_token_0001"", ""185000_token_0002"", ""185000_token_0000"", ""185405_token_0001"", ""58498_token_0000"", ""65431_token_0001"", ""137863_token_0001"", ""52728_token_0001"", ""185000_token_0001"", ""182827_token_0001"", ""24939_token_0001"", ""185466_token_0000"", ""185631_token_0001"", ""22696_token_0001"", ""65400_token_0001"", ""21991_token_0000"", ""122115_token_0001"", ""173021_token_0001"", ""182517_token_0000"", ""184172_token_0000"", ""60787_token_0000"", ""184928_token_0000"", ""182255_token_0001"", ""184639_token_0000"", ""19982_token_0000"", ""181956_token_0000"", ""58169_token_0000"", ""182827_token_0000"", ""217012_token_0000"", ""170821_token_0000"", ""58498_token_0001"", ""185086_token_0000"", ""22473_token_0000"", ""60787_token_0001"", ""65134_token_0000"", ""66351_token_0004"", ""161559_token_0001"", ""22730_token_0001"", ""199022_token_0001""]"
64976_2,hybrid,Hội thảo về phát triển hệ sinh thái Drone/UAV thông minh đặt ra những mục tiêu chính nào?,64976,True,"[""64976""]",6419.0519,1.0,1.0,1.0,1.0,1.0,1.0,1.0,1.0,"[""64976""]","[""64976"", ""186326"", ""184172"", ""182827"", ""22473"", ""184639"", ""13837"", ""104203"", ""182501"", ""65400"", ""183147"", ""121323"", ""121596"", ""182689"", ""186726"", ""197301"", ""120324"", ""65434"", ""185466"", ""185000"", ""32879"", ""185405"", ""59270"", ""163752"", ""58498"", ""122626"", ""65431"", ""137863"", ""52728"", ""106521"", ""198699"", ""24939"", ""213793"", ""185631"", ""198995"", ""22696"", ""255178"", ""21991""]","[""64976_token_0000"", ""64976_token_0001"", ""186326_token_0001"", ""184172_token_0000"", ""182827_token_0000"", ""22473_token_0000"", ""184639_token_0002"", ""13837_token_0000"", ""104203_token_0006"", ""182501_token_0000"", ""184172_token_0001"", ""65400_token_0000"", ""183147_token_0002"", ""121323_token_0002"", ""121596_token_0001"", ""182689_token_0001"", ""186726_token_0000"", ""197301_token_0001"", ""120324_token_0001"", ""65434_token_0001"", ""120324_token_0000"", ""185466_token_0001"", ""185000_token_0002"", ""32879_token_0002"", ""185000_token_0000"", ""185405_token_0001"", ""59270_token_0000"", ""163752_token_0001"", ""58498_token_0000"", ""122626_token_0000"", ""65431_token_0001"", ""137863_token_0001"", ""184172_token_0002"", ""32879_token_0001"", ""52728_token_0001"", ""185000_token_0001"", ""32879_token_0000"", ""106521_token_0000"", ""182827_token_0001"", ""198699_token_0000"", ""24939_token_0001"", ""185466_token_0000"", ""213793_token_0001"", ""185631_token_0001"", ""198995_token_0001"", ""22696_token_0001"", ""255178_token_0002"", ""213793_token_0000"", ""65400_token_0001"", ""21991_token_0000""]"
64976_3,bm25,Điều gì thúc đẩy Việt Nam cần phát triển hệ sinh thái Drone/UAV trong giáo dục và công nghiệp?,64976,True,"[""64976""]",157.7001,1.0,1.0,1.0,1.0,1.0,1.0,1.0,1.0,"[""64976""]","[""64976"", ""186326"", ""35424"", ""6202"", ""196237"", ""182517"", ""132078"", ""120374"", ""199229"", ""65400"", ""94819"", ""35223"", ""22126"", ""120324"", ""183147"", ""217736"", ""151803"", ""13837"", ""35577"", ""137863"", ""217012"", ""105496"", ""181956"", ""187301"", ""138694"", ""108695"", ""32879"", ""196539"", ""65431"", ""149428"", ""240023"", ""21192"", ""121736"", ""109408"", ""180510"", ""6074"", ""121323"", ""104974"", ""106617"", ""106521"", ""20995""]","[""64976_token_0000"", ""64976_token_0001"", ""186326_token_0001"", ""35424_token_0001"", ""6202_token_0003"", ""196237_token_0001"", ""182517_token_0000"", ""6202_token_0002"", ""132078_token_0000"", ""120374_token_0001"", ""199229_token_0000"", ""65400_token_0000"", ""35424_token_0000"", ""94819_token_0001"", ""35223_token_0002"", ""22126_token_0000"", ""120324_token_0001"", ""65400_token_0001"", ""183147_token_0002"", ""6202_token_0004"", ""217736_token_0001"", ""151803_token_0000"", ""13837_token_0000"", ""6202_token_0001"", ""35577_token_0000"", ""137863_token_0001"", ""217012_token_0000"", ""105496_token_0001"", ""181956_token_0000"", ""187301_token_0000"", ""138694_token_0002"", ""108695_token_0001"", ""32879_token_0000"", ""196539_token_0000"", ""65431_token_0000"", ""149428_token_0002"", ""240023_token_0004"", ""35577_token_0001"", ""21192_token_0001"", ""121736_token_0000"", ""109408_token_0001"", ""180510_token_0003"", ""6074_token_0000"", ""121736_token_0001"", ""120324_token_0000"", ""121323_token_0002"", ""104974_token_0000"", ""106617_token_0001"", ""106521_token_0000"", ""20995_token_0001""]"
64976_3,dense,Điều gì thúc đẩy Việt Nam cần phát triển hệ sinh thái Drone/UAV trong giáo dục và công nghiệp?,64976,True,"[""64976""]",6247.2933,1.0,1.0,1.0,1.0,1.0,1.0,1.0,1.0,"[""64976""]","[""64976"", ""186326"", ""6074"", ""173021"", ""5446"", ""100664"", ""35424"", ""65400"", ""182517"", ""181956"", ""94684"", ""45641"", ""65416"", ""184928"", ""137863"", ""99986"", ""44869"", ""109065"", ""99617"", ""180510"", ""178032"", ""65310"", ""53110"", ""182501"", ""19982"", ""188267"", ""185199"", ""101701"", ""21192"", ""6202"", ""104203"", ""202548"", ""185086"", ""183147"", ""161559"", ""104771""]","[""64976_token_0000"", ""64976_token_0001"", ""186326_token_0001"", ""6074_token_0001"", ""173021_token_0000"", ""5446_token_0001"", ""100664_token_0001"", ""35424_token_0001"", ""65400_token_0001"", ""182517_token_0000"", ""181956_token_0000"", ""173021_token_0001"", ""94684_token_0001"", ""45641_token_0001"", ""173021_token_0002"", ""65416_token_0000"", ""184928_token_0000"", ""137863_token_0001"", ""99986_token_0001"", ""100664_token_0000"", ""44869_token_0001"", ""109065_token_0000"", ""99617_token_0001"", ""180510_token_0002"", ""182517_token_0002"", ""178032_token_0001"", ""65310_token_0000"", ""53110_token_0000"", ""94684_token_0002"", ""182501_token_0000"", ""19982_token_0000"", ""188267_token_0000"", ""185199_token_0002"", ""65400_token_0000"", ""99617_token_0000"", ""186326_token_0002"", ""184928_token_0001"", ""101701_token_0000"", ""21192_token_0001"", ""6202_token_0002"", ""99617_token_0002"", ""104203_token_0002"", ""182517_token_0001"", ""202548_token_0000"", ""185086_token_0000"", ""65400_token_0002"", ""19982_token_0001"", ""183147_token_0002"", ""161559_token_0001"", ""104771_token_0002""]"
64976_3,hybrid,Điều gì thúc đẩy Việt Nam cần phát triển hệ sinh thái Drone/UAV trong giáo dục và công nghiệp?,64976,True,"[""64976""]",6413.7777,1.0,1.0,1.0,1.0,1.0,1.0,1.0,1.0,"[""64976""]","[""64976"", ""186326"", ""35424"", ""182517"", ""65400"", ""181956"", ""6202"", ""137863"", ""183147"", ""21192"", ""6074"", ""173021"", ""196237"", ""5446"", ""100664"", ""132078"", ""120374"", ""199229"", ""94684"", ""45641"", ""94819"", ""35223"", ""22126"", ""65416"", ""120324"", ""184928"", ""99986"", ""217736"", ""44869"", ""109065"", ""151803"", ""13837"", ""99617"", ""180510"", ""35577"", ""178032"", ""217012"", ""65310"", ""105496"", ""53110""]","[""64976_token_0000"", ""64976_token_0001"", ""186326_token_0001"", ""35424_token_0001"", ""182517_token_0000"", ""65400_token_0001"", ""181956_token_0000"", ""6202_token_0002"", ""65400_token_0000"", ""137863_token_0001"", ""183147_token_0002"", ""21192_token_0001"", ""6074_token_0001"", ""173021_token_0000"", ""6202_token_0003"", ""196237_token_0001"", ""5446_token_0001"", ""100664_token_0001"", ""132078_token_0000"", ""120374_token_0001"", ""199229_token_0000"", ""173021_token_0001"", ""35424_token_0000"", ""94684_token_0001"", ""45641_token_0001"", ""94819_token_0001"", ""173021_token_0002"", ""35223_token_0002"", ""22126_token_0000"", ""65416_token_0000"", ""120324_token_0001"", ""184928_token_0000"", ""99986_token_0001"", ""100664_token_0000"", ""6202_token_0004"", ""217736_token_0001"", ""44869_token_0001"", ""109065_token_0000"", ""151803_token_0000"", ""13837_token_0000"", ""99617_token_0001"", ""180510_token_0002"", ""6202_token_0001"", ""182517_token_0002"", ""35577_token_0000"", ""178032_token_0001"", ""217012_token_0000"", ""65310_token_0000"", ""105496_token_0001"", ""53110_token_0000""]"
64976_4,bm25,Ban quản lý Khu Công nghệ cao đóng vai trò gì trong việc phát triển hệ sinh thái Drone/UAV?,64976,True,"[""64976""]",156.6235,1.0,1.0,1.0,1.0,1.0,1.0,1.0,1.0,"[""64976""]","[""64976"", ""139309"", ""186326"", ""65431"", ""132078"", ""133437"", ""132602"", ""133755"", ""106521"", ""153336"", ""20912"", ""52997"", ""138694"", ""65400"", ""6202"", ""105496"", ""105614"", ""151666"", ""217012"", ""217734"", ""218640"", ""106617"", ""197510"", ""184986"", ""120324"", ""22904"", ""20995"", ""19982"", ""13837"", ""137244"", ""123020"", ""104287"", ""137863"", ""185405"", ""343"", ""180510"", ""108202"", ""35424"", ""217600"", ""107410"", ""749"", ""35577""]","[""64976_token_0000"", ""64976_token_0001"", ""139309_token_0000"", ""186326_token_0001"", ""65431_token_0000"", ""132078_token_0000"", ""133437_token_0000"", ""132602_token_0002"", ""133755_token_0003"", ""106521_token_0000"", ""153336_token_0001"", ""133755_token_0002"", ""139309_token_0001"", ""20912_token_0002"", ""52997_token_0002"", ""138694_token_0000"", ""65400_token_0000"", ""132602_token_0001"", ""6202_token_0002"", ""105496_token_0000"", ""105614_token_0000"", ""151666_token_0000"", ""217012_token_0000"", ""217734_token_0000"", ""218640_token_0001"", ""106617_token_0001"", ""197510_token_0003"", ""184986_token_0001"", ""120324_token_0001"", ""22904_token_0001"", ""20995_token_0001"", ""151666_token_0001"", ""19982_token_0002"", ""13837_token_0000"", ""197510_token_0001"", ""137244_token_0009"", ""123020_token_0002"", ""104287_token_0001"", ""137863_token_0001"", ""185405_token_0001"", ""343_token_0007"", ""180510_token_0003"", ""108202_token_0000"", ""35424_token_0000"", ""217600_token_0000"", ""20995_token_0000"", ""35424_token_0001"", ""107410_token_0002"", ""749_token_0000"", ""35577_token_0000""]"
64976_4,dense,Ban quản lý Khu Công nghệ cao đóng vai trò gì trong việc phát triển hệ sinh thái Drone/UAV?,64976,True,"[""64976""]",6396.8043,1.0,1.0,1.0,1.0,1.0,1.0,1.0,1.0,"[""64976""]","[""64976"", ""139309"", ""186326"", ""137863"", ""65431"", ""138694"", ""65400"", ""35424"", ""141617"", ""21991"", ""185545"", ""184928"", ""185405"", ""133755"", ""62478"", ""104025"", ""244238"", ""53110"", ""200622"", ""187301"", ""184986"", ""52728"", ""183147"", ""217012"", ""132602"", ""202414"", ""52997"", ""197692"", ""16823"", ""24939"", ""5446"", ""197510"", ""185466"", ""124"", ""200376"", ""18794"", ""35577"", ""182332"", ""120743""]","[""64976_token_0001"", ""64976_token_0000"", ""139309_token_0000"", ""139309_token_0001"", ""186326_token_0001"", ""137863_token_0001"", ""65431_token_0001"", ""138694_token_0002"", ""65400_token_0001"", ""65400_token_0000"", ""65400_token_0002"", ""35424_token_0001"", ""65431_token_0000"", ""141617_token_0001"", ""21991_token_0000"", ""185545_token_0001"", ""184928_token_0000"", ""185405_token_0001"", ""133755_token_0003"", ""62478_token_0000"", ""104025_token_0000"", ""244238_token_0000"", ""53110_token_0000"", ""200622_token_0002"", ""187301_token_0000"", ""184986_token_0000"", ""52728_token_0002"", ""183147_token_0002"", ""217012_token_0000"", ""52728_token_0001"", ""132602_token_0002"", ""202414_token_0000"", ""52997_token_0002"", ""197692_token_0000"", ""16823_token_0001"", ""24939_token_0001"", ""5446_token_0001"", ""197510_token_0001"", ""185466_token_0000"", ""124_token_0001"", ""200376_token_0000"", ""186326_token_0002"", ""18794_token_0000"", ""138694_token_0001"", ""35577_token_0001"", ""184986_token_0001"", ""182332_token_0001"", ""120743_token_0000"", ""138694_token_0003"", ""185466_token_0001""]"
64976_4,hybrid,Ban quản lý Khu Công nghệ cao đóng vai trò gì trong việc phát triển hệ sinh thái Drone/UAV?,64976,True,"[""64976""]",6715.422,1.0,1.0,1.0,1.0,1.0,1.0,1.0,1.0,"[""64976""]","[""64976"", ""139309"", ""186326"", ""65431"", ""65400"", ""133755"", ""132602"", ""137863"", ""52997"", ""217012"", ""35424"", ""185405"", ""184986"", ""197510"", ""132078"", ""133437"", ""138694"", ""106521"", ""153336"", ""141617"", ""20912"", ""21991"", ""185545"", ""184928"", ""6202"", ""105496"", ""62478"", ""104025"", ""105614"", ""151666"", ""244238"", ""53110"", ""200622"", ""217734"", ""187301"", ""218640"", ""106617"", ""52728"", ""183147"", ""120324""]","[""64976_token_0000"", ""64976_token_0001"", ""139309_token_0000"", ""186326_token_0001"", ""139309_token_0001"", ""65431_token_0000"", ""65400_token_0000"", ""133755_token_0003"", ""132602_token_0002"", ""137863_token_0001"", ""52997_token_0002"", ""217012_token_0000"", ""35424_token_0001"", ""185405_token_0001"", ""184986_token_0001"", ""197510_token_0001"", ""132078_token_0000"", ""133437_token_0000"", ""65431_token_0001"", ""138694_token_0002"", ""65400_token_0001"", ""106521_token_0000"", ""153336_token_0001"", ""65400_token_0002"", ""133755_token_0002"", ""141617_token_0001"", ""20912_token_0002"", ""21991_token_0000"", ""138694_token_0000"", ""185545_token_0001"", ""184928_token_0000"", ""132602_token_0001"", ""6202_token_0002"", ""105496_token_0000"", ""62478_token_0000"", ""104025_token_0000"", ""105614_token_0000"", ""151666_token_0000"", ""244238_token_0000"", ""53110_token_0000"", ""200622_token_0002"", ""217734_token_0000"", ""187301_token_0000"", ""218640_token_0001"", ""106617_token_0001"", ""184986_token_0000"", ""197510_token_0003"", ""52728_token_0002"", ""183147_token_0002"", ""120324_token_0001""]"
64976_5,bm25,Có bao nhiêu đại biểu tham dự hội thảo về phát triển hệ sinh thái Drone/UAV?,64976,False,"[""64976""]",131.7687,1.0,1.0,1.0,1.0,1.0,1.0,1.0,1.0,"[""64976""]","[""64976"", ""105614"", ""186326"", ""107527"", ""59270"", ""23558"", ""184630"", ""197301"", ""65434"", ""106521"", ""23488"", ""121323"", ""120324"", ""105694"", ""65319"", ""190540"", ""115377"", ""197378"", ""35424"", ""142697"", ""138694"", ""163752"", ""99308"", ""13837"", ""94684"", ""20067"", ""30409"", ""122900"", ""21651"", ""121481"", ""35577"", ""216338"", ""182517"", ""21813"", ""140618"", ""243649"", ""237554"", ""239518"", ""120879"", ""121736"", ""121437"", ""96878""]","[""64976_token_0000"", ""64976_token_0001"", ""105614_token_0000"", ""186326_token_0001"", ""107527_token_0000"", ""59270_token_0000"", ""23558_token_0014"", ""184630_token_0000"", ""197301_token_0001"", ""65434_token_0000"", ""106521_token_0000"", ""23488_token_0000"", ""121323_token_0002"", ""120324_token_0001"", ""105694_token_0000"", ""65319_token_0001"", ""190540_token_0001"", ""115377_token_0001"", ""197378_token_0001"", ""120324_token_0000"", ""35424_token_0001"", ""142697_token_0001"", ""138694_token_0002"", ""163752_token_0001"", ""99308_token_0000"", ""13837_token_0000"", ""94684_token_0001"", ""20067_token_0001"", ""30409_token_0001"", ""122900_token_0001"", ""30409_token_0000"", ""21651_token_0000"", ""190540_token_0000"", ""121481_token_0000"", ""35577_token_0000"", ""138694_token_0001"", ""216338_token_0000"", ""182517_token_0001"", ""21813_token_0000"", ""216338_token_0001"", ""140618_token_0000"", ""243649_token_0000"", ""115377_token_0002"", ""237554_token_0000"", ""239518_token_0000"", ""120879_token_0000"", ""121736_token_0000"", ""65319_token_0000"", ""121437_token_0002"", ""96878_token_0000""]"
64976_5,dense,Có bao nhiêu đại biểu tham dự hội thảo về phát triển hệ sinh thái Drone/UAV?,64976,False,"[""64976""]",6238.0198,1.0,1.0,1.0,1.0,1.0,1.0,1.0,1.0,"[""64976""]","[""64976"", ""186326"", ""65400"", ""66351"", ""121437"", ""59270"", ""186109"", ""186726"", ""35424"", ""185631"", ""182501"", ""105800"", ""115377"", ""106775"", ""65434"", ""24939"", ""182517"", ""21991"", ""137863"", ""182689"", ""120374"", ""122339"", ""35577"", ""142697"", ""94684"", ""173021"", ""186561"", ""264213"", ""121124"", ""58498"", ""154338"", ""4884"", ""185086"", ""182827"", ""121323"", ""20110"", ""140312"", ""20067"", ""120891"", ""120743""]","[""64976_token_0001"", ""64976_token_0000"", ""186326_token_0001"", ""65400_token_0001"", ""66351_token_0002"", ""121437_token_0002"", ""59270_token_0000"", ""186109_token_0002"", ""186726_token_0000"", ""35424_token_0001"", ""185631_token_0001"", ""182501_token_0000"", ""105800_token_0000"", ""115377_token_0002"", ""106775_token_0001"", ""65434_token_0001"", ""24939_token_0001"", ""186109_token_0000"", ""182517_token_0001"", ""21991_token_0000"", ""137863_token_0001"", ""182689_token_0000"", ""120374_token_0001"", ""122339_token_0002"", ""35577_token_0001"", ""142697_token_0000"", ""94684_token_0000"", ""173021_token_0000"", ""186561_token_0000"", ""264213_token_0000"", ""121124_token_0001"", ""121437_token_0000"", ""58498_token_0000"", ""154338_token_0000"", ""4884_token_0002"", ""185086_token_0000"", ""182827_token_0001"", ""121323_token_0002"", ""182517_token_0002"", ""20110_token_0001"", ""264213_token_0001"", ""186109_token_0001"", ""140312_token_0001"", ""20067_token_0000"", ""105800_token_0001"", ""120891_token_0001"", ""120743_token_0000"", ""35424_token_0000"", ""186726_token_0001"", ""182689_token_0001""]"
64976_5,hybrid,Có bao nhiêu đại biểu tham dự hội thảo về phát triển hệ sinh thái Drone/UAV?,64976,False,"[""64976""]",6328.7376,1.0,1.0,1.0,1.0,1.0,1.0,1.0,1.0,"[""64976""]","[""64976"", ""186326"", ""59270"", ""35424"", ""121437"", ""121323"", ""115377"", ""182517"", ""105614"", ""65400"", ""107527"", ""66351"", ""23558"", ""184630"", ""186109"", ""186726"", ""197301"", ""65434"", ""106521"", ""185631"", ""182501"", ""23488"", ""105800"", ""120324"", ""105694"", ""106775"", ""65319"", ""190540"", ""24939"", ""197378"", ""21991"", ""137863"", ""142697"", ""182689"", ""120374"", ""138694"", ""122339"", ""163752"", ""35577"", ""99308"", ""13837"", ""94684"", ""173021""]","[""64976_token_0000"", ""64976_token_0001"", ""186326_token_0001"", ""59270_token_0000"", ""35424_token_0001"", ""121437_token_0002"", ""121323_token_0002"", ""115377_token_0002"", ""182517_token_0001"", ""105614_token_0000"", ""65400_token_0001"", ""107527_token_0000"", ""66351_token_0002"", ""23558_token_0014"", ""184630_token_0000"", ""186109_token_0002"", ""186726_token_0000"", ""197301_token_0001"", ""65434_token_0000"", ""106521_token_0000"", ""185631_token_0001"", ""182501_token_0000"", ""23488_token_0000"", ""105800_token_0000"", ""120324_token_0001"", ""105694_token_0000"", ""106775_token_0001"", ""65319_token_0001"", ""65434_token_0001"", ""190540_token_0001"", ""24939_token_0001"", ""115377_token_0001"", ""186109_token_0000"", ""197378_token_0001"", ""120324_token_0000"", ""21991_token_0000"", ""137863_token_0001"", ""142697_token_0001"", ""182689_token_0000"", ""120374_token_0001"", ""138694_token_0002"", ""122339_token_0002"", ""163752_token_0001"", ""35577_token_0001"", ""99308_token_0000"", ""13837_token_0000"", ""142697_token_0000"", ""94684_token_0000"", ""94684_token_0001"", ""173021_token_0000""]"
44651_1,bm25,Fidel Castro đến thăm Khu chính phủ cách mạng lâm thời Cộng hòa miền Nam Việt Nam tại địa điểm nào?,44651,True,"[""44651""]",169.6342,1.0,1.0,1.0,1.0,1.0,1.0,1.0,1.0,"[""44651""]","[""44651"", ""105719"", ""214150"", ""74976"", ""76864"", ""154952"", ""75604"", ""22730"", ""42372"", ""75980"", ""190013"", ""132865"", ""79595"", ""123141"", ""199837"", ""164773"", ""197510"", ""1516"", ""151463"", ""45253"", ""21352"", ""36199"", ""74838"", ""143027"", ""122300"", ""149494"", ""70481"", ""160975"", ""109353"", ""75615"", ""243162"", ""19991"", ""108688"", ""154701"", ""247184"", ""749"", ""78002"", ""197692"", ""77285"", ""75539"", ""36522""]","[""44651_token_0000"", ""44651_token_0001"", ""105719_token_0001"", ""214150_token_0000"", ""74976_token_0001"", ""76864_token_0000"", ""154952_token_0001"", ""75604_token_0000"", ""22730_token_0000"", ""42372_token_0000"", ""75980_token_0001"", ""190013_token_0000"", ""132865_token_0001"", ""75980_token_0000"", ""79595_token_0001"", ""154952_token_0002"", ""123141_token_0000"", ""199837_token_0000"", ""164773_token_0000"", ""197510_token_0001"", ""105719_token_0000"", ""1516_token_0000"", ""151463_token_0001"", ""45253_token_0000"", ""21352_token_0000"", ""36199_token_0000"", ""74838_token_0000"", ""143027_token_0000"", ""214150_token_0001"", ""122300_token_0001"", ""45253_token_0001"", ""149494_token_0000"", ""70481_token_0001"", ""160975_token_0001"", ""109353_token_0000"", ""75615_token_0000"", ""243162_token_0000"", ""19991_token_0000"", ""79595_token_0000"", ""108688_token_0001"", ""74976_token_0002"", ""154701_token_0000"", ""247184_token_0000"", ""749_token_0002"", ""78002_token_0000"", ""197692_token_0001"", ""77285_token_0000"", ""75539_token_0000"", ""36522_token_0000"", ""154952_token_0000""]"
44651_1,dense,Fidel Castro đến thăm Khu chính phủ cách mạng lâm thời Cộng hòa miền Nam Việt Nam tại địa điểm nào?,44651,True,"[""44651""]",6289.0449,1.0,1.0,1.0,1.0,1.0,1.0,1.0,1.0,"[""44651""]","[""44651"", ""74976"", ""140618"", ""132779"", ""107037"", ""35797"", ""107564"", ""154952"", ""68835"", ""127062"", ""162577"", ""66646"", ""142796"", ""132171"", ""65924"", ""45253"", ""139545"", ""140742"", ""43929"", ""21823"", ""32945"", ""2230"", ""121951"", ""76413"", ""136445"", ""43304"", ""67101"", ""42890"", ""132865"", ""32803"", ""43325"", ""20089"", ""45920"", ""76859"", ""19991"", ""15130""]","[""44651_token_0001"", ""44651_token_0000"", ""74976_token_0002"", ""140618_token_0000"", ""132779_token_0000"", ""107037_token_0000"", ""140618_token_0001"", ""35797_token_0000"", ""107564_token_0000"", ""154952_token_0000"", ""107564_token_0001"", ""68835_token_0001"", ""127062_token_0003"", ""162577_token_0000"", ""66646_token_0001"", ""142796_token_0000"", ""132171_token_0000"", ""127062_token_0000"", ""127062_token_0002"", ""65924_token_0001"", ""45253_token_0001"", ""139545_token_0000"", ""140742_token_0000"", ""139545_token_0001"", ""43929_token_0001"", ""139545_token_0002"", ""21823_token_0002"", ""127062_token_0001"", ""32945_token_0002"", ""2230_token_0000"", ""121951_token_0000"", ""76413_token_0000"", ""32945_token_0003"", ""136445_token_0001"", ""43304_token_0001"", ""67101_token_0000"", ""42890_token_0002"", ""132865_token_0001"", ""32803_token_0000"", ""43325_token_0002"", ""20089_token_0000"", ""21823_token_0001"", ""45920_token_0003"", ""2230_token_0002"", ""76859_token_0000"", ""19991_token_0000"", ""142796_token_0001"", ""68835_token_0000"", ""32945_token_0000"", ""15130_token_0002""]"
44651_1,hybrid,Fidel Castro đến thăm Khu chính phủ cách mạng lâm thời Cộng hòa miền Nam Việt Nam tại địa điểm nào?,44651,True,"[""44651""]",6436.4276,1.0,1.0,1.0,1.0,1.0,1.0,1.0,1.0,"[""44651""]","[""44651"", ""74976"", ""132865"", ""154952"", ""45253"", ""19991"", ""105719"", ""140618"", ""214150"", ""132779"", ""107037"", ""76864"", ""35797"", ""75604"", ""107564"", ""22730"", ""42372"", ""75980"", ""190013"", ""68835"", ""127062"", ""162577"", ""66646"", ""79595"", ""142796"", ""123141"", ""132171"", ""199837"", ""164773"", ""197510"", ""65924"", ""139545"", ""1516"", ""140742"", ""151463"", ""21352"", ""43929""]","[""44651_token_0000"", ""44651_token_0001"", ""74976_token_0002"", ""132865_token_0001"", ""154952_token_0000"", ""45253_token_0001"", ""19991_token_0000"", ""105719_token_0001"", ""140618_token_0000"", ""214150_token_0000"", ""132779_token_0000"", ""74976_token_0001"", ""107037_token_0000"", ""76864_token_0000"", ""140618_token_0001"", ""154952_token_0001"", ""35797_token_0000"", ""75604_token_0000"", ""107564_token_0000"", ""22730_token_0000"", ""42372_token_0000"", ""107564_token_0001"", ""75980_token_0001"", ""190013_token_0000"", ""68835_token_0001"", ""127062_token_0003"", ""162577_token_0000"", ""75980_token_0000"", ""66646_token_0001"", ""79595_token_0001"", ""142796_token_0000"", ""154952_token_0002"", ""123141_token_0000"", ""132171_token_0000"", ""127062_token_0000"", ""199837_token_0000"", ""127062_token_0002"", ""164773_token_0000"", ""197510_token_0001"", ""65924_token_0001"", ""105719_token_0000"", ""139545_token_0000"", ""1516_token_0000"", ""140742_token_0000"", ""151463_token_0001"", ""139545_token_0001"", ""45253_token_0000"", ""21352_token_0000"", ""43929_token_0001"", ""139545_token_0002""]"
44651_2,bm25,Chuyến thăm vùng giải phóng Quảng Trị năm 1973 của Fidel Castro diễn ra trong hoàn cảnh như thế nào?,44651,True,"[""44651""]",159.4858,1.0,1.0,1.0,1.0,1.0,1.0,1.0,1.0,"[""44651""]","[""44651"", ""122344"", ""74976"", ""215405"", ""13837"", ""32847"", ""2089"", ""216326"", ""122008"", ""43154"", ""70481"", ""38183"", ""140618"", ""257151"", ""89776"", ""122408"", ""12178"", ""154386"", ""262256"", ""45253"", ""79760"", ""199784"", ""35625"", ""214139"", ""200516"", ""35220"", ""140742"", ""118049"", ""173300"", ""68023"", ""154492"", ""101170"", ""44816"", ""109597"", ""132679"", ""122941"", ""134492"", ""34044"", ""84081"", ""120823"", ""164887"", ""100777"", ""175911"", ""122300"", ""22730""]","[""44651_token_0000"", ""44651_token_0001"", ""122344_token_0000"", ""74976_token_0001"", ""215405_token_0000"", ""74976_token_0002"", ""13837_token_0000"", ""32847_token_0000"", ""2089_token_0000"", ""216326_token_0000"", ""122008_token_0000"", ""43154_token_0003"", ""70481_token_0000"", ""38183_token_0002"", ""140618_token_0000"", ""32847_token_0002"", ""257151_token_0002"", ""89776_token_0000"", ""122408_token_0001"", ""12178_token_0000"", ""154386_token_0000"", ""262256_token_0000"", ""45253_token_0000"", ""79760_token_0000"", ""13837_token_0001"", ""199784_token_0000"", ""35625_token_0000"", ""214139_token_0001"", ""200516_token_0001"", ""35220_token_0001"", ""140742_token_0000"", ""118049_token_0000"", ""173300_token_0000"", ""68023_token_0001"", ""154492_token_0000"", ""101170_token_0000"", ""44816_token_0000"", ""109597_token_0000"", ""132679_token_0002"", ""122941_token_0002"", ""134492_token_0001"", ""34044_token_0001"", ""214139_token_0000"", ""84081_token_0000"", ""120823_token_0000"", ""164887_token_0000"", ""100777_token_0000"", ""175911_token_0000"", ""122300_token_0001"", ""22730_token_0000""]"
44651_2,dense,Chuyến thăm vùng giải phóng Quảng Trị năm 1973 của Fidel Castro diễn ra trong hoàn cảnh như thế nào?,44651,True,"[""44651""]",6251.4349,1.0,1.0,1.0,1.0,1.0,1.0,1.0,1.0,"[""44651""]","[""44651"", ""20089"", ""68835"", ""74976"", ""259151"", ""43325"", ""43304"", ""100777"", ""75808"", ""43803"", ""142796"", ""9355"", ""43009"", ""134076"", ""132354"", ""75654"", ""47656"", ""139545"", ""138804"", ""237274"", ""42890"", ""7349"", ""142315"", ""162577"", ""43929"", ""137967"", ""140742"", ""121951"", ""2040"", ""43154"", ""108893"", ""100401""]","[""44651_token_0000"", ""44651_token_0001"", ""20089_token_0000"", ""68835_token_0001"", ""74976_token_0002"", ""259151_token_0000"", ""43325_token_0002"", ""43325_token_0003"", ""20089_token_0001"", ""43304_token_0002"", ""43325_token_0000"", ""68835_token_0000"", ""100777_token_0001"", ""75808_token_0000"", ""100777_token_0002"", ""100777_token_0000"", ""43803_token_0001"", ""75808_token_0001"", ""43304_token_0001"", ""43325_token_0001"", ""142796_token_0000"", ""9355_token_0000"", ""259151_token_0001"", ""43009_token_0003"", ""142796_token_0001"", ""134076_token_0000"", ""132354_token_0000"", ""75654_token_0001"", ""47656_token_0000"", ""139545_token_0000"", ""138804_token_0000"", ""237274_token_0001"", ""42890_token_0002"", ""43803_token_0002"", ""7349_token_0004"", ""139545_token_0001"", ""142315_token_0000"", ""142796_token_0002"", ""162577_token_0000"", ""43929_token_0000"", ""43304_token_0003"", ""43929_token_0001"", ""137967_token_0001"", ""140742_token_0000"", ""121951_token_0000"", ""2040_token_0001"", ""43154_token_0003"", ""108893_token_0001"", ""100401_token_0001"", ""142796_token_0003""]"
44651_2,hybrid,Chuyến thăm vùng giải phóng Quảng Trị năm 1973 của Fidel Castro diễn ra trong hoàn cảnh như thế nào?,44651,True,"[""44651""]",6515.5993,1.0,1.0,1.0,1.0,1.0,1.0,1.0,1.0,"[""44651""]","[""44651"", ""74976"", ""43154"", ""100777"", ""140742"", ""122344"", ""20089"", ""68835"", ""215405"", ""259151"", ""13837"", ""43325"", ""32847"", ""2089"", ""216326"", ""43304"", ""122008"", ""70481"", ""38183"", ""75808"", ""140618"", ""257151"", ""43803"", ""89776"", ""122408"", ""12178"", ""142796"", ""154386"", ""262256"", ""9355"", ""45253"", ""43009"", ""79760"", ""134076"", ""199784""]","[""44651_token_0000"", ""44651_token_0001"", ""74976_token_0002"", ""43154_token_0003"", ""100777_token_0000"", ""140742_token_0000"", ""122344_token_0000"", ""20089_token_0000"", ""68835_token_0001"", ""74976_token_0001"", ""215405_token_0000"", ""259151_token_0000"", ""13837_token_0000"", ""43325_token_0002"", ""32847_token_0000"", ""43325_token_0003"", ""20089_token_0001"", ""2089_token_0000"", ""216326_token_0000"", ""43304_token_0002"", ""122008_token_0000"", ""43325_token_0000"", ""68835_token_0000"", ""100777_token_0001"", ""70481_token_0000"", ""38183_token_0002"", ""75808_token_0000"", ""100777_token_0002"", ""140618_token_0000"", ""32847_token_0002"", ""257151_token_0002"", ""43803_token_0001"", ""75808_token_0001"", ""89776_token_0000"", ""122408_token_0001"", ""43304_token_0001"", ""12178_token_0000"", ""43325_token_0001"", ""142796_token_0000"", ""154386_token_0000"", ""262256_token_0000"", ""9355_token_0000"", ""259151_token_0001"", ""45253_token_0000"", ""43009_token_0003"", ""79760_token_0000"", ""13837_token_0001"", ""142796_token_0001"", ""134076_token_0000"", ""199784_token_0000""]"
44651_3,bm25,"Điều gì đã thúc đẩy Cuba xây dựng bệnh viện Việt Nam - Cuba tại Đồng Hới, Quảng Bình?",44651,True,"[""44651""]",152.0852,1.0,1.0,1.0,1.0,1.0,1.0,1.0,1.0,"[""44651""]","[""44651"", ""209184"", ""170866"", ""240121"", ""218258"", ""77232"", ""175185"", ""199022"", ""99625"", ""106873"", ""183549"", ""154787"", ""35239"", ""75654"", ""42168"", ""74250"", ""241750"", ""15473"", ""129516"", ""108408"", ""139297"", ""29383"", ""29077"", ""207956"", ""137611"", ""43037"", ""209549"", ""53110"", ""198649"", ""28576"", ""109181"", ""215131"", ""206663"", ""114399"", ""26619"", ""109037"", ""200690"", ""149447"", ""64976"", ""198966"", ""181956""]","[""44651_token_0001"", ""44651_token_0000"", ""209184_token_0001"", ""170866_token_0000"", ""240121_token_0000"", ""218258_token_0000"", ""77232_token_0000"", ""175185_token_0000"", ""199022_token_0001"", ""170866_token_0001"", ""99625_token_0000"", ""106873_token_0000"", ""183549_token_0000"", ""99625_token_0001"", ""209184_token_0002"", ""154787_token_0000"", ""35239_token_0000"", ""106873_token_0002"", ""75654_token_0000"", ""106873_token_0001"", ""42168_token_0003"", ""74250_token_0000"", ""241750_token_0000"", ""15473_token_0000"", ""42168_token_0002"", ""129516_token_0000"", ""75654_token_0001"", ""108408_token_0000"", ""139297_token_0000"", ""29383_token_0000"", ""29077_token_0000"", ""207956_token_0000"", ""137611_token_0001"", ""43037_token_0003"", ""209549_token_0001"", ""53110_token_0002"", ""198649_token_0002"", ""28576_token_0002"", ""109181_token_0001"", ""215131_token_0000"", ""206663_token_0001"", ""114399_token_0001"", ""26619_token_0001"", ""109037_token_0001"", ""183549_token_0001"", ""200690_token_0000"", ""149447_token_0002"", ""64976_token_0000"", ""198966_token_0000"", ""181956_token_0000""]"
44651_3,dense,"Điều gì đã thúc đẩy Cuba xây dựng bệnh viện Việt Nam - Cuba tại Đồng Hới, Quảng Bình?",44651,True,"[""44651""]",6282.6829,1.0,1.0,1.0,1.0,1.0,1.0,1.0,1.0,"[""44651""]","[""44651"", ""207688"", ""106873"", ""207933"", ""134757"", ""139035"", ""42168"", ""149447"", ""207932"", ""117545"", ""114376"", ""206676"", ""136443"", ""29077"", ""28576"", ""199022"", ""74976"", ""142816"", ""29478"", ""117505"", ""216317"", ""206172"", ""139545"", ""136897"", ""140666"", ""208045"", ""134527"", ""211177"", ""114399"", ""43358"", ""163586"", ""209549""]","[""44651_token_0001"", ""44651_token_0000"", ""207688_token_0000"", ""106873_token_0000"", ""207933_token_0000"", ""134757_token_0000"", ""139035_token_0000"", ""42168_token_0003"", ""149447_token_0001"", ""139035_token_0001"", ""134757_token_0002"", ""207688_token_0001"", ""207932_token_0002"", ""117545_token_0000"", ""114376_token_0001"", ""206676_token_0000"", ""149447_token_0000"", ""114376_token_0000"", ""136443_token_0001"", ""207933_token_0001"", ""29077_token_0001"", ""28576_token_0003"", ""199022_token_0001"", ""74976_token_0002"", ""142816_token_0000"", ""29478_token_0003"", ""114376_token_0003"", ""149447_token_0002"", ""117505_token_0001"", ""134757_token_0001"", ""29077_token_0000"", ""106873_token_0002"", ""142816_token_0001"", ""207932_token_0001"", ""29478_token_0000"", ""117505_token_0000"", ""216317_token_0000"", ""106873_token_0001"", ""206172_token_0000"", ""139545_token_0001"", ""136897_token_0000"", ""140666_token_0000"", ""208045_token_0002"", ""134527_token_0001"", ""211177_token_0002"", ""114399_token_0000"", ""117545_token_0001"", ""43358_token_0002"", ""163586_token_0000"", ""209549_token_0000""]"
44651_3,hybrid,"Điều gì đã thúc đẩy Cuba xây dựng bệnh viện Việt Nam - Cuba tại Đồng Hới, Quảng Bình?",44651,True,"[""44651""]",6830.9405,1.0,1.0,1.0,1.0,1.0,1.0,1.0,1.0,"[""44651""]","[""44651"", ""106873"", ""42168"", ""199022"", ""29077"", ""149447"", ""207688"", ""209184"", ""170866"", ""207933"", ""240121"", ""134757"", ""218258"", ""139035"", ""77232"", ""175185"", ""99625"", ""183549"", ""207932"", ""117545"", ""114376"", ""154787"", ""206676"", ""35239"", ""136443"", ""75654"", ""28576"", ""74250"", ""241750"", ""15473"", ""74976"", ""142816"", ""129516"", ""29478""]","[""44651_token_0001"", ""44651_token_0000"", ""106873_token_0000"", ""42168_token_0003"", ""199022_token_0001"", ""106873_token_0002"", ""106873_token_0001"", ""29077_token_0000"", ""149447_token_0002"", ""207688_token_0000"", ""209184_token_0001"", ""170866_token_0000"", ""207933_token_0000"", ""240121_token_0000"", ""134757_token_0000"", ""218258_token_0000"", ""139035_token_0000"", ""77232_token_0000"", ""175185_token_0000"", ""149447_token_0001"", ""139035_token_0001"", ""170866_token_0001"", ""134757_token_0002"", ""99625_token_0000"", ""207688_token_0001"", ""183549_token_0000"", ""207932_token_0002"", ""117545_token_0000"", ""99625_token_0001"", ""114376_token_0001"", ""209184_token_0002"", ""154787_token_0000"", ""206676_token_0000"", ""149447_token_0000"", ""35239_token_0000"", ""114376_token_0000"", ""136443_token_0001"", ""75654_token_0000"", ""207933_token_0001"", ""29077_token_0001"", ""28576_token_0003"", ""74250_token_0000"", ""241750_token_0000"", ""15473_token_0000"", ""74976_token_0002"", ""142816_token_0000"", ""42168_token_0002"", ""129516_token_0000"", ""29478_token_0003"", ""114376_token_0003""]"
44651_4,bm25,Cuba đã hỗ trợ Việt Nam những công trình cụ thể nào sau chuyến thăm lịch sử của Fidel Castro?,44651,True,"[""44651""]",167.9847,1.0,1.0,1.0,1.0,1.0,1.0,1.0,1.0,"[""44651""]","[""44651"", ""2089"", ""77232"", ""218258"", ""142796"", ""77396"", ""77316"", ""75574"", ""36522"", ""74976"", ""199022"", ""260099"", ""214913"", ""101170"", ""122344"", ""79049"", ""43901"", ""70481"", ""5987"", ""106697"", ""122941"", ""1510"", ""76845"", ""75615"", ""13837"", ""55634"", ""10022"", ""17261"", ""242679"", ""184821"", ""54215"", ""21823"", ""45253"", ""74750"", ""79760"", ""154386"", ""119081"", ""32847"", ""136443"", ""214139"", ""15427"", ""215405""]","[""44651_token_0001"", ""44651_token_0000"", ""2089_token_0001"", ""77232_token_0000"", ""218258_token_0000"", ""142796_token_0001"", ""2089_token_0000"", ""77396_token_0001"", ""77316_token_0002"", ""77316_token_0001"", ""75574_token_0001"", ""36522_token_0000"", ""74976_token_0001"", ""199022_token_0001"", ""260099_token_0000"", ""214913_token_0000"", ""101170_token_0000"", ""122344_token_0000"", ""79049_token_0000"", ""43901_token_0000"", ""70481_token_0001"", ""5987_token_0000"", ""106697_token_0005"", ""122941_token_0002"", ""101170_token_0001"", ""1510_token_0001"", ""76845_token_0001"", ""75615_token_0001"", ""13837_token_0000"", ""55634_token_0000"", ""74976_token_0003"", ""10022_token_0000"", ""17261_token_0000"", ""242679_token_0001"", ""242679_token_0000"", ""184821_token_0001"", ""54215_token_0001"", ""21823_token_0004"", ""43901_token_0001"", ""45253_token_0000"", ""74750_token_0000"", ""79760_token_0000"", ""154386_token_0000"", ""119081_token_0000"", ""32847_token_0000"", ""136443_token_0000"", ""5987_token_0001"", ""214139_token_0000"", ""15427_token_0001"", ""215405_token_0000""]"
44651_4,dense,Cuba đã hỗ trợ Việt Nam những công trình cụ thể nào sau chuyến thăm lịch sử của Fidel Castro?,44651,True,"[""44651""]",6411.2097,1.0,1.0,1.0,1.0,1.0,1.0,1.0,1.0,"[""44651""]","[""44651"", ""136445"", ""199022"", ""139545"", ""32803"", ""216317"", ""43358"", ""20089"", ""23113"", ""32945"", ""105024"", ""1032"", ""107037"", ""108461"", ""74976"", ""177369"", ""154952"", ""106225"", ""141936"", ""106521"", ""197692"", ""119963"", ""184821"", ""22730"", ""5987"", ""42283"", ""151190"", ""218258"", ""162577"", ""140618"", ""78760"", ""119425"", ""143108"", ""139035"", ""196229"", ""136061"", ""140515""]","[""44651_token_0001"", ""44651_token_0000"", ""136445_token_0001"", ""199022_token_0001"", ""139545_token_0002"", ""139545_token_0001"", ""32803_token_0002"", ""216317_token_0000"", ""43358_token_0003"", ""20089_token_0000"", ""23113_token_0002"", ""139545_token_0000"", ""43358_token_0004"", ""32945_token_0002"", ""43358_token_0002"", ""105024_token_0001"", ""1032_token_0000"", ""107037_token_0000"", ""108461_token_0001"", ""32803_token_0001"", ""32803_token_0000"", ""74976_token_0002"", ""136445_token_0002"", ""177369_token_0001"", ""154952_token_0000"", ""20089_token_0001"", ""106225_token_0002"", ""141936_token_0002"", ""106521_token_0001"", ""197692_token_0002"", ""119963_token_0001"", ""184821_token_0000"", ""22730_token_0000"", ""43358_token_0001"", ""5987_token_0001"", ""42283_token_0002"", ""151190_token_0000"", ""218258_token_0000"", ""136445_token_0000"", ""105024_token_0002"", ""162577_token_0000"", ""140618_token_0000"", ""78760_token_0000"", ""119425_token_0000"", ""143108_token_0000"", ""139035_token_0001"", ""196229_token_0000"", ""107037_token_0001"", ""136061_token_0001"", ""140515_token_0004""]"
44651_4,hybrid,Cuba đã hỗ trợ Việt Nam những công trình cụ thể nào sau chuyến thăm lịch sử của Fidel Castro?,44651,True,"[""44651""]",6606.8109,1.0,1.0,1.0,1.0,1.0,1.0,1.0,1.0,"[""44651""]","[""44651"", ""199022"", ""218258"", ""5987"", ""136445"", ""2089"", ""77232"", ""139545"", ""142796"", ""32803"", ""216317"", ""77396"", ""43358"", ""77316"", ""20089"", ""23113"", ""75574"", ""36522"", ""74976"", ""32945"", ""260099"", ""105024"", ""214913"", ""101170"", ""1032"", ""107037"", ""122344"", ""108461"", ""79049"", ""43901"", ""70481"", ""106697"", ""122941"", ""177369"", ""154952"", ""1510""]","[""44651_token_0001"", ""44651_token_0000"", ""199022_token_0001"", ""218258_token_0000"", ""5987_token_0001"", ""136445_token_0001"", ""2089_token_0001"", ""77232_token_0000"", ""139545_token_0002"", ""139545_token_0001"", ""142796_token_0001"", ""2089_token_0000"", ""32803_token_0002"", ""216317_token_0000"", ""77396_token_0001"", ""43358_token_0003"", ""77316_token_0002"", ""20089_token_0000"", ""77316_token_0001"", ""23113_token_0002"", ""75574_token_0001"", ""139545_token_0000"", ""36522_token_0000"", ""43358_token_0004"", ""74976_token_0001"", ""32945_token_0002"", ""260099_token_0000"", ""43358_token_0002"", ""105024_token_0001"", ""214913_token_0000"", ""101170_token_0000"", ""1032_token_0000"", ""107037_token_0000"", ""122344_token_0000"", ""108461_token_0001"", ""79049_token_0000"", ""32803_token_0001"", ""43901_token_0000"", ""32803_token_0000"", ""70481_token_0001"", ""5987_token_0000"", ""74976_token_0002"", ""106697_token_0005"", ""136445_token_0002"", ""122941_token_0002"", ""177369_token_0001"", ""101170_token_0001"", ""154952_token_0000"", ""1510_token_0001"", ""20089_token_0001""]"
44651_5,bm25,Cậu bé bị cụt hai tay mà Fidel Castro ôm tại Đông Hà sau này có cuộc sống ra sao?,44651,False,"[""44651""]",176.6582,1.0,1.0,1.0,1.0,1.0,1.0,1.0,1.0,"[""44651""]","[""44651"", ""30188"", ""261238"", ""94617"", ""177012"", ""265535"", ""66330"", ""128861"", ""167488"", ""57570"", ""265016"", ""262297"", ""26527"", ""176751"", ""265050"", ""90670"", ""263813"", ""258671"", ""85757"", ""72899"", ""157345"", ""237980"", ""176081"", ""153822"", ""259743"", ""256775"", ""259280"", ""87228"", ""70399"", ""33712"", ""83169"", ""154952"", ""129729"", ""26199"", ""209478"", ""25709"", ""237900"", ""31918"", ""158221"", ""256768"", ""213162""]","[""44651_token_0000"", ""44651_token_0001"", ""30188_token_0000"", ""261238_token_0000"", ""94617_token_0000"", ""177012_token_0000"", ""265535_token_0002"", ""66330_token_0000"", ""128861_token_0001"", ""167488_token_0000"", ""57570_token_0000"", ""265016_token_0000"", ""261238_token_0002"", ""262297_token_0000"", ""26527_token_0000"", ""176751_token_0000"", ""265050_token_0001"", ""265535_token_0001"", ""90670_token_0000"", ""263813_token_0000"", ""258671_token_0001"", ""85757_token_0000"", ""72899_token_0000"", ""157345_token_0000"", ""237980_token_0000"", ""176081_token_0000"", ""153822_token_0003"", ""261238_token_0001"", ""259743_token_0000"", ""72899_token_0001"", ""256775_token_0000"", ""259280_token_0001"", ""87228_token_0000"", ""256775_token_0001"", ""30188_token_0001"", ""70399_token_0000"", ""262297_token_0002"", ""33712_token_0000"", ""83169_token_0000"", ""154952_token_0000"", ""154952_token_0001"", ""129729_token_0001"", ""26199_token_0000"", ""209478_token_0004"", ""25709_token_0000"", ""237900_token_0000"", ""31918_token_0000"", ""158221_token_0000"", ""256768_token_0001"", ""213162_token_0000""]"
44651_5,dense,Cậu bé bị cụt hai tay mà Fidel Castro ôm tại Đông Hà sau này có cuộc sống ra sao?,44651,False,"[""44651""]",6338.2724,1.0,1.0,1.0,1.0,1.0,1.0,1.0,1.0,"[""44651""]","[""44651"", ""260110"", ""259280"", ""72899"", ""30188"", ""162608"", ""42168"", ""15130"", ""207009"", ""177012"", ""262208"", ""35721"", ""161976"", ""141927"", ""258736"", ""142049"", ""142796"", ""43258"", ""154952"", ""263421"", ""257503"", ""162342"", ""256775"", ""258687"", ""83169"", ""258671"", ""42625"", ""132679"", ""14857"", ""262288"", ""257781"", ""256768"", ""34044"", ""142081"", ""43282"", ""30846"", ""255850"", ""175556"", ""67101"", ""42981""]","[""44651_token_0000"", ""44651_token_0001"", ""260110_token_0000"", ""259280_token_0001"", ""72899_token_0000"", ""30188_token_0000"", ""162608_token_0002"", ""42168_token_0003"", ""72899_token_0001"", ""15130_token_0002"", ""207009_token_0000"", ""259280_token_0000"", ""177012_token_0000"", ""262208_token_0000"", ""35721_token_0000"", ""161976_token_0000"", ""141927_token_0000"", ""258736_token_0003"", ""142049_token_0001"", ""142796_token_0000"", ""43258_token_0000"", ""154952_token_0000"", ""162608_token_0001"", ""263421_token_0002"", ""141927_token_0003"", ""257503_token_0001"", ""162342_token_0000"", ""256775_token_0002"", ""258687_token_0000"", ""83169_token_0000"", ""258671_token_0001"", ""42625_token_0000"", ""132679_token_0002"", ""14857_token_0000"", ""262288_token_0000"", ""257781_token_0004"", ""263421_token_0000"", ""256768_token_0000"", ""35721_token_0002"", ""34044_token_0001"", ""258736_token_0002"", ""142081_token_0001"", ""43282_token_0000"", ""177012_token_0001"", ""30846_token_0000"", ""255850_token_0001"", ""175556_token_0000"", ""258687_token_0001"", ""67101_token_0000"", ""42981_token_0003""]"
44651_5,hybrid,Cậu bé bị cụt hai tay mà Fidel Castro ôm tại Đông Hà sau này có cuộc sống ra sao?,44651,False,"[""44651""]",6488.6919,1.0,1.0,1.0,1.0,1.0,1.0,1.0,1.0,"[""44651""]","[""44651"", ""30188"", ""177012"", ""72899"", ""259280"", ""258671"", ""154952"", ""83169"", ""260110"", ""261238"", ""94617"", ""162608"", ""265535"", ""42168"", ""66330"", ""128861"", ""15130"", ""167488"", ""207009"", ""57570"", ""265016"", ""262208"", ""262297"", ""26527"", ""35721"", ""161976"", ""176751"", ""141927"", ""265050"", ""258736"", ""142049"", ""90670"", ""142796"", ""263813"", ""43258"", ""85757"", ""157345"", ""263421"", ""237980"", ""176081"", ""257503"", ""153822"", ""162342""]","[""44651_token_0000"", ""44651_token_0001"", ""30188_token_0000"", ""177012_token_0000"", ""72899_token_0000"", ""259280_token_0001"", ""72899_token_0001"", ""258671_token_0001"", ""154952_token_0000"", ""83169_token_0000"", ""260110_token_0000"", ""261238_token_0000"", ""94617_token_0000"", ""162608_token_0002"", ""265535_token_0002"", ""42168_token_0003"", ""66330_token_0000"", ""128861_token_0001"", ""15130_token_0002"", ""167488_token_0000"", ""207009_token_0000"", ""57570_token_0000"", ""259280_token_0000"", ""265016_token_0000"", ""261238_token_0002"", ""262208_token_0000"", ""262297_token_0000"", ""26527_token_0000"", ""35721_token_0000"", ""161976_token_0000"", ""176751_token_0000"", ""141927_token_0000"", ""265050_token_0001"", ""258736_token_0003"", ""265535_token_0001"", ""142049_token_0001"", ""90670_token_0000"", ""142796_token_0000"", ""263813_token_0000"", ""43258_token_0000"", ""85757_token_0000"", ""162608_token_0001"", ""157345_token_0000"", ""263421_token_0002"", ""141927_token_0003"", ""237980_token_0000"", ""176081_token_0000"", ""257503_token_0001"", ""153822_token_0003"", ""162342_token_0000""]"
246182_1,bm25,Ai có mặt tại hiện trường để chỉ đạo công tác tìm kiếm cứu hộ vụ lật tàu trên vịnh Hạ Long?,246182,True,"[""246182""]",185.6919,1.0,1.0,1.0,1.0,1.0,1.0,1.0,1.0,"[""246182""]","[""246182"", ""46605"", ""14304"", ""20963"", ""45190"", ""46293"", ""47117"", ""134356"", ""45898"", ""184645"", ""45759"", ""239255"", ""78031"", ""73610"", ""134342"", ""239048"", ""2246"", ""137541"", ""139128"", ""132378"", ""239260"", ""34891"", ""136001"", ""32991"", ""136912"", ""137725"", ""245795"", ""242406"", ""138159"", ""243312"", ""245066"", ""238339"", ""150992"", ""240761"", ""214754"", ""216624"", ""138764"", ""749""]","[""246182_token_0003"", ""246182_token_0000"", ""46605_token_0001"", ""46605_token_0000"", ""246182_token_0002"", ""246182_token_0001"", ""14304_token_0001"", ""20963_token_0000"", ""20963_token_0001"", ""14304_token_0000"", ""45190_token_0001"", ""46293_token_0000"", ""47117_token_0000"", ""134356_token_0000"", ""45898_token_0000"", ""184645_token_0001"", ""45759_token_0001"", ""239255_token_0000"", ""78031_token_0000"", ""73610_token_0000"", ""134342_token_0000"", ""239048_token_0000"", ""2246_token_0001"", ""137541_token_0000"", ""139128_token_0000"", ""132378_token_0000"", ""239260_token_0000"", ""34891_token_0000"", ""2246_token_0000"", ""136001_token_0000"", ""32991_token_0002"", ""136912_token_0000"", ""47117_token_0001"", ""137725_token_0000"", ""45759_token_0000"", ""245795_token_0000"", ""242406_token_0000"", ""138159_token_0000"", ""243312_token_0000"", ""245066_token_0000"", ""238339_token_0000"", ""150992_token_0002"", ""150992_token_0000"", ""78031_token_0002"", ""240761_token_0000"", ""214754_token_0002"", ""78031_token_0001"", ""216624_token_0001"", ""138764_token_0000"", ""749_token_0002""]"
246182_1,dense,Ai có mặt tại hiện trường để chỉ đạo công tác tìm kiếm cứu hộ vụ lật tàu trên vịnh Hạ Long?,246182,True,"[""246182""]",6306.98,0.0,0.0,1.0,1.0,1.0,1.0,0.5,0.6309297535714575,"[""246182""]","[""46605"", ""246182"", ""140714"", ""20963"", ""46293"", ""46828"", ""136912"", ""45190"", ""134076"", ""237734"", ""28231"", ""14304"", ""134356"", ""245574"", ""246221"", ""122344"", ""118690"", ""238339"", ""206411"", ""140404"", ""242406"", ""46007"", ""138086"", ""135220"", ""140502"", ""45391"", ""245795"", ""96523"", ""136527"", ""214754"", ""207628"", ""67644"", ""132743"", ""240279"", ""47266"", ""137611"", ""137914"", ""136337""]","[""46605_token_0001"", ""46605_token_0000"", ""246182_token_0000"", ""246182_token_0003"", ""246182_token_0002"", ""246182_token_0001"", ""140714_token_0000"", ""20963_token_0000"", ""46293_token_0000"", ""46828_token_0000"", ""136912_token_0001"", ""136912_token_0000"", ""45190_token_0001"", ""134076_token_0002"", ""237734_token_0000"", ""46828_token_0001"", ""20963_token_0001"", ""28231_token_0000"", ""14304_token_0000"", ""134356_token_0000"", ""245574_token_0000"", ""246221_token_0000"", ""122344_token_0000"", ""118690_token_0000"", ""134076_token_0000"", ""238339_token_0001"", ""206411_token_0000"", ""140404_token_0000"", ""14304_token_0001"", ""242406_token_0000"", ""46007_token_0001"", ""138086_token_0001"", ""135220_token_0000"", ""140502_token_0001"", ""238339_token_0000"", ""45391_token_0000"", ""138086_token_0002"", ""245795_token_0000"", ""134076_token_0001"", ""96523_token_0000"", ""136527_token_0001"", ""214754_token_0003"", ""207628_token_0000"", ""67644_token_0000"", ""132743_token_0000"", ""240279_token_0000"", ""47266_token_0000"", ""137611_token_0002"", ""137914_token_0000"", ""136337_token_0000""]"
246182_1,hybrid,Ai có mặt tại hiện trường để chỉ đạo công tác tìm kiếm cứu hộ vụ lật tàu trên vịnh Hạ Long?,246182,True,"[""246182""]",6330.1269,0.0,0.0,1.0,1.0,1.0,1.0,0.5,0.6309297535714575,"[""246182""]","[""46605"", ""246182"", ""20963"", ""46293"", ""45190"", ""14304"", ""134356"", ""136912"", ""242406"", ""245795"", ""238339"", ""140714"", ""46828"", ""47117"", ""134076"", ""237734"", ""45898"", ""184645"", ""45759"", ""239255"", ""28231"", ""78031"", ""73610"", ""134342"", ""245574"", ""239048"", ""246221"", ""122344"", ""2246"", ""118690"", ""137541"", ""139128"", ""132378"", ""206411"", ""239260"", ""140404"", ""34891"", ""136001"", ""32991""]","[""46605_token_0001"", ""246182_token_0003"", ""246182_token_0000"", ""46605_token_0000"", ""246182_token_0002"", ""246182_token_0001"", ""20963_token_0000"", ""46293_token_0000"", ""45190_token_0001"", ""20963_token_0001"", ""14304_token_0000"", ""14304_token_0001"", ""134356_token_0000"", ""136912_token_0000"", ""242406_token_0000"", ""245795_token_0000"", ""238339_token_0000"", ""140714_token_0000"", ""46828_token_0000"", ""136912_token_0001"", ""47117_token_0000"", ""134076_token_0002"", ""237734_token_0000"", ""45898_token_0000"", ""184645_token_0001"", ""46828_token_0001"", ""45759_token_0001"", ""239255_token_0000"", ""28231_token_0000"", ""78031_token_0000"", ""73610_token_0000"", ""134342_token_0000"", ""245574_token_0000"", ""239048_token_0000"", ""246221_token_0000"", ""122344_token_0000"", ""2246_token_0001"", ""118690_token_0000"", ""137541_token_0000"", ""134076_token_0000"", ""139128_token_0000"", ""132378_token_0000"", ""238339_token_0001"", ""206411_token_0000"", ""239260_token_0000"", ""140404_token_0000"", ""34891_token_0000"", ""2246_token_0000"", ""136001_token_0000"", ""32991_token_0002""]"
246182_2,bm25,Quá trình cứu hộ và trục vớt tàu du lịch bị lật trên vịnh Hạ Long diễn ra như thế nào?,246182,True,"[""246182""]",170.1893,1.0,1.0,1.0,1.0,1.0,1.0,1.0,1.0,"[""246182""]","[""246182"", ""46605"", ""14304"", ""20963"", ""2089"", ""78031"", ""2246"", ""184645"", ""76859"", ""150992"", ""46293"", ""149746"", ""155785"", ""749"", ""2240"", ""214754"", ""80436"", ""216624"", ""79735"", ""251374"", ""78714"", ""218258"", ""2230"", ""249950"", ""79595"", ""160975"", ""216213"", ""43154"", ""78654"", ""1846"", ""245066"", ""136912"", ""35625"", ""135210"", ""139373"", ""257720""]","[""246182_token_0001"", ""46605_token_0001"", ""246182_token_0000"", ""14304_token_0001"", ""246182_token_0002"", ""46605_token_0000"", ""246182_token_0003"", ""20963_token_0000"", ""20963_token_0001"", ""14304_token_0000"", ""2089_token_0000"", ""78031_token_0001"", ""2246_token_0000"", ""184645_token_0001"", ""78031_token_0000"", ""76859_token_0000"", ""150992_token_0000"", ""46293_token_0000"", ""78031_token_0002"", ""149746_token_0002"", ""155785_token_0001"", ""150992_token_0002"", ""749_token_0002"", ""2240_token_0000"", ""2246_token_0001"", ""214754_token_0002"", ""80436_token_0001"", ""216624_token_0001"", ""150992_token_0001"", ""79735_token_0002"", ""251374_token_0000"", ""78714_token_0000"", ""218258_token_0000"", ""2230_token_0002"", ""79735_token_0000"", ""249950_token_0000"", ""79595_token_0002"", ""214754_token_0003"", ""160975_token_0000"", ""149746_token_0000"", ""216213_token_0000"", ""43154_token_0001"", ""78654_token_0001"", ""1846_token_0000"", ""245066_token_0000"", ""136912_token_0000"", ""35625_token_0000"", ""135210_token_0000"", ""139373_token_0002"", ""257720_token_0002""]"
246182_2,dense,Quá trình cứu hộ và trục vớt tàu du lịch bị lật trên vịnh Hạ Long diễn ra như thế nào?,246182,True,"[""246182""]",6231.0311,0.0,0.0,1.0,1.0,1.0,1.0,0.5,0.6309297535714575,"[""246182""]","[""46605"", ""246182"", ""20963"", ""136912"", ""46828"", ""46293"", ""14304"", ""140714"", ""28231"", ""45190"", ""206411"", ""238339"", ""30846"", ""79735"", ""67140"", ""149746"", ""78116"", ""237734"", ""237980"", ""136337"", ""118690"", ""2246"", ""184645"", ""240279"", ""27735"", ""79300"", ""214754"", ""135210"", ""34536"", ""46007"", ""245795"", ""143122"", ""245574"", ""72330""]","[""46605_token_0001"", ""246182_token_0000"", ""246182_token_0002"", ""246182_token_0003"", ""246182_token_0001"", ""46605_token_0000"", ""20963_token_0000"", ""20963_token_0001"", ""136912_token_0001"", ""46828_token_0000"", ""136912_token_0000"", ""46293_token_0000"", ""14304_token_0000"", ""46828_token_0001"", ""14304_token_0001"", ""140714_token_0000"", ""28231_token_0000"", ""45190_token_0001"", ""206411_token_0000"", ""238339_token_0001"", ""30846_token_0000"", ""79735_token_0001"", ""67140_token_0000"", ""149746_token_0000"", ""238339_token_0000"", ""78116_token_0000"", ""237734_token_0000"", ""237980_token_0000"", ""79735_token_0002"", ""136337_token_0000"", ""118690_token_0000"", ""2246_token_0000"", ""184645_token_0001"", ""45190_token_0002"", ""240279_token_0000"", ""45190_token_0000"", ""27735_token_0003"", ""79300_token_0000"", ""214754_token_0003"", ""214754_token_0000"", ""135210_token_0000"", ""34536_token_0000"", ""67140_token_0001"", ""46007_token_0001"", ""30846_token_0001"", ""245795_token_0000"", ""214754_token_0001"", ""143122_token_0001"", ""245574_token_0000"", ""72330_token_0001""]"
246182_2,hybrid,Quá trình cứu hộ và trục vớt tàu du lịch bị lật trên vịnh Hạ Long diễn ra như thế nào?,246182,True,"[""246182""]",6399.4825,0.0,0.0,1.0,1.0,1.0,1.0,0.5,0.6309297535714575,"[""246182""]","[""46605"", ""246182"", ""20963"", ""14304"", ""46293"", ""2246"", ""184645"", ""136912"", ""79735"", ""149746"", ""214754"", ""135210"", ""46828"", ""2089"", ""78031"", ""140714"", ""76859"", ""150992"", ""28231"", ""45190"", ""206411"", ""238339"", ""155785"", ""30846"", ""67140"", ""749"", ""2240"", ""78116"", ""237734"", ""80436"", ""216624"", ""237980"", ""136337""]","[""46605_token_0001"", ""246182_token_0000"", ""246182_token_0001"", ""246182_token_0002"", ""246182_token_0003"", ""46605_token_0000"", ""20963_token_0000"", ""20963_token_0001"", ""14304_token_0001"", ""14304_token_0000"", ""46293_token_0000"", ""2246_token_0000"", ""184645_token_0001"", ""136912_token_0000"", ""79735_token_0002"", ""149746_token_0000"", ""214754_token_0003"", ""135210_token_0000"", ""136912_token_0001"", ""46828_token_0000"", ""2089_token_0000"", ""78031_token_0001"", ""46828_token_0001"", ""78031_token_0000"", ""140714_token_0000"", ""76859_token_0000"", ""150992_token_0000"", ""28231_token_0000"", ""45190_token_0001"", ""206411_token_0000"", ""78031_token_0002"", ""149746_token_0002"", ""238339_token_0001"", ""155785_token_0001"", ""30846_token_0000"", ""150992_token_0002"", ""79735_token_0001"", ""67140_token_0000"", ""749_token_0002"", ""2240_token_0000"", ""2246_token_0001"", ""238339_token_0000"", ""214754_token_0002"", ""78116_token_0000"", ""237734_token_0000"", ""80436_token_0001"", ""216624_token_0001"", ""237980_token_0000"", ""150992_token_0001"", ""136337_token_0000""]"
246182_3,bm25,Phó Thủ tướng Trần Hồng Hà yêu cầu gì đối với lực lượng cứu hộ vụ lật tàu?,246182,True,"[""246182""]",152.9542,1.0,1.0,1.0,1.0,1.0,1.0,1.0,1.0,"[""246182""]","[""246182"", ""46605"", ""104164"", ""46293"", ""104836"", ""104142"", ""108091"", ""107672"", ""47117"", ""107980"", ""243527"", ""153256"", ""135220"", ""20963"", ""138764"", ""197579"", ""43564"", ""133333"", ""45190"", ""240540"", ""188952"", ""153075"", ""136912"", ""213"", ""140714"", ""14304"", ""27082"", ""104805"", ""136382"", ""197192"", ""140312"", ""245066"", ""4137"", ""243574"", ""136337"", ""208199"", ""137611""]","[""246182_token_0000"", ""46605_token_0000"", ""46605_token_0001"", ""246182_token_0001"", ""104164_token_0000"", ""246182_token_0003"", ""46293_token_0000"", ""104836_token_0001"", ""246182_token_0002"", ""104142_token_0000"", ""108091_token_0000"", ""107672_token_0001"", ""47117_token_0000"", ""107980_token_0001"", ""104164_token_0001"", ""243527_token_0000"", ""153256_token_0000"", ""135220_token_0000"", ""107672_token_0000"", ""20963_token_0001"", ""138764_token_0000"", ""197579_token_0000"", ""107672_token_0002"", ""43564_token_0002"", ""133333_token_0000"", ""45190_token_0001"", ""240540_token_0001"", ""20963_token_0000"", ""188952_token_0000"", ""153075_token_0000"", ""136912_token_0000"", ""213_token_0000"", ""140714_token_0000"", ""47117_token_0001"", ""14304_token_0001"", ""27082_token_0000"", ""153256_token_0001"", ""104805_token_0000"", ""14304_token_0000"", ""136382_token_0001"", ""197192_token_0001"", ""140312_token_0001"", ""245066_token_0000"", ""4137_token_0001"", ""243574_token_0002"", ""136337_token_0000"", ""208199_token_0002"", ""108091_token_0004"", ""140312_token_0000"", ""137611_token_0000""]"
246182_3,dense,Phó Thủ tướng Trần Hồng Hà yêu cầu gì đối với lực lượng cứu hộ vụ lật tàu?,246182,True,"[""246182""]",7310.8202,0.0,0.0,1.0,1.0,1.0,1.0,0.5,0.6309297535714575,"[""246182""]","[""46605"", ""246182"", ""137611"", ""134076"", ""138764"", ""140312"", ""262951"", ""46293"", ""45836"", ""45190"", ""45391"", ""47219"", ""14304"", ""132354"", ""136472"", ""20963"", ""136443"", ""135220"", ""17843"", ""197192"", ""138086"", ""45321"", ""136382"", ""206919"", ""136912"", ""46828"", ""45455"", ""141927"", ""238339"", ""207628"", ""136337""]","[""46605_token_0000"", ""46605_token_0001"", ""246182_token_0000"", ""137611_token_0000"", ""137611_token_0001"", ""134076_token_0000"", ""138764_token_0001"", ""246182_token_0002"", ""140312_token_0000"", ""137611_token_0002"", ""262951_token_0001"", ""262951_token_0000"", ""138764_token_0000"", ""246182_token_0001"", ""46293_token_0000"", ""45836_token_0003"", ""45190_token_0001"", ""45391_token_0000"", ""47219_token_0000"", ""14304_token_0001"", ""132354_token_0001"", ""246182_token_0003"", ""45836_token_0002"", ""136472_token_0000"", ""45836_token_0001"", ""20963_token_0001"", ""136443_token_0001"", ""137611_token_0003"", ""135220_token_0000"", ""45836_token_0000"", ""17843_token_0000"", ""197192_token_0000"", ""138086_token_0001"", ""45321_token_0000"", ""136382_token_0001"", ""206919_token_0000"", ""136472_token_0001"", ""132354_token_0000"", ""20963_token_0000"", ""136912_token_0001"", ""134076_token_0002"", ""46828_token_0000"", ""45455_token_0000"", ""141927_token_0002"", ""134076_token_0001"", ""136382_token_0002"", ""238339_token_0001"", ""136443_token_0000"", ""207628_token_0000"", ""136337_token_0000""]"
246182_3,hybrid,Phó Thủ tướng Trần Hồng Hà yêu cầu gì đối với lực lượng cứu hộ vụ lật tàu?,246182,True,"[""246182""]",6389.2728,0.0,0.0,1.0,1.0,1.0,1.0,0.5,0.6309297535714575,"[""246182""]","[""46605"", ""246182"", ""46293"", ""138764"", ""137611"", ""45190"", ""20963"", ""135220"", ""140312"", ""14304"", ""136382"", ""136337"", ""104164"", ""134076"", ""104836"", ""104142"", ""108091"", ""262951"", ""107672"", ""47117"", ""107980"", ""243527"", ""45836"", ""153256"", ""45391"", ""47219"", ""132354"", ""197579"", ""136472"", ""43564"", ""133333"", ""136443"", ""240540"", ""188952"", ""153075""]","[""46605_token_0000"", ""246182_token_0000"", ""46605_token_0001"", ""246182_token_0002"", ""246182_token_0001"", ""46293_token_0000"", ""246182_token_0003"", ""138764_token_0000"", ""137611_token_0000"", ""45190_token_0001"", ""20963_token_0001"", ""135220_token_0000"", ""140312_token_0000"", ""14304_token_0001"", ""20963_token_0000"", ""136382_token_0001"", ""136337_token_0000"", ""104164_token_0000"", ""137611_token_0001"", ""134076_token_0000"", ""138764_token_0001"", ""104836_token_0001"", ""104142_token_0000"", ""137611_token_0002"", ""108091_token_0000"", ""262951_token_0001"", ""107672_token_0001"", ""262951_token_0000"", ""47117_token_0000"", ""107980_token_0001"", ""104164_token_0001"", ""243527_token_0000"", ""45836_token_0003"", ""153256_token_0000"", ""45391_token_0000"", ""107672_token_0000"", ""47219_token_0000"", ""132354_token_0001"", ""197579_token_0000"", ""107672_token_0002"", ""45836_token_0002"", ""136472_token_0000"", ""43564_token_0002"", ""133333_token_0000"", ""45836_token_0001"", ""136443_token_0001"", ""240540_token_0001"", ""137611_token_0003"", ""188952_token_0000"", ""153075_token_0000""]"
246182_4,bm25,Điều gì khiến công tác tìm kiếm nạn nhân vụ lật tàu trở nên khó khăn?,246182,True,"[""246182""]",135.8145,1.0,1.0,1.0,1.0,1.0,1.0,1.0,1.0,"[""246182""]","[""246182"", ""46605"", ""20963"", ""14304"", ""134342"", ""140714"", ""45190"", ""134356"", ""207628"", ""214754"", ""46293"", ""245795"", ""209039"", ""238339"", ""47117"", ""245066"", ""242492"", ""136912"", ""257290"", ""74548"", ""32991"", ""44416"", ""259438"", ""10649"", ""250068"", ""133043"", ""258280"", ""137611"", ""79539"", ""57154"", ""32733"", ""132529"", ""240279"", ""244498"", ""51823"", ""168561""]","[""246182_token_0000"", ""246182_token_0001"", ""246182_token_0002"", ""46605_token_0000"", ""246182_token_0003"", ""20963_token_0001"", ""46605_token_0001"", ""20963_token_0000"", ""14304_token_0001"", ""14304_token_0000"", ""134342_token_0000"", ""140714_token_0000"", ""45190_token_0002"", ""45190_token_0001"", ""134356_token_0000"", ""207628_token_0000"", ""214754_token_0002"", ""46293_token_0000"", ""134342_token_0001"", ""245795_token_0000"", ""209039_token_0000"", ""238339_token_0000"", ""45190_token_0000"", ""47117_token_0001"", ""245066_token_0000"", ""242492_token_0000"", ""136912_token_0001"", ""47117_token_0000"", ""257290_token_0002"", ""74548_token_0001"", ""32991_token_0003"", ""44416_token_0000"", ""259438_token_0002"", ""10649_token_0000"", ""250068_token_0001"", ""32991_token_0002"", ""133043_token_0000"", ""238339_token_0001"", ""258280_token_0000"", ""137611_token_0000"", ""79539_token_0006"", ""57154_token_0000"", ""32733_token_0002"", ""132529_token_0002"", ""214754_token_0003"", ""214754_token_0000"", ""240279_token_0001"", ""244498_token_0000"", ""51823_token_0001"", ""168561_token_0000""]"
246182_4,dense,Điều gì khiến công tác tìm kiếm nạn nhân vụ lật tàu trở nên khó khăn?,246182,True,"[""246182""]",6378.7739,1.0,1.0,1.0,1.0,1.0,1.0,1.0,1.0,"[""246182""]","[""246182"", ""46605"", ""214754"", ""46293"", ""238339"", ""136912"", ""20963"", ""118690"", ""14304"", ""45190"", ""140714"", ""32991"", ""74548"", ""245795"", ""11245"", ""134356"", ""47117"", ""42223"", ""243278"", ""134342"", ""137823"", ""35731"", ""262951"", ""260714"", ""237696"", ""245088"", ""44625"", ""43154"", ""141927"", ""142395"", ""206411"", ""237734"", ""140667"", ""260357"", ""46828""]","[""246182_token_0002"", ""246182_token_0003"", ""246182_token_0000"", ""246182_token_0001"", ""46605_token_0001"", ""46605_token_0000"", ""214754_token_0003"", ""46293_token_0000"", ""238339_token_0000"", ""238339_token_0001"", ""136912_token_0001"", ""20963_token_0001"", ""118690_token_0000"", ""14304_token_0000"", ""14304_token_0001"", ""45190_token_0001"", ""140714_token_0000"", ""20963_token_0000"", ""32991_token_0003"", ""214754_token_0000"", ""74548_token_0001"", ""214754_token_0001"", ""32991_token_0002"", ""136912_token_0000"", ""245795_token_0000"", ""45190_token_0002"", ""11245_token_0001"", ""134356_token_0000"", ""47117_token_0001"", ""42223_token_0003"", ""243278_token_0002"", ""134342_token_0000"", ""137823_token_0002"", ""45190_token_0000"", ""35731_token_0001"", ""262951_token_0000"", ""260714_token_0000"", ""237696_token_0000"", ""245088_token_0000"", ""44625_token_0000"", ""43154_token_0002"", ""141927_token_0002"", ""142395_token_0001"", ""206411_token_0000"", ""243278_token_0000"", ""237734_token_0000"", ""140667_token_0001"", ""260357_token_0000"", ""46828_token_0000"", ""214754_token_0002""]"
246182_4,hybrid,Điều gì khiến công tác tìm kiếm nạn nhân vụ lật tàu trở nên khó khăn?,246182,True,"[""246182""]",6337.5891,1.0,1.0,1.0,1.0,1.0,1.0,1.0,1.0,"[""246182""]","[""246182"", ""46605"", ""20963"", ""14304"", ""46293"", ""140714"", ""238339"", ""45190"", ""136912"", ""134342"", ""134356"", ""214754"", ""245795"", ""32991"", ""74548"", ""47117"", ""118690"", ""207628"", ""209039"", ""245066"", ""242492"", ""11245"", ""257290"", ""42223"", ""243278"", ""44416"", ""137823"", ""259438"", ""10649"", ""250068"", ""35731"", ""262951"", ""133043"", ""260714""]","[""246182_token_0000"", ""246182_token_0002"", ""246182_token_0001"", ""246182_token_0003"", ""46605_token_0000"", ""46605_token_0001"", ""20963_token_0001"", ""14304_token_0001"", ""14304_token_0000"", ""20963_token_0000"", ""46293_token_0000"", ""140714_token_0000"", ""238339_token_0000"", ""45190_token_0001"", ""136912_token_0001"", ""45190_token_0002"", ""134342_token_0000"", ""134356_token_0000"", ""238339_token_0001"", ""214754_token_0003"", ""245795_token_0000"", ""32991_token_0003"", ""74548_token_0001"", ""47117_token_0001"", ""45190_token_0000"", ""32991_token_0002"", ""214754_token_0002"", ""214754_token_0000"", ""118690_token_0000"", ""207628_token_0000"", ""134342_token_0001"", ""209039_token_0000"", ""214754_token_0001"", ""136912_token_0000"", ""245066_token_0000"", ""242492_token_0000"", ""11245_token_0001"", ""47117_token_0000"", ""257290_token_0002"", ""42223_token_0003"", ""243278_token_0002"", ""44416_token_0000"", ""137823_token_0002"", ""259438_token_0002"", ""10649_token_0000"", ""250068_token_0001"", ""35731_token_0001"", ""262951_token_0000"", ""133043_token_0000"", ""260714_token_0000""]"
246182_5,bm25,Nguyên nhân chính xác khiến tàu du lịch bị lật trên vịnh Hạ Long là gì?,246182,False,"[""246182""]",157.8871,0.0,0.0,1.0,1.0,1.0,1.0,0.3333333333333333,0.5,"[""246182""]","[""46605"", ""14304"", ""246182"", ""20963"", ""184645"", ""2246"", ""76859"", ""2089"", ""150992"", ""78031"", ""149746"", ""155785"", ""2230"", ""237734"", ""79595"", ""79735"", ""1846"", ""139373"", ""2240"", ""78714"", ""75604"", ""214754"", ""78654"", ""79520"", ""139119"", ""131776"", ""76864"", ""260357"", ""104706"", ""75228"", ""76880"", ""217734"", ""749"", ""201612""]","[""46605_token_0001"", ""14304_token_0001"", ""14304_token_0000"", ""246182_token_0002"", ""20963_token_0000"", ""20963_token_0001"", ""246182_token_0000"", ""184645_token_0001"", ""46605_token_0000"", ""246182_token_0001"", ""2246_token_0001"", ""2246_token_0000"", ""76859_token_0000"", ""246182_token_0003"", ""2089_token_0000"", ""150992_token_0000"", ""150992_token_0002"", ""78031_token_0000"", ""78031_token_0001"", ""149746_token_0002"", ""155785_token_0001"", ""150992_token_0001"", ""2230_token_0002"", ""237734_token_0000"", ""78031_token_0002"", ""79595_token_0002"", ""79735_token_0002"", ""1846_token_0000"", ""139373_token_0002"", ""2240_token_0000"", ""78714_token_0000"", ""75604_token_0000"", ""214754_token_0002"", ""78654_token_0000"", ""78654_token_0001"", ""79735_token_0001"", ""184645_token_0000"", ""79520_token_0001"", ""139119_token_0001"", ""131776_token_0000"", ""76864_token_0000"", ""260357_token_0000"", ""104706_token_0004"", ""75228_token_0002"", ""149746_token_0000"", ""76880_token_0000"", ""139373_token_0001"", ""217734_token_0000"", ""749_token_0002"", ""201612_token_0000""]"
246182_5,dense,Nguyên nhân chính xác khiến tàu du lịch bị lật trên vịnh Hạ Long là gì?,246182,False,"[""246182""]",6354.3231,1.0,1.0,1.0,1.0,1.0,1.0,1.0,1.0,"[""246182""]","[""246182"", ""46605"", ""14304"", ""20963"", ""237734"", ""46293"", ""46828"", ""260357"", ""149746"", ""184645"", ""214754"", ""140404"", ""206411"", ""34891"", ""2246"", ""33051"", ""78714"", ""122344"", ""78116"", ""255215"", ""79300"", ""216775"", ""134196"", ""66051"", ""45190"", ""42228"", ""47266"", ""136912"", ""215246"", ""200490"", ""139119"", ""239851"", ""200288"", ""194280"", ""149321"", ""75228"", ""28231"", ""240102""]","[""246182_token_0002"", ""46605_token_0001"", ""246182_token_0000"", ""246182_token_0003"", ""46605_token_0000"", ""246182_token_0001"", ""14304_token_0000"", ""20963_token_0000"", ""14304_token_0001"", ""237734_token_0000"", ""20963_token_0001"", ""46293_token_0000"", ""46828_token_0000"", ""260357_token_0000"", ""149746_token_0000"", ""184645_token_0001"", ""214754_token_0003"", ""140404_token_0000"", ""206411_token_0000"", ""34891_token_0000"", ""2246_token_0001"", ""33051_token_0000"", ""78714_token_0000"", ""122344_token_0000"", ""78116_token_0000"", ""46828_token_0001"", ""255215_token_0000"", ""79300_token_0000"", ""2246_token_0000"", ""216775_token_0000"", ""134196_token_0000"", ""66051_token_0000"", ""45190_token_0001"", ""42228_token_0001"", ""47266_token_0000"", ""184645_token_0000"", ""136912_token_0001"", ""215246_token_0000"", ""200490_token_0001"", ""149746_token_0001"", ""139119_token_0001"", ""139119_token_0000"", ""239851_token_0000"", ""200288_token_0000"", ""194280_token_0001"", ""149321_token_0001"", ""75228_token_0002"", ""136912_token_0000"", ""28231_token_0000"", ""240102_token_0000""]"
246182_5,hybrid,Nguyên nhân chính xác khiến tàu du lịch bị lật trên vịnh Hạ Long là gì?,246182,False,"[""246182""]",6357.2978,0.0,0.0,1.0,1.0,1.0,1.0,0.5,0.6309297535714575,"[""246182""]","[""46605"", ""246182"", ""14304"", ""20963"", ""184645"", ""2246"", ""237734"", ""260357"", ""78714"", ""149746"", ""139119"", ""75228"", ""46293"", ""46828"", ""76859"", ""2089"", ""150992"", ""214754"", ""140404"", ""78031"", ""206411"", ""34891"", ""155785"", ""33051"", ""2230"", ""122344"", ""78116"", ""79595"", ""255215"", ""79735"", ""1846"", ""79300"", ""139373"", ""216775"", ""2240"", ""134196""]","[""46605_token_0001"", ""246182_token_0002"", ""14304_token_0000"", ""246182_token_0000"", ""14304_token_0001"", ""20963_token_0000"", ""46605_token_0000"", ""246182_token_0001"", ""20963_token_0001"", ""246182_token_0003"", ""184645_token_0001"", ""2246_token_0001"", ""237734_token_0000"", ""2246_token_0000"", ""260357_token_0000"", ""78714_token_0000"", ""149746_token_0000"", ""184645_token_0000"", ""139119_token_0001"", ""75228_token_0002"", ""46293_token_0000"", ""46828_token_0000"", ""76859_token_0000"", ""2089_token_0000"", ""150992_token_0000"", ""150992_token_0002"", ""214754_token_0003"", ""140404_token_0000"", ""78031_token_0000"", ""206411_token_0000"", ""78031_token_0001"", ""149746_token_0002"", ""34891_token_0000"", ""155785_token_0001"", ""150992_token_0001"", ""33051_token_0000"", ""2230_token_0002"", ""122344_token_0000"", ""78031_token_0002"", ""78116_token_0000"", ""46828_token_0001"", ""79595_token_0002"", ""255215_token_0000"", ""79735_token_0002"", ""1846_token_0000"", ""79300_token_0000"", ""139373_token_0002"", ""216775_token_0000"", ""2240_token_0000"", ""134196_token_0000""]"
157600_1,bm25,Ai là đạo diễn của bộ phim truyền hình 'Đi về phía lửa'?,157600,True,"[""157600""]",153.564,1.0,1.0,1.0,1.0,1.0,1.0,1.0,1.0,"[""157600""]","[""157600"", ""82251"", ""13048"", ""80572"", ""9572"", ""12809"", ""10603"", ""81508"", ""9041"", ""80064"", ""82750"", ""81945"", ""81136"", ""158641"", ""13844"", ""10431"", ""9360"", ""156840"", ""81172"", ""83130"", ""168756"", ""9426"", ""16304"", ""9197"", ""157216"", ""10276"", ""160513"", ""158705"", ""80244"", ""158955"", ""11191"", ""80042"", ""81340"", ""83201"", ""162600"", ""11116"", ""11491"", ""168674"", ""11177"", ""11290""]","[""157600_token_0000"", ""157600_token_0001"", ""157600_token_0003"", ""82251_token_0000"", ""13048_token_0000"", ""80572_token_0000"", ""9572_token_0000"", ""157600_token_0002"", ""12809_token_0001"", ""9572_token_0001"", ""10603_token_0000"", ""81508_token_0000"", ""9041_token_0000"", ""80064_token_0001"", ""82750_token_0001"", ""81945_token_0000"", ""81136_token_0000"", ""158641_token_0000"", ""13844_token_0001"", ""10431_token_0001"", ""9360_token_0001"", ""81136_token_0001"", ""156840_token_0000"", ""81172_token_0000"", ""83130_token_0000"", ""168756_token_0000"", ""9426_token_0000"", ""13844_token_0002"", ""16304_token_0000"", ""9197_token_0000"", ""157216_token_0000"", ""10276_token_0000"", ""160513_token_0001"", ""158705_token_0000"", ""160513_token_0000"", ""80244_token_0000"", ""158955_token_0000"", ""11191_token_0001"", ""81172_token_0001"", ""80042_token_0000"", ""81340_token_0001"", ""83201_token_0001"", ""10431_token_0000"", ""162600_token_0000"", ""11191_token_0002"", ""11116_token_0000"", ""11491_token_0000"", ""168674_token_0001"", ""11177_token_0001"", ""11290_token_0002""]"
157600_1,dense,Ai là đạo diễn của bộ phim truyền hình 'Đi về phía lửa'?,157600,True,"[""157600""]",6234.3957,1.0,1.0,1.0,1.0,1.0,1.0,1.0,1.0,"[""157600""]","[""157600"", ""83239"", ""160204"", ""11116"", ""10988"", ""9641"", ""81136"", ""81630"", ""80572"", ""9691"", ""15781"", ""88235"", ""11106"", ""11085"", ""15956"", ""157216"", ""158641"", ""161004"", ""9006"", ""12473"", ""83101"", ""157413"", ""14857"", ""159768"", ""11950"", ""15130"", ""163072"", ""156520"", ""81864"", ""11066"", ""214699"", ""16659"", ""12956"", ""11323"", ""82914"", ""101752""]","[""157600_token_0003"", ""157600_token_0000"", ""157600_token_0001"", ""157600_token_0002"", ""83239_token_0000"", ""160204_token_0000"", ""11116_token_0001"", ""10988_token_0000"", ""9641_token_0001"", ""11116_token_0000"", ""81136_token_0000"", ""81630_token_0002"", ""80572_token_0001"", ""9691_token_0000"", ""81630_token_0000"", ""15781_token_0002"", ""88235_token_0000"", ""11106_token_0001"", ""11085_token_0001"", ""15956_token_0002"", ""157216_token_0000"", ""158641_token_0001"", ""161004_token_0001"", ""9006_token_0000"", ""12473_token_0000"", ""83101_token_0001"", ""157413_token_0000"", ""14857_token_0002"", ""14857_token_0000"", ""159768_token_0000"", ""88235_token_0001"", ""11950_token_0001"", ""158641_token_0000"", ""80572_token_0000"", ""15130_token_0002"", ""163072_token_0004"", ""156520_token_0000"", ""11085_token_0000"", ""81864_token_0001"", ""9691_token_0001"", ""11066_token_0000"", ""214699_token_0000"", ""11950_token_0000"", ""12473_token_0001"", ""16659_token_0001"", ""12956_token_0001"", ""12956_token_0000"", ""11323_token_0000"", ""82914_token_0001"", ""101752_token_0000""]"
157600_1,hybrid,Ai là đạo diễn của bộ phim truyền hình 'Đi về phía lửa'?,157600,True,"[""157600""]",6472.2082,1.0,1.0,1.0,1.0,1.0,1.0,1.0,1.0,"[""157600""]","[""157600"", ""81136"", ""80572"", ""11116"", ""158641"", ""157216"", ""82251"", ""13048"", ""83239"", ""160204"", ""9572"", ""10988"", ""12809"", ""9641"", ""10603"", ""81508"", ""81630"", ""9041"", ""80064"", ""9691"", ""82750"", ""15781"", ""81945"", ""88235"", ""11106"", ""11085"", ""13844"", ""10431"", ""15956"", ""9360"", ""156840"", ""161004"", ""81172"", ""9006"", ""12473"", ""83130"", ""168756"", ""83101"", ""157413"", ""9426""]","[""157600_token_0000"", ""157600_token_0003"", ""157600_token_0001"", ""157600_token_0002"", ""81136_token_0000"", ""80572_token_0000"", ""11116_token_0000"", ""158641_token_0000"", ""157216_token_0000"", ""82251_token_0000"", ""13048_token_0000"", ""83239_token_0000"", ""160204_token_0000"", ""11116_token_0001"", ""9572_token_0000"", ""10988_token_0000"", ""12809_token_0001"", ""9641_token_0001"", ""9572_token_0001"", ""10603_token_0000"", ""81508_token_0000"", ""81630_token_0002"", ""80572_token_0001"", ""9041_token_0000"", ""80064_token_0001"", ""9691_token_0000"", ""81630_token_0000"", ""82750_token_0001"", ""15781_token_0002"", ""81945_token_0000"", ""88235_token_0000"", ""11106_token_0001"", ""11085_token_0001"", ""13844_token_0001"", ""10431_token_0001"", ""15956_token_0002"", ""9360_token_0001"", ""158641_token_0001"", ""81136_token_0001"", ""156840_token_0000"", ""161004_token_0001"", ""81172_token_0000"", ""9006_token_0000"", ""12473_token_0000"", ""83130_token_0000"", ""168756_token_0000"", ""83101_token_0001"", ""157413_token_0000"", ""9426_token_0000"", ""13844_token_0002""]"
157600_2,bm25,Bộ phim 'Đi về phía lửa' khai thác đề tài gì và quá trình sản xuất có điều gì đặc biệt?,157600,True,"[""157600""]",173.1794,1.0,1.0,1.0,1.0,1.0,1.0,1.0,1.0,"[""157600""]","[""157600"", ""158677"", ""158641"", ""80373"", ""81136"", ""160879"", ""13048"", ""81854"", ""80440"", ""81172"", ""8896"", ""80572"", ""87368"", ""89850"", ""16304"", ""91244"", ""82644"", ""32945"", ""13844"", ""81945"", ""11050"", ""92301"", ""162159"", ""159799"", ""88194"", ""82698"", ""158729"", ""94729"", ""9507"", ""10555"", ""169353"", ""164717"", ""10761"", ""165501"", ""255181"", ""101701"", ""11116""]","[""157600_token_0001"", ""157600_token_0000"", ""157600_token_0003"", ""158677_token_0000"", ""158641_token_0000"", ""158677_token_0001"", ""157600_token_0002"", ""80373_token_0001"", ""81136_token_0001"", ""160879_token_0001"", ""13048_token_0000"", ""81854_token_0000"", ""80440_token_0003"", ""81172_token_0000"", ""158641_token_0001"", ""8896_token_0000"", ""80572_token_0000"", ""87368_token_0000"", ""89850_token_0003"", ""16304_token_0000"", ""160879_token_0000"", ""91244_token_0000"", ""82644_token_0001"", ""32945_token_0003"", ""13844_token_0002"", ""81945_token_0000"", ""11050_token_0002"", ""92301_token_0000"", ""80440_token_0002"", ""32945_token_0002"", ""162159_token_0001"", ""159799_token_0000"", ""88194_token_0001"", ""82698_token_0004"", ""158729_token_0001"", ""94729_token_0002"", ""89850_token_0004"", ""9507_token_0001"", ""81136_token_0000"", ""10555_token_0001"", ""169353_token_0004"", ""81172_token_0001"", ""82698_token_0000"", ""164717_token_0002"", ""10761_token_0000"", ""165501_token_0000"", ""255181_token_0000"", ""101701_token_0004"", ""11116_token_0000"", ""82698_token_0002""]"
157600_2,dense,Bộ phim 'Đi về phía lửa' khai thác đề tài gì và quá trình sản xuất có điều gì đặc biệt?,157600,True,"[""157600""]",6639.183,1.0,1.0,1.0,1.0,1.0,1.0,1.0,1.0,"[""157600""]","[""157600"", ""10988"", ""11116"", ""80572"", ""9006"", ""158641"", ""8996"", ""81136"", ""83239"", ""160204"", ""8896"", ""163072"", ""86453"", ""159768"", ""157216"", ""11177"", ""156668"", ""11323"", ""12473"", ""9426"", ""81630"", ""9075"", ""10584"", ""114660"", ""157698"", ""81421"", ""13844"", ""15781"", ""14857"", ""9691"", ""9641"", ""81854"", ""11245"", ""82698"", ""100777"", ""81164"", ""156840"", ""81945""]","[""157600_token_0003"", ""157600_token_0000"", ""157600_token_0002"", ""157600_token_0001"", ""10988_token_0000"", ""11116_token_0001"", ""80572_token_0001"", ""9006_token_0000"", ""158641_token_0001"", ""8996_token_0001"", ""158641_token_0000"", ""81136_token_0000"", ""83239_token_0000"", ""160204_token_0000"", ""8896_token_0000"", ""163072_token_0001"", ""86453_token_0002"", ""159768_token_0000"", ""157216_token_0000"", ""11177_token_0000"", ""156668_token_0001"", ""8896_token_0001"", ""11323_token_0000"", ""12473_token_0001"", ""9426_token_0001"", ""81630_token_0002"", ""80572_token_0002"", ""9075_token_0001"", ""10584_token_0000"", ""114660_token_0000"", ""157698_token_0004"", ""81421_token_0000"", ""11116_token_0000"", ""11323_token_0001"", ""13844_token_0000"", ""15781_token_0002"", ""157698_token_0001"", ""14857_token_0003"", ""9691_token_0000"", ""9641_token_0001"", ""163072_token_0004"", ""81854_token_0000"", ""11245_token_0000"", ""82698_token_0002"", ""100777_token_0002"", ""14857_token_0002"", ""12473_token_0002"", ""81164_token_0001"", ""156840_token_0000"", ""81945_token_0000""]"
157600_2,hybrid,Bộ phim 'Đi về phía lửa' khai thác đề tài gì và quá trình sản xuất có điều gì đặc biệt?,157600,True,"[""157600""]",6445.6402,1.0,1.0,1.0,1.0,1.0,1.0,1.0,1.0,"[""157600""]","[""157600"", ""158641"", ""8896"", ""81136"", ""81854"", ""81945"", ""11116"", ""82698"", ""158677"", ""10988"", ""80572"", ""80373"", ""9006"", ""160879"", ""8996"", ""13048"", ""80440"", ""83239"", ""160204"", ""81172"", ""163072"", ""86453"", ""159768"", ""87368"", ""157216"", ""89850"", ""11177"", ""16304"", ""156668"", ""91244"", ""11323"", ""82644"", ""12473"", ""32945"", ""13844"", ""9426"", ""81630"", ""11050"", ""9075""]","[""157600_token_0003"", ""157600_token_0000"", ""157600_token_0001"", ""157600_token_0002"", ""158641_token_0000"", ""158641_token_0001"", ""8896_token_0000"", ""81136_token_0000"", ""81854_token_0000"", ""81945_token_0000"", ""11116_token_0000"", ""82698_token_0002"", ""158677_token_0000"", ""10988_token_0000"", ""11116_token_0001"", ""158677_token_0001"", ""80572_token_0001"", ""80373_token_0001"", ""9006_token_0000"", ""81136_token_0001"", ""160879_token_0001"", ""8996_token_0001"", ""13048_token_0000"", ""80440_token_0003"", ""83239_token_0000"", ""160204_token_0000"", ""81172_token_0000"", ""163072_token_0001"", ""80572_token_0000"", ""86453_token_0002"", ""159768_token_0000"", ""87368_token_0000"", ""157216_token_0000"", ""89850_token_0003"", ""11177_token_0000"", ""16304_token_0000"", ""156668_token_0001"", ""160879_token_0000"", ""8896_token_0001"", ""91244_token_0000"", ""11323_token_0000"", ""82644_token_0001"", ""12473_token_0001"", ""32945_token_0003"", ""13844_token_0002"", ""9426_token_0001"", ""81630_token_0002"", ""11050_token_0002"", ""80572_token_0002"", ""9075_token_0001""]"
157600_3,bm25,Phòng cảnh sát PCCC và CNCH thành phố Đà Nẵng đóng vai trò gì trong quá trình sản xuất phim 'Đi về phía lửa'?,157600,True,"[""157600""]",201.9924,1.0,1.0,1.0,1.0,1.0,1.0,1.0,1.0,"[""157600""]","[""157600"", ""237783"", ""238380"", ""244763"", ""243312"", ""152128"", ""244789"", ""245756"", ""237980"", ""245066"", ""140312"", ""246528"", ""132529"", ""239255"", ""244962"", ""132171"", ""81136"", ""184321"", ""136474"", ""159799"", ""168642"", ""69958"", ""82644"", ""164717"", ""10461"", ""88194"", ""9867"", ""158641"", ""245795"", ""47635"", ""82251"", ""87427"", ""65400"", ""9573"", ""121390"", ""11191""]","[""157600_token_0001"", ""237783_token_0000"", ""238380_token_0000"", ""157600_token_0000"", ""244763_token_0000"", ""243312_token_0001"", ""244763_token_0001"", ""243312_token_0002"", ""152128_token_0001"", ""238380_token_0001"", ""244789_token_0000"", ""245756_token_0000"", ""237980_token_0000"", ""152128_token_0000"", ""245066_token_0000"", ""140312_token_0001"", ""246528_token_0000"", ""132529_token_0001"", ""239255_token_0000"", ""132529_token_0002"", ""244962_token_0000"", ""157600_token_0002"", ""132171_token_0003"", ""81136_token_0001"", ""157600_token_0003"", ""184321_token_0003"", ""136474_token_0000"", ""159799_token_0000"", ""168642_token_0001"", ""69958_token_0000"", ""82644_token_0001"", ""164717_token_0002"", ""184321_token_0005"", ""184321_token_0002"", ""10461_token_0001"", ""88194_token_0001"", ""184321_token_0000"", ""9867_token_0001"", ""158641_token_0000"", ""245795_token_0000"", ""168642_token_0002"", ""47635_token_0000"", ""82251_token_0000"", ""87427_token_0000"", ""65400_token_0000"", ""9573_token_0000"", ""121390_token_0003"", ""11191_token_0000"", ""88194_token_0002"", ""81136_token_0000""]"
157600_3,dense,Phòng cảnh sát PCCC và CNCH thành phố Đà Nẵng đóng vai trò gì trong quá trình sản xuất phim 'Đi về phía lửa'?,157600,True,"[""157600""]",6596.106,1.0,1.0,1.0,1.0,1.0,1.0,1.0,1.0,"[""157600""]","[""157600"", ""237783"", ""136474"", ""237980"", ""134356"", ""135220"", ""238380"", ""11177"", ""152128"", ""238653"", ""45707"", ""45898"", ""132743"", ""245756"", ""184321"", ""136061"", ""243312"", ""78760"", ""246802"", ""333"", ""142081"", ""114660"", ""207424"", ""142395"", ""136527"", ""137967"", ""104287"", ""5618"", ""164887"", ""157698"", ""202370"", ""140502"", ""172613"", ""45759"", ""26599"", ""69958""]","[""157600_token_0001"", ""157600_token_0000"", ""157600_token_0002"", ""157600_token_0003"", ""237783_token_0000"", ""136474_token_0000"", ""237980_token_0000"", ""134356_token_0000"", ""135220_token_0000"", ""238380_token_0000"", ""11177_token_0000"", ""238380_token_0001"", ""152128_token_0001"", ""238653_token_0001"", ""45707_token_0000"", ""45898_token_0000"", ""132743_token_0000"", ""245756_token_0000"", ""184321_token_0004"", ""136061_token_0001"", ""136061_token_0000"", ""243312_token_0001"", ""78760_token_0001"", ""45707_token_0001"", ""246802_token_0000"", ""333_token_0001"", ""333_token_0000"", ""142081_token_0002"", ""114660_token_0000"", ""134356_token_0001"", ""152128_token_0000"", ""207424_token_0000"", ""142395_token_0001"", ""136527_token_0001"", ""137967_token_0004"", ""243312_token_0002"", ""104287_token_0000"", ""5618_token_0001"", ""164887_token_0000"", ""157698_token_0001"", ""243312_token_0000"", ""202370_token_0000"", ""140502_token_0001"", ""137967_token_0003"", ""136527_token_0000"", ""238653_token_0000"", ""172613_token_0000"", ""45759_token_0000"", ""26599_token_0000"", ""69958_token_0000""]"
157600_3,hybrid,Phòng cảnh sát PCCC và CNCH thành phố Đà Nẵng đóng vai trò gì trong quá trình sản xuất phim 'Đi về phía lửa'?,157600,True,"[""157600""]",6403.1193,1.0,1.0,1.0,1.0,1.0,1.0,1.0,1.0,"[""157600""]","[""157600"", ""237783"", ""238380"", ""237980"", ""152128"", ""243312"", ""245756"", ""136474"", ""69958"", ""244763"", ""134356"", ""135220"", ""11177"", ""244789"", ""238653"", ""245066"", ""45707"", ""140312"", ""45898"", ""132743"", ""246528"", ""132529"", ""184321"", ""239255"", ""136061"", ""244962"", ""132171"", ""78760"", ""81136"", ""246802"", ""333"", ""142081"", ""159799"", ""114660"", ""168642"", ""82644"", ""164717""]","[""157600_token_0001"", ""157600_token_0000"", ""237783_token_0000"", ""238380_token_0000"", ""237980_token_0000"", ""152128_token_0001"", ""238380_token_0001"", ""157600_token_0002"", ""157600_token_0003"", ""243312_token_0001"", ""245756_token_0000"", ""136474_token_0000"", ""243312_token_0002"", ""152128_token_0000"", ""69958_token_0000"", ""244763_token_0000"", ""244763_token_0001"", ""134356_token_0000"", ""135220_token_0000"", ""11177_token_0000"", ""244789_token_0000"", ""238653_token_0001"", ""245066_token_0000"", ""45707_token_0000"", ""140312_token_0001"", ""45898_token_0000"", ""132743_token_0000"", ""246528_token_0000"", ""132529_token_0001"", ""184321_token_0004"", ""239255_token_0000"", ""132529_token_0002"", ""136061_token_0001"", ""136061_token_0000"", ""244962_token_0000"", ""132171_token_0003"", ""78760_token_0001"", ""45707_token_0001"", ""81136_token_0001"", ""246802_token_0000"", ""184321_token_0003"", ""333_token_0001"", ""333_token_0000"", ""142081_token_0002"", ""159799_token_0000"", ""114660_token_0000"", ""168642_token_0001"", ""134356_token_0001"", ""82644_token_0001"", ""164717_token_0002""]"
157600_4,bm25,Vì sao đạo diễn Trần Thanh Huy yêu cầu sử dụng lửa thật thay vì hiệu ứng kỹ xảo trong phim 'Đi về phía lửa'?,157600,True,"[""157600""]",208.8727,1.0,1.0,1.0,1.0,1.0,1.0,1.0,1.0,"[""157600""]","[""157600"", ""8911"", ""15956"", ""158641"", ""81854"", ""81799"", ""157216"", ""81136"", ""82251"", ""157698"", ""159768"", ""83169"", ""9551"", ""82756"", ""168642"", ""158332"", ""49472"", ""11177"", ""80397"", ""168674"", ""11166"", ""8570"", ""10013"", ""9511"", ""81197"", ""80776"", ""81172"", ""82671"", ""158849"", ""80572"", ""9075"", ""82644"", ""158955"", ""80244"", ""16304"", ""13844""]","[""157600_token_0001"", ""157600_token_0000"", ""157600_token_0003"", ""157600_token_0002"", ""8911_token_0000"", ""15956_token_0002"", ""158641_token_0000"", ""81854_token_0001"", ""81799_token_0000"", ""157216_token_0000"", ""81136_token_0000"", ""81136_token_0001"", ""82251_token_0000"", ""157698_token_0001"", ""159768_token_0000"", ""157698_token_0002"", ""81854_token_0002"", ""83169_token_0001"", ""9551_token_0001"", ""82756_token_0001"", ""168642_token_0002"", ""158332_token_0000"", ""158641_token_0001"", ""158641_token_0002"", ""81799_token_0001"", ""49472_token_0000"", ""11177_token_0000"", ""80397_token_0001"", ""168674_token_0001"", ""81854_token_0003"", ""11166_token_0002"", ""8911_token_0001"", ""8570_token_0001"", ""10013_token_0000"", ""158332_token_0001"", ""168642_token_0000"", ""9511_token_0001"", ""81197_token_0000"", ""81854_token_0000"", ""80776_token_0001"", ""81172_token_0000"", ""82671_token_0002"", ""158849_token_0000"", ""80572_token_0000"", ""9075_token_0000"", ""82644_token_0001"", ""158955_token_0000"", ""80244_token_0000"", ""16304_token_0000"", ""13844_token_0000""]"
157600_4,dense,Vì sao đạo diễn Trần Thanh Huy yêu cầu sử dụng lửa thật thay vì hiệu ứng kỹ xảo trong phim 'Đi về phía lửa'?,157600,True,"[""157600""]",6266.5365,1.0,1.0,1.0,1.0,1.0,1.0,1.0,1.0,"[""157600""]","[""157600"", ""158332"", ""80572"", ""11116"", ""157698"", ""158641"", ""8896"", ""163072"", ""9006"", ""11323"", ""81136"", ""13844"", ""81854"", ""8996"", ""156685"", ""80298"", ""156840"", ""11177"", ""80244"", ""81164"", ""14857"", ""167244"", ""81528"", ""11050"", ""11290"", ""15781"", ""159768"", ""9691"", ""16659"", ""90149""]","[""157600_token_0001"", ""157600_token_0003"", ""157600_token_0000"", ""157600_token_0002"", ""158332_token_0000"", ""80572_token_0001"", ""11116_token_0001"", ""157698_token_0001"", ""158641_token_0001"", ""8896_token_0000"", ""158641_token_0000"", ""11116_token_0000"", ""163072_token_0001"", ""157698_token_0002"", ""9006_token_0000"", ""11323_token_0000"", ""81136_token_0000"", ""13844_token_0000"", ""81854_token_0002"", ""8996_token_0001"", ""156685_token_0001"", ""81854_token_0000"", ""80298_token_0001"", ""156840_token_0002"", ""158332_token_0001"", ""156840_token_0000"", ""11177_token_0000"", ""80244_token_0000"", ""81164_token_0001"", ""14857_token_0001"", ""11323_token_0001"", ""163072_token_0000"", ""157698_token_0004"", ""167244_token_0002"", ""80572_token_0002"", ""81528_token_0002"", ""11050_token_0000"", ""14857_token_0002"", ""156840_token_0001"", ""81528_token_0001"", ""156685_token_0000"", ""11290_token_0002"", ""15781_token_0002"", ""81136_token_0001"", ""159768_token_0000"", ""9691_token_0000"", ""81854_token_0003"", ""163072_token_0004"", ""16659_token_0000"", ""90149_token_0001""]"
157600_4,hybrid,Vì sao đạo diễn Trần Thanh Huy yêu cầu sử dụng lửa thật thay vì hiệu ứng kỹ xảo trong phim 'Đi về phía lửa'?,157600,True,"[""157600""]",6455.16,1.0,1.0,1.0,1.0,1.0,1.0,1.0,1.0,"[""157600""]","[""157600"", ""158641"", ""157698"", ""158332"", ""81136"", ""81854"", ""11177"", ""159768"", ""13844"", ""80244"", ""8911"", ""15956"", ""80572"", ""11116"", ""81799"", ""157216"", ""8896"", ""163072"", ""82251"", ""9006"", ""11323"", ""83169"", ""9551"", ""82756"", ""8996"", ""156685"", ""168642"", ""80298"", ""156840"", ""49472"", ""80397"", ""168674"", ""81164"", ""14857"", ""11166""]","[""157600_token_0001"", ""157600_token_0000"", ""157600_token_0003"", ""157600_token_0002"", ""158641_token_0000"", ""157698_token_0001"", ""158332_token_0000"", ""81136_token_0000"", ""157698_token_0002"", ""158641_token_0001"", ""81854_token_0002"", ""81136_token_0001"", ""11177_token_0000"", ""159768_token_0000"", ""81854_token_0000"", ""158332_token_0001"", ""13844_token_0000"", ""80244_token_0000"", ""81854_token_0003"", ""8911_token_0000"", ""15956_token_0002"", ""80572_token_0001"", ""11116_token_0001"", ""81854_token_0001"", ""81799_token_0000"", ""157216_token_0000"", ""8896_token_0000"", ""11116_token_0000"", ""163072_token_0001"", ""82251_token_0000"", ""9006_token_0000"", ""11323_token_0000"", ""83169_token_0001"", ""9551_token_0001"", ""82756_token_0001"", ""8996_token_0001"", ""156685_token_0001"", ""168642_token_0002"", ""80298_token_0001"", ""156840_token_0002"", ""158641_token_0002"", ""81799_token_0001"", ""156840_token_0000"", ""49472_token_0000"", ""80397_token_0001"", ""168674_token_0001"", ""81164_token_0001"", ""14857_token_0001"", ""11166_token_0002"", ""11323_token_0001""]"
157600_5,bm25,Các diễn viên chính đóng vai lính cứu hỏa trong phim 'Đi về phía lửa' là những ai?,157600,False,"[""157600""]",187.6712,1.0,1.0,1.0,1.0,1.0,1.0,1.0,1.0,"[""157600""]","[""157600"", ""157216"", ""157736"", ""82251"", ""69958"", ""160035"", ""82671"", ""159799"", ""168642"", ""246528"", ""81468"", ""11085"", ""80539"", ""82830"", ""8996"", ""81172"", ""164410"", ""93552"", ""80440"", ""15876"", ""157260"", ""13092"", ""11283"", ""83547"", ""157097"", ""10714"", ""164717"", ""251367"", ""9426"", ""156567"", ""14571"", ""10461"", ""80776"", ""88194"", ""93930"", ""11280"", ""81508"", ""169438""]","[""157600_token_0002"", ""157600_token_0000"", ""157600_token_0003"", ""157216_token_0000"", ""157736_token_0000"", ""157600_token_0001"", ""82251_token_0000"", ""69958_token_0000"", ""160035_token_0001"", ""82671_token_0000"", ""159799_token_0001"", ""69958_token_0001"", ""168642_token_0001"", ""246528_token_0000"", ""81468_token_0001"", ""168642_token_0000"", ""168642_token_0003"", ""11085_token_0001"", ""159799_token_0000"", ""80539_token_0000"", ""82830_token_0002"", ""8996_token_0001"", ""81172_token_0002"", ""164410_token_0000"", ""93552_token_0000"", ""80440_token_0002"", ""15876_token_0000"", ""157260_token_0001"", ""13092_token_0001"", ""157260_token_0000"", ""11283_token_0000"", ""83547_token_0000"", ""157097_token_0000"", ""11283_token_0001"", ""10714_token_0001"", ""164717_token_0002"", ""251367_token_0000"", ""9426_token_0001"", ""164717_token_0001"", ""156567_token_0000"", ""14571_token_0002"", ""10461_token_0001"", ""80776_token_0000"", ""82830_token_0000"", ""88194_token_0001"", ""168642_token_0002"", ""93930_token_0000"", ""11280_token_0000"", ""81508_token_0000"", ""169438_token_0000""]"
157600_5,dense,Các diễn viên chính đóng vai lính cứu hỏa trong phim 'Đi về phía lửa' là những ai?,157600,False,"[""157600""]",6239.6792,1.0,1.0,1.0,1.0,1.0,1.0,1.0,1.0,"[""157600""]","[""157600"", ""160204"", ""83239"", ""159768"", ""9641"", ""157260"", ""157216"", ""12569"", ""11085"", ""12473"", ""69958"", ""10988"", ""158221"", ""80572"", ""15130"", ""82138"", ""157698"", ""158453"", ""259280"", ""80701"", ""156668"", ""84433"", ""15781"", ""80475"", ""7273"", ""166674"", ""158057"", ""10059"", ""10584"", ""81630"", ""16659"", ""158793"", ""9723"", ""6617"", ""158614"", ""160368"", ""157958"", ""157345""]","[""157600_token_0003"", ""157600_token_0000"", ""157600_token_0002"", ""157600_token_0001"", ""160204_token_0000"", ""83239_token_0000"", ""159768_token_0000"", ""9641_token_0001"", ""157260_token_0000"", ""157216_token_0000"", ""12569_token_0000"", ""11085_token_0001"", ""12473_token_0001"", ""69958_token_0001"", ""10988_token_0000"", ""12473_token_0000"", ""158221_token_0000"", ""80572_token_0001"", ""15130_token_0002"", ""69958_token_0000"", ""80572_token_0002"", ""82138_token_0000"", ""157698_token_0001"", ""158453_token_0000"", ""259280_token_0001"", ""80701_token_0000"", ""156668_token_0000"", ""84433_token_0000"", ""15781_token_0002"", ""80475_token_0000"", ""7273_token_0001"", ""166674_token_0000"", ""158057_token_0000"", ""10059_token_0001"", ""84433_token_0001"", ""10584_token_0000"", ""81630_token_0000"", ""80701_token_0001"", ""157260_token_0001"", ""16659_token_0000"", ""158793_token_0000"", ""9723_token_0002"", ""6617_token_0000"", ""158614_token_0000"", ""80572_token_0000"", ""160368_token_0000"", ""157958_token_0000"", ""12473_token_0002"", ""156668_token_0001"", ""157345_token_0000""]"
157600_5,hybrid,Các diễn viên chính đóng vai lính cứu hỏa trong phim 'Đi về phía lửa' là những ai?,157600,False,"[""157600""]",6418.4158,1.0,1.0,1.0,1.0,1.0,1.0,1.0,1.0,"[""157600""]","[""157600"", ""157216"", ""69958"", ""11085"", ""157260"", ""157736"", ""160204"", ""83239"", ""159768"", ""82251"", ""9641"", ""160035"", ""82671"", ""12569"", ""159799"", ""12473"", ""168642"", ""246528"", ""10988"", ""81468"", ""158221"", ""80572"", ""15130"", ""80539"", ""82830"", ""82138"", ""8996"", ""157698"", ""81172"", ""158453"", ""164410"", ""259280"", ""93552"", ""80440"", ""80701"", ""156668"", ""15876"", ""84433"", ""13092"", ""15781""]","[""157600_token_0002"", ""157600_token_0003"", ""157600_token_0000"", ""157600_token_0001"", ""157216_token_0000"", ""69958_token_0001"", ""69958_token_0000"", ""11085_token_0001"", ""157260_token_0000"", ""157260_token_0001"", ""157736_token_0000"", ""160204_token_0000"", ""83239_token_0000"", ""159768_token_0000"", ""82251_token_0000"", ""9641_token_0001"", ""160035_token_0001"", ""82671_token_0000"", ""12569_token_0000"", ""159799_token_0001"", ""12473_token_0001"", ""168642_token_0001"", ""246528_token_0000"", ""10988_token_0000"", ""81468_token_0001"", ""12473_token_0000"", ""168642_token_0000"", ""158221_token_0000"", ""168642_token_0003"", ""80572_token_0001"", ""15130_token_0002"", ""159799_token_0000"", ""80539_token_0000"", ""80572_token_0002"", ""82830_token_0002"", ""82138_token_0000"", ""8996_token_0001"", ""157698_token_0001"", ""81172_token_0002"", ""158453_token_0000"", ""164410_token_0000"", ""259280_token_0001"", ""93552_token_0000"", ""80440_token_0002"", ""80701_token_0000"", ""156668_token_0000"", ""15876_token_0000"", ""84433_token_0000"", ""13092_token_0001"", ""15781_token_0002""]"
56336_1,bm25,Ai là người đứng đầu Alphabet đã đưa ra quyết định sa thải nhân viên?,56336,True,"[""56336""]",146.9781,1.0,1.0,1.0,1.0,1.0,1.0,1.0,1.0,"[""56336""]","[""56336"", ""61560"", ""56826"", ""215937"", ""61917"", ""124001"", ""232645"", ""263423"", ""55803"", ""55771"", ""129516"", ""46726"", ""206561"", ""56781"", ""196460"", ""32095"", ""47489"", ""165320"", ""124772"", ""159836"", ""263759"", ""99496"", ""117624"", ""141693"", ""202756"", ""60706"", ""11797"", ""265451"", ""33383"", ""52216"", ""130732"", ""35174"", ""75217"", ""99986"", ""62388"", ""93607"", ""447"", ""229075"", ""259494"", ""59152"", ""246770""]","[""56336_token_0000"", ""61560_token_0000"", ""61560_token_0001"", ""56826_token_0000"", ""215937_token_0000"", ""215937_token_0001"", ""61917_token_0000"", ""124001_token_0000"", ""232645_token_0000"", ""263423_token_0000"", ""55803_token_0000"", ""55771_token_0000"", ""129516_token_0001"", ""46726_token_0003"", ""206561_token_0000"", ""56781_token_0000"", ""196460_token_0000"", ""32095_token_0001"", ""47489_token_0000"", ""165320_token_0000"", ""263423_token_0002"", ""124772_token_0001"", ""159836_token_0000"", ""263759_token_0001"", ""99496_token_0003"", ""117624_token_0000"", ""141693_token_0000"", ""202756_token_0000"", ""60706_token_0000"", ""11797_token_0001"", ""265451_token_0001"", ""33383_token_0001"", ""52216_token_0000"", ""196460_token_0001"", ""130732_token_0000"", ""35174_token_0001"", ""75217_token_0002"", ""99986_token_0001"", ""46726_token_0002"", ""124772_token_0000"", ""62388_token_0000"", ""75217_token_0001"", ""93607_token_0000"", ""447_token_0000"", ""263759_token_0000"", ""229075_token_0001"", ""75217_token_0003"", ""259494_token_0000"", ""59152_token_0000"", ""246770_token_0000""]"
56336_1,dense,Ai là người đứng đầu Alphabet đã đưa ra quyết định sa thải nhân viên?,56336,True,"[""56336""]",6724.2094,1.0,1.0,1.0,1.0,1.0,1.0,1.0,1.0,"[""56336""]","[""56336"", ""61560"", ""256210"", ""57487"", ""57816"", ""196460"", ""58821"", ""96523"", ""56826"", ""202524"", ""63908"", ""62100"", ""61463"", ""94684"", ""62388"", ""186561"", ""55771"", ""33574"", ""188332"", ""176834"", ""53110"", ""188273"", ""20179"", ""186625"", ""87995"", ""14245"", ""119868"", ""257151"", ""23120"", ""181577"", ""51903"", ""55803"", ""192360"", ""226167"", ""202756"", ""186624"", ""202905"", ""202919"", ""184920"", ""184484""]","[""56336_token_0000"", ""61560_token_0001"", ""61560_token_0000"", ""256210_token_0000"", ""57487_token_0000"", ""57816_token_0001"", ""196460_token_0000"", ""196460_token_0002"", ""58821_token_0000"", ""96523_token_0000"", ""56826_token_0000"", ""202524_token_0002"", ""57816_token_0000"", ""63908_token_0000"", ""62100_token_0001"", ""61463_token_0000"", ""94684_token_0000"", ""62388_token_0000"", ""186561_token_0000"", ""55771_token_0000"", ""33574_token_0000"", ""188332_token_0000"", ""63908_token_0001"", ""176834_token_0000"", ""196460_token_0001"", ""186561_token_0001"", ""53110_token_0001"", ""188273_token_0000"", ""96523_token_0002"", ""20179_token_0001"", ""186625_token_0000"", ""87995_token_0001"", ""14245_token_0001"", ""119868_token_0000"", ""257151_token_0001"", ""23120_token_0000"", ""87995_token_0000"", ""181577_token_0000"", ""51903_token_0001"", ""257151_token_0002"", ""55803_token_0000"", ""192360_token_0002"", ""226167_token_0001"", ""202756_token_0002"", ""186624_token_0000"", ""202905_token_0001"", ""202919_token_0000"", ""202756_token_0000"", ""184920_token_0000"", ""184484_token_0001""]"
56336_1,hybrid,Ai là người đứng đầu Alphabet đã đưa ra quyết định sa thải nhân viên?,56336,True,"[""56336""]",6358.2238,1.0,1.0,1.0,1.0,1.0,1.0,1.0,1.0,"[""56336""]","[""56336"", ""61560"", ""56826"", ""196460"", ""55771"", ""55803"", ""62388"", ""202756"", ""256210"", ""215937"", ""57487"", ""57816"", ""61917"", ""124001"", ""232645"", ""58821"", ""263423"", ""96523"", ""202524"", ""129516"", ""46726"", ""63908"", ""206561"", ""62100"", ""56781"", ""61463"", ""94684"", ""32095"", ""186561"", ""47489"", ""165320"", ""33574"", ""124772"", ""188332"", ""159836"", ""176834"", ""263759"", ""99496"", ""117624"", ""141693"", ""53110"", ""188273""]","[""56336_token_0000"", ""61560_token_0000"", ""61560_token_0001"", ""56826_token_0000"", ""196460_token_0000"", ""55771_token_0000"", ""55803_token_0000"", ""62388_token_0000"", ""196460_token_0001"", ""202756_token_0000"", ""256210_token_0000"", ""215937_token_0000"", ""57487_token_0000"", ""215937_token_0001"", ""57816_token_0001"", ""61917_token_0000"", ""124001_token_0000"", ""196460_token_0002"", ""232645_token_0000"", ""58821_token_0000"", ""263423_token_0000"", ""96523_token_0000"", ""202524_token_0002"", ""129516_token_0001"", ""57816_token_0000"", ""46726_token_0003"", ""63908_token_0000"", ""206561_token_0000"", ""62100_token_0001"", ""56781_token_0000"", ""61463_token_0000"", ""94684_token_0000"", ""32095_token_0001"", ""186561_token_0000"", ""47489_token_0000"", ""165320_token_0000"", ""263423_token_0002"", ""33574_token_0000"", ""124772_token_0001"", ""188332_token_0000"", ""159836_token_0000"", ""63908_token_0001"", ""176834_token_0000"", ""263759_token_0001"", ""99496_token_0003"", ""117624_token_0000"", ""186561_token_0001"", ""141693_token_0000"", ""53110_token_0001"", ""188273_token_0000""]"
56336_2,bm25,Đợt sa thải lớn tại Alphabet diễn ra như thế nào và trong bối cảnh gì?,56336,True,"[""56336""]",146.4307,1.0,1.0,1.0,1.0,1.0,1.0,1.0,1.0,"[""56336""]","[""56336"", ""61560"", ""57487"", ""130732"", ""196460"", ""94684"", ""63909"", ""192577"", ""46452"", ""182331"", ""219346"", ""32302"", ""96008"", ""129516"", ""186726"", ""165320"", ""192360"", ""121967"", ""171180"", ""53110"", ""94729"", ""144429"", ""103521"", ""180997"", ""122980"", ""7030"", ""102479"", ""124001"", ""23558"", ""99611"", ""23660"", ""238302"", ""32181"", ""214150"", ""4151"", ""191142"", ""3232"", ""206561"", ""141733"", ""55803"", ""148763"", ""32715"", ""229075"", ""221944"", ""52216"", ""119203""]","[""56336_token_0000"", ""61560_token_0001"", ""61560_token_0000"", ""57487_token_0000"", ""130732_token_0000"", ""196460_token_0000"", ""196460_token_0001"", ""94684_token_0000"", ""63909_token_0000"", ""192577_token_0000"", ""46452_token_0002"", ""182331_token_0000"", ""219346_token_0000"", ""32302_token_0002"", ""96008_token_0003"", ""129516_token_0001"", ""186726_token_0001"", ""165320_token_0000"", ""192360_token_0002"", ""121967_token_0000"", ""171180_token_0000"", ""53110_token_0002"", ""94729_token_0000"", ""144429_token_0000"", ""103521_token_0000"", ""180997_token_0000"", ""122980_token_0002"", ""7030_token_0002"", ""102479_token_0000"", ""124001_token_0000"", ""23558_token_0000"", ""99611_token_0001"", ""23660_token_0003"", ""238302_token_0000"", ""32181_token_0000"", ""214150_token_0001"", ""53110_token_0000"", ""4151_token_0000"", ""191142_token_0002"", ""122980_token_0003"", ""3232_token_0000"", ""206561_token_0000"", ""141733_token_0000"", ""55803_token_0000"", ""148763_token_0000"", ""32715_token_0002"", ""229075_token_0001"", ""221944_token_0001"", ""52216_token_0000"", ""119203_token_0001""]"
56336_2,dense,Đợt sa thải lớn tại Alphabet diễn ra như thế nào và trong bối cảnh gì?,56336,True,"[""56336""]",6251.3391,1.0,1.0,1.0,1.0,1.0,1.0,1.0,1.0,"[""56336""]","[""56336"", ""61560"", ""196460"", ""57487"", ""94684"", ""53110"", ""188273"", ""188332"", ""256210"", ""42347"", ""55803"", ""63908"", ""184484"", ""206561"", ""202524"", ""57816"", ""186561"", ""35174"", ""56826"", ""61917"", ""51390"", ""215937"", ""161903"", ""259741"", ""198036"", ""183647"", ""23120"", ""62100"", ""58821"", ""176162"", ""19315"", ""184305"", ""193311"", ""32589"", ""180947"", ""181577"", ""214150"", ""141733"", ""245129"", ""96523"", ""226167""]","[""56336_token_0000"", ""61560_token_0001"", ""61560_token_0000"", ""196460_token_0000"", ""57487_token_0000"", ""94684_token_0000"", ""53110_token_0001"", ""196460_token_0002"", ""188273_token_0000"", ""188332_token_0000"", ""256210_token_0000"", ""42347_token_0003"", ""55803_token_0000"", ""63908_token_0000"", ""188332_token_0001"", ""184484_token_0001"", ""63908_token_0001"", ""196460_token_0001"", ""206561_token_0000"", ""202524_token_0002"", ""57816_token_0001"", ""186561_token_0000"", ""35174_token_0003"", ""188332_token_0002"", ""35174_token_0001"", ""56826_token_0000"", ""61917_token_0000"", ""51390_token_0000"", ""215937_token_0001"", ""161903_token_0000"", ""259741_token_0000"", ""215937_token_0000"", ""198036_token_0000"", ""183647_token_0001"", ""23120_token_0000"", ""62100_token_0001"", ""58821_token_0000"", ""176162_token_0000"", ""19315_token_0001"", ""184305_token_0001"", ""186561_token_0001"", ""193311_token_0000"", ""32589_token_0001"", ""180947_token_0000"", ""181577_token_0000"", ""214150_token_0001"", ""141733_token_0000"", ""245129_token_0000"", ""96523_token_0000"", ""226167_token_0001""]"
56336_2,hybrid,Đợt sa thải lớn tại Alphabet diễn ra như thế nào và trong bối cảnh gì?,56336,True,"[""56336""]",6414.9511,1.0,1.0,1.0,1.0,1.0,1.0,1.0,1.0,"[""56336""]","[""56336"", ""61560"", ""57487"", ""196460"", ""94684"", ""55803"", ""206561"", ""214150"", ""141733"", ""130732"", ""53110"", ""188273"", ""63909"", ""188332"", ""192577"", ""256210"", ""46452"", ""182331"", ""42347"", ""219346"", ""32302"", ""63908"", ""96008"", ""129516"", ""184484"", ""186726"", ""165320"", ""192360"", ""121967"", ""202524"", ""171180"", ""57816"", ""186561"", ""35174"", ""94729"", ""144429"", ""103521"", ""180997"", ""56826"", ""122980"", ""61917"", ""51390""]","[""56336_token_0000"", ""61560_token_0001"", ""61560_token_0000"", ""57487_token_0000"", ""196460_token_0000"", ""94684_token_0000"", ""196460_token_0001"", ""55803_token_0000"", ""206561_token_0000"", ""214150_token_0001"", ""141733_token_0000"", ""130732_token_0000"", ""53110_token_0001"", ""196460_token_0002"", ""188273_token_0000"", ""63909_token_0000"", ""188332_token_0000"", ""192577_token_0000"", ""256210_token_0000"", ""46452_token_0002"", ""182331_token_0000"", ""42347_token_0003"", ""219346_token_0000"", ""32302_token_0002"", ""63908_token_0000"", ""188332_token_0001"", ""96008_token_0003"", ""129516_token_0001"", ""184484_token_0001"", ""186726_token_0001"", ""63908_token_0001"", ""165320_token_0000"", ""192360_token_0002"", ""121967_token_0000"", ""202524_token_0002"", ""171180_token_0000"", ""57816_token_0001"", ""186561_token_0000"", ""53110_token_0002"", ""35174_token_0003"", ""94729_token_0000"", ""144429_token_0000"", ""188332_token_0002"", ""103521_token_0000"", ""35174_token_0001"", ""180997_token_0000"", ""56826_token_0000"", ""122980_token_0002"", ""61917_token_0000"", ""51390_token_0000""]"
56336_3,bm25,Điều gì khiến Alphabet phải cắt giảm lực lượng lao động dù trước đó từng tuyển dụng rầm rộ?,56336,True,"[""56336""]",161.4005,1.0,1.0,1.0,1.0,1.0,1.0,1.0,1.0,"[""56336""]","[""56336"", ""61560"", ""140883"", ""184305"", ""141071"", ""196460"", ""33085"", ""141083"", ""96717"", ""43513"", ""141678"", ""61917"", ""43393"", ""141733"", ""141776"", ""63908"", ""97663"", ""57487"", ""94684"", ""113294"", ""43037"", ""46490"", ""141670"", ""108211"", ""214150"", ""42347"", ""62719"", ""33383"", ""16958"", ""141730"", ""173217"", ""102486"", ""141383"", ""113462""]","[""56336_token_0000"", ""61560_token_0001"", ""140883_token_0000"", ""184305_token_0000"", ""141071_token_0001"", ""184305_token_0002"", ""61560_token_0000"", ""196460_token_0000"", ""33085_token_0000"", ""141083_token_0000"", ""96717_token_0000"", ""43513_token_0003"", ""141678_token_0000"", ""184305_token_0001"", ""61917_token_0000"", ""43393_token_0003"", ""196460_token_0001"", ""141071_token_0000"", ""141733_token_0000"", ""141776_token_0002"", ""63908_token_0001"", ""97663_token_0000"", ""57487_token_0000"", ""43513_token_0000"", ""94684_token_0000"", ""141071_token_0002"", ""196460_token_0002"", ""141776_token_0000"", ""113294_token_0000"", ""43037_token_0001"", ""46490_token_0001"", ""141670_token_0002"", ""108211_token_0007"", ""214150_token_0001"", ""42347_token_0003"", ""62719_token_0000"", ""141776_token_0001"", ""97663_token_0001"", ""33383_token_0000"", ""141733_token_0001"", ""16958_token_0001"", ""63908_token_0000"", ""141730_token_0002"", ""141730_token_0001"", ""43393_token_0004"", ""173217_token_0001"", ""102486_token_0002"", ""141670_token_0001"", ""141383_token_0001"", ""113462_token_0000""]"
56336_3,dense,Điều gì khiến Alphabet phải cắt giảm lực lượng lao động dù trước đó từng tuyển dụng rầm rộ?,56336,True,"[""56336""]",6267.6834,1.0,1.0,1.0,1.0,1.0,1.0,1.0,1.0,"[""56336""]","[""56336"", ""61560"", ""63908"", ""196460"", ""57487"", ""53110"", ""94684"", ""42347"", ""184484"", ""96717"", ""185357"", ""188273"", ""186561"", ""184305"", ""188332"", ""56826"", ""62100"", ""141733"", ""22334"", ""19315"", ""33265"", ""58856"", ""183647"", ""58821"", ""152223"", ""43513"", ""256210"", ""202524"", ""119927"", ""43393"", ""99986"", ""144566"", ""11191"", ""33574"", ""140883"", ""55803"", ""46726""]","[""56336_token_0000"", ""61560_token_0001"", ""63908_token_0001"", ""61560_token_0000"", ""196460_token_0000"", ""57487_token_0000"", ""53110_token_0001"", ""94684_token_0000"", ""63908_token_0000"", ""42347_token_0003"", ""184484_token_0001"", ""96717_token_0000"", ""196460_token_0001"", ""185357_token_0001"", ""196460_token_0002"", ""188273_token_0000"", ""186561_token_0000"", ""184305_token_0001"", ""186561_token_0001"", ""188332_token_0000"", ""56826_token_0000"", ""62100_token_0001"", ""184305_token_0000"", ""141733_token_0000"", ""22334_token_0000"", ""19315_token_0001"", ""33265_token_0000"", ""184484_token_0000"", ""58856_token_0000"", ""183647_token_0001"", ""185357_token_0000"", ""58821_token_0000"", ""152223_token_0000"", ""22334_token_0001"", ""43513_token_0000"", ""256210_token_0000"", ""202524_token_0002"", ""19315_token_0002"", ""19315_token_0000"", ""94684_token_0002"", ""119927_token_0000"", ""43393_token_0003"", ""99986_token_0001"", ""144566_token_0000"", ""11191_token_0001"", ""33574_token_0000"", ""140883_token_0000"", ""55803_token_0000"", ""46726_token_0001"", ""184305_token_0002""]"
56336_3,hybrid,Điều gì khiến Alphabet phải cắt giảm lực lượng lao động dù trước đó từng tuyển dụng rầm rộ?,56336,True,"[""56336""]",6403.705,1.0,1.0,1.0,1.0,1.0,1.0,1.0,1.0,"[""56336""]","[""56336"", ""61560"", ""196460"", ""63908"", ""96717"", ""184305"", ""57487"", ""94684"", ""140883"", ""42347"", ""141733"", ""43393"", ""43513"", ""141071"", ""53110"", ""33085"", ""141083"", ""184484"", ""141678"", ""185357"", ""61917"", ""188273"", ""186561"", ""141776"", ""188332"", ""56826"", ""62100"", ""97663"", ""22334"", ""19315"", ""33265"", ""113294"", ""58856"", ""183647"", ""43037"", ""46490"", ""141670""]","[""56336_token_0000"", ""61560_token_0001"", ""61560_token_0000"", ""196460_token_0000"", ""63908_token_0001"", ""96717_token_0000"", ""184305_token_0000"", ""57487_token_0000"", ""196460_token_0001"", ""94684_token_0000"", ""184305_token_0001"", ""140883_token_0000"", ""196460_token_0002"", ""42347_token_0003"", ""141733_token_0000"", ""63908_token_0000"", ""184305_token_0002"", ""43393_token_0003"", ""43513_token_0000"", ""141071_token_0001"", ""53110_token_0001"", ""33085_token_0000"", ""141083_token_0000"", ""184484_token_0001"", ""43513_token_0003"", ""141678_token_0000"", ""185357_token_0001"", ""61917_token_0000"", ""188273_token_0000"", ""186561_token_0000"", ""141071_token_0000"", ""186561_token_0001"", ""141776_token_0002"", ""188332_token_0000"", ""56826_token_0000"", ""62100_token_0001"", ""97663_token_0000"", ""22334_token_0000"", ""141071_token_0002"", ""19315_token_0001"", ""33265_token_0000"", ""141776_token_0000"", ""184484_token_0000"", ""113294_token_0000"", ""58856_token_0000"", ""183647_token_0001"", ""43037_token_0001"", ""185357_token_0000"", ""46490_token_0001"", ""141670_token_0002""]"
56336_4,bm25,"So với các công ty Big Tech khác, quy mô sa thải của Alphabet ở mức nào?",56336,True,"[""56336""]",174.0274,0.0,0.0,1.0,1.0,1.0,1.0,0.5,0.6309297535714575,"[""56336""]","[""61560"", ""56336"", ""196460"", ""111843"", ""61917"", ""55569"", ""31724"", ""184986"", ""195518"", ""57487"", ""108662"", ""165320"", ""63908"", ""108861"", ""199888"", ""701"", ""62185"", ""556"", ""199755"", ""185000"", ""23383"", ""110415"", ""215937"", ""43728"", ""46726"", ""195579"", ""119476"", ""61453"", ""16546"", ""232645"", ""197004"", ""229075"", ""188652"", ""7720"", ""124001"", ""184305"", ""54329"", ""99856"", ""123820"", ""25842"", ""185208"", ""24606"", ""104987"", ""634"", ""60706"", ""24661""]","[""61560_token_0000"", ""61560_token_0001"", ""56336_token_0000"", ""196460_token_0000"", ""111843_token_0005"", ""61917_token_0000"", ""196460_token_0001"", ""55569_token_0000"", ""31724_token_0000"", ""184986_token_0000"", ""195518_token_0003"", ""57487_token_0000"", ""108662_token_0000"", ""165320_token_0000"", ""63908_token_0001"", ""108861_token_0000"", ""199888_token_0000"", ""63908_token_0000"", ""701_token_0000"", ""62185_token_0000"", ""556_token_0001"", ""199755_token_0002"", ""185000_token_0000"", ""23383_token_0001"", ""110415_token_0000"", ""215937_token_0000"", ""43728_token_0002"", ""46726_token_0001"", ""195579_token_0000"", ""119476_token_0000"", ""61453_token_0000"", ""16546_token_0000"", ""232645_token_0000"", ""197004_token_0001"", ""229075_token_0001"", ""188652_token_0000"", ""7720_token_0001"", ""124001_token_0000"", ""184305_token_0000"", ""54329_token_0000"", ""99856_token_0001"", ""123820_token_0000"", ""25842_token_0001"", ""185208_token_0001"", ""24606_token_0000"", ""104987_token_0003"", ""634_token_0000"", ""60706_token_0000"", ""185000_token_0002"", ""24661_token_0000""]"
56336_4,dense,"So với các công ty Big Tech khác, quy mô sa thải của Alphabet ở mức nào?",56336,True,"[""56336""]",6344.4764,1.0,1.0,1.0,1.0,1.0,1.0,1.0,1.0,"[""56336""]","[""56336"", ""61560"", ""196460"", ""94684"", ""63908"", ""57487"", ""188332"", ""61917"", ""42347"", ""188273"", ""184305"", ""206561"", ""53110"", ""63719"", ""256210"", ""58821"", ""186561"", ""184484"", ""62604"", ""19315"", ""56826"", ""23120"", ""61250"", ""62388"", ""56206"", ""141733"", ""32589"", ""57673"", ""48201"", ""62100"", ""226167"", ""96523"", ""105272"", ""15419"", ""198036"", ""21336"", ""181316"", ""57752"", ""64286"", ""188173"", ""57816""]","[""56336_token_0000"", ""61560_token_0001"", ""61560_token_0000"", ""196460_token_0000"", ""94684_token_0000"", ""196460_token_0002"", ""63908_token_0001"", ""57487_token_0000"", ""63908_token_0000"", ""188332_token_0000"", ""61917_token_0000"", ""196460_token_0001"", ""42347_token_0003"", ""188273_token_0000"", ""188332_token_0002"", ""188332_token_0001"", ""184305_token_0001"", ""206561_token_0000"", ""53110_token_0001"", ""63719_token_0000"", ""256210_token_0000"", ""58821_token_0000"", ""186561_token_0000"", ""186561_token_0001"", ""184484_token_0001"", ""62604_token_0000"", ""184305_token_0000"", ""19315_token_0001"", ""56826_token_0000"", ""23120_token_0000"", ""61250_token_0000"", ""62388_token_0000"", ""56206_token_0000"", ""141733_token_0000"", ""32589_token_0001"", ""57673_token_0000"", ""48201_token_0000"", ""62100_token_0001"", ""226167_token_0001"", ""96523_token_0000"", ""105272_token_0000"", ""15419_token_0002"", ""198036_token_0000"", ""21336_token_0002"", ""181316_token_0000"", ""57752_token_0000"", ""64286_token_0000"", ""184484_token_0000"", ""188173_token_0000"", ""57816_token_0001""]"
56336_4,hybrid,"So với các công ty Big Tech khác, quy mô sa thải của Alphabet ở mức nào?",56336,True,"[""56336""]",6387.0668,1.0,1.0,1.0,1.0,1.0,1.0,1.0,1.0,"[""56336""]","[""56336"", ""61560"", ""196460"", ""61917"", ""57487"", ""63908"", ""184305"", ""111843"", ""94684"", ""55569"", ""31724"", ""184986"", ""188332"", ""195518"", ""108662"", ""42347"", ""165320"", ""188273"", ""108861"", ""199888"", ""206561"", ""53110"", ""701"", ""62185"", ""63719"", ""256210"", ""556"", ""199755"", ""58821"", ""185000"", ""186561"", ""23383"", ""110415"", ""184484"", ""215937"", ""62604"", ""43728"", ""19315"", ""46726"", ""195579"", ""56826"", ""119476""]","[""56336_token_0000"", ""61560_token_0000"", ""61560_token_0001"", ""196460_token_0000"", ""61917_token_0000"", ""196460_token_0001"", ""57487_token_0000"", ""63908_token_0001"", ""63908_token_0000"", ""184305_token_0000"", ""111843_token_0005"", ""94684_token_0000"", ""196460_token_0002"", ""55569_token_0000"", ""31724_token_0000"", ""184986_token_0000"", ""188332_token_0000"", ""195518_token_0003"", ""108662_token_0000"", ""42347_token_0003"", ""165320_token_0000"", ""188273_token_0000"", ""188332_token_0002"", ""108861_token_0000"", ""188332_token_0001"", ""184305_token_0001"", ""199888_token_0000"", ""206561_token_0000"", ""53110_token_0001"", ""701_token_0000"", ""62185_token_0000"", ""63719_token_0000"", ""256210_token_0000"", ""556_token_0001"", ""199755_token_0002"", ""58821_token_0000"", ""185000_token_0000"", ""186561_token_0000"", ""186561_token_0001"", ""23383_token_0001"", ""110415_token_0000"", ""184484_token_0001"", ""215937_token_0000"", ""62604_token_0000"", ""43728_token_0002"", ""19315_token_0001"", ""46726_token_0001"", ""195579_token_0000"", ""56826_token_0000"", ""119476_token_0000""]"
56336_5,bm25,Đúng hay sai: Nhân viên bị sa thải tại Alphabet không nhận được bất kỳ quyền lợi nào sau khi nghỉ việc?,56336,True,"[""56336""]",192.2524,0.0,0.0,1.0,1.0,1.0,1.0,0.3333333333333333,0.5,"[""56336""]","[""206561"", ""61560"", ""56336"", ""215937"", ""215131"", ""94662"", ""196460"", ""24913"", ""226567"", ""180947"", ""259534"", ""33383"", ""78292"", ""229075"", ""46726"", ""46867"", ""141383"", ""232586"", ""241885"", ""3684"", ""177010"", ""178842"", ""165320"", ""91121"", ""117263"", ""168648"", ""101603"", ""42347"", ""56444"", ""252218"", ""68519"", ""30638"", ""175333"", ""88621"", ""262435"", ""133376"", ""2283"", ""57487"", ""190582"", ""209746"", ""25992"", ""245790""]","[""206561_token_0000"", ""61560_token_0001"", ""61560_token_0000"", ""56336_token_0000"", ""215937_token_0001"", ""215937_token_0000"", ""215131_token_0000"", ""94662_token_0001"", ""196460_token_0000"", ""24913_token_0001"", ""226567_token_0000"", ""180947_token_0000"", ""259534_token_0003"", ""259534_token_0002"", ""33383_token_0001"", ""78292_token_0000"", ""229075_token_0002"", ""46726_token_0001"", ""46867_token_0000"", ""141383_token_0001"", ""232586_token_0000"", ""141383_token_0002"", ""241885_token_0000"", ""3684_token_0002"", ""177010_token_0002"", ""178842_token_0000"", ""165320_token_0000"", ""91121_token_0000"", ""117263_token_0001"", ""168648_token_0000"", ""94662_token_0000"", ""101603_token_0000"", ""42347_token_0003"", ""56444_token_0000"", ""252218_token_0000"", ""259534_token_0004"", ""68519_token_0001"", ""30638_token_0007"", ""46726_token_0003"", ""175333_token_0000"", ""88621_token_0001"", ""175333_token_0001"", ""262435_token_0000"", ""133376_token_0000"", ""2283_token_0002"", ""57487_token_0000"", ""190582_token_0000"", ""209746_token_0002"", ""25992_token_0000"", ""245790_token_0000""]"
56336_5,dense,Đúng hay sai: Nhân viên bị sa thải tại Alphabet không nhận được bất kỳ quyền lợi nào sau khi nghỉ việc?,56336,True,"[""56336""]",6241.7597,1.0,1.0,1.0,1.0,1.0,1.0,1.0,1.0,"[""56336""]","[""56336"", ""61560"", ""215937"", ""42347"", ""206561"", ""94684"", ""35174"", ""196460"", ""46726"", ""259741"", ""53110"", ""19315"", ""55803"", ""16890"", ""141383"", ""141456"", ""57487"", ""263932"", ""43513"", ""159366"", ""188332"", ""56826"", ""6066"", ""141388"", ""19872"", ""99986"", ""186561"", ""55700"", ""259534"", ""62388"", ""55165"", ""43393"", ""243880"", ""61917"", ""141693"", ""204230"", ""57816"", ""33383"", ""258763""]","[""56336_token_0000"", ""61560_token_0001"", ""61560_token_0000"", ""215937_token_0001"", ""42347_token_0003"", ""215937_token_0000"", ""206561_token_0000"", ""94684_token_0000"", ""35174_token_0003"", ""196460_token_0002"", ""46726_token_0001"", ""259741_token_0000"", ""53110_token_0001"", ""46726_token_0000"", ""19315_token_0001"", ""55803_token_0000"", ""16890_token_0001"", ""141383_token_0000"", ""46726_token_0003"", ""141456_token_0000"", ""141383_token_0001"", ""57487_token_0000"", ""263932_token_0001"", ""196460_token_0000"", ""43513_token_0000"", ""159366_token_0001"", ""46726_token_0002"", ""188332_token_0000"", ""56826_token_0000"", ""6066_token_0001"", ""141388_token_0002"", ""188332_token_0002"", ""19872_token_0001"", ""99986_token_0000"", ""186561_token_0000"", ""55700_token_0000"", ""259534_token_0005"", ""259741_token_0001"", ""62388_token_0000"", ""55165_token_0000"", ""43393_token_0002"", ""243880_token_0000"", ""61917_token_0000"", ""141693_token_0000"", ""204230_token_0000"", ""19315_token_0000"", ""57816_token_0001"", ""16890_token_0000"", ""33383_token_0001"", ""258763_token_0002""]"
56336_5,hybrid,Đúng hay sai: Nhân viên bị sa thải tại Alphabet không nhận được bất kỳ quyền lợi nào sau khi nghỉ việc?,56336,True,"[""56336""]",6752.7499,0.0,0.0,1.0,1.0,1.0,1.0,0.5,0.6309297535714575,"[""56336""]","[""61560"", ""56336"", ""206561"", ""215937"", ""46726"", ""196460"", ""42347"", ""141383"", ""33383"", ""57487"", ""215131"", ""94662"", ""94684"", ""35174"", ""24913"", ""226567"", ""180947"", ""259741"", ""259534"", ""53110"", ""19315"", ""55803"", ""78292"", ""16890"", ""229075"", ""46867"", ""141456"", ""232586"", ""241885"", ""263932"", ""3684"", ""177010"", ""43513"", ""159366"", ""178842"", ""165320"", ""188332"", ""91121"", ""117263"", ""56826"", ""168648""]","[""61560_token_0001"", ""56336_token_0000"", ""61560_token_0000"", ""206561_token_0000"", ""215937_token_0001"", ""215937_token_0000"", ""46726_token_0001"", ""196460_token_0000"", ""42347_token_0003"", ""141383_token_0001"", ""46726_token_0003"", ""33383_token_0001"", ""57487_token_0000"", ""215131_token_0000"", ""94662_token_0001"", ""94684_token_0000"", ""35174_token_0003"", ""196460_token_0002"", ""24913_token_0001"", ""226567_token_0000"", ""180947_token_0000"", ""259741_token_0000"", ""259534_token_0003"", ""53110_token_0001"", ""259534_token_0002"", ""46726_token_0000"", ""19315_token_0001"", ""55803_token_0000"", ""78292_token_0000"", ""16890_token_0001"", ""229075_token_0002"", ""141383_token_0000"", ""46867_token_0000"", ""141456_token_0000"", ""232586_token_0000"", ""141383_token_0002"", ""241885_token_0000"", ""263932_token_0001"", ""3684_token_0002"", ""177010_token_0002"", ""43513_token_0000"", ""159366_token_0001"", ""178842_token_0000"", ""165320_token_0000"", ""46726_token_0002"", ""188332_token_0000"", ""91121_token_0000"", ""117263_token_0001"", ""56826_token_0000"", ""168648_token_0000""]"
5446_1,bm25,Ông Nguyễn Trung Chính đã có cuộc gặp với lãnh đạo của tập đoàn nào để thảo luận về hợp tác chiến lược trong lĩnh vực AI và bán dẫn?,5446,True,"[""5446""]",218.7584,1.0,1.0,1.0,1.0,1.0,1.0,1.0,1.0,"[""5446""]","[""5446"", ""57017"", ""59379"", ""65400"", ""60787"", ""32803"", ""181995"", ""65134"", ""55771"", ""108652"", ""119753"", ""190593"", ""61321"", ""195991"", ""196420"", ""132078"", ""122059"", ""196229"", ""197588"", ""104975"", ""134646"", ""196813"", ""86969"", ""119906"", ""198519"", ""214167"", ""173021"", ""32796"", ""122604"", ""32112"", ""23783"", ""195469"", ""202905"", ""214139"", ""162259"", ""182850"", ""122315"", ""60067"", ""75217"", ""181956"", ""122231""]","[""5446_token_0001"", ""57017_token_0000"", ""59379_token_0000"", ""65400_token_0001"", ""60787_token_0000"", ""32803_token_0001"", ""181995_token_0000"", ""65134_token_0000"", ""55771_token_0000"", ""108652_token_0000"", ""119753_token_0001"", ""190593_token_0001"", ""61321_token_0001"", ""108652_token_0001"", ""195991_token_0001"", ""181995_token_0001"", ""196420_token_0000"", ""132078_token_0000"", ""122059_token_0000"", ""108652_token_0002"", ""5446_token_0000"", ""196229_token_0001"", ""197588_token_0001"", ""104975_token_0002"", ""134646_token_0000"", ""196813_token_0002"", ""86969_token_0001"", ""119906_token_0001"", ""195991_token_0000"", ""119906_token_0000"", ""198519_token_0001"", ""214167_token_0000"", ""173021_token_0001"", ""32796_token_0000"", ""122604_token_0002"", ""32112_token_0000"", ""23783_token_0002"", ""195469_token_0000"", ""202905_token_0001"", ""122604_token_0001"", ""214139_token_0000"", ""162259_token_0000"", ""173021_token_0000"", ""182850_token_0000"", ""122315_token_0002"", ""60067_token_0000"", ""75217_token_0003"", ""181956_token_0000"", ""181956_token_0001"", ""122231_token_0003""]"
5446_1,dense,Ông Nguyễn Trung Chính đã có cuộc gặp với lãnh đạo của tập đoàn nào để thảo luận về hợp tác chiến lược trong lĩnh vực AI và bán dẫn?,5446,True,"[""5446""]",6242.9617,0.0,0.0,1.0,1.0,1.0,1.0,0.3333333333333333,0.5,"[""5446""]","[""181995"", ""184928"", ""5446"", ""56335"", ""183947"", ""19991"", ""22925"", ""184920"", ""22730"", ""59379"", ""60067"", ""199229"", ""132078"", ""21813"", ""198887"", ""195991"", ""186726"", ""60787"", ""190593"", ""65431"", ""58498"", ""202161"", ""185545"", ""196460"", ""181956"", ""45400"", ""6074"", ""64034"", ""196499"", ""188267"", ""24939"", ""20089"", ""200376"", ""196775"", ""181705"", ""198036"", ""119906""]","[""181995_token_0000"", ""184928_token_0000"", ""181995_token_0001"", ""5446_token_0001"", ""56335_token_0000"", ""183947_token_0001"", ""19991_token_0000"", ""22925_token_0002"", ""184920_token_0000"", ""22730_token_0000"", ""59379_token_0000"", ""60067_token_0000"", ""199229_token_0000"", ""56335_token_0001"", ""132078_token_0000"", ""22925_token_0000"", ""21813_token_0001"", ""184928_token_0001"", ""198887_token_0000"", ""195991_token_0000"", ""184920_token_0001"", ""186726_token_0000"", ""22730_token_0001"", ""60787_token_0001"", ""190593_token_0002"", ""65431_token_0000"", ""58498_token_0000"", ""202161_token_0000"", ""185545_token_0003"", ""21813_token_0000"", ""65431_token_0001"", ""186726_token_0001"", ""196460_token_0001"", ""181956_token_0001"", ""45400_token_0002"", ""6074_token_0001"", ""64034_token_0001"", ""196499_token_0000"", ""188267_token_0000"", ""24939_token_0001"", ""20089_token_0001"", ""60787_token_0000"", ""196460_token_0000"", ""200376_token_0000"", ""196775_token_0000"", ""181705_token_0000"", ""198036_token_0000"", ""60067_token_0001"", ""119906_token_0000"", ""132078_token_0001""]"
5446_1,hybrid,Ông Nguyễn Trung Chính đã có cuộc gặp với lãnh đạo của tập đoàn nào để thảo luận về hợp tác chiến lược trong lĩnh vực AI và bán dẫn?,5446,True,"[""5446""]",6485.2281,1.0,1.0,1.0,1.0,1.0,1.0,1.0,1.0,"[""5446""]","[""5446"", ""181995"", ""59379"", ""132078"", ""60787"", ""195991"", ""60067"", ""119906"", ""181956"", ""184928"", ""57017"", ""65400"", ""56335"", ""183947"", ""32803"", ""19991"", ""22925"", ""65134"", ""184920"", ""55771"", ""108652"", ""22730"", ""119753"", ""190593"", ""199229"", ""61321"", ""196420"", ""21813"", ""122059"", ""198887"", ""186726"", ""196229"", ""197588"", ""104975"", ""134646"", ""196813"", ""65431"", ""58498""]","[""5446_token_0001"", ""181995_token_0000"", ""59379_token_0000"", ""181995_token_0001"", ""132078_token_0000"", ""60787_token_0000"", ""195991_token_0000"", ""60067_token_0000"", ""119906_token_0000"", ""181956_token_0001"", ""184928_token_0000"", ""57017_token_0000"", ""65400_token_0001"", ""56335_token_0000"", ""183947_token_0001"", ""32803_token_0001"", ""19991_token_0000"", ""22925_token_0002"", ""65134_token_0000"", ""184920_token_0000"", ""55771_token_0000"", ""108652_token_0000"", ""22730_token_0000"", ""119753_token_0001"", ""190593_token_0001"", ""199229_token_0000"", ""61321_token_0001"", ""108652_token_0001"", ""56335_token_0001"", ""195991_token_0001"", ""22925_token_0000"", ""196420_token_0000"", ""21813_token_0001"", ""184928_token_0001"", ""122059_token_0000"", ""198887_token_0000"", ""108652_token_0002"", ""184920_token_0001"", ""5446_token_0000"", ""186726_token_0000"", ""196229_token_0001"", ""197588_token_0001"", ""22730_token_0001"", ""104975_token_0002"", ""60787_token_0001"", ""134646_token_0000"", ""190593_token_0002"", ""196813_token_0002"", ""65431_token_0000"", ""58498_token_0000""]"
5446_2,bm25,Khoa Vi Điện tử và Viễn Thông mới thành lập của Trường Đại học CMC tập trung vào những định hướng đào tạo nào?,5446,True,"[""5446""]",179.534,1.0,1.0,1.0,1.0,1.0,1.0,1.0,1.0,"[""5446""]","[""5446"", ""57017"", ""3359"", ""176852"", ""174006"", ""65431"", ""184793"", ""180525"", ""185156"", ""103052"", ""94729"", ""180510"", ""172308"", ""102742"", ""115717"", ""5535"", ""5771"", ""2318"", ""100056"", ""180909"", ""103521"", ""180727"", ""3410"", ""179621"", ""95654"", ""181688"", ""177369"", ""96667"", ""186109"", ""175182"", ""97380"", ""134183"", ""173789"", ""175848"", ""173021"", ""94819""]","[""5446_token_0000"", ""5446_token_0002"", ""57017_token_0000"", ""5446_token_0001"", ""3359_token_0000"", ""3359_token_0001"", ""176852_token_0002"", ""174006_token_0000"", ""174006_token_0001"", ""176852_token_0001"", ""176852_token_0000"", ""65431_token_0001"", ""184793_token_0000"", ""180525_token_0000"", ""185156_token_0002"", ""103052_token_0000"", ""94729_token_0001"", ""180510_token_0004"", ""172308_token_0001"", ""102742_token_0004"", ""115717_token_0000"", ""5535_token_0000"", ""5771_token_0000"", ""2318_token_0000"", ""100056_token_0000"", ""57017_token_0001"", ""180909_token_0000"", ""103521_token_0000"", ""180727_token_0001"", ""3410_token_0000"", ""3410_token_0002"", ""179621_token_0002"", ""172308_token_0002"", ""95654_token_0000"", ""181688_token_0001"", ""177369_token_0000"", ""96667_token_0001"", ""186109_token_0001"", ""175182_token_0003"", ""94729_token_0002"", ""97380_token_0001"", ""134183_token_0000"", ""173789_token_0000"", ""175848_token_0000"", ""100056_token_0004"", ""173021_token_0001"", ""100056_token_0001"", ""180510_token_0003"", ""172308_token_0003"", ""94819_token_0001""]"
5446_2,dense,Khoa Vi Điện tử và Viễn Thông mới thành lập của Trường Đại học CMC tập trung vào những định hướng đào tạo nào?,5446,True,"[""5446""]",6249.6273,1.0,1.0,1.0,1.0,1.0,1.0,1.0,1.0,"[""5446""]","[""5446"", ""57017"", ""103130"", ""3359"", ""184793"", ""65431"", ""94973"", ""102742"", ""180714"", ""102299"", ""183441"", ""95809"", ""185226"", ""103139"", ""181688"", ""173895"", ""185461"", ""132078"", ""198519"", ""17668"", ""109030"", ""4776"", ""94684"", ""184986"", ""2818"", ""64976"", ""185199"", ""174006"", ""95490"", ""94788"", ""185156"", ""4561"", ""103751"", ""103521""]","[""5446_token_0002"", ""5446_token_0000"", ""5446_token_0001"", ""57017_token_0000"", ""57017_token_0001"", ""103130_token_0001"", ""103130_token_0000"", ""103130_token_0002"", ""3359_token_0000"", ""3359_token_0001"", ""184793_token_0000"", ""65431_token_0001"", ""94973_token_0004"", ""102742_token_0001"", ""180714_token_0000"", ""102299_token_0001"", ""183441_token_0002"", ""95809_token_0001"", ""185226_token_0002"", ""95809_token_0000"", ""103139_token_0003"", ""181688_token_0000"", ""173895_token_0000"", ""185461_token_0002"", ""102742_token_0000"", ""132078_token_0002"", ""198519_token_0001"", ""95809_token_0002"", ""17668_token_0002"", ""94973_token_0005"", ""109030_token_0001"", ""4776_token_0000"", ""183441_token_0000"", ""94684_token_0002"", ""184986_token_0000"", ""2818_token_0000"", ""185461_token_0000"", ""102742_token_0002"", ""64976_token_0000"", ""17668_token_0000"", ""185199_token_0000"", ""94973_token_0001"", ""174006_token_0001"", ""95490_token_0000"", ""94788_token_0001"", ""185156_token_0002"", ""4561_token_0001"", ""109030_token_0000"", ""103751_token_0001"", ""103521_token_0000""]"
5446_2,hybrid,Khoa Vi Điện tử và Viễn Thông mới thành lập của Trường Đại học CMC tập trung vào những định hướng đào tạo nào?,5446,True,"[""5446""]",6436.1409,1.0,1.0,1.0,1.0,1.0,1.0,1.0,1.0,"[""5446""]","[""5446"", ""57017"", ""3359"", ""184793"", ""65431"", ""174006"", ""185156"", ""103521"", ""103130"", ""176852"", ""94973"", ""102742"", ""180525"", ""180714"", ""102299"", ""103052"", ""183441"", ""94729"", ""180510"", ""95809"", ""172308"", ""185226"", ""103139"", ""115717"", ""181688"", ""5535"", ""173895"", ""5771"", ""185461"", ""2318"", ""100056"", ""132078"", ""180909"", ""198519"", ""17668"", ""180727"", ""3410""]","[""5446_token_0000"", ""5446_token_0002"", ""5446_token_0001"", ""57017_token_0000"", ""3359_token_0000"", ""3359_token_0001"", ""184793_token_0000"", ""65431_token_0001"", ""57017_token_0001"", ""174006_token_0001"", ""185156_token_0002"", ""103521_token_0000"", ""103130_token_0001"", ""103130_token_0000"", ""176852_token_0002"", ""103130_token_0002"", ""174006_token_0000"", ""176852_token_0001"", ""176852_token_0000"", ""94973_token_0004"", ""102742_token_0001"", ""180525_token_0000"", ""180714_token_0000"", ""102299_token_0001"", ""103052_token_0000"", ""183441_token_0002"", ""94729_token_0001"", ""180510_token_0004"", ""95809_token_0001"", ""172308_token_0001"", ""185226_token_0002"", ""102742_token_0004"", ""95809_token_0000"", ""103139_token_0003"", ""115717_token_0000"", ""181688_token_0000"", ""5535_token_0000"", ""173895_token_0000"", ""5771_token_0000"", ""185461_token_0002"", ""2318_token_0000"", ""100056_token_0000"", ""102742_token_0000"", ""132078_token_0002"", ""180909_token_0000"", ""198519_token_0001"", ""95809_token_0002"", ""17668_token_0002"", ""180727_token_0001"", ""3410_token_0000""]"
5446_3,bm25,Tập đoàn Synopsys đóng vai trò gì trong chương trình đào tạo của Trường Đại học CMC?,5446,True,"[""5446""]",143.0171,1.0,1.0,1.0,1.0,1.0,1.0,1.0,1.0,"[""5446""]","[""5446"", ""57017"", ""3359"", ""65431"", ""198519"", ""174006"", ""184986"", ""94728"", ""6288"", ""180510"", ""95667"", ""5075"", ""2318"", ""3940"", ""208199"", ""172308"", ""5771"", ""2283"", ""100056"", ""94819"", ""184793"", ""175182"", ""98645"", ""3226"", ""5742"", ""6223"", ""97616"", ""4169"", ""64976"", ""4489"", ""65310"", ""178498"", ""3410"", ""175496"", ""94743""]","[""5446_token_0000"", ""5446_token_0001"", ""5446_token_0002"", ""57017_token_0000"", ""3359_token_0001"", ""65431_token_0001"", ""198519_token_0001"", ""174006_token_0001"", ""3359_token_0000"", ""57017_token_0001"", ""184986_token_0001"", ""94728_token_0000"", ""6288_token_0001"", ""180510_token_0004"", ""95667_token_0001"", ""65431_token_0000"", ""5075_token_0000"", ""95667_token_0000"", ""2318_token_0000"", ""3940_token_0000"", ""208199_token_0000"", ""172308_token_0002"", ""5771_token_0000"", ""2283_token_0001"", ""198519_token_0000"", ""100056_token_0002"", ""94819_token_0001"", ""184793_token_0001"", ""100056_token_0001"", ""175182_token_0002"", ""98645_token_0000"", ""3226_token_0001"", ""5742_token_0002"", ""6223_token_0000"", ""97616_token_0001"", ""97616_token_0000"", ""100056_token_0000"", ""4169_token_0000"", ""64976_token_0000"", ""4489_token_0001"", ""65310_token_0000"", ""94819_token_0002"", ""180510_token_0003"", ""2283_token_0004"", ""178498_token_0000"", ""100056_token_0003"", ""3410_token_0002"", ""5075_token_0001"", ""175496_token_0001"", ""94743_token_0000""]"
5446_3,dense,Tập đoàn Synopsys đóng vai trò gì trong chương trình đào tạo của Trường Đại học CMC?,5446,True,"[""5446""]",6259.508,1.0,1.0,1.0,1.0,1.0,1.0,1.0,1.0,"[""5446""]","[""5446"", ""57017"", ""65431"", ""3359"", ""198519"", ""184986"", ""185226"", ""185461"", ""17668"", ""19982"", ""181688"", ""185156"", ""20747"", ""95490"", ""173895"", ""99725"", ""188267"", ""5771"", ""6288"", ""5014"", ""94772"", ""99496"", ""18873"", ""94819"", ""94973"", ""94684"", ""94788"", ""182255"", ""202899"", ""4776""]","[""5446_token_0001"", ""5446_token_0000"", ""57017_token_0000"", ""65431_token_0001"", ""57017_token_0001"", ""3359_token_0001"", ""198519_token_0001"", ""198519_token_0000"", ""3359_token_0000"", ""65431_token_0000"", ""184986_token_0001"", ""185226_token_0002"", ""5446_token_0002"", ""185461_token_0002"", ""17668_token_0002"", ""19982_token_0001"", ""185461_token_0000"", ""181688_token_0001"", ""184986_token_0000"", ""185461_token_0001"", ""17668_token_0000"", ""185156_token_0002"", ""185226_token_0001"", ""20747_token_0000"", ""95490_token_0001"", ""19982_token_0000"", ""17668_token_0001"", ""173895_token_0000"", ""99725_token_0000"", ""188267_token_0000"", ""5771_token_0000"", ""6288_token_0001"", ""5014_token_0001"", ""185156_token_0001"", ""5014_token_0000"", ""94772_token_0000"", ""99496_token_0001"", ""18873_token_0002"", ""94819_token_0001"", ""94973_token_0004"", ""5771_token_0001"", ""94684_token_0002"", ""99496_token_0004"", ""184986_token_0002"", ""20747_token_0002"", ""94788_token_0001"", ""182255_token_0001"", ""202899_token_0000"", ""182255_token_0002"", ""4776_token_0000""]"
5446_3,hybrid,Tập đoàn Synopsys đóng vai trò gì trong chương trình đào tạo của Trường Đại học CMC?,5446,True,"[""5446""]",6378.1359,1.0,1.0,1.0,1.0,1.0,1.0,1.0,1.0,"[""5446""]","[""5446"", ""57017"", ""65431"", ""3359"", ""198519"", ""184986"", ""6288"", ""5771"", ""94819"", ""174006"", ""185226"", ""94728"", ""180510"", ""185461"", ""17668"", ""95667"", ""19982"", ""5075"", ""181688"", ""2318"", ""3940"", ""208199"", ""172308"", ""185156"", ""20747"", ""2283"", ""95490"", ""100056"", ""173895"", ""184793"", ""99725"", ""175182"", ""188267"", ""98645"", ""3226""]","[""5446_token_0000"", ""5446_token_0001"", ""57017_token_0000"", ""65431_token_0001"", ""3359_token_0001"", ""198519_token_0001"", ""57017_token_0001"", ""5446_token_0002"", ""3359_token_0000"", ""184986_token_0001"", ""65431_token_0000"", ""198519_token_0000"", ""6288_token_0001"", ""5771_token_0000"", ""94819_token_0001"", ""174006_token_0001"", ""185226_token_0002"", ""94728_token_0000"", ""180510_token_0004"", ""185461_token_0002"", ""17668_token_0002"", ""95667_token_0001"", ""19982_token_0001"", ""185461_token_0000"", ""5075_token_0000"", ""181688_token_0001"", ""95667_token_0000"", ""184986_token_0000"", ""2318_token_0000"", ""185461_token_0001"", ""3940_token_0000"", ""17668_token_0000"", ""208199_token_0000"", ""172308_token_0002"", ""185156_token_0002"", ""185226_token_0001"", ""20747_token_0000"", ""2283_token_0001"", ""95490_token_0001"", ""100056_token_0002"", ""19982_token_0000"", ""17668_token_0001"", ""173895_token_0000"", ""184793_token_0001"", ""100056_token_0001"", ""99725_token_0000"", ""175182_token_0002"", ""188267_token_0000"", ""98645_token_0000"", ""3226_token_0001""]"
5446_4,bm25,Việc Trường Đại học CMC chọn thiết kế vi mạch làm định hướng đào tạo chính nhằm mục đích gì?,5446,True,"[""5446""]",153.7246,1.0,1.0,1.0,1.0,1.0,1.0,1.0,1.0,"[""5446""]","[""5446"", ""57017"", ""65431"", ""102299"", ""3359"", ""2283"", ""97563"", ""179963"", ""178001"", ""97857"", ""184793"", ""180525"", ""3226"", ""2318"", ""95433"", ""103130"", ""175182"", ""180510"", ""94729"", ""6096"", ""102600"", ""4938"", ""177328"", ""97087"", ""185156"", ""94684"", ""102742"", ""177709"", ""4950"", ""95885"", ""180909"", ""4776"", ""178145"", ""181688""]","[""5446_token_0000"", ""57017_token_0000"", ""5446_token_0001"", ""5446_token_0002"", ""65431_token_0001"", ""102299_token_0001"", ""3359_token_0000"", ""2283_token_0000"", ""3359_token_0001"", ""57017_token_0001"", ""97563_token_0000"", ""179963_token_0001"", ""178001_token_0001"", ""97563_token_0001"", ""97857_token_0001"", ""2283_token_0004"", ""2283_token_0001"", ""2283_token_0003"", ""184793_token_0000"", ""180525_token_0001"", ""3226_token_0001"", ""2318_token_0000"", ""95433_token_0001"", ""103130_token_0000"", ""175182_token_0000"", ""180510_token_0004"", ""94729_token_0002"", ""180510_token_0003"", ""6096_token_0002"", ""95433_token_0003"", ""102600_token_0000"", ""4938_token_0000"", ""177328_token_0000"", ""180525_token_0000"", ""97087_token_0003"", ""185156_token_0002"", ""94684_token_0001"", ""102742_token_0001"", ""184793_token_0001"", ""177709_token_0000"", ""4950_token_0002"", ""4938_token_0001"", ""103130_token_0001"", ""95885_token_0001"", ""65431_token_0000"", ""180909_token_0000"", ""2283_token_0002"", ""4776_token_0000"", ""178145_token_0002"", ""181688_token_0001""]"
5446_4,dense,Việc Trường Đại học CMC chọn thiết kế vi mạch làm định hướng đào tạo chính nhằm mục đích gì?,5446,True,"[""5446""]",6263.415,1.0,1.0,1.0,1.0,1.0,1.0,1.0,1.0,"[""5446""]","[""5446"", ""57017"", ""3359"", ""103130"", ""65431"", ""198519"", ""132078"", ""94973"", ""185461"", ""102299"", ""184793"", ""17668"", ""184986"", ""102742"", ""173895"", ""181688"", ""95667"", ""94684"", ""58169"", ""99496"", ""4946"", ""103139"", ""95809"", ""95490"", ""5014"", ""4561"", ""94788"", ""185226"", ""94729"", ""95666""]","[""5446_token_0002"", ""5446_token_0000"", ""57017_token_0000"", ""5446_token_0001"", ""57017_token_0001"", ""3359_token_0001"", ""3359_token_0000"", ""103130_token_0000"", ""65431_token_0001"", ""103130_token_0001"", ""103130_token_0002"", ""198519_token_0001"", ""132078_token_0002"", ""94973_token_0004"", ""198519_token_0000"", ""185461_token_0002"", ""65431_token_0000"", ""102299_token_0001"", ""184793_token_0001"", ""17668_token_0002"", ""184986_token_0001"", ""102742_token_0001"", ""185461_token_0001"", ""184793_token_0000"", ""173895_token_0000"", ""184986_token_0000"", ""181688_token_0000"", ""95667_token_0000"", ""94973_token_0005"", ""17668_token_0000"", ""94973_token_0001"", ""94684_token_0002"", ""58169_token_0001"", ""99496_token_0001"", ""4946_token_0000"", ""99496_token_0000"", ""103139_token_0003"", ""94973_token_0003"", ""95809_token_0001"", ""94684_token_0001"", ""95490_token_0000"", ""5014_token_0001"", ""4561_token_0001"", ""94788_token_0001"", ""185226_token_0002"", ""181688_token_0001"", ""94729_token_0002"", ""17668_token_0001"", ""103139_token_0004"", ""95666_token_0000""]"
5446_4,hybrid,Việc Trường Đại học CMC chọn thiết kế vi mạch làm định hướng đào tạo chính nhằm mục đích gì?,5446,True,"[""5446""]",6747.4509,1.0,1.0,1.0,1.0,1.0,1.0,1.0,1.0,"[""5446""]","[""5446"", ""57017"", ""65431"", ""3359"", ""102299"", ""103130"", ""184793"", ""102742"", ""94729"", ""94684"", ""181688"", ""2283"", ""97563"", ""179963"", ""198519"", ""132078"", ""178001"", ""94973"", ""97857"", ""185461"", ""17668"", ""180525"", ""184986"", ""3226"", ""2318"", ""95433"", ""173895"", ""175182"", ""180510"", ""95667"", ""6096""]","[""5446_token_0000"", ""5446_token_0002"", ""57017_token_0000"", ""5446_token_0001"", ""65431_token_0001"", ""3359_token_0000"", ""57017_token_0001"", ""3359_token_0001"", ""102299_token_0001"", ""103130_token_0000"", ""184793_token_0000"", ""103130_token_0001"", ""184793_token_0001"", ""65431_token_0000"", ""102742_token_0001"", ""94729_token_0002"", ""94684_token_0001"", ""181688_token_0001"", ""2283_token_0000"", ""103130_token_0002"", ""97563_token_0000"", ""179963_token_0001"", ""198519_token_0001"", ""132078_token_0002"", ""178001_token_0001"", ""94973_token_0004"", ""97563_token_0001"", ""198519_token_0000"", ""97857_token_0001"", ""185461_token_0002"", ""2283_token_0004"", ""2283_token_0001"", ""2283_token_0003"", ""17668_token_0002"", ""180525_token_0001"", ""184986_token_0001"", ""3226_token_0001"", ""2318_token_0000"", ""185461_token_0001"", ""95433_token_0001"", ""173895_token_0000"", ""175182_token_0000"", ""180510_token_0004"", ""184986_token_0000"", ""181688_token_0000"", ""180510_token_0003"", ""95667_token_0000"", ""6096_token_0002"", ""94973_token_0005"", ""17668_token_0000""]"
5446_5,bm25,Mức lương khởi điểm của sinh viên tốt nghiệp Khoa Vi Điện tử và Viễn Thông tại các doanh nghiệp bán dẫn ở Việt Nam là bao nhiêu?,5446,False,"[""5446""]",201.8362,1.0,1.0,1.0,1.0,1.0,1.0,1.0,1.0,"[""5446""]","[""5446"", ""57017"", ""97239"", ""132078"", ""119931"", ""95460"", ""65400"", ""174006"", ""96252"", ""175848"", ""103130"", ""99846"", ""258983"", ""61321"", ""96717"", ""5014"", ""97673"", ""141037"", ""141332"", ""4938"", ""6117"", ""6096"", ""3359"", ""95667"", ""19915"", ""175705"", ""176029"", ""22004"", ""252318"", ""177709"", ""5771"", ""184793"", ""94699"", ""95530"", ""103521"", ""185086"", ""5601"", ""175182"", ""197180""]","[""5446_token_0000"", ""5446_token_0002"", ""5446_token_0001"", ""57017_token_0000"", ""97239_token_0002"", ""97239_token_0001"", ""132078_token_0002"", ""119931_token_0001"", ""95460_token_0001"", ""65400_token_0001"", ""174006_token_0001"", ""96252_token_0001"", ""95460_token_0000"", ""96252_token_0000"", ""132078_token_0001"", ""175848_token_0000"", ""103130_token_0001"", ""99846_token_0000"", ""258983_token_0001"", ""61321_token_0001"", ""96717_token_0001"", ""5014_token_0001"", ""97673_token_0001"", ""97239_token_0000"", ""141037_token_0000"", ""141332_token_0000"", ""4938_token_0000"", ""6117_token_0000"", ""103130_token_0000"", ""6096_token_0001"", ""3359_token_0001"", ""174006_token_0000"", ""95667_token_0001"", ""19915_token_0001"", ""175705_token_0000"", ""176029_token_0001"", ""22004_token_0001"", ""252318_token_0000"", ""61321_token_0000"", ""96717_token_0000"", ""177709_token_0000"", ""5771_token_0001"", ""184793_token_0000"", ""94699_token_0000"", ""95530_token_0000"", ""103521_token_0000"", ""185086_token_0001"", ""5601_token_0001"", ""175182_token_0004"", ""197180_token_0001""]"
5446_5,dense,Mức lương khởi điểm của sinh viên tốt nghiệp Khoa Vi Điện tử và Viễn Thông tại các doanh nghiệp bán dẫn ở Việt Nam là bao nhiêu?,5446,False,"[""5446""]",6216.4667,0.0,0.0,1.0,1.0,1.0,1.0,0.3333333333333333,0.5,"[""5446""]","[""103130"", ""132078"", ""5446"", ""97239"", ""61321"", ""94684"", ""111821"", ""65400"", ""94973"", ""2818"", ""42347"", ""96717"", ""180714"", ""43393"", ""102742"", ""95490"", ""97694"", ""25468"", ""64022"", ""98575"", ""5014"", ""3359"", ""185086"", ""99846"", ""61136"", ""180893"", ""197180"", ""43513"", ""102299"", ""57565"", ""112177"", ""175905""]","[""103130_token_0001"", ""103130_token_0002"", ""132078_token_0002"", ""5446_token_0000"", ""103130_token_0000"", ""5446_token_0001"", ""97239_token_0002"", ""61321_token_0000"", ""5446_token_0002"", ""61321_token_0001"", ""132078_token_0001"", ""94684_token_0002"", ""111821_token_0001"", ""65400_token_0001"", ""94973_token_0004"", ""97239_token_0001"", ""2818_token_0000"", ""111821_token_0000"", ""42347_token_0001"", ""42347_token_0000"", ""96717_token_0001"", ""180714_token_0001"", ""43393_token_0003"", ""180714_token_0000"", ""102742_token_0000"", ""111821_token_0002"", ""102742_token_0001"", ""102742_token_0003"", ""95490_token_0002"", ""97694_token_0002"", ""25468_token_0002"", ""64022_token_0000"", ""43393_token_0002"", ""97694_token_0000"", ""98575_token_0001"", ""5014_token_0001"", ""132078_token_0000"", ""3359_token_0001"", ""185086_token_0001"", ""99846_token_0000"", ""61136_token_0000"", ""180893_token_0000"", ""97694_token_0001"", ""197180_token_0001"", ""42347_token_0003"", ""43513_token_0001"", ""102299_token_0001"", ""57565_token_0001"", ""112177_token_0000"", ""175905_token_0000""]"
5446_5,hybrid,Mức lương khởi điểm của sinh viên tốt nghiệp Khoa Vi Điện tử và Viễn Thông tại các doanh nghiệp bán dẫn ở Việt Nam là bao nhiêu?,5446,False,"[""5446""]",6460.6493,1.0,1.0,1.0,1.0,1.0,1.0,1.0,1.0,"[""5446""]","[""5446"", ""132078"", ""97239"", ""103130"", ""65400"", ""61321"", ""96717"", ""99846"", ""5014"", ""3359"", ""185086"", ""197180"", ""57017"", ""119931"", ""95460"", ""174006"", ""94684"", ""96252"", ""111821"", ""94973"", ""175848"", ""2818"", ""258983"", ""42347"", ""180714"", ""43393"", ""97673"", ""102742"", ""141037"", ""141332"", ""4938"", ""6117"", ""95490"", ""6096""]","[""5446_token_0000"", ""5446_token_0001"", ""132078_token_0002"", ""5446_token_0002"", ""97239_token_0002"", ""103130_token_0001"", ""97239_token_0001"", ""65400_token_0001"", ""132078_token_0001"", ""61321_token_0001"", ""103130_token_0000"", ""61321_token_0000"", ""96717_token_0001"", ""99846_token_0000"", ""5014_token_0001"", ""3359_token_0001"", ""185086_token_0001"", ""197180_token_0001"", ""103130_token_0002"", ""57017_token_0000"", ""119931_token_0001"", ""95460_token_0001"", ""174006_token_0001"", ""94684_token_0002"", ""96252_token_0001"", ""111821_token_0001"", ""95460_token_0000"", ""96252_token_0000"", ""94973_token_0004"", ""175848_token_0000"", ""2818_token_0000"", ""111821_token_0000"", ""258983_token_0001"", ""42347_token_0001"", ""42347_token_0000"", ""180714_token_0001"", ""43393_token_0003"", ""97673_token_0001"", ""180714_token_0000"", ""97239_token_0000"", ""102742_token_0000"", ""141037_token_0000"", ""111821_token_0002"", ""141332_token_0000"", ""102742_token_0001"", ""4938_token_0000"", ""102742_token_0003"", ""6117_token_0000"", ""95490_token_0002"", ""6096_token_0001""]"
16546_1,bm25,"Ai là người đại diện pháp lý cho Baekhyun, Xiumin và Chen trong vụ tranh chấp hợp đồng với SM Entertainment?",16546,True,"[""16546""]",191.4444,0.0,0.0,1.0,1.0,1.0,1.0,0.5,0.6309297535714575,"[""16546""]","[""14000"", ""16546"", ""146698"", ""204015"", ""204788"", ""125728"", ""15130"", ""132451"", ""259633"", ""168290"", ""343"", ""117845"", ""122643"", ""26951"", ""26616"", ""16120"", ""204766"", ""86711"", ""6808"", ""55640"", ""7720"", ""88886"", ""70708"", ""186561"", ""91754"", ""90077"", ""226955"", ""225970"", ""27302"", ""26373"", ""192981"", ""14641"", ""152492"", ""228422"", ""15631"", ""232734"", ""240214"", ""22674"", ""88824""]","[""14000_token_0000"", ""14000_token_0002"", ""16546_token_0000"", ""14000_token_0001"", ""16546_token_0001"", ""146698_token_0000"", ""204015_token_0000"", ""204788_token_0000"", ""125728_token_0002"", ""146698_token_0001"", ""15130_token_0002"", ""132451_token_0002"", ""259633_token_0000"", ""168290_token_0000"", ""343_token_0000"", ""117845_token_0000"", ""122643_token_0000"", ""125728_token_0001"", ""26951_token_0000"", ""26616_token_0002"", ""16120_token_0001"", ""204766_token_0000"", ""86711_token_0002"", ""6808_token_0000"", ""55640_token_0000"", ""6808_token_0001"", ""7720_token_0001"", ""88886_token_0000"", ""70708_token_0001"", ""186561_token_0001"", ""91754_token_0000"", ""90077_token_0000"", ""204788_token_0001"", ""226955_token_0001"", ""225970_token_0000"", ""7720_token_0000"", ""27302_token_0002"", ""26373_token_0001"", ""192981_token_0002"", ""14641_token_0002"", ""152492_token_0000"", ""228422_token_0000"", ""15130_token_0003"", ""15631_token_0002"", ""88886_token_0001"", ""232734_token_0001"", ""240214_token_0000"", ""22674_token_0001"", ""88824_token_0000"", ""86711_token_0001""]"
16546_1,dense,"Ai là người đại diện pháp lý cho Baekhyun, Xiumin và Chen trong vụ tranh chấp hợp đồng với SM Entertainment?",16546,True,"[""16546""]",6280.7467,1.0,1.0,1.0,1.0,1.0,1.0,1.0,1.0,"[""16546""]","[""16546"", ""14000"", ""14929"", ""14523"", ""14135"", ""15209"", ""16213"", ""86966"", ""14930"", ""165645"", ""6806"", ""203913"", ""93652"", ""15300"", ""15317"", ""88073"", ""94662"", ""194351"", ""91166"", ""167211"", ""15987"", ""15956"", ""92593"", ""216156"", ""245226"", ""204819"", ""203898"", ""204230"", ""88194"", ""14571"", ""6804"", ""8705"", ""125728"", ""86521"", ""14867"", ""204697"", ""21216""]","[""16546_token_0000"", ""14000_token_0000"", ""14000_token_0002"", ""14000_token_0001"", ""16546_token_0001"", ""14929_token_0000"", ""14929_token_0001"", ""14523_token_0000"", ""14135_token_0001"", ""15209_token_0000"", ""16213_token_0000"", ""86966_token_0001"", ""14930_token_0000"", ""14135_token_0000"", ""165645_token_0000"", ""6806_token_0000"", ""203913_token_0000"", ""93652_token_0000"", ""15300_token_0000"", ""15317_token_0001"", ""88073_token_0000"", ""94662_token_0001"", ""194351_token_0001"", ""91166_token_0000"", ""14930_token_0001"", ""88073_token_0002"", ""167211_token_0000"", ""15209_token_0001"", ""15317_token_0002"", ""15987_token_0001"", ""15956_token_0001"", ""92593_token_0002"", ""14930_token_0002"", ""216156_token_0000"", ""245226_token_0000"", ""204819_token_0000"", ""203898_token_0000"", ""92593_token_0003"", ""204230_token_0001"", ""88194_token_0000"", ""14523_token_0003"", ""14571_token_0001"", ""6804_token_0000"", ""8705_token_0000"", ""125728_token_0001"", ""86521_token_0001"", ""14867_token_0001"", ""204697_token_0000"", ""21216_token_0001"", ""167211_token_0001""]"
16546_1,hybrid,"Ai là người đại diện pháp lý cho Baekhyun, Xiumin và Chen trong vụ tranh chấp hợp đồng với SM Entertainment?",16546,True,"[""16546""]",6414.6749,0.0,0.0,1.0,1.0,1.0,1.0,0.5,0.6309297535714575,"[""16546""]","[""14000"", ""16546"", ""125728"", ""146698"", ""14929"", ""204015"", ""14523"", ""204788"", ""14135"", ""15209"", ""15130"", ""16213"", ""132451"", ""86966"", ""14930"", ""259633"", ""168290"", ""165645"", ""343"", ""117845"", ""6806"", ""122643"", ""203913"", ""93652"", ""15300"", ""26951"", ""15317"", ""26616"", ""16120"", ""88073"", ""204766"", ""94662"", ""194351"", ""86711"", ""6808"", ""91166"", ""55640"", ""167211"", ""7720""]","[""14000_token_0000"", ""16546_token_0000"", ""14000_token_0002"", ""14000_token_0001"", ""16546_token_0001"", ""125728_token_0001"", ""146698_token_0000"", ""14929_token_0000"", ""14929_token_0001"", ""204015_token_0000"", ""14523_token_0000"", ""204788_token_0000"", ""125728_token_0002"", ""14135_token_0001"", ""146698_token_0001"", ""15209_token_0000"", ""15130_token_0002"", ""16213_token_0000"", ""132451_token_0002"", ""86966_token_0001"", ""14930_token_0000"", ""259633_token_0000"", ""14135_token_0000"", ""168290_token_0000"", ""165645_token_0000"", ""343_token_0000"", ""117845_token_0000"", ""6806_token_0000"", ""122643_token_0000"", ""203913_token_0000"", ""93652_token_0000"", ""15300_token_0000"", ""26951_token_0000"", ""15317_token_0001"", ""26616_token_0002"", ""16120_token_0001"", ""88073_token_0000"", ""204766_token_0000"", ""94662_token_0001"", ""194351_token_0001"", ""86711_token_0002"", ""6808_token_0000"", ""91166_token_0000"", ""14930_token_0001"", ""55640_token_0000"", ""6808_token_0001"", ""88073_token_0002"", ""167211_token_0000"", ""7720_token_0001"", ""15209_token_0001""]"
16546_2,bm25,Vụ tranh chấp giữa ba thành viên EXO và SM Entertainment diễn ra như thế nào?,16546,True,"[""16546""]",144.8912,0.0,0.0,1.0,1.0,1.0,1.0,0.5,0.6309297535714575,"[""16546""]","[""14000"", ""16546"", ""91754"", ""44489"", ""93902"", ""27302"", ""16602"", ""6808"", ""216161"", ""263177"", ""90077"", ""15018"", ""15806"", ""91166"", ""7720"", ""15201"", ""87091"", ""16120"", ""121437"", ""214157"", ""177010"", ""204788"", ""14423"", ""131634"", ""256122"", ""14069"", ""8493"", ""42890"", ""214430"", ""125807"", ""12543"", ""14641"", ""14683"", ""26951"", ""15130"", ""121878"", ""16528"", ""146698"", ""118228"", ""6709"", ""122300""]","[""14000_token_0002"", ""14000_token_0000"", ""14000_token_0001"", ""16546_token_0000"", ""16546_token_0001"", ""91754_token_0000"", ""44489_token_0001"", ""93902_token_0001"", ""27302_token_0003"", ""16602_token_0000"", ""6808_token_0001"", ""6808_token_0000"", ""216161_token_0000"", ""263177_token_0002"", ""90077_token_0000"", ""15018_token_0002"", ""15806_token_0002"", ""91166_token_0000"", ""7720_token_0000"", ""15201_token_0002"", ""93902_token_0000"", ""87091_token_0000"", ""16120_token_0001"", ""27302_token_0002"", ""121437_token_0002"", ""214157_token_0001"", ""177010_token_0002"", ""204788_token_0000"", ""14423_token_0001"", ""131634_token_0000"", ""256122_token_0000"", ""14069_token_0000"", ""8493_token_0000"", ""42890_token_0001"", ""214430_token_0000"", ""125807_token_0001"", ""12543_token_0001"", ""15018_token_0000"", ""7720_token_0001"", ""14641_token_0002"", ""14683_token_0001"", ""26951_token_0000"", ""15130_token_0003"", ""121878_token_0001"", ""16528_token_0001"", ""146698_token_0001"", ""118228_token_0000"", ""6709_token_0001"", ""122300_token_0000"", ""214157_token_0002""]"
16546_2,dense,Vụ tranh chấp giữa ba thành viên EXO và SM Entertainment diễn ra như thế nào?,16546,True,"[""16546""]",6339.7252,1.0,1.0,1.0,1.0,1.0,1.0,1.0,1.0,"[""16546""]","[""16546"", ""14000"", ""14135"", ""14523"", ""91166"", ""165645"", ""14930"", ""88073"", ""16628"", ""15317"", ""14867"", ""86966"", ""170316"", ""88621"", ""55803"", ""93652"", ""15987"", ""92593"", ""6806"", ""87972"", ""83201"", ""88194"", ""35174"", ""14571"", ""93993"", ""203898"", ""245226"", ""15300"", ""215329"", ""86711"", ""15419"", ""167211"", ""86521"", ""6804""]","[""16546_token_0000"", ""14000_token_0000"", ""14000_token_0002"", ""14000_token_0001"", ""16546_token_0001"", ""14135_token_0001"", ""14523_token_0000"", ""91166_token_0000"", ""14135_token_0000"", ""165645_token_0000"", ""14930_token_0000"", ""88073_token_0000"", ""16628_token_0001"", ""15317_token_0001"", ""14867_token_0001"", ""86966_token_0001"", ""14930_token_0001"", ""170316_token_0002"", ""15317_token_0002"", ""88621_token_0001"", ""88073_token_0002"", ""55803_token_0000"", ""93652_token_0000"", ""15987_token_0001"", ""92593_token_0001"", ""6806_token_0000"", ""87972_token_0000"", ""83201_token_0000"", ""88194_token_0000"", ""35174_token_0003"", ""14571_token_0001"", ""93993_token_0000"", ""203898_token_0000"", ""245226_token_0000"", ""14930_token_0002"", ""16628_token_0000"", ""14523_token_0003"", ""15300_token_0000"", ""92593_token_0000"", ""215329_token_0000"", ""15317_token_0000"", ""86711_token_0001"", ""15419_token_0000"", ""167211_token_0000"", ""86521_token_0001"", ""83201_token_0001"", ""6804_token_0000"", ""92593_token_0002"", ""92593_token_0003"", ""15419_token_0002""]"
16546_2,hybrid,Vụ tranh chấp giữa ba thành viên EXO và SM Entertainment diễn ra như thế nào?,16546,True,"[""16546""]",6339.416,0.0,0.0,1.0,1.0,1.0,1.0,0.5,0.6309297535714575,"[""16546""]","[""14000"", ""16546"", ""91166"", ""14135"", ""91754"", ""14523"", ""44489"", ""93902"", ""27302"", ""165645"", ""16602"", ""14930"", ""6808"", ""88073"", ""16628"", ""216161"", ""15317"", ""263177"", ""14867"", ""90077"", ""15018"", ""86966"", ""15806"", ""170316"", ""7720"", ""15201"", ""88621"", ""55803"", ""87091"", ""16120"", ""93652"", ""15987"", ""121437"", ""92593"", ""214157"", ""6806"", ""177010"", ""87972"", ""204788"", ""83201""]","[""14000_token_0002"", ""14000_token_0000"", ""16546_token_0000"", ""14000_token_0001"", ""16546_token_0001"", ""91166_token_0000"", ""14135_token_0001"", ""91754_token_0000"", ""14523_token_0000"", ""44489_token_0001"", ""93902_token_0001"", ""14135_token_0000"", ""27302_token_0003"", ""165645_token_0000"", ""16602_token_0000"", ""14930_token_0000"", ""6808_token_0001"", ""6808_token_0000"", ""88073_token_0000"", ""16628_token_0001"", ""216161_token_0000"", ""15317_token_0001"", ""263177_token_0002"", ""14867_token_0001"", ""90077_token_0000"", ""15018_token_0002"", ""86966_token_0001"", ""14930_token_0001"", ""15806_token_0002"", ""170316_token_0002"", ""15317_token_0002"", ""7720_token_0000"", ""15201_token_0002"", ""88621_token_0001"", ""88073_token_0002"", ""93902_token_0000"", ""55803_token_0000"", ""87091_token_0000"", ""16120_token_0001"", ""93652_token_0000"", ""15987_token_0001"", ""27302_token_0002"", ""121437_token_0002"", ""92593_token_0001"", ""214157_token_0001"", ""6806_token_0000"", ""177010_token_0002"", ""87972_token_0000"", ""204788_token_0000"", ""83201_token_0000""]"
16546_3,bm25,"Điều gì khiến Baekhyun, Xiumin và Chen quyết định theo đuổi hành động pháp lý chống lại SM Entertainment?",16546,True,"[""16546""]",171.6674,0.0,0.0,1.0,1.0,1.0,1.0,0.5,0.6309297535714575,"[""16546""]","[""14000"", ""16546"", ""86925"", ""16213"", ""87091"", ""93902"", ""125036"", ""80988"", ""53110"", ""168290"", ""14423"", ""185640"", ""88073"", ""91754"", ""177146"", ""52942"", ""24186"", ""176549"", ""216202"", ""185931"", ""214797"", ""119868"", ""15130"", ""90077"", ""176162"", ""15317"", ""14641"", ""122339"", ""32498"", ""32733"", ""194169"", ""86519"", ""32095"", ""6808"", ""159836"", ""69987"", ""121232"", ""188612"", ""39495"", ""161559"", ""9006""]","[""14000_token_0002"", ""14000_token_0000"", ""16546_token_0000"", ""14000_token_0001"", ""16546_token_0001"", ""86925_token_0002"", ""16213_token_0000"", ""87091_token_0000"", ""93902_token_0001"", ""125036_token_0001"", ""80988_token_0000"", ""53110_token_0002"", ""168290_token_0000"", ""125036_token_0000"", ""14423_token_0001"", ""185640_token_0001"", ""88073_token_0002"", ""91754_token_0000"", ""177146_token_0000"", ""52942_token_0000"", ""24186_token_0001"", ""176549_token_0001"", ""216202_token_0000"", ""185931_token_0001"", ""214797_token_0000"", ""119868_token_0000"", ""15130_token_0002"", ""90077_token_0000"", ""176162_token_0000"", ""15317_token_0001"", ""14641_token_0002"", ""122339_token_0000"", ""32498_token_0002"", ""24186_token_0003"", ""32733_token_0002"", ""194169_token_0000"", ""86519_token_0001"", ""15317_token_0002"", ""32733_token_0000"", ""32095_token_0002"", ""6808_token_0001"", ""24186_token_0000"", ""32095_token_0001"", ""159836_token_0000"", ""69987_token_0000"", ""121232_token_0000"", ""188612_token_0002"", ""39495_token_0000"", ""161559_token_0001"", ""9006_token_0000""]"
16546_3,dense,"Điều gì khiến Baekhyun, Xiumin và Chen quyết định theo đuổi hành động pháp lý chống lại SM Entertainment?",16546,True,"[""16546""]",6197.908,1.0,1.0,1.0,1.0,1.0,1.0,1.0,1.0,"[""16546""]","[""16546"", ""14000"", ""14135"", ""14523"", ""15419"", ""16213"", ""15317"", ""15300"", ""14867"", ""86966"", ""15209"", ""88073"", ""91754"", ""88621"", ""86521"", ""6804"", ""14930"", ""15987"", ""94662"", ""15956"", ""92593"", ""16628"", ""165645"", ""6798"", ""14571"", ""14069"", ""165933"", ""16602"", ""88194"", ""170784"", ""91166"", ""14625"", ""6709"", ""203898"", ""6806"", ""16120""]","[""16546_token_0000"", ""14000_token_0000"", ""14000_token_0002"", ""14000_token_0001"", ""16546_token_0001"", ""14135_token_0001"", ""14523_token_0000"", ""15419_token_0002"", ""16213_token_0000"", ""15317_token_0001"", ""15300_token_0000"", ""14867_token_0001"", ""86966_token_0001"", ""15209_token_0000"", ""14135_token_0000"", ""15419_token_0001"", ""88073_token_0002"", ""91754_token_0000"", ""88621_token_0001"", ""86521_token_0001"", ""88073_token_0000"", ""6804_token_0000"", ""14930_token_0000"", ""15987_token_0001"", ""94662_token_0001"", ""15956_token_0001"", ""92593_token_0002"", ""16628_token_0000"", ""15317_token_0000"", ""165645_token_0000"", ""6798_token_0000"", ""14571_token_0001"", ""14069_token_0000"", ""165933_token_0000"", ""92593_token_0001"", ""16602_token_0001"", ""88194_token_0001"", ""14930_token_0002"", ""170784_token_0001"", ""86966_token_0000"", ""14930_token_0001"", ""91166_token_0000"", ""16628_token_0001"", ""14625_token_0002"", ""6709_token_0001"", ""88194_token_0000"", ""203898_token_0000"", ""6806_token_0000"", ""92593_token_0003"", ""16120_token_0001""]"
16546_3,hybrid,"Điều gì khiến Baekhyun, Xiumin và Chen quyết định theo đuổi hành động pháp lý chống lại SM Entertainment?",16546,True,"[""16546""]",6816.2669,0.0,0.0,1.0,1.0,1.0,1.0,0.5,0.6309297535714575,"[""16546""]","[""14000"", ""16546"", ""16213"", ""88073"", ""91754"", ""15317"", ""14135"", ""86925"", ""14523"", ""15419"", ""87091"", ""93902"", ""125036"", ""15300"", ""80988"", ""14867"", ""53110"", ""168290"", ""86966"", ""15209"", ""14423"", ""185640"", ""177146"", ""88621"", ""52942"", ""86521"", ""24186"", ""176549"", ""6804"", ""14930"", ""216202"", ""15987"", ""185931"", ""214797"", ""94662"", ""119868"", ""15956"", ""15130"", ""92593"", ""16628"", ""90077"", ""176162""]","[""14000_token_0002"", ""16546_token_0000"", ""14000_token_0000"", ""14000_token_0001"", ""16546_token_0001"", ""16213_token_0000"", ""88073_token_0002"", ""91754_token_0000"", ""15317_token_0001"", ""14135_token_0001"", ""86925_token_0002"", ""14523_token_0000"", ""15419_token_0002"", ""87091_token_0000"", ""93902_token_0001"", ""125036_token_0001"", ""15300_token_0000"", ""80988_token_0000"", ""14867_token_0001"", ""53110_token_0002"", ""168290_token_0000"", ""86966_token_0001"", ""125036_token_0000"", ""15209_token_0000"", ""14135_token_0000"", ""14423_token_0001"", ""15419_token_0001"", ""185640_token_0001"", ""177146_token_0000"", ""88621_token_0001"", ""52942_token_0000"", ""86521_token_0001"", ""24186_token_0001"", ""88073_token_0000"", ""176549_token_0001"", ""6804_token_0000"", ""14930_token_0000"", ""216202_token_0000"", ""15987_token_0001"", ""185931_token_0001"", ""214797_token_0000"", ""94662_token_0001"", ""119868_token_0000"", ""15956_token_0001"", ""15130_token_0002"", ""92593_token_0002"", ""16628_token_0000"", ""90077_token_0000"", ""15317_token_0000"", ""176162_token_0000""]"
16546_4,bm25,SM Entertainment phản ứng thế nào trước hành động pháp lý của ba thành viên EXO?,16546,True,"[""16546""]",135.1126,0.0,0.0,1.0,1.0,1.0,1.0,0.5,0.6309297535714575,"[""16546""]","[""14000"", ""16546"", ""93902"", ""185931"", ""86925"", ""125036"", ""88073"", ""7720"", ""91754"", ""16602"", ""53110"", ""26951"", ""99856"", ""14069"", ""214157"", ""90077"", ""15806"", ""15317"", ""121232"", ""158453"", ""121437"", ""87091"", ""160035"", ""200321"", ""127015"", ""16213"", ""49600"", ""15130"", ""42691"", ""92593"", ""48576"", ""6709"", ""87998"", ""14641"", ""71595"", ""14423"", ""32733"", ""15419"", ""78654""]","[""14000_token_0000"", ""14000_token_0002"", ""14000_token_0001"", ""16546_token_0000"", ""16546_token_0001"", ""93902_token_0001"", ""185931_token_0001"", ""86925_token_0002"", ""125036_token_0001"", ""88073_token_0002"", ""7720_token_0000"", ""91754_token_0000"", ""16602_token_0000"", ""53110_token_0002"", ""26951_token_0000"", ""99856_token_0000"", ""14069_token_0000"", ""214157_token_0000"", ""90077_token_0000"", ""15806_token_0002"", ""15317_token_0002"", ""121232_token_0001"", ""93902_token_0000"", ""158453_token_0001"", ""7720_token_0001"", ""121437_token_0002"", ""87091_token_0000"", ""160035_token_0000"", ""200321_token_0002"", ""127015_token_0000"", ""16213_token_0000"", ""121232_token_0000"", ""49600_token_0001"", ""49600_token_0002"", ""15130_token_0003"", ""42691_token_0001"", ""92593_token_0001"", ""48576_token_0003"", ""6709_token_0001"", ""26951_token_0001"", ""87998_token_0000"", ""14641_token_0001"", ""71595_token_0000"", ""14423_token_0001"", ""32733_token_0002"", ""15317_token_0001"", ""15419_token_0001"", ""78654_token_0001"", ""214157_token_0001"", ""86925_token_0001""]"
16546_4,dense,SM Entertainment phản ứng thế nào trước hành động pháp lý của ba thành viên EXO?,16546,True,"[""16546""]",6234.4573,1.0,1.0,1.0,1.0,1.0,1.0,1.0,1.0,"[""16546""]","[""16546"", ""14000"", ""88073"", ""14135"", ""165645"", ""14523"", ""91166"", ""16213"", ""6804"", ""16628"", ""15317"", ""15201"", ""14930"", ""92593"", ""88621"", ""14867"", ""86521"", ""86966"", ""165933"", ""6798"", ""83201"", ""15419"", ""15307"", ""6806"", ""15987"", ""14571"", ""15956"", ""27035"", ""16602"", ""35254"", ""85084"", ""93652"", ""94662"", ""15018""]","[""16546_token_0000"", ""14000_token_0002"", ""14000_token_0000"", ""14000_token_0001"", ""16546_token_0001"", ""88073_token_0002"", ""14135_token_0001"", ""165645_token_0000"", ""14523_token_0000"", ""91166_token_0000"", ""16213_token_0000"", ""6804_token_0000"", ""16628_token_0001"", ""15317_token_0001"", ""15201_token_0002"", ""14135_token_0000"", ""88073_token_0000"", ""14930_token_0000"", ""14930_token_0001"", ""92593_token_0001"", ""88621_token_0001"", ""14867_token_0001"", ""86521_token_0001"", ""86966_token_0001"", ""165933_token_0000"", ""6798_token_0000"", ""92593_token_0002"", ""83201_token_0000"", ""15419_token_0002"", ""15307_token_0001"", ""88073_token_0001"", ""6806_token_0000"", ""15307_token_0000"", ""14930_token_0002"", ""15987_token_0001"", ""14571_token_0001"", ""15956_token_0001"", ""14523_token_0001"", ""27035_token_0000"", ""16628_token_0000"", ""6804_token_0001"", ""92593_token_0000"", ""16602_token_0001"", ""35254_token_0004"", ""6806_token_0001"", ""85084_token_0001"", ""93652_token_0000"", ""94662_token_0001"", ""15317_token_0000"", ""15018_token_0002""]"
16546_4,hybrid,SM Entertainment phản ứng thế nào trước hành động pháp lý của ba thành viên EXO?,16546,True,"[""16546""]",6306.6583,0.0,0.0,1.0,1.0,1.0,1.0,0.5,0.6309297535714575,"[""16546""]","[""14000"", ""16546"", ""88073"", ""16213"", ""15317"", ""92593"", ""93902"", ""14135"", ""185931"", ""165645"", ""86925"", ""125036"", ""14523"", ""91166"", ""7720"", ""6804"", ""91754"", ""16602"", ""16628"", ""53110"", ""15201"", ""26951"", ""99856"", ""14069"", ""14930"", ""214157"", ""90077"", ""15806"", ""88621"", ""121232"", ""14867"", ""86521"", ""158453"", ""86966"", ""165933"", ""121437"", ""6798"", ""87091"", ""160035"", ""83201""]","[""14000_token_0000"", ""14000_token_0002"", ""16546_token_0000"", ""14000_token_0001"", ""16546_token_0001"", ""88073_token_0002"", ""16213_token_0000"", ""15317_token_0001"", ""92593_token_0001"", ""93902_token_0001"", ""14135_token_0001"", ""185931_token_0001"", ""165645_token_0000"", ""86925_token_0002"", ""125036_token_0001"", ""14523_token_0000"", ""91166_token_0000"", ""7720_token_0000"", ""6804_token_0000"", ""91754_token_0000"", ""16602_token_0000"", ""16628_token_0001"", ""53110_token_0002"", ""15201_token_0002"", ""26951_token_0000"", ""14135_token_0000"", ""99856_token_0000"", ""14069_token_0000"", ""88073_token_0000"", ""14930_token_0000"", ""214157_token_0000"", ""14930_token_0001"", ""90077_token_0000"", ""15806_token_0002"", ""15317_token_0002"", ""88621_token_0001"", ""121232_token_0001"", ""14867_token_0001"", ""86521_token_0001"", ""93902_token_0000"", ""158453_token_0001"", ""86966_token_0001"", ""165933_token_0000"", ""7720_token_0001"", ""121437_token_0002"", ""6798_token_0000"", ""87091_token_0000"", ""92593_token_0002"", ""160035_token_0000"", ""83201_token_0000""]"
16546_5,bm25,Đúng hay sai: 'SM Entertainment đã cung cấp đầy đủ tài liệu quyết toán thu nhập khi ba nghệ sĩ yêu cầu'?,16546,True,"[""16546""]",190.0036,1.0,1.0,1.0,1.0,1.0,1.0,1.0,1.0,"[""16546""]","[""16546"", ""14000"", ""91754"", ""203198"", ""15419"", ""24913"", ""15806"", ""125728"", ""86925"", ""108542"", ""12472"", ""27454"", ""94662"", ""125807"", ""127254"", ""91121"", ""160043"", ""93362"", ""36097"", ""70708"", ""66404"", ""18303"", ""167817"", ""44489"", ""26654"", ""30638"", ""17123"", ""264789"", ""15789"", ""13111"", ""98328"", ""15130"", ""6804"", ""14135"", ""251586"", ""194271"", ""87091"", ""94973"", ""61493"", ""195469"", ""43683"", ""185632"", ""32796"", ""63908""]","[""16546_token_0000"", ""14000_token_0001"", ""14000_token_0000"", ""14000_token_0002"", ""16546_token_0001"", ""91754_token_0000"", ""203198_token_0000"", ""15419_token_0001"", ""24913_token_0001"", ""15806_token_0002"", ""125728_token_0000"", ""86925_token_0002"", ""108542_token_0001"", ""12472_token_0000"", ""27454_token_0000"", ""94662_token_0001"", ""125807_token_0001"", ""127254_token_0000"", ""91121_token_0000"", ""160043_token_0000"", ""93362_token_0001"", ""36097_token_0000"", ""70708_token_0001"", ""66404_token_0001"", ""18303_token_0002"", ""167817_token_0000"", ""44489_token_0000"", ""26654_token_0000"", ""30638_token_0001"", ""17123_token_0001"", ""264789_token_0001"", ""15789_token_0000"", ""13111_token_0000"", ""98328_token_0001"", ""15130_token_0003"", ""6804_token_0004"", ""14135_token_0000"", ""251586_token_0003"", ""251586_token_0001"", ""194271_token_0002"", ""87091_token_0000"", ""30638_token_0000"", ""94973_token_0001"", ""61493_token_0000"", ""195469_token_0001"", ""43683_token_0003"", ""185632_token_0000"", ""13111_token_0001"", ""32796_token_0001"", ""63908_token_0000""]"
16546_5,dense,Đúng hay sai: 'SM Entertainment đã cung cấp đầy đủ tài liệu quyết toán thu nhập khi ba nghệ sĩ yêu cầu'?,16546,True,"[""16546""]",6280.0059,1.0,1.0,1.0,1.0,1.0,1.0,1.0,1.0,"[""16546""]","[""16546"", ""14000"", ""14135"", ""14523"", ""14930"", ""15018"", ""93652"", ""15201"", ""157901"", ""86521"", ""6798"", ""14867"", ""165645"", ""15317"", ""8705"", ""15419"", ""14069"", ""6804"", ""6806"", ""94662"", ""167211"", ""87972"", ""15445"", ""88073"", ""86711"", ""24913"", ""16120"", ""86966"", ""15956"", ""93607"", ""197709"", ""91121"", ""16213"", ""14571""]","[""16546_token_0000"", ""14000_token_0000"", ""14000_token_0001"", ""14135_token_0001"", ""14000_token_0002"", ""14523_token_0000"", ""14135_token_0000"", ""14930_token_0000"", ""16546_token_0001"", ""15018_token_0002"", ""93652_token_0000"", ""15201_token_0002"", ""157901_token_0000"", ""86521_token_0001"", ""6798_token_0000"", ""14930_token_0002"", ""14867_token_0001"", ""165645_token_0000"", ""14930_token_0001"", ""15317_token_0001"", ""8705_token_0000"", ""15018_token_0001"", ""15317_token_0000"", ""15419_token_0000"", ""14069_token_0000"", ""15419_token_0001"", ""6804_token_0000"", ""15419_token_0002"", ""6806_token_0000"", ""94662_token_0001"", ""15018_token_0000"", ""167211_token_0000"", ""87972_token_0001"", ""15445_token_0003"", ""87972_token_0000"", ""88073_token_0000"", ""86711_token_0001"", ""24913_token_0001"", ""15317_token_0002"", ""16120_token_0001"", ""86966_token_0001"", ""86521_token_0000"", ""15956_token_0001"", ""93607_token_0000"", ""197709_token_0001"", ""91121_token_0000"", ""86521_token_0002"", ""16213_token_0000"", ""91121_token_0002"", ""14571_token_0001""]"
16546_5,hybrid,Đúng hay sai: 'SM Entertainment đã cung cấp đầy đủ tài liệu quyết toán thu nhập khi ba nghệ sĩ yêu cầu'?,16546,True,"[""16546""]",6356.084,1.0,1.0,1.0,1.0,1.0,1.0,1.0,1.0,"[""16546""]","[""16546"", ""14000"", ""15419"", ""14135"", ""24913"", ""94662"", ""91121"", ""14523"", ""91754"", ""203198"", ""14930"", ""15018"", ""15806"", ""125728"", ""93652"", ""15201"", ""86925"", ""108542"", ""157901"", ""12472"", ""86521"", ""27454"", ""6798"", ""125807"", ""14867"", ""127254"", ""165645"", ""15317"", ""160043"", ""8705"", ""93362"", ""36097"", ""70708"", ""66404"", ""14069"", ""18303"", ""167817"", ""44489"", ""6804"", ""26654""]","[""16546_token_0000"", ""14000_token_0000"", ""14000_token_0001"", ""14000_token_0002"", ""16546_token_0001"", ""15419_token_0001"", ""14135_token_0000"", ""24913_token_0001"", ""94662_token_0001"", ""91121_token_0000"", ""14135_token_0001"", ""14523_token_0000"", ""91754_token_0000"", ""203198_token_0000"", ""14930_token_0000"", ""15018_token_0002"", ""15806_token_0002"", ""125728_token_0000"", ""93652_token_0000"", ""15201_token_0002"", ""86925_token_0002"", ""108542_token_0001"", ""157901_token_0000"", ""12472_token_0000"", ""86521_token_0001"", ""27454_token_0000"", ""6798_token_0000"", ""14930_token_0002"", ""125807_token_0001"", ""14867_token_0001"", ""127254_token_0000"", ""165645_token_0000"", ""14930_token_0001"", ""15317_token_0001"", ""160043_token_0000"", ""8705_token_0000"", ""93362_token_0001"", ""15018_token_0001"", ""36097_token_0000"", ""15317_token_0000"", ""70708_token_0001"", ""15419_token_0000"", ""66404_token_0001"", ""14069_token_0000"", ""18303_token_0002"", ""167817_token_0000"", ""44489_token_0000"", ""6804_token_0000"", ""15419_token_0002"", ""26654_token_0000""]"
78351_1,bm25,Ai được chọn làm đại sứ cho Tuần lễ Văn hóa - Thể thao - Du lịch biển huyện Thạnh Phú lần đầu tiên được tổ chức tại Bến Tre?,78351,True,"[""78351""]",233.0108,1.0,1.0,1.0,1.0,1.0,1.0,1.0,1.0,"[""78351""]","[""78351"", ""39132"", ""76880"", ""131528"", ""185308"", ""135575"", ""109100"", ""200312"", ""106849"", ""132267"", ""131543"", ""2042"", ""138826"", ""107258"", ""45920"", ""1532"", ""154478"", ""32945"", ""99007"", ""104012"", ""235981"", ""88995"", ""765"", ""131702"", ""77316"", ""8863"", ""19467"", ""77211"", ""15748"", ""235986"", ""98372"", ""77481"", ""195911"", ""74838"", ""22222"", ""14244"", ""142272"", ""263176"", ""77878""]","[""78351_token_0000"", ""39132_token_0000"", ""76880_token_0000"", ""131528_token_0000"", ""185308_token_0000"", ""135575_token_0000"", ""109100_token_0001"", ""200312_token_0001"", ""106849_token_0000"", ""132267_token_0001"", ""131543_token_0000"", ""2042_token_0001"", ""138826_token_0001"", ""107258_token_0001"", ""45920_token_0000"", ""1532_token_0000"", ""154478_token_0000"", ""32945_token_0000"", ""99007_token_0000"", ""104012_token_0000"", ""235981_token_0001"", ""88995_token_0000"", ""765_token_0001"", ""131702_token_0000"", ""77316_token_0002"", ""8863_token_0000"", ""19467_token_0001"", ""77211_token_0000"", ""132267_token_0000"", ""15748_token_0000"", ""39132_token_0001"", ""235986_token_0001"", ""98372_token_0000"", ""77481_token_0001"", ""131543_token_0001"", ""195911_token_0001"", ""77481_token_0000"", ""15748_token_0001"", ""74838_token_0000"", ""154478_token_0001"", ""109100_token_0002"", ""22222_token_0001"", ""14244_token_0000"", ""1532_token_0001"", ""142272_token_0003"", ""19467_token_0002"", ""263176_token_0001"", ""107258_token_0002"", ""195911_token_0000"", ""77878_token_0001""]"
78351_1,dense,Ai được chọn làm đại sứ cho Tuần lễ Văn hóa - Thể thao - Du lịch biển huyện Thạnh Phú lần đầu tiên được tổ chức tại Bến Tre?,78351,True,"[""78351""]",6203.4218,1.0,1.0,1.0,1.0,1.0,1.0,1.0,1.0,"[""78351""]","[""78351"", ""45920"", ""109100"", ""163689"", ""109749"", ""79021"", ""154478"", ""12956"", ""131721"", ""39162"", ""163148"", ""39181"", ""166703"", ""39132"", ""78323"", ""129914"", ""138826"", ""263419"", ""12891"", ""42393"", ""15806"", ""132267"", ""104012"", ""127062"", ""114933"", ""8160"", ""92956"", ""46682"", ""103025"", ""131539"", ""262489"", ""226267"", ""7515"", ""153849"", ""12563"", ""7447"", ""199846"", ""128169"", ""14244""]","[""78351_token_0000"", ""45920_token_0000"", ""109100_token_0001"", ""163689_token_0000"", ""109749_token_0000"", ""79021_token_0002"", ""154478_token_0000"", ""12956_token_0000"", ""131721_token_0000"", ""39162_token_0000"", ""163148_token_0000"", ""39181_token_0001"", ""166703_token_0000"", ""39132_token_0000"", ""78323_token_0000"", ""129914_token_0000"", ""109749_token_0001"", ""138826_token_0001"", ""263419_token_0002"", ""12891_token_0000"", ""42393_token_0001"", ""45920_token_0003"", ""15806_token_0003"", ""39181_token_0000"", ""45920_token_0001"", ""12891_token_0001"", ""263419_token_0001"", ""132267_token_0000"", ""104012_token_0001"", ""127062_token_0003"", ""109100_token_0002"", ""39162_token_0002"", ""114933_token_0000"", ""8160_token_0000"", ""92956_token_0000"", ""46682_token_0000"", ""103025_token_0001"", ""131539_token_0004"", ""262489_token_0001"", ""226267_token_0001"", ""7515_token_0001"", ""153849_token_0003"", ""39181_token_0002"", ""12563_token_0001"", ""7447_token_0003"", ""263419_token_0000"", ""199846_token_0000"", ""128169_token_0000"", ""14244_token_0001"", ""129914_token_0001""]"
78351_1,hybrid,Ai được chọn làm đại sứ cho Tuần lễ Văn hóa - Thể thao - Du lịch biển huyện Thạnh Phú lần đầu tiên được tổ chức tại Bến Tre?,78351,True,"[""78351""]",6449.4011,1.0,1.0,1.0,1.0,1.0,1.0,1.0,1.0,"[""78351""]","[""78351"", ""109100"", ""39132"", ""45920"", ""154478"", ""138826"", ""132267"", ""76880"", ""131528"", ""163689"", ""109749"", ""185308"", ""135575"", ""79021"", ""12956"", ""200312"", ""106849"", ""131721"", ""39162"", ""131543"", ""163148"", ""2042"", ""39181"", ""166703"", ""107258"", ""78323"", ""129914"", ""1532"", ""32945"", ""263419"", ""99007"", ""104012"", ""12891"", ""235981"", ""42393"", ""88995"", ""15806"", ""765"", ""131702"", ""77316"", ""8863"", ""19467""]","[""78351_token_0000"", ""109100_token_0001"", ""39132_token_0000"", ""45920_token_0000"", ""154478_token_0000"", ""138826_token_0001"", ""132267_token_0000"", ""109100_token_0002"", ""76880_token_0000"", ""131528_token_0000"", ""163689_token_0000"", ""109749_token_0000"", ""185308_token_0000"", ""135575_token_0000"", ""79021_token_0002"", ""12956_token_0000"", ""200312_token_0001"", ""106849_token_0000"", ""131721_token_0000"", ""132267_token_0001"", ""39162_token_0000"", ""131543_token_0000"", ""163148_token_0000"", ""2042_token_0001"", ""39181_token_0001"", ""166703_token_0000"", ""107258_token_0001"", ""78323_token_0000"", ""129914_token_0000"", ""1532_token_0000"", ""109749_token_0001"", ""32945_token_0000"", ""263419_token_0002"", ""99007_token_0000"", ""104012_token_0000"", ""12891_token_0000"", ""235981_token_0001"", ""42393_token_0001"", ""45920_token_0003"", ""88995_token_0000"", ""15806_token_0003"", ""765_token_0001"", ""131702_token_0000"", ""39181_token_0000"", ""45920_token_0001"", ""77316_token_0002"", ""12891_token_0001"", ""8863_token_0000"", ""19467_token_0001"", ""263419_token_0001""]"
78351_2,bm25,Tuần lễ Văn hóa - Thể thao - Du lịch biển huyện Thạnh Phú bao gồm những hoạt động nổi bật nào?,78351,True,"[""78351""]",159.1554,1.0,1.0,1.0,1.0,1.0,1.0,1.0,1.0,"[""78351""]","[""78351"", ""135575"", ""78323"", ""1532"", ""2042"", ""108893"", ""98088"", ""78858"", ""1547"", ""195911"", ""77211"", ""155036"", ""39132"", ""76880"", ""156227"", ""79616"", ""76864"", ""77781"", ""154478"", ""114933"", ""131543"", ""257260"", ""74483"", ""77316"", ""76413"", ""197692"", ""2240"", ""79595"", ""171744"", ""131528"", ""40203"", ""72540"", ""151748"", ""154555"", ""5983"", ""42486"", ""22222"", ""167250"", ""19684"", ""1658"", ""168461""]","[""78351_token_0000"", ""135575_token_0000"", ""78323_token_0000"", ""1532_token_0001"", ""2042_token_0001"", ""108893_token_0001"", ""98088_token_0000"", ""1532_token_0000"", ""78858_token_0000"", ""1547_token_0001"", ""195911_token_0001"", ""77211_token_0000"", ""155036_token_0001"", ""39132_token_0000"", ""39132_token_0001"", ""108893_token_0002"", ""76880_token_0001"", ""195911_token_0000"", ""76880_token_0000"", ""156227_token_0000"", ""79616_token_0000"", ""76864_token_0001"", ""77781_token_0001"", ""154478_token_0000"", ""114933_token_0000"", ""131543_token_0000"", ""257260_token_0001"", ""74483_token_0001"", ""77316_token_0000"", ""76413_token_0000"", ""76413_token_0001"", ""197692_token_0002"", ""76864_token_0000"", ""2240_token_0000"", ""79595_token_0000"", ""171744_token_0000"", ""131528_token_0000"", ""40203_token_0001"", ""72540_token_0002"", ""195911_token_0002"", ""151748_token_0000"", ""154555_token_0000"", ""5983_token_0000"", ""42486_token_0003"", ""79595_token_0003"", ""22222_token_0001"", ""167250_token_0000"", ""19684_token_0001"", ""1658_token_0001"", ""168461_token_0001""]"
78351_2,dense,Tuần lễ Văn hóa - Thể thao - Du lịch biển huyện Thạnh Phú bao gồm những hoạt động nổi bật nào?,78351,True,"[""78351""]",6259.0887,1.0,1.0,1.0,1.0,1.0,1.0,1.0,1.0,"[""78351""]","[""78351"", ""154555"", ""109100"", ""163689"", ""163148"", ""2240"", ""78323"", ""149447"", ""39132"", ""79771"", ""77248"", ""155036"", ""154478"", ""79021"", ""135575"", ""76864"", ""6609"", ""108893"", ""97745"", ""1532"", ""76413"", ""77700"", ""1474"", ""79540"", ""128838"", ""6600"", ""131543"", ""109400"", ""8160"", ""131528"", ""7291"", ""162660"", ""78858"", ""96901"", ""98088"", ""108547""]","[""78351_token_0000"", ""154555_token_0001"", ""109100_token_0001"", ""163689_token_0000"", ""163148_token_0000"", ""2240_token_0001"", ""163148_token_0001"", ""78323_token_0000"", ""149447_token_0001"", ""39132_token_0001"", ""39132_token_0000"", ""79771_token_0002"", ""77248_token_0000"", ""155036_token_0001"", ""154478_token_0000"", ""149447_token_0000"", ""79021_token_0002"", ""135575_token_0000"", ""154555_token_0000"", ""76864_token_0002"", ""6609_token_0002"", ""149447_token_0002"", ""108893_token_0001"", ""97745_token_0002"", ""1532_token_0000"", ""155036_token_0002"", ""79771_token_0000"", ""76413_token_0001"", ""77700_token_0003"", ""2240_token_0000"", ""1474_token_0001"", ""79540_token_0000"", ""128838_token_0001"", ""1532_token_0001"", ""6600_token_0000"", ""6600_token_0002"", ""131543_token_0000"", ""109100_token_0000"", ""109400_token_0001"", ""8160_token_0001"", ""131528_token_0000"", ""7291_token_0000"", ""162660_token_0002"", ""78858_token_0000"", ""109100_token_0002"", ""96901_token_0001"", ""98088_token_0000"", ""154478_token_0001"", ""108547_token_0002"", ""128838_token_0002""]"
78351_2,hybrid,Tuần lễ Văn hóa - Thể thao - Du lịch biển huyện Thạnh Phú bao gồm những hoạt động nổi bật nào?,78351,True,"[""78351""]",6377.9154,1.0,1.0,1.0,1.0,1.0,1.0,1.0,1.0,"[""78351""]","[""78351"", ""78323"", ""135575"", ""39132"", ""155036"", ""108893"", ""1532"", ""154478"", ""98088"", ""78858"", ""154555"", ""76413"", ""131543"", ""2240"", ""131528"", ""109100"", ""163689"", ""163148"", ""2042"", ""149447"", ""1547"", ""195911"", ""77211"", ""79771"", ""77248"", ""76880"", ""79021"", ""156227"", ""76864"", ""6609"", ""79616"", ""77781"", ""97745"", ""114933"", ""257260"", ""74483"", ""77316""]","[""78351_token_0000"", ""78323_token_0000"", ""135575_token_0000"", ""39132_token_0001"", ""39132_token_0000"", ""155036_token_0001"", ""108893_token_0001"", ""1532_token_0000"", ""1532_token_0001"", ""154478_token_0000"", ""98088_token_0000"", ""78858_token_0000"", ""154555_token_0000"", ""76413_token_0001"", ""131543_token_0000"", ""2240_token_0000"", ""131528_token_0000"", ""154555_token_0001"", ""109100_token_0001"", ""163689_token_0000"", ""163148_token_0000"", ""2042_token_0001"", ""2240_token_0001"", ""163148_token_0001"", ""149447_token_0001"", ""1547_token_0001"", ""195911_token_0001"", ""77211_token_0000"", ""79771_token_0002"", ""77248_token_0000"", ""108893_token_0002"", ""149447_token_0000"", ""76880_token_0001"", ""79021_token_0002"", ""195911_token_0000"", ""76880_token_0000"", ""156227_token_0000"", ""76864_token_0002"", ""6609_token_0002"", ""79616_token_0000"", ""149447_token_0002"", ""76864_token_0001"", ""77781_token_0001"", ""97745_token_0002"", ""114933_token_0000"", ""155036_token_0002"", ""257260_token_0001"", ""79771_token_0000"", ""74483_token_0001"", ""77316_token_0000""]"
78351_3,bm25,Hoa hậu Nguyễn Thanh Hà đã thực hiện những hoạt động gì với vai trò đại sứ tại lễ khai mạc tuần lễ du lịch biển Thạnh Phú?,78351,True,"[""78351""]",184.7115,1.0,1.0,1.0,1.0,1.0,1.0,1.0,1.0,"[""78351""]","[""78351"", ""93301"", ""78858"", ""15427"", ""79735"", ""135575"", ""15748"", ""1532"", ""169886"", ""165252"", ""138826"", ""235089"", ""21195"", ""90428"", ""104012"", ""151451"", ""74483"", ""10636"", ""77781"", ""39132"", ""201936"", ""32945"", ""78323"", ""107012"", ""263501"", ""14925"", ""59270"", ""79021"", ""216338"", ""74494"", ""1846"", ""35625"", ""77539"", ""94819"", ""90961"", ""128838"", ""79577"", ""235986"", ""197111""]","[""78351_token_0000"", ""93301_token_0000"", ""78858_token_0000"", ""15427_token_0000"", ""79735_token_0000"", ""135575_token_0000"", ""15748_token_0000"", ""15748_token_0001"", ""1532_token_0000"", ""169886_token_0000"", ""165252_token_0000"", ""138826_token_0001"", ""78858_token_0001"", ""15427_token_0003"", ""1532_token_0001"", ""235089_token_0000"", ""21195_token_0001"", ""90428_token_0000"", ""104012_token_0000"", ""79735_token_0001"", ""90428_token_0001"", ""151451_token_0000"", ""74483_token_0000"", ""10636_token_0000"", ""77781_token_0001"", ""39132_token_0000"", ""201936_token_0000"", ""32945_token_0000"", ""78323_token_0000"", ""107012_token_0000"", ""21195_token_0000"", ""263501_token_0000"", ""14925_token_0000"", ""59270_token_0000"", ""79021_token_0000"", ""216338_token_0000"", ""74494_token_0000"", ""1846_token_0000"", ""35625_token_0001"", ""77539_token_0002"", ""94819_token_0001"", ""79021_token_0001"", ""107012_token_0001"", ""90961_token_0000"", ""128838_token_0003"", ""79577_token_0000"", ""235986_token_0001"", ""77781_token_0000"", ""15427_token_0001"", ""197111_token_0000""]"
78351_3,dense,Hoa hậu Nguyễn Thanh Hà đã thực hiện những hoạt động gì với vai trò đại sứ tại lễ khai mạc tuần lễ du lịch biển Thạnh Phú?,78351,True,"[""78351""]",6664.4926,1.0,1.0,1.0,1.0,1.0,1.0,1.0,1.0,"[""78351""]","[""78351"", ""21195"", ""169886"", ""166703"", ""168601"", ""165277"", ""14244"", ""79021"", ""2240"", ""15417"", ""15427"", ""7515"", ""128838"", ""148573"", ""165252"", ""13639"", ""109100"", ""45920"", ""104012"", ""90428"", ""93281"", ""92694"", ""93561"", ""93726"", ""89020"", ""163689"", ""257260"", ""154279"", ""114069"", ""108202"", ""39132"", ""14950"", ""76864"", ""22222""]","[""78351_token_0000"", ""21195_token_0001"", ""21195_token_0002"", ""169886_token_0000"", ""166703_token_0000"", ""168601_token_0000"", ""165277_token_0001"", ""14244_token_0001"", ""79021_token_0001"", ""79021_token_0002"", ""2240_token_0001"", ""15417_token_0000"", ""15427_token_0003"", ""14244_token_0000"", ""15417_token_0001"", ""7515_token_0000"", ""128838_token_0001"", ""168601_token_0001"", ""2240_token_0000"", ""7515_token_0001"", ""15427_token_0002"", ""21195_token_0000"", ""148573_token_0002"", ""165252_token_0000"", ""7515_token_0002"", ""13639_token_0000"", ""109100_token_0001"", ""15427_token_0000"", ""45920_token_0000"", ""104012_token_0001"", ""90428_token_0000"", ""15427_token_0001"", ""93281_token_0000"", ""90428_token_0001"", ""45920_token_0001"", ""92694_token_0000"", ""93561_token_0001"", ""93726_token_0001"", ""89020_token_0001"", ""163689_token_0000"", ""257260_token_0002"", ""154279_token_0000"", ""114069_token_0000"", ""165252_token_0001"", ""108202_token_0001"", ""39132_token_0000"", ""14950_token_0000"", ""76864_token_0002"", ""109100_token_0002"", ""22222_token_0001""]"
78351_3,hybrid,Hoa hậu Nguyễn Thanh Hà đã thực hiện những hoạt động gì với vai trò đại sứ tại lễ khai mạc tuần lễ du lịch biển Thạnh Phú?,78351,True,"[""78351""]",6400.6758,1.0,1.0,1.0,1.0,1.0,1.0,1.0,1.0,"[""78351""]","[""78351"", ""169886"", ""21195"", ""15427"", ""165252"", ""79021"", ""90428"", ""39132"", ""93301"", ""78858"", ""166703"", ""79735"", ""135575"", ""168601"", ""15748"", ""165277"", ""14244"", ""1532"", ""2240"", ""138826"", ""15417"", ""235089"", ""7515"", ""128838"", ""104012"", ""151451"", ""148573"", ""74483"", ""10636"", ""77781"", ""13639"", ""109100"", ""201936""]","[""78351_token_0000"", ""169886_token_0000"", ""21195_token_0001"", ""15427_token_0003"", ""15427_token_0000"", ""165252_token_0000"", ""79021_token_0001"", ""90428_token_0000"", ""21195_token_0000"", ""90428_token_0001"", ""39132_token_0000"", ""15427_token_0001"", ""93301_token_0000"", ""21195_token_0002"", ""78858_token_0000"", ""166703_token_0000"", ""79735_token_0000"", ""135575_token_0000"", ""168601_token_0000"", ""15748_token_0000"", ""165277_token_0001"", ""14244_token_0001"", ""15748_token_0001"", ""1532_token_0000"", ""79021_token_0002"", ""2240_token_0001"", ""138826_token_0001"", ""15417_token_0000"", ""78858_token_0001"", ""14244_token_0000"", ""1532_token_0001"", ""15417_token_0001"", ""235089_token_0000"", ""7515_token_0000"", ""128838_token_0001"", ""168601_token_0001"", ""104012_token_0000"", ""2240_token_0000"", ""7515_token_0001"", ""79735_token_0001"", ""15427_token_0002"", ""151451_token_0000"", ""148573_token_0002"", ""74483_token_0000"", ""10636_token_0000"", ""7515_token_0002"", ""77781_token_0001"", ""13639_token_0000"", ""109100_token_0001"", ""201936_token_0000""]"
78351_4,bm25,Việc UBND huyện Thạnh Phú phối hợp với Sở VH-TT-DL Bến Tre tổ chức tuần lễ du lịch biển này nhằm mục đích gì?,78351,True,"[""78351""]",189.9274,1.0,1.0,1.0,1.0,1.0,1.0,1.0,1.0,"[""78351""]","[""78351"", ""132267"", ""135575"", ""185308"", ""126906"", ""79560"", ""1532"", ""109100"", ""42409"", ""104334"", ""151748"", ""75978"", ""107258"", ""39132"", ""137531"", ""186570"", ""196161"", ""109749"", ""154478"", ""194"", ""149048"", ""241735"", ""239021"", ""200312"", ""140357"", ""183018"", ""139373"", ""137207"", ""140485"", ""136766"", ""196703"", ""152626"", ""240285"", ""151337"", ""244265"", ""79254"", ""98610"", ""76880"", ""100210"", ""104748"", ""108175"", ""68146""]","[""78351_token_0000"", ""132267_token_0000"", ""135575_token_0000"", ""132267_token_0001"", ""185308_token_0000"", ""126906_token_0000"", ""79560_token_0000"", ""1532_token_0000"", ""109100_token_0001"", ""42409_token_0001"", ""104334_token_0000"", ""151748_token_0000"", ""75978_token_0000"", ""107258_token_0001"", ""39132_token_0000"", ""137531_token_0001"", ""186570_token_0000"", ""196161_token_0000"", ""109749_token_0000"", ""109749_token_0001"", ""154478_token_0000"", ""194_token_0002"", ""149048_token_0000"", ""241735_token_0000"", ""239021_token_0000"", ""109100_token_0002"", ""196161_token_0001"", ""200312_token_0001"", ""140357_token_0000"", ""183018_token_0000"", ""139373_token_0001"", ""137207_token_0001"", ""151748_token_0001"", ""140485_token_0001"", ""140357_token_0001"", ""136766_token_0003"", ""196703_token_0000"", ""152626_token_0001"", ""240285_token_0000"", ""151337_token_0002"", ""244265_token_0000"", ""79254_token_0001"", ""139373_token_0000"", ""98610_token_0002"", ""107258_token_0000"", ""76880_token_0000"", ""100210_token_0001"", ""104748_token_0000"", ""108175_token_0000"", ""68146_token_0000""]"
78351_4,dense,Việc UBND huyện Thạnh Phú phối hợp với Sở VH-TT-DL Bến Tre tổ chức tuần lễ du lịch biển này nhằm mục đích gì?,78351,True,"[""78351""]",6353.0736,1.0,1.0,1.0,1.0,1.0,1.0,1.0,1.0,"[""78351""]","[""78351"", ""109100"", ""79021"", ""149447"", ""19467"", ""35625"", ""153849"", ""2240"", ""154478"", ""132267"", ""43803"", ""45920"", ""263551"", ""77700"", ""196217"", ""154555"", ""74483"", ""163148"", ""163689"", ""109749"", ""237734"", ""75290"", ""78323"", ""104334"", ""47219"", ""104191"", ""79735"", ""42486"", ""109400"", ""78653"", ""108893"", ""79616"", ""139422"", ""104312"", ""137227""]","[""78351_token_0000"", ""109100_token_0001"", ""79021_token_0002"", ""109100_token_0002"", ""149447_token_0000"", ""19467_token_0001"", ""35625_token_0002"", ""153849_token_0003"", ""109100_token_0000"", ""2240_token_0000"", ""35625_token_0000"", ""154478_token_0000"", ""132267_token_0000"", ""132267_token_0001"", ""43803_token_0002"", ""149447_token_0002"", ""149447_token_0001"", ""45920_token_0001"", ""2240_token_0001"", ""263551_token_0002"", ""77700_token_0003"", ""196217_token_0002"", ""154555_token_0001"", ""45920_token_0000"", ""263551_token_0000"", ""74483_token_0000"", ""163148_token_0000"", ""163689_token_0000"", ""19467_token_0000"", ""109749_token_0000"", ""237734_token_0000"", ""75290_token_0000"", ""78323_token_0001"", ""104334_token_0000"", ""47219_token_0000"", ""77700_token_0000"", ""104191_token_0002"", ""79021_token_0001"", ""79735_token_0001"", ""78323_token_0000"", ""42486_token_0003"", ""196217_token_0001"", ""109400_token_0001"", ""78653_token_0000"", ""108893_token_0001"", ""79616_token_0000"", ""139422_token_0000"", ""104312_token_0000"", ""137227_token_0000"", ""79735_token_0000""]"
78351_4,hybrid,Việc UBND huyện Thạnh Phú phối hợp với Sở VH-TT-DL Bến Tre tổ chức tuần lễ du lịch biển này nhằm mục đích gì?,78351,True,"[""78351""]",6418.2111,1.0,1.0,1.0,1.0,1.0,1.0,1.0,1.0,"[""78351""]","[""78351"", ""109100"", ""132267"", ""154478"", ""104334"", ""109749"", ""135575"", ""79021"", ""149447"", ""185308"", ""126906"", ""19467"", ""35625"", ""79560"", ""1532"", ""153849"", ""2240"", ""42409"", ""151748"", ""75978"", ""107258"", ""39132"", ""43803"", ""137531"", ""186570"", ""196161"", ""45920"", ""263551"", ""77700"", ""194"", ""196217"", ""149048"", ""154555"", ""241735"", ""239021"", ""74483"", ""163148"", ""163689"", ""200312""]","[""78351_token_0000"", ""109100_token_0001"", ""132267_token_0000"", ""132267_token_0001"", ""109100_token_0002"", ""154478_token_0000"", ""104334_token_0000"", ""109749_token_0000"", ""135575_token_0000"", ""79021_token_0002"", ""149447_token_0000"", ""185308_token_0000"", ""126906_token_0000"", ""19467_token_0001"", ""35625_token_0002"", ""79560_token_0000"", ""1532_token_0000"", ""153849_token_0003"", ""109100_token_0000"", ""2240_token_0000"", ""42409_token_0001"", ""35625_token_0000"", ""151748_token_0000"", ""75978_token_0000"", ""107258_token_0001"", ""39132_token_0000"", ""43803_token_0002"", ""137531_token_0001"", ""149447_token_0002"", ""149447_token_0001"", ""186570_token_0000"", ""196161_token_0000"", ""45920_token_0001"", ""2240_token_0001"", ""109749_token_0001"", ""263551_token_0002"", ""77700_token_0003"", ""194_token_0002"", ""196217_token_0002"", ""149048_token_0000"", ""154555_token_0001"", ""241735_token_0000"", ""45920_token_0000"", ""239021_token_0000"", ""263551_token_0000"", ""74483_token_0000"", ""163148_token_0000"", ""196161_token_0001"", ""163689_token_0000"", ""200312_token_0001""]"
78351_5,bm25,Hoa hậu Nguyễn Thanh Hà có tiếp tục được mời làm đại sứ cho các kỳ tuần lễ du lịch biển Thạnh Phú tiếp theo hay không?,78351,False,"[""78351""]",193.1401,1.0,1.0,1.0,1.0,1.0,1.0,1.0,1.0,"[""78351""]","[""78351"", ""169886"", ""21195"", ""14925"", ""15427"", ""94119"", ""93301"", ""79021"", ""137484"", ""90961"", ""89740"", ""171180"", ""168819"", ""79942"", ""38633"", ""74483"", ""75228"", ""34536"", ""86676"", ""165577"", ""15748"", ""91495"", ""149447"", ""85107"", ""77539"", ""78113"", ""12891"", ""106873"", ""76864"", ""143456"", ""43701"", ""78031"", ""154725"", ""5132"", ""147547"", ""35892"", ""101982"", ""74548"", ""86828"", ""75290"", ""78996"", ""236515"", ""92552""]","[""78351_token_0000"", ""169886_token_0000"", ""21195_token_0002"", ""21195_token_0001"", ""14925_token_0000"", ""15427_token_0003"", ""94119_token_0000"", ""93301_token_0000"", ""21195_token_0000"", ""79021_token_0001"", ""14925_token_0001"", ""137484_token_0003"", ""90961_token_0000"", ""89740_token_0000"", ""171180_token_0001"", ""168819_token_0000"", ""79021_token_0002"", ""79942_token_0000"", ""15427_token_0002"", ""38633_token_0000"", ""74483_token_0000"", ""75228_token_0006"", ""34536_token_0000"", ""86676_token_0001"", ""165577_token_0000"", ""15748_token_0001"", ""91495_token_0000"", ""15427_token_0001"", ""149447_token_0000"", ""85107_token_0000"", ""77539_token_0002"", ""78113_token_0000"", ""12891_token_0001"", ""106873_token_0002"", ""76864_token_0003"", ""143456_token_0000"", ""43701_token_0000"", ""78031_token_0001"", ""154725_token_0000"", ""5132_token_0000"", ""147547_token_0001"", ""35892_token_0002"", ""101982_token_0000"", ""74548_token_0001"", ""86828_token_0000"", ""75290_token_0003"", ""86828_token_0001"", ""78996_token_0001"", ""236515_token_0000"", ""92552_token_0001""]"
78351_5,dense,Hoa hậu Nguyễn Thanh Hà có tiếp tục được mời làm đại sứ cho các kỳ tuần lễ du lịch biển Thạnh Phú tiếp theo hay không?,78351,False,"[""78351""]",6212.7793,1.0,1.0,1.0,1.0,1.0,1.0,1.0,1.0,"[""78351""]","[""78351"", ""21195"", ""166703"", ""169886"", ""165277"", ""15417"", ""14244"", ""131539"", ""91481"", ""12411"", ""168601"", ""15806"", ""165506"", ""93561"", ""12454"", ""104012"", ""15427"", ""79021"", ""14925"", ""90428"", ""109100"", ""93301"", ""109400"", ""108202"", ""128838"", ""2240"", ""12891"", ""77700"", ""7515"", ""166552"", ""15729"", ""166316"", ""138777"", ""93133"", ""165252"", ""166054"", ""257260"", ""16029"", ""91616"", ""8667"", ""94002""]","[""78351_token_0000"", ""21195_token_0002"", ""166703_token_0000"", ""169886_token_0000"", ""21195_token_0001"", ""165277_token_0001"", ""15417_token_0001"", ""14244_token_0001"", ""21195_token_0000"", ""131539_token_0004"", ""91481_token_0000"", ""12411_token_0000"", ""168601_token_0000"", ""15806_token_0001"", ""165506_token_0001"", ""93561_token_0001"", ""12454_token_0001"", ""104012_token_0001"", ""15427_token_0003"", ""79021_token_0002"", ""168601_token_0001"", ""14925_token_0000"", ""90428_token_0001"", ""109100_token_0001"", ""93301_token_0000"", ""14244_token_0000"", ""14925_token_0001"", ""109400_token_0000"", ""108202_token_0001"", ""128838_token_0001"", ""15427_token_0002"", ""2240_token_0000"", ""109400_token_0002"", ""15417_token_0000"", ""12891_token_0000"", ""165506_token_0000"", ""77700_token_0002"", ""7515_token_0000"", ""166552_token_0001"", ""15729_token_0000"", ""166316_token_0000"", ""138777_token_0000"", ""93133_token_0000"", ""165252_token_0000"", ""166054_token_0000"", ""257260_token_0002"", ""16029_token_0001"", ""91616_token_0000"", ""8667_token_0001"", ""94002_token_0001""]"
78351_5,hybrid,Hoa hậu Nguyễn Thanh Hà có tiếp tục được mời làm đại sứ cho các kỳ tuần lễ du lịch biển Thạnh Phú tiếp theo hay không?,78351,False,"[""78351""]",6418.1574,1.0,1.0,1.0,1.0,1.0,1.0,1.0,1.0,"[""78351""]","[""78351"", ""21195"", ""169886"", ""15427"", ""14925"", ""93301"", ""79021"", ""166703"", ""165277"", ""15417"", ""94119"", ""14244"", ""131539"", ""91481"", ""12411"", ""137484"", ""168601"", ""90961"", ""15806"", ""89740"", ""165506"", ""171180"", ""168819"", ""93561"", ""12454"", ""104012"", ""79942"", ""38633"", ""74483"", ""75228"", ""34536"", ""90428"", ""109100"", ""86676"", ""165577"", ""15748"", ""91495"", ""109400"", ""108202"", ""149447"", ""128838"", ""85107""]","[""78351_token_0000"", ""21195_token_0002"", ""169886_token_0000"", ""21195_token_0001"", ""21195_token_0000"", ""15427_token_0003"", ""14925_token_0000"", ""93301_token_0000"", ""14925_token_0001"", ""79021_token_0002"", ""15427_token_0002"", ""166703_token_0000"", ""165277_token_0001"", ""15417_token_0001"", ""94119_token_0000"", ""14244_token_0001"", ""131539_token_0004"", ""79021_token_0001"", ""91481_token_0000"", ""12411_token_0000"", ""137484_token_0003"", ""168601_token_0000"", ""90961_token_0000"", ""15806_token_0001"", ""89740_token_0000"", ""165506_token_0001"", ""171180_token_0001"", ""168819_token_0000"", ""93561_token_0001"", ""12454_token_0001"", ""104012_token_0001"", ""79942_token_0000"", ""38633_token_0000"", ""168601_token_0001"", ""74483_token_0000"", ""75228_token_0006"", ""34536_token_0000"", ""90428_token_0001"", ""109100_token_0001"", ""86676_token_0001"", ""165577_token_0000"", ""14244_token_0000"", ""15748_token_0001"", ""91495_token_0000"", ""109400_token_0000"", ""15427_token_0001"", ""108202_token_0001"", ""149447_token_0000"", ""128838_token_0001"", ""85107_token_0000""]"
cross_0_1,bm25,"Theo các bài báo về phong thủy xây nhà năm Quý Mão 2023, nếu một gia chủ có tuổi đẹp để xây nhà (không phạm Kim lâu, Hoang ốc, Tam tai) và chọn được ngày lành tháng tốt để động thổ, nhưng lại xây nhà ở nông thôn theo kiểu 'đầu nặng chân nhẹ' hoặc cao hơn hẳn xung quanh, thì những hệ quả phong thủy tiêu cực cụ thể nào có thể xảy ra theo từng yếu tố vi phạm?","[150854, 150858, 150614]",True,"[""150858"", ""150854"", ""150614""]",628.8384,0.3333333333333333,1.0,1.0,1.0,1.0,1.0,1.0,1.0,"[""150614"", ""150854"", ""150858""]","[""150858"", ""150854"", ""150614"", ""150795"", ""150850"", ""151034"", ""254776"", ""247122"", ""140515"", ""26463"", ""6804"", ""21823"", ""259354"", ""44168"", ""151044"", ""257645"", ""258515"", ""118217"", ""254760"", ""246870"", ""66848"", ""263365"", ""153673"", ""74125"", ""152681"", ""138620"", ""150632"", ""153774"", ""109"", ""214460"", ""197579"", ""151666"", ""259471"", ""259499"", ""258321"", ""256831""]","[""150858_token_0000"", ""150858_token_0001"", ""150854_token_0000"", ""150614_token_0000"", ""150614_token_0001"", ""150854_token_0002"", ""150795_token_0001"", ""150850_token_0000"", ""150795_token_0000"", ""150614_token_0002"", ""150850_token_0001"", ""150854_token_0001"", ""151034_token_0001"", ""254776_token_0001"", ""247122_token_0000"", ""140515_token_0002"", ""26463_token_0000"", ""6804_token_0001"", ""21823_token_0002"", ""259354_token_0000"", ""44168_token_0000"", ""151044_token_0002"", ""257645_token_0001"", ""258515_token_0000"", ""247122_token_0001"", ""118217_token_0000"", ""254760_token_0000"", ""246870_token_0000"", ""151044_token_0001"", ""66848_token_0003"", ""263365_token_0003"", ""44168_token_0001"", ""153673_token_0000"", ""74125_token_0001"", ""152681_token_0000"", ""26463_token_0001"", ""140515_token_0001"", ""138620_token_0001"", ""150632_token_0000"", ""153774_token_0000"", ""109_token_0000"", ""214460_token_0001"", ""254776_token_0000"", ""197579_token_0001"", ""151666_token_0001"", ""109_token_0001"", ""259471_token_0000"", ""259499_token_0002"", ""258321_token_0001"", ""256831_token_0000""]"
cross_0_1,dense,"Theo các bài báo về phong thủy xây nhà năm Quý Mão 2023, nếu một gia chủ có tuổi đẹp để xây nhà (không phạm Kim lâu, Hoang ốc, Tam tai) và chọn được ngày lành tháng tốt để động thổ, nhưng lại xây nhà ở nông thôn theo kiểu 'đầu nặng chân nhẹ' hoặc cao hơn hẳn xung quanh, thì những hệ quả phong thủy tiêu cực cụ thể nào có thể xảy ra theo từng yếu tố vi phạm?","[150854, 150858, 150614]",True,"[""150858"", ""150854"", ""150614""]",6315.616,0.3333333333333333,1.0,1.0,1.0,1.0,1.0,1.0,1.0,"[""150614"", ""150854"", ""150858""]","[""150858"", ""150614"", ""150854"", ""150850"", ""258515"", ""71331"", ""74125"", ""153526"", ""71277"", ""152233"", ""66514"", ""212138"", ""150795"", ""247122"", ""71487"", ""71395"", ""102678"", ""71542"", ""69832"", ""66848"", ""74071"", ""71318"", ""71100"", ""71039"", ""66931"", ""71210"", ""151939"", ""106193"", ""71411"", ""150718"", ""44624"", ""43772"", ""106281""]","[""150858_token_0000"", ""150858_token_0001"", ""150614_token_0000"", ""150854_token_0000"", ""150614_token_0001"", ""150854_token_0002"", ""150850_token_0000"", ""150850_token_0001"", ""150854_token_0001"", ""150614_token_0002"", ""258515_token_0000"", ""71331_token_0000"", ""74125_token_0000"", ""153526_token_0002"", ""258515_token_0001"", ""74125_token_0001"", ""153526_token_0000"", ""71277_token_0001"", ""152233_token_0000"", ""66514_token_0000"", ""212138_token_0000"", ""150795_token_0001"", ""247122_token_0000"", ""71487_token_0000"", ""153526_token_0001"", ""71395_token_0000"", ""102678_token_0001"", ""71542_token_0001"", ""74125_token_0002"", ""69832_token_0001"", ""66848_token_0003"", ""74071_token_0001"", ""71318_token_0001"", ""71100_token_0001"", ""71039_token_0001"", ""66931_token_0001"", ""71210_token_0001"", ""74071_token_0000"", ""151939_token_0001"", ""106193_token_0003"", ""71331_token_0001"", ""71411_token_0001"", ""150718_token_0001"", ""106193_token_0000"", ""44624_token_0001"", ""43772_token_0004"", ""150795_token_0000"", ""71277_token_0000"", ""106281_token_0002"", ""43772_token_0003""]"
cross_0_1,hybrid,"Theo các bài báo về phong thủy xây nhà năm Quý Mão 2023, nếu một gia chủ có tuổi đẹp để xây nhà (không phạm Kim lâu, Hoang ốc, Tam tai) và chọn được ngày lành tháng tốt để động thổ, nhưng lại xây nhà ở nông thôn theo kiểu 'đầu nặng chân nhẹ' hoặc cao hơn hẳn xung quanh, thì những hệ quả phong thủy tiêu cực cụ thể nào có thể xảy ra theo từng yếu tố vi phạm?","[150854, 150858, 150614]",True,"[""150858"", ""150854"", ""150614""]",6898.6162,0.3333333333333333,1.0,1.0,1.0,1.0,1.0,1.0,1.0,"[""150614"", ""150854"", ""150858""]","[""150858"", ""150614"", ""150854"", ""150850"", ""150795"", ""258515"", ""247122"", ""74125"", ""66848"", ""71331"", ""151034"", ""153526"", ""254776"", ""140515"", ""26463"", ""6804"", ""71277"", ""152233"", ""21823"", ""259354"", ""66514"", ""212138"", ""44168"", ""151044"", ""257645"", ""71487"", ""118217"", ""71395"", ""102678"", ""254760"", ""246870"", ""71542"", ""69832"", ""263365"", ""74071""]","[""150858_token_0000"", ""150858_token_0001"", ""150614_token_0000"", ""150854_token_0000"", ""150614_token_0001"", ""150854_token_0002"", ""150850_token_0000"", ""150850_token_0001"", ""150614_token_0002"", ""150854_token_0001"", ""150795_token_0001"", ""258515_token_0000"", ""247122_token_0000"", ""150795_token_0000"", ""74125_token_0001"", ""66848_token_0003"", ""71331_token_0000"", ""151034_token_0001"", ""74125_token_0000"", ""153526_token_0002"", ""254776_token_0001"", ""258515_token_0001"", ""140515_token_0002"", ""153526_token_0000"", ""26463_token_0000"", ""6804_token_0001"", ""71277_token_0001"", ""152233_token_0000"", ""21823_token_0002"", ""259354_token_0000"", ""66514_token_0000"", ""212138_token_0000"", ""44168_token_0000"", ""151044_token_0002"", ""257645_token_0001"", ""71487_token_0000"", ""153526_token_0001"", ""247122_token_0001"", ""118217_token_0000"", ""71395_token_0000"", ""102678_token_0001"", ""254760_token_0000"", ""246870_token_0000"", ""71542_token_0001"", ""151044_token_0001"", ""74125_token_0002"", ""69832_token_0001"", ""263365_token_0003"", ""44168_token_0001"", ""74071_token_0001""]"
cross_0_2,bm25,"So sánh quan điểm của ba bài báo về các yếu tố phong thủy quan trọng nhất khi xây nhà: bài về tuổi gia chủ, bài về ngày giờ động thổ, và bài về kiêng kỵ thiết kế nhà ở nông thôn. Trong ba yếu tố (tuổi, ngày giờ, thiết kế/vị trí), yếu tố nào được các bài báo cho là gây hậu quả nghiêm trọng nhất nếu vi phạm?","[150854, 150858, 150614]",False,"[""150854"", ""150858"", ""150614""]",533.1646,0.3333333333333333,1.0,0.6666666666666666,1.0,0.6666666666666666,1.0,1.0,0.7653606369886217,"[""150614"", ""150854"", ""150858""]","[""150614"", ""150854"", ""150795"", ""96872"", ""61321"", ""248560"", ""97301"", ""30638"", ""214460"", ""54620"", ""74345"", ""254782"", ""172529"", ""103025"", ""142496"", ""122980"", ""101366"", ""46682"", ""255491"", ""74265"", ""99857"", ""6396"", ""30600"", ""42372"", ""259354"", ""183647"", ""99617"", ""175094"", ""97563"", ""96976"", ""184321"", ""254776"", ""249074"", ""161714"", ""204092"", ""84547"", ""16441""]","[""150614_token_0000"", ""150854_token_0000"", ""150795_token_0000"", ""96872_token_0002"", ""61321_token_0001"", ""248560_token_0000"", ""97301_token_0000"", ""30638_token_0004"", ""97301_token_0001"", ""96872_token_0003"", ""150614_token_0001"", ""30638_token_0005"", ""214460_token_0000"", ""54620_token_0000"", ""74345_token_0002"", ""254782_token_0001"", ""30638_token_0003"", ""96872_token_0001"", ""30638_token_0006"", ""150614_token_0002"", ""172529_token_0000"", ""30638_token_0002"", ""103025_token_0000"", ""142496_token_0003"", ""122980_token_0001"", ""101366_token_0002"", ""61321_token_0000"", ""46682_token_0000"", ""255491_token_0000"", ""74265_token_0001"", ""99857_token_0000"", ""96872_token_0004"", ""6396_token_0001"", ""30600_token_0002"", ""42372_token_0003"", ""259354_token_0000"", ""183647_token_0002"", ""99617_token_0003"", ""175094_token_0001"", ""150795_token_0001"", ""97563_token_0001"", ""96976_token_0002"", ""184321_token_0000"", ""254776_token_0001"", ""249074_token_0001"", ""96976_token_0001"", ""161714_token_0000"", ""204092_token_0000"", ""84547_token_0000"", ""16441_token_0001""]"
cross_0_2,dense,"So sánh quan điểm của ba bài báo về các yếu tố phong thủy quan trọng nhất khi xây nhà: bài về tuổi gia chủ, bài về ngày giờ động thổ, và bài về kiêng kỵ thiết kế nhà ở nông thôn. Trong ba yếu tố (tuổi, ngày giờ, thiết kế/vị trí), yếu tố nào được các bài báo cho là gây hậu quả nghiêm trọng nhất nếu vi phạm?","[150854, 150858, 150614]",False,"[""150854"", ""150858"", ""150614""]",6608.4915,0.3333333333333333,1.0,0.6666666666666666,1.0,1.0,1.0,1.0,0.9217868789962071,"[""150614"", ""150854"", ""150858""]","[""150614"", ""150858"", ""252072"", ""212353"", ""150795"", ""26951"", ""150854"", ""46682"", ""206409"", ""150718"", ""237554"", ""48576"", ""258927"", ""44168"", ""257645"", ""255770"", ""44612"", ""185788"", ""242241"", ""212138"", ""152128"", ""29869"", ""151114"", ""103117"", ""99857"", ""26463"", ""151939"", ""97301"", ""150850"", ""259438"", ""43901"", ""99698"", ""150701"", ""207909"", ""152221""]","[""150614_token_0000"", ""150614_token_0002"", ""150858_token_0000"", ""150614_token_0001"", ""252072_token_0001"", ""212353_token_0000"", ""150795_token_0001"", ""26951_token_0000"", ""150854_token_0000"", ""150858_token_0001"", ""46682_token_0000"", ""150795_token_0000"", ""206409_token_0001"", ""150718_token_0001"", ""237554_token_0002"", ""48576_token_0005"", ""252072_token_0000"", ""258927_token_0002"", ""44168_token_0001"", ""257645_token_0000"", ""252072_token_0002"", ""255770_token_0001"", ""44612_token_0000"", ""185788_token_0001"", ""242241_token_0000"", ""212138_token_0000"", ""152128_token_0002"", ""29869_token_0003"", ""151114_token_0002"", ""29869_token_0004"", ""150854_token_0001"", ""103117_token_0002"", ""99857_token_0001"", ""257645_token_0001"", ""26463_token_0001"", ""151939_token_0001"", ""212353_token_0001"", ""237554_token_0001"", ""151114_token_0001"", ""150854_token_0002"", ""97301_token_0001"", ""150850_token_0000"", ""259438_token_0001"", ""29869_token_0005"", ""237554_token_0000"", ""43901_token_0000"", ""99698_token_0000"", ""150701_token_0001"", ""207909_token_0000"", ""152221_token_0000""]"
cross_0_2,hybrid,"So sánh quan điểm của ba bài báo về các yếu tố phong thủy quan trọng nhất khi xây nhà: bài về tuổi gia chủ, bài về ngày giờ động thổ, và bài về kiêng kỵ thiết kế nhà ở nông thôn. Trong ba yếu tố (tuổi, ngày giờ, thiết kế/vị trí), yếu tố nào được các bài báo cho là gây hậu quả nghiêm trọng nhất nếu vi phạm?","[150854, 150858, 150614]",False,"[""150854"", ""150858"", ""150614""]",6799.2583,0.3333333333333333,1.0,0.6666666666666666,1.0,1.0,1.0,1.0,0.9325210919548239,"[""150614"", ""150854"", ""150858""]","[""150614"", ""150854"", ""150795"", ""46682"", ""97301"", ""150858"", ""96872"", ""252072"", ""61321"", ""212353"", ""248560"", ""26951"", ""30638"", ""206409"", ""214460"", ""150718"", ""54620"", ""237554"", ""74345"", ""254782"", ""48576"", ""258927"", ""44168"", ""257645"", ""172529"", ""255770"", ""103025"", ""44612"", ""142496"", ""185788"", ""122980"", ""242241"", ""101366"", ""212138"", ""152128"", ""29869""]","[""150614_token_0000"", ""150854_token_0000"", ""150795_token_0000"", ""150614_token_0001"", ""150614_token_0002"", ""46682_token_0000"", ""150795_token_0001"", ""97301_token_0001"", ""150858_token_0000"", ""96872_token_0002"", ""252072_token_0001"", ""61321_token_0001"", ""212353_token_0000"", ""248560_token_0000"", ""97301_token_0000"", ""26951_token_0000"", ""30638_token_0004"", ""150858_token_0001"", ""96872_token_0003"", ""30638_token_0005"", ""206409_token_0001"", ""214460_token_0000"", ""150718_token_0001"", ""54620_token_0000"", ""237554_token_0002"", ""74345_token_0002"", ""254782_token_0001"", ""48576_token_0005"", ""252072_token_0000"", ""30638_token_0003"", ""258927_token_0002"", ""96872_token_0001"", ""30638_token_0006"", ""44168_token_0001"", ""257645_token_0000"", ""172529_token_0000"", ""252072_token_0002"", ""255770_token_0001"", ""30638_token_0002"", ""103025_token_0000"", ""44612_token_0000"", ""142496_token_0003"", ""185788_token_0001"", ""122980_token_0001"", ""242241_token_0000"", ""101366_token_0002"", ""212138_token_0000"", ""152128_token_0002"", ""61321_token_0000"", ""29869_token_0003""]"
cross_1_1,bm25,So sánh các dấu hiệu phục hồi của thị trường bất động sản nói chung (nhà ở thương mại) và phân khúc condotel (bất động sản nghỉ dưỡng) từ quý IV/2023 đến đầu năm 2024: phân khúc nào có mức tăng trưởng nguồn cung và giao dịch mạnh mẽ hơn?,"[152478, 152549, 153051]",True,"[""152478"", ""153051"", ""152549""]",360.8853,0.3333333333333333,1.0,0.3333333333333333,1.0,0.6666666666666666,1.0,1.0,0.6364391809889587,"[""152478"", ""152549"", ""153051""]","[""153051"", ""153508"", ""152932"", ""149321"", ""554"", ""152478"", ""152468"", ""678"", ""152964"", ""153236"", ""151939"", ""661"", ""149428"", ""151434"", ""106996"", ""151548"", ""197004"", ""119476"", ""151871"", ""200620"", ""195561"", ""153460"", ""152829"", ""151034"", ""634"", ""197255"", ""150338"", ""152435"", ""197406"", ""194955"", ""23659"", ""195462"", ""701"", ""201975"", ""151044"", ""111100"", ""23855""]","[""153051_token_0000"", ""153508_token_0000"", ""153051_token_0001"", ""152932_token_0001"", ""149321_token_0000"", ""554_token_0000"", ""152478_token_0000"", ""554_token_0001"", ""152468_token_0000"", ""678_token_0000"", ""152964_token_0001"", ""678_token_0001"", ""153236_token_0000"", ""151939_token_0000"", ""661_token_0000"", ""149428_token_0000"", ""151434_token_0000"", ""152932_token_0002"", ""106996_token_0000"", ""153051_token_0002"", ""151548_token_0002"", ""153508_token_0001"", ""197004_token_0001"", ""119476_token_0001"", ""151548_token_0001"", ""151871_token_0001"", ""200620_token_0002"", ""195561_token_0001"", ""153460_token_0001"", ""152829_token_0000"", ""152964_token_0000"", ""151034_token_0001"", ""634_token_0000"", ""197255_token_0000"", ""150338_token_0001"", ""106996_token_0001"", ""152435_token_0001"", ""197406_token_0001"", ""194955_token_0001"", ""200620_token_0000"", ""23659_token_0001"", ""195462_token_0002"", ""701_token_0000"", ""201975_token_0001"", ""201975_token_0000"", ""153460_token_0000"", ""151044_token_0001"", ""152932_token_0000"", ""111100_token_0001"", ""23855_token_0000""]"
cross_1_1,dense,So sánh các dấu hiệu phục hồi của thị trường bất động sản nói chung (nhà ở thương mại) và phân khúc condotel (bất động sản nghỉ dưỡng) từ quý IV/2023 đến đầu năm 2024: phân khúc nào có mức tăng trưởng nguồn cung và giao dịch mạnh mẽ hơn?,"[152478, 152549, 153051]",True,"[""152478"", ""153051"", ""152549""]",6248.3658,0.3333333333333333,1.0,0.6666666666666666,1.0,0.6666666666666666,1.0,1.0,0.7039180890341347,"[""152478"", ""152549"", ""153051""]","[""153051"", ""152964"", ""152478"", ""153526"", ""554"", ""197004"", ""149321"", ""153508"", ""151451"", ""148481"", ""195561"", ""152468"", ""151548"", ""556"", ""193550"", ""701"", ""151416"", ""152829"", ""152932"", ""661"", ""113169"", ""111843"", ""195514"", ""79787"", ""634"", ""153236"", ""152435"", ""194176"", ""145938"", ""106569"", ""201272""]","[""153051_token_0000"", ""153051_token_0001"", ""153051_token_0002"", ""152964_token_0001"", ""152478_token_0000"", ""153526_token_0001"", ""554_token_0001"", ""152478_token_0002"", ""152964_token_0002"", ""197004_token_0001"", ""149321_token_0000"", ""153508_token_0000"", ""153526_token_0002"", ""554_token_0000"", ""151451_token_0002"", ""152478_token_0001"", ""148481_token_0000"", ""195561_token_0001"", ""152468_token_0000"", ""151548_token_0002"", ""151451_token_0001"", ""556_token_0002"", ""193550_token_0001"", ""152964_token_0000"", ""701_token_0000"", ""151416_token_0001"", ""152829_token_0000"", ""152932_token_0001"", ""661_token_0000"", ""151416_token_0000"", ""113169_token_0000"", ""153526_token_0000"", ""111843_token_0004"", ""195514_token_0000"", ""197004_token_0002"", ""79787_token_0001"", ""634_token_0000"", ""195514_token_0002"", ""153236_token_0000"", ""153508_token_0001"", ""556_token_0000"", ""152932_token_0002"", ""149321_token_0001"", ""152435_token_0001"", ""194176_token_0001"", ""145938_token_0000"", ""153236_token_0001"", ""106569_token_0001"", ""201272_token_0000"", ""111843_token_0000""]"
cross_1_1,hybrid,So sánh các dấu hiệu phục hồi của thị trường bất động sản nói chung (nhà ở thương mại) và phân khúc condotel (bất động sản nghỉ dưỡng) từ quý IV/2023 đến đầu năm 2024: phân khúc nào có mức tăng trưởng nguồn cung và giao dịch mạnh mẽ hơn?,"[152478, 152549, 153051]",True,"[""152478"", ""153051"", ""152549""]",6696.461,0.3333333333333333,1.0,0.6666666666666666,1.0,0.6666666666666666,1.0,1.0,0.7653606369886217,"[""152478"", ""152549"", ""153051""]","[""153051"", ""152478"", ""153508"", ""152964"", ""554"", ""149321"", ""152468"", ""152932"", ""197004"", ""151548"", ""661"", ""195561"", ""153236"", ""152829"", ""701"", ""634"", ""152435"", ""153526"", ""678"", ""151939"", ""151451"", ""149428"", ""148481"", ""151434"", ""106996"", ""556"", ""193550"", ""119476"", ""151416"", ""151871"", ""200620"", ""153460"", ""113169"", ""151034"", ""111843""]","[""153051_token_0000"", ""153051_token_0001"", ""152478_token_0000"", ""153508_token_0000"", ""152964_token_0001"", ""554_token_0001"", ""149321_token_0000"", ""554_token_0000"", ""153051_token_0002"", ""152468_token_0000"", ""152932_token_0001"", ""197004_token_0001"", ""151548_token_0002"", ""661_token_0000"", ""195561_token_0001"", ""153236_token_0000"", ""152964_token_0000"", ""152932_token_0002"", ""152829_token_0000"", ""153508_token_0001"", ""701_token_0000"", ""634_token_0000"", ""152435_token_0001"", ""153526_token_0001"", ""152478_token_0002"", ""152964_token_0002"", ""678_token_0000"", ""678_token_0001"", ""153526_token_0002"", ""151939_token_0000"", ""151451_token_0002"", ""149428_token_0000"", ""152478_token_0001"", ""148481_token_0000"", ""151434_token_0000"", ""106996_token_0000"", ""151451_token_0001"", ""556_token_0002"", ""193550_token_0001"", ""119476_token_0001"", ""151548_token_0001"", ""151416_token_0001"", ""151871_token_0001"", ""200620_token_0002"", ""153460_token_0001"", ""151416_token_0000"", ""113169_token_0000"", ""151034_token_0001"", ""153526_token_0000"", ""111843_token_0004""]"
cross_1_2,bm25,"Dựa trên thông tin về tình trạng thiếu hụt nguồn cung nhà ở đô thị (khoảng 300.000 đơn vị/năm) và nhu cầu dồn nén của người Việt, liệu phân khúc condotel có thể hưởng lợi từ lực cầu dồn nén này không, hay lực cầu đó chủ yếu chỉ hướng vào bất động sản nhà ở?","[152478, 152549, 153051]",False,"[""152549"", ""153051"", ""152478""]",432.4425,0.3333333333333333,1.0,0.3333333333333333,1.0,0.6666666666666666,1.0,1.0,0.6049306994552042,"[""152478"", ""152549"", ""153051""]","[""152549"", ""678"", ""44035"", ""119476"", ""152932"", ""200613"", ""634"", ""756"", ""151939"", ""153051"", ""121982"", ""141083"", ""151009"", ""104987"", ""118405"", ""148763"", ""151034"", ""151871"", ""63909"", ""153460"", ""148688"", ""1199"", ""554"", ""149777"", ""151158"", ""153508"", ""151044"", ""343"", ""152999"", ""48193"", ""199772"", ""149428"", ""6088"", ""256767"", ""51707"", ""107152"", ""151548"", ""49039"", ""148495"", ""106996"", ""41162"", ""73865""]","[""152549_token_0000"", ""678_token_0001"", ""44035_token_0000"", ""119476_token_0001"", ""152932_token_0001"", ""200613_token_0002"", ""678_token_0000"", ""634_token_0000"", ""756_token_0002"", ""151939_token_0000"", ""153051_token_0000"", ""121982_token_0000"", ""141083_token_0000"", ""151009_token_0000"", ""104987_token_0003"", ""151009_token_0001"", ""118405_token_0000"", ""148763_token_0000"", ""200613_token_0001"", ""151034_token_0001"", ""151871_token_0001"", ""153051_token_0001"", ""63909_token_0001"", ""153460_token_0000"", ""44035_token_0001"", ""148688_token_0000"", ""1199_token_0000"", ""554_token_0000"", ""149777_token_0000"", ""151158_token_0000"", ""153508_token_0000"", ""151044_token_0001"", ""343_token_0006"", ""152999_token_0002"", ""756_token_0001"", ""48193_token_0000"", ""199772_token_0000"", ""149428_token_0000"", ""6088_token_0000"", ""256767_token_0001"", ""51707_token_0000"", ""107152_token_0000"", ""151548_token_0002"", ""151158_token_0002"", ""554_token_0001"", ""49039_token_0000"", ""148495_token_0001"", ""106996_token_0000"", ""41162_token_0000"", ""73865_token_0000""]"
cross_1_2,dense,"Dựa trên thông tin về tình trạng thiếu hụt nguồn cung nhà ở đô thị (khoảng 300.000 đơn vị/năm) và nhu cầu dồn nén của người Việt, liệu phân khúc condotel có thể hưởng lợi từ lực cầu dồn nén này không, hay lực cầu đó chủ yếu chỉ hướng vào bất động sản nhà ở?","[152478, 152549, 153051]",False,"[""152549"", ""153051"", ""152478""]",6355.0977,0.3333333333333333,1.0,0.6666666666666666,1.0,0.6666666666666666,1.0,1.0,0.7653606369886217,"[""152478"", ""152549"", ""153051""]","[""152549"", ""153051"", ""756"", ""152964"", ""151416"", ""148763"", ""554"", ""151158"", ""151247"", ""151548"", ""44168"", ""153256"", ""44035"", ""201272"", ""1074"", ""111843"", ""141670"", ""149339"", ""151044"", ""152829"", ""148924"", ""149618"", ""151459"", ""149230"", ""148478"", ""79787"", ""25105"", ""194952"", ""104706"", ""151114"", ""148545"", ""75228"", ""153526"", ""701""]","[""152549_token_0000"", ""153051_token_0000"", ""153051_token_0001"", ""153051_token_0002"", ""756_token_0001"", ""152964_token_0000"", ""151416_token_0001"", ""148763_token_0000"", ""554_token_0001"", ""151158_token_0003"", ""151247_token_0000"", ""151548_token_0002"", ""44168_token_0001"", ""153256_token_0001"", ""44035_token_0001"", ""201272_token_0000"", ""1074_token_0000"", ""111843_token_0004"", ""554_token_0002"", ""141670_token_0001"", ""152964_token_0001"", ""149339_token_0000"", ""151044_token_0001"", ""111843_token_0000"", ""149339_token_0002"", ""152829_token_0000"", ""148924_token_0001"", ""149618_token_0000"", ""151459_token_0001"", ""554_token_0000"", ""153256_token_0000"", ""149230_token_0002"", ""148478_token_0000"", ""79787_token_0000"", ""25105_token_0002"", ""756_token_0000"", ""194952_token_0002"", ""151158_token_0002"", ""151158_token_0001"", ""151158_token_0000"", ""152549_token_0001"", ""104706_token_0003"", ""151114_token_0002"", ""151416_token_0000"", ""148545_token_0001"", ""756_token_0002"", ""75228_token_0007"", ""153526_token_0001"", ""701_token_0000"", ""104706_token_0002""]"
cross_1_2,hybrid,"Dựa trên thông tin về tình trạng thiếu hụt nguồn cung nhà ở đô thị (khoảng 300.000 đơn vị/năm) và nhu cầu dồn nén của người Việt, liệu phân khúc condotel có thể hưởng lợi từ lực cầu dồn nén này không, hay lực cầu đó chủ yếu chỉ hướng vào bất động sản nhà ở?","[152478, 152549, 153051]",False,"[""152549"", ""153051"", ""152478""]",6657.335,0.3333333333333333,1.0,0.6666666666666666,1.0,0.6666666666666666,1.0,1.0,0.7653606369886217,"[""152478"", ""152549"", ""153051""]","[""152549"", ""153051"", ""148763"", ""756"", ""44035"", ""554"", ""151548"", ""151044"", ""151158"", ""678"", ""119476"", ""152932"", ""152964"", ""200613"", ""151416"", ""634"", ""151939"", ""151247"", ""121982"", ""141083"", ""44168"", ""151009"", ""153256"", ""104987"", ""201272"", ""1074"", ""118405"", ""111843"", ""141670"", ""151034"", ""151871"", ""149339"", ""63909"", ""153460"", ""148688"", ""152829""]","[""152549_token_0000"", ""153051_token_0000"", ""153051_token_0001"", ""148763_token_0000"", ""756_token_0001"", ""44035_token_0001"", ""554_token_0001"", ""756_token_0002"", ""151548_token_0002"", ""151044_token_0001"", ""554_token_0000"", ""151158_token_0000"", ""151158_token_0002"", ""678_token_0001"", ""44035_token_0000"", ""119476_token_0001"", ""153051_token_0002"", ""152932_token_0001"", ""152964_token_0000"", ""200613_token_0002"", ""151416_token_0001"", ""678_token_0000"", ""634_token_0000"", ""151158_token_0003"", ""151939_token_0000"", ""151247_token_0000"", ""121982_token_0000"", ""141083_token_0000"", ""44168_token_0001"", ""151009_token_0000"", ""153256_token_0001"", ""104987_token_0003"", ""151009_token_0001"", ""201272_token_0000"", ""1074_token_0000"", ""118405_token_0000"", ""111843_token_0004"", ""200613_token_0001"", ""554_token_0002"", ""141670_token_0001"", ""151034_token_0001"", ""151871_token_0001"", ""152964_token_0001"", ""149339_token_0000"", ""63909_token_0001"", ""111843_token_0000"", ""153460_token_0000"", ""149339_token_0002"", ""148688_token_0000"", ""152829_token_0000""]"
cross_2_1,bm25,Chợ nổi ở miền Tây Việt Nam được đề cập trong các bài báo với những vai trò khác nhau như thế nào? So sánh cách các bài báo giới thiệu chợ nổi trong bối cảnh du lịch và ẩm thực.,"[79595, 75539, 78693]",True,"[""79595"", ""75539"", ""78693""]",311.0634,0.3333333333333333,1.0,1.0,1.0,1.0,1.0,1.0,0.9060254355346823,"[""75539"", ""78693"", ""79595""]","[""75539"", ""11177"", ""79595"", ""78693"", ""1516"", ""135715"", ""2230"", ""2089"", ""97301"", ""79021"", ""74267"", ""11741"", ""156019"", ""73427"", ""74345"", ""154952"", ""75522"", ""74143"", ""58286"", ""75136"", ""75217"", ""157698"", ""79616"", ""78858"", ""1532"", ""154893"", ""137484"", ""77010"", ""9322"", ""76465"", ""16441"", ""154386"", ""77248"", ""183087"", ""161725"", ""1967"", ""74790""]","[""75539_token_0000"", ""11177_token_0000"", ""79595_token_0001"", ""79595_token_0000"", ""78693_token_0000"", ""1516_token_0001"", ""135715_token_0004"", ""2230_token_0001"", ""2089_token_0002"", ""11177_token_0001"", ""2230_token_0002"", ""97301_token_0001"", ""79021_token_0001"", ""74267_token_0000"", ""1516_token_0000"", ""11741_token_0000"", ""156019_token_0000"", ""73427_token_0000"", ""74345_token_0002"", ""154952_token_0002"", ""75522_token_0000"", ""74143_token_0001"", ""135715_token_0003"", ""58286_token_0000"", ""135715_token_0000"", ""75136_token_0000"", ""78693_token_0001"", ""75217_token_0001"", ""2089_token_0001"", ""75539_token_0001"", ""157698_token_0004"", ""79616_token_0000"", ""78858_token_0000"", ""1532_token_0000"", ""135715_token_0001"", ""154893_token_0000"", ""137484_token_0000"", ""77010_token_0000"", ""9322_token_0000"", ""97301_token_0000"", ""76465_token_0000"", ""16441_token_0000"", ""79021_token_0000"", ""154386_token_0000"", ""77248_token_0000"", ""183087_token_0000"", ""161725_token_0001"", ""1967_token_0000"", ""77010_token_0001"", ""74790_token_0000""]"
cross_2_1,dense,Chợ nổi ở miền Tây Việt Nam được đề cập trong các bài báo với những vai trò khác nhau như thế nào? So sánh cách các bài báo giới thiệu chợ nổi trong bối cảnh du lịch và ẩm thực.,"[79595, 75539, 78693]",True,"[""79595"", ""75539"", ""78693""]",6250.5802,0.0,0.0,0.0,0.0,0.0,0.0,0.0,0.0,"[""75539"", ""78693"", ""79595""]","[""79021"", ""19467"", ""2089"", ""154239"", ""154386"", ""76864"", ""43930"", ""74603"", ""240838"", ""238653"", ""1418"", ""154478"", ""154555"", ""136766"", ""77211"", ""155791"", ""43068"", ""79254"", ""75228"", ""263438"", ""79539"", ""65896"", ""65562"", ""262489"", ""74976"", ""153874"", ""155785"", ""18828"", ""73427"", ""155847"", ""74304"", ""197123"", ""75539"", ""43274"", ""75136"", ""74566"", ""153801"", ""18867""]","[""79021_token_0001"", ""79021_token_0002"", ""19467_token_0000"", ""2089_token_0002"", ""79021_token_0000"", ""154239_token_0001"", ""154386_token_0000"", ""76864_token_0003"", ""2089_token_0001"", ""43930_token_0000"", ""74603_token_0002"", ""240838_token_0000"", ""238653_token_0000"", ""1418_token_0000"", ""154478_token_0000"", ""154555_token_0001"", ""19467_token_0001"", ""136766_token_0004"", ""77211_token_0001"", ""155791_token_0001"", ""1418_token_0001"", ""43068_token_0092"", ""79254_token_0001"", ""75228_token_0004"", ""263438_token_0002"", ""79539_token_0006"", ""65896_token_0000"", ""65562_token_0002"", ""262489_token_0000"", ""74976_token_0002"", ""154239_token_0002"", ""153874_token_0003"", ""154555_token_0002"", ""155785_token_0000"", ""18828_token_0000"", ""73427_token_0001"", ""155847_token_0000"", ""74304_token_0000"", ""155785_token_0001"", ""153874_token_0001"", ""197123_token_0003"", ""154555_token_0000"", ""76864_token_0002"", ""75539_token_0000"", ""43274_token_0000"", ""75136_token_0002"", ""74566_token_0001"", ""79539_token_0003"", ""153801_token_0000"", ""18867_token_0000""]"
cross_2_1,hybrid,Chợ nổi ở miền Tây Việt Nam được đề cập trong các bài báo với những vai trò khác nhau như thế nào? So sánh cách các bài báo giới thiệu chợ nổi trong bối cảnh du lịch và ẩm thực.,"[79595, 75539, 78693]",True,"[""79595"", ""75539"", ""78693""]",6815.0101,0.0,0.0,0.3333333333333333,1.0,1.0,1.0,0.3333333333333333,0.5391065605018963,"[""75539"", ""78693"", ""79595""]","[""2089"", ""79021"", ""75539"", ""154386"", ""11177"", ""19467"", ""79595"", ""78693"", ""1516"", ""154239"", ""135715"", ""2230"", ""76864"", ""43930"", ""74603"", ""240838"", ""97301"", ""238653"", ""1418"", ""74267"", ""154478"", ""11741"", ""154555"", ""156019"", ""136766"", ""73427"", ""74345"", ""77211"", ""154952"", ""155791"", ""75522"", ""43068"", ""74143"", ""79254"", ""58286"", ""75228"", ""263438"", ""75136"", ""79539""]","[""2089_token_0002"", ""79021_token_0001"", ""75539_token_0000"", ""2089_token_0001"", ""79021_token_0000"", ""154386_token_0000"", ""11177_token_0000"", ""79021_token_0002"", ""19467_token_0000"", ""79595_token_0001"", ""79595_token_0000"", ""78693_token_0000"", ""1516_token_0001"", ""154239_token_0001"", ""135715_token_0004"", ""2230_token_0001"", ""76864_token_0003"", ""11177_token_0001"", ""43930_token_0000"", ""2230_token_0002"", ""74603_token_0002"", ""240838_token_0000"", ""97301_token_0001"", ""238653_token_0000"", ""1418_token_0000"", ""74267_token_0000"", ""1516_token_0000"", ""154478_token_0000"", ""11741_token_0000"", ""154555_token_0001"", ""156019_token_0000"", ""19467_token_0001"", ""136766_token_0004"", ""73427_token_0000"", ""74345_token_0002"", ""77211_token_0001"", ""154952_token_0002"", ""155791_token_0001"", ""1418_token_0001"", ""75522_token_0000"", ""43068_token_0092"", ""74143_token_0001"", ""135715_token_0003"", ""79254_token_0001"", ""58286_token_0000"", ""75228_token_0004"", ""135715_token_0000"", ""263438_token_0002"", ""75136_token_0000"", ""79539_token_0006""]"
cross_2_2,bm25,"Dựa trên thông tin từ cả ba bài báo, trong bảng xếp hạng ẩm thực thế giới của Condé Nast Traveller, các quốc gia Đông Nam Á khác ngoài Việt Nam và Thái Lan (như Malaysia, Indonesia, Campuchia) được xếp ở vị trí nào?","[79595, 75539, 78693]",False,"[""75539"", ""78693"", ""79595""]",361.7618,0.0,0.0,0.3333333333333333,1.0,0.3333333333333333,1.0,0.5,0.2960819109658652,"[""75539"", ""78693"", ""79595""]","[""201342"", ""78693"", ""41641"", ""123384"", ""235852"", ""129552"", ""155677"", ""251878"", ""75189"", ""221413"", ""172485"", ""131093"", ""50242"", ""129775"", ""75539"", ""155523"", ""36228"", ""75505"", ""247528"", ""95958"", ""78787"", ""58286"", ""21025"", ""219226"", ""123980"", ""124343"", ""124120"", ""79333"", ""61902"", ""124953"", ""124609"", ""154725"", ""130801"", ""56147"", ""223242"", ""23599"", ""221185"", ""124794"", ""222059"", ""129921"", ""219953"", ""59040"", ""74849"", ""119382""]","[""201342_token_0000"", ""78693_token_0000"", ""41641_token_0000"", ""123384_token_0001"", ""235852_token_0001"", ""129552_token_0000"", ""155677_token_0000"", ""251878_token_0001"", ""75189_token_0000"", ""221413_token_0000"", ""172485_token_0000"", ""131093_token_0000"", ""78693_token_0001"", ""50242_token_0000"", ""129775_token_0000"", ""75539_token_0000"", ""155523_token_0000"", ""123384_token_0000"", ""36228_token_0000"", ""75505_token_0001"", ""251878_token_0000"", ""247528_token_0000"", ""95958_token_0000"", ""78787_token_0000"", ""58286_token_0000"", ""21025_token_0001"", ""219226_token_0000"", ""123980_token_0000"", ""124343_token_0001"", ""124120_token_0001"", ""79333_token_0000"", ""61902_token_0000"", ""124953_token_0000"", ""124609_token_0000"", ""154725_token_0000"", ""130801_token_0000"", ""56147_token_0000"", ""223242_token_0000"", ""23599_token_0000"", ""235852_token_0000"", ""221185_token_0000"", ""124794_token_0001"", ""222059_token_0000"", ""221413_token_0001"", ""129921_token_0000"", ""219953_token_0000"", ""59040_token_0000"", ""74849_token_0001"", ""75505_token_0000"", ""119382_token_0000""]"
cross_2_2,dense,"Dựa trên thông tin từ cả ba bài báo, trong bảng xếp hạng ẩm thực thế giới của Condé Nast Traveller, các quốc gia Đông Nam Á khác ngoài Việt Nam và Thái Lan (như Malaysia, Indonesia, Campuchia) được xếp ở vị trí nào?","[79595, 75539, 78693]",False,"[""75539"", ""78693"", ""79595""]",6663.3776,0.3333333333333333,1.0,0.3333333333333333,1.0,0.3333333333333333,1.0,1.0,0.46927872602275644,"[""75539"", ""78693"", ""79595""]","[""78693"", ""75505"", ""156227"", ""154893"", ""75217"", ""75136"", ""75189"", ""79884"", ""155523"", ""155251"", ""59040"", ""155677"", ""75539"", ""65576"", ""43701"", ""75909"", ""154787"", ""155227"", ""2089"", ""75460"", ""50242"", ""78212"", ""79595"", ""74849"", ""135715"", ""77232"", ""74566"", ""75435"", ""2230"", ""79333"", ""155378"", ""48459"", ""154386""]","[""78693_token_0001"", ""78693_token_0000"", ""75505_token_0001"", ""156227_token_0000"", ""154893_token_0000"", ""75217_token_0001"", ""75136_token_0000"", ""75189_token_0000"", ""79884_token_0001"", ""75505_token_0000"", ""155523_token_0000"", ""155251_token_0000"", ""75136_token_0002"", ""75136_token_0001"", ""59040_token_0000"", ""155677_token_0000"", ""79884_token_0000"", ""75539_token_0000"", ""65576_token_0000"", ""43701_token_0001"", ""75909_token_0000"", ""154787_token_0000"", ""155227_token_0000"", ""75189_token_0001"", ""75539_token_0001"", ""79884_token_0002"", ""2089_token_0001"", ""75460_token_0000"", ""50242_token_0000"", ""78212_token_0000"", ""75909_token_0001"", ""79595_token_0000"", ""74849_token_0001"", ""135715_token_0003"", ""75217_token_0000"", ""77232_token_0001"", ""74566_token_0000"", ""75435_token_0001"", ""2230_token_0001"", ""79333_token_0001"", ""74849_token_0002"", ""74849_token_0000"", ""75217_token_0002"", ""155378_token_0000"", ""79333_token_0000"", ""48459_token_0003"", ""75460_token_0002"", ""77232_token_0000"", ""75217_token_0003"", ""154386_token_0000""]"
cross_2_2,hybrid,"Dựa trên thông tin từ cả ba bài báo, trong bảng xếp hạng ẩm thực thế giới của Condé Nast Traveller, các quốc gia Đông Nam Á khác ngoài Việt Nam và Thái Lan (như Malaysia, Indonesia, Campuchia) được xếp ở vị trí nào?","[79595, 75539, 78693]",False,"[""75539"", ""78693"", ""79595""]",6593.0079,0.3333333333333333,1.0,0.3333333333333333,1.0,0.6666666666666666,1.0,1.0,0.6364391809889587,"[""75539"", ""78693"", ""79595""]","[""78693"", ""75189"", ""75505"", ""155677"", ""155523"", ""75539"", ""50242"", ""59040"", ""79333"", ""74849"", ""201342"", ""41641"", ""123384"", ""156227"", ""154893"", ""235852"", ""129552"", ""75217"", ""75136"", ""251878"", ""79884"", ""221413"", ""172485"", ""131093"", ""155251"", ""129775"", ""36228"", ""65576"", ""43701"", ""75909"", ""154787"", ""247528"", ""155227"", ""95958"", ""78787"", ""58286"", ""21025"", ""2089"", ""219226"", ""123980""]","[""78693_token_0000"", ""78693_token_0001"", ""75189_token_0000"", ""75505_token_0001"", ""155677_token_0000"", ""155523_token_0000"", ""75539_token_0000"", ""50242_token_0000"", ""75505_token_0000"", ""59040_token_0000"", ""79333_token_0000"", ""74849_token_0001"", ""201342_token_0000"", ""41641_token_0000"", ""123384_token_0001"", ""156227_token_0000"", ""154893_token_0000"", ""235852_token_0001"", ""129552_token_0000"", ""75217_token_0001"", ""75136_token_0000"", ""251878_token_0001"", ""79884_token_0001"", ""221413_token_0000"", ""172485_token_0000"", ""131093_token_0000"", ""155251_token_0000"", ""75136_token_0002"", ""75136_token_0001"", ""129775_token_0000"", ""79884_token_0000"", ""123384_token_0000"", ""36228_token_0000"", ""65576_token_0000"", ""43701_token_0001"", ""251878_token_0000"", ""75909_token_0000"", ""154787_token_0000"", ""247528_token_0000"", ""155227_token_0000"", ""95958_token_0000"", ""75189_token_0001"", ""78787_token_0000"", ""58286_token_0000"", ""75539_token_0001"", ""21025_token_0001"", ""79884_token_0002"", ""2089_token_0001"", ""219226_token_0000"", ""123980_token_0000""]"
cross_3_1,bm25,"So sánh chính sách thị thực của Trung Quốc đối với khách du lịch nước ngoài (như miễn thị thực cho ASEAN, các nước châu Âu) với tác động ngược lại đến sức mạnh hộ chiếu Mỹ. Việc Trung Quốc miễn thị thực cho nhiều quốc gia nhưng không bao gồm Mỹ đã ảnh hưởng như thế nào đến thứ hạng hộ chiếu Mỹ và đến vị thế du lịch của Việt Nam trong khu vực?","[79333, 79060, 78375]",True,"[""79333"", ""79060"", ""78375""]",465.5753,0.0,0.0,0.6666666666666666,1.0,1.0,1.0,0.5,0.6871475159848289,"[""78375"", ""79060"", ""79333""]","[""74911"", ""79060"", ""78375"", ""74849"", ""78306"", ""78287"", ""79333"", ""79361"", ""75299"", ""184785"", ""79011"", ""79536"", ""78996"", ""251867"", ""79539"", ""75228"", ""32855"", ""213984"", ""78292"", ""26200"", ""196499"", ""198184"", ""32847"", ""35787"", ""78674"", ""154343"", ""74566"", ""31724"", ""252517"", ""119359"", ""119476"", ""196930"", ""146128"", ""48459"", ""48201"", ""96008"", ""59040"", ""147961""]","[""74911_token_0000"", ""79060_token_0000"", ""78375_token_0000"", ""74849_token_0000"", ""78306_token_0000"", ""78287_token_0000"", ""79333_token_0000"", ""79333_token_0001"", ""78375_token_0001"", ""79361_token_0000"", ""75299_token_0001"", ""184785_token_0002"", ""79011_token_0000"", ""79536_token_0001"", ""78996_token_0001"", ""251867_token_0000"", ""79539_token_0001"", ""75228_token_0001"", ""79361_token_0001"", ""32855_token_0001"", ""213984_token_0001"", ""213984_token_0002"", ""79536_token_0000"", ""78292_token_0000"", ""26200_token_0000"", ""196499_token_0003"", ""198184_token_0000"", ""79536_token_0002"", ""75299_token_0000"", ""32847_token_0000"", ""35787_token_0001"", ""78674_token_0000"", ""79539_token_0004"", ""154343_token_0001"", ""74566_token_0000"", ""251867_token_0001"", ""31724_token_0000"", ""252517_token_0000"", ""78996_token_0000"", ""119359_token_0000"", ""119476_token_0001"", ""74849_token_0001"", ""196930_token_0003"", ""146128_token_0000"", ""48459_token_0003"", ""48201_token_0001"", ""213984_token_0000"", ""96008_token_0003"", ""59040_token_0000"", ""147961_token_0001""]"
cross_3_1,dense,"So sánh chính sách thị thực của Trung Quốc đối với khách du lịch nước ngoài (như miễn thị thực cho ASEAN, các nước châu Âu) với tác động ngược lại đến sức mạnh hộ chiếu Mỹ. Việc Trung Quốc miễn thị thực cho nhiều quốc gia nhưng không bao gồm Mỹ đã ảnh hưởng như thế nào đến thứ hạng hộ chiếu Mỹ và đến vị thế du lịch của Việt Nam trong khu vực?","[79333, 79060, 78375]",True,"[""79333"", ""79060"", ""78375""]",6273.2581,0.3333333333333333,1.0,0.6666666666666666,1.0,0.6666666666666666,1.0,1.0,0.7653606369886217,"[""78375"", ""79060"", ""79333""]","[""78375"", ""79060"", ""79536"", ""74566"", ""78306"", ""78287"", ""79539"", ""96008"", ""74911"", ""74849"", ""79361"", ""79333"", ""198184"", ""79011"", ""78996"", ""35625"", ""6096"", ""251867"", ""215312"", ""11050"", ""78292"", ""75189"", ""196930"", ""75228"", ""101170"", ""75299"", ""184785"", ""35787"", ""95085""]","[""78375_token_0000"", ""79060_token_0000"", ""78375_token_0001"", ""79536_token_0002"", ""74566_token_0000"", ""78306_token_0000"", ""79536_token_0001"", ""78287_token_0000"", ""79539_token_0007"", ""96008_token_0003"", ""74911_token_0000"", ""74849_token_0000"", ""79361_token_0001"", ""79536_token_0000"", ""74566_token_0001"", ""79333_token_0001"", ""96008_token_0001"", ""96008_token_0000"", ""96008_token_0002"", ""79539_token_0003"", ""198184_token_0000"", ""79333_token_0000"", ""79011_token_0000"", ""79361_token_0000"", ""74566_token_0002"", ""78996_token_0000"", ""35625_token_0002"", ""79011_token_0001"", ""79539_token_0004"", ""6096_token_0002"", ""251867_token_0000"", ""215312_token_0002"", ""11050_token_0000"", ""78292_token_0001"", ""75189_token_0000"", ""196930_token_0002"", ""75228_token_0001"", ""75189_token_0001"", ""78996_token_0001"", ""79539_token_0000"", ""215312_token_0001"", ""101170_token_0000"", ""75299_token_0001"", ""35625_token_0001"", ""184785_token_0002"", ""35787_token_0001"", ""251867_token_0001"", ""78996_token_0002"", ""95085_token_0002"", ""79539_token_0006""]"
cross_3_1,hybrid,"So sánh chính sách thị thực của Trung Quốc đối với khách du lịch nước ngoài (như miễn thị thực cho ASEAN, các nước châu Âu) với tác động ngược lại đến sức mạnh hộ chiếu Mỹ. Việc Trung Quốc miễn thị thực cho nhiều quốc gia nhưng không bao gồm Mỹ đã ảnh hưởng như thế nào đến thứ hạng hộ chiếu Mỹ và đến vị thế du lịch của Việt Nam trong khu vực?","[79333, 79060, 78375]",True,"[""79333"", ""79060"", ""78375""]",6671.123,0.3333333333333333,1.0,0.6666666666666666,1.0,1.0,1.0,1.0,0.9134015924715543,"[""78375"", ""79060"", ""79333""]","[""78375"", ""79060"", ""78306"", ""74911"", ""78287"", ""74849"", ""79536"", ""79333"", ""79361"", ""74566"", ""79011"", ""251867"", ""198184"", ""75299"", ""96008"", ""78996"", ""184785"", ""75228"", ""79539"", ""35787"", ""32855"", ""213984"", ""78292"", ""26200"", ""196499"", ""35625"", ""32847"", ""6096"", ""215312"", ""78674"", ""11050"", ""154343""]","[""78375_token_0000"", ""79060_token_0000"", ""78306_token_0000"", ""74911_token_0000"", ""78375_token_0001"", ""78287_token_0000"", ""74849_token_0000"", ""79536_token_0001"", ""79333_token_0001"", ""79333_token_0000"", ""79536_token_0002"", ""79361_token_0001"", ""79361_token_0000"", ""74566_token_0000"", ""79011_token_0000"", ""79536_token_0000"", ""251867_token_0000"", ""198184_token_0000"", ""75299_token_0001"", ""96008_token_0003"", ""78996_token_0001"", ""184785_token_0002"", ""75228_token_0001"", ""79539_token_0004"", ""78996_token_0000"", ""35787_token_0001"", ""251867_token_0001"", ""79539_token_0007"", ""74566_token_0001"", ""79539_token_0001"", ""96008_token_0001"", ""96008_token_0000"", ""96008_token_0002"", ""32855_token_0001"", ""79539_token_0003"", ""213984_token_0001"", ""213984_token_0002"", ""78292_token_0000"", ""26200_token_0000"", ""74566_token_0002"", ""196499_token_0003"", ""35625_token_0002"", ""79011_token_0001"", ""75299_token_0000"", ""32847_token_0000"", ""6096_token_0002"", ""215312_token_0002"", ""78674_token_0000"", ""11050_token_0000"", ""154343_token_0001""]"
cross_3_2,bm25,"Dựa trên thông tin từ các bài báo, liệu chính sách miễn thị thực đơn phương mà Trung Quốc áp dụng cho khách ASEAN tại Tây Song Bản Nạp có trực tiếp làm tăng lượng khách Việt Nam đến Trung Quốc nhiều hơn lượng khách Trung Quốc đến Việt Nam hay không? Tỷ lệ trao đổi du khách hai chiều Việt-Trung cụ thể là bao nhiêu?","[79333, 79060, 78375]",False,"[""79333"", ""79060"", ""78375""]",433.0823,0.3333333333333333,1.0,0.3333333333333333,1.0,0.3333333333333333,1.0,1.0,0.46927872602275644,"[""78375"", ""79060"", ""79333""]","[""79060"", ""79539"", ""78996"", ""79536"", ""74849"", ""75228"", ""154725"", ""198184"", ""78787"", ""78674"", ""79333"", ""196499"", ""145940"", ""75290"", ""95085"", ""74944"", ""147961"", ""75299"", ""154343"", ""79011"", ""201275"", ""18850"", ""74566"", ""104987"", ""75539"", ""78292"", ""18535"", ""21813"", ""196976"", ""106873"", ""48459"", ""155124""]","[""79060_token_0000"", ""79539_token_0003"", ""78996_token_0000"", ""79539_token_0004"", ""78996_token_0001"", ""79539_token_0001"", ""79536_token_0001"", ""74849_token_0001"", ""79539_token_0005"", ""74849_token_0000"", ""79539_token_0006"", ""75228_token_0001"", ""154725_token_0000"", ""198184_token_0000"", ""79539_token_0000"", ""78787_token_0000"", ""78674_token_0000"", ""79333_token_0000"", ""79539_token_0002"", ""196499_token_0003"", ""145940_token_0002"", ""75290_token_0001"", ""95085_token_0000"", ""198184_token_0001"", ""74944_token_0001"", ""79536_token_0002"", ""147961_token_0000"", ""75299_token_0001"", ""154343_token_0001"", ""75290_token_0000"", ""75228_token_0000"", ""79011_token_0000"", ""145940_token_0001"", ""79539_token_0007"", ""201275_token_0000"", ""18850_token_0001"", ""74566_token_0000"", ""104987_token_0000"", ""75539_token_0000"", ""78292_token_0000"", ""18535_token_0000"", ""18850_token_0000"", ""21813_token_0000"", ""78996_token_0002"", ""74944_token_0000"", ""196976_token_0001"", ""95085_token_0001"", ""106873_token_0000"", ""48459_token_0004"", ""155124_token_0001""]"
cross_3_2,dense,"Dựa trên thông tin từ các bài báo, liệu chính sách miễn thị thực đơn phương mà Trung Quốc áp dụng cho khách ASEAN tại Tây Song Bản Nạp có trực tiếp làm tăng lượng khách Việt Nam đến Trung Quốc nhiều hơn lượng khách Trung Quốc đến Việt Nam hay không? Tỷ lệ trao đổi du khách hai chiều Việt-Trung cụ thể là bao nhiêu?","[79333, 79060, 78375]",False,"[""79333"", ""79060"", ""78375""]",6279.6903,0.3333333333333333,1.0,0.6666666666666666,1.0,0.6666666666666666,1.0,1.0,0.6713860725233041,"[""78375"", ""79060"", ""79333""]","[""79060"", ""78287"", ""79539"", ""79333"", ""79011"", ""198184"", ""78292"", ""78996"", ""74849"", ""149399"", ""154343"", ""79361"", ""79021"", ""75299"", ""78674"", ""196499"", ""48459"", ""75228"", ""199669"", ""18535"", ""74566"", ""106873"", ""104987"", ""201776"", ""95085"", ""184928"", ""19467"", ""196930"", ""190745"", ""152879""]","[""79060_token_0000"", ""78287_token_0000"", ""79539_token_0007"", ""79333_token_0001"", ""79539_token_0003"", ""79539_token_0004"", ""79011_token_0000"", ""198184_token_0000"", ""78292_token_0001"", ""79333_token_0000"", ""78996_token_0000"", ""198184_token_0002"", ""79539_token_0000"", ""74849_token_0000"", ""79539_token_0006"", ""79011_token_0001"", ""78996_token_0001"", ""149399_token_0001"", ""154343_token_0000"", ""79539_token_0002"", ""74849_token_0001"", ""79361_token_0001"", ""79021_token_0001"", ""79539_token_0005"", ""75299_token_0001"", ""198184_token_0001"", ""79539_token_0001"", ""78674_token_0000"", ""154343_token_0001"", ""196499_token_0003"", ""48459_token_0003"", ""79361_token_0000"", ""75228_token_0001"", ""154343_token_0002"", ""199669_token_0002"", ""78996_token_0003"", ""18535_token_0002"", ""74566_token_0000"", ""106873_token_0002"", ""104987_token_0003"", ""201776_token_0000"", ""78996_token_0002"", ""95085_token_0000"", ""184928_token_0000"", ""75228_token_0005"", ""19467_token_0000"", ""196930_token_0003"", ""190745_token_0001"", ""152879_token_0000"", ""75228_token_0003""]"
cross_3_2,hybrid,"Dựa trên thông tin từ các bài báo, liệu chính sách miễn thị thực đơn phương mà Trung Quốc áp dụng cho khách ASEAN tại Tây Song Bản Nạp có trực tiếp làm tăng lượng khách Việt Nam đến Trung Quốc nhiều hơn lượng khách Trung Quốc đến Việt Nam hay không? Tỷ lệ trao đổi du khách hai chiều Việt-Trung cụ thể là bao nhiêu?","[79333, 79060, 78375]",False,"[""79333"", ""79060"", ""78375""]",6644.698,0.3333333333333333,1.0,0.3333333333333333,1.0,0.6666666666666666,1.0,1.0,0.6364391809889587,"[""78375"", ""79060"", ""79333""]","[""79060"", ""79539"", ""78996"", ""198184"", ""74849"", ""79333"", ""79011"", ""75228"", ""78674"", ""196499"", ""75299"", ""154343"", ""95085"", ""74566"", ""78287"", ""79536"", ""78292"", ""154725"", ""78787"", ""149399"", ""145940"", ""75290"", ""79361"", ""79021"", ""74944"", ""147961"", ""48459"", ""199669"", ""201275""]","[""79060_token_0000"", ""79539_token_0003"", ""79539_token_0004"", ""78996_token_0000"", ""78996_token_0001"", ""198184_token_0000"", ""74849_token_0000"", ""79539_token_0006"", ""79333_token_0000"", ""74849_token_0001"", ""79539_token_0000"", ""79539_token_0001"", ""79539_token_0007"", ""79539_token_0005"", ""79011_token_0000"", ""79539_token_0002"", ""75228_token_0001"", ""78674_token_0000"", ""196499_token_0003"", ""198184_token_0001"", ""75299_token_0001"", ""154343_token_0001"", ""95085_token_0000"", ""74566_token_0000"", ""78996_token_0002"", ""78287_token_0000"", ""79333_token_0001"", ""79536_token_0001"", ""78292_token_0001"", ""198184_token_0002"", ""154725_token_0000"", ""78787_token_0000"", ""79011_token_0001"", ""149399_token_0001"", ""154343_token_0000"", ""145940_token_0002"", ""75290_token_0001"", ""79361_token_0001"", ""79021_token_0001"", ""74944_token_0001"", ""79536_token_0002"", ""147961_token_0000"", ""75290_token_0000"", ""48459_token_0003"", ""75228_token_0000"", ""79361_token_0000"", ""145940_token_0001"", ""154343_token_0002"", ""199669_token_0002"", ""201275_token_0000""]"
cross_4_1,bm25,So sánh thời gian đăng ký xét tuyển trên Cổng thông tin tuyển sinh của Bộ GD-ĐT giữa Trường ĐH Công nghệ Giao thông vận tải năm 2024 và Trường ĐH Ngoại thương năm 2025. Có sự khác biệt nào về thời hạn đăng ký?,"[178976, 178937, 177700]",True,"[""178937"", ""177700"", ""178976""]",306.7739,0.3333333333333333,1.0,0.6666666666666666,1.0,0.6666666666666666,1.0,1.0,0.7653606369886217,"[""177700"", ""178937"", ""178976""]","[""178937"", ""177700"", ""179667"", ""102486"", ""94850"", ""179621"", ""102826"", ""178897"", ""3422"", ""179303"", ""95433"", ""102194"", ""2648"", ""177851"", ""103927"", ""103869"", ""103242"", ""100409"", ""102842"", ""103437"", ""2727"", ""103052"", ""180237"", ""3325"", ""95381"", ""177452"", ""102479"", ""179786"", ""102385"", ""178534"", ""178923"", ""178145"", ""97136"", ""94729""]","[""178937_token_0000"", ""177700_token_0000"", ""179667_token_0000"", ""102486_token_0000"", ""94850_token_0000"", ""179621_token_0001"", ""102826_token_0004"", ""94850_token_0001"", ""178897_token_0000"", ""3422_token_0001"", ""179303_token_0000"", ""3422_token_0002"", ""95433_token_0001"", ""177700_token_0001"", ""102194_token_0000"", ""179621_token_0000"", ""102826_token_0000"", ""2648_token_0002"", ""102826_token_0003"", ""177851_token_0000"", ""103927_token_0001"", ""103869_token_0000"", ""103242_token_0001"", ""100409_token_0000"", ""103242_token_0000"", ""102842_token_0000"", ""103437_token_0001"", ""103437_token_0000"", ""179667_token_0001"", ""95433_token_0000"", ""2727_token_0001"", ""102194_token_0001"", ""103052_token_0000"", ""180237_token_0000"", ""3325_token_0001"", ""95381_token_0003"", ""177452_token_0002"", ""102479_token_0003"", ""102479_token_0001"", ""3422_token_0000"", ""179786_token_0004"", ""102385_token_0002"", ""179621_token_0002"", ""178534_token_0000"", ""95433_token_0004"", ""178923_token_0000"", ""178145_token_0002"", ""97136_token_0000"", ""94729_token_0001"", ""95381_token_0001""]"
cross_4_1,dense,So sánh thời gian đăng ký xét tuyển trên Cổng thông tin tuyển sinh của Bộ GD-ĐT giữa Trường ĐH Công nghệ Giao thông vận tải năm 2024 và Trường ĐH Ngoại thương năm 2025. Có sự khác biệt nào về thời hạn đăng ký?,"[178976, 178937, 177700]",True,"[""178937"", ""177700"", ""178976""]",6237.3268,0.3333333333333333,1.0,0.6666666666666666,1.0,0.6666666666666666,1.0,1.0,0.7039180890341347,"[""177700"", ""178937"", ""178976""]","[""178937"", ""179667"", ""177700"", ""3422"", ""3395"", ""179621"", ""102194"", ""103869"", ""3325"", ""103139"", ""178897"", ""102479"", ""94850"", ""175910"", ""102603"", ""176852"", ""99608"", ""3826"", ""3410"", ""95284"", ""180064"", ""178534"", ""99746"", ""4738"", ""99703"", ""103699"", ""179797"", ""102550"", ""3226"", ""4554"", ""177452"", ""103690"", ""179479"", ""4226"", ""173292"", ""98021""]","[""178937_token_0000"", ""179667_token_0000"", ""177700_token_0000"", ""3422_token_0002"", ""3395_token_0000"", ""179667_token_0001"", ""179621_token_0001"", ""102194_token_0001"", ""103869_token_0000"", ""177700_token_0001"", ""3325_token_0001"", ""3422_token_0001"", ""103139_token_0002"", ""178897_token_0000"", ""102479_token_0003"", ""94850_token_0001"", ""175910_token_0002"", ""3422_token_0003"", ""102603_token_0003"", ""176852_token_0000"", ""3422_token_0000"", ""94850_token_0000"", ""99608_token_0001"", ""3826_token_0000"", ""3410_token_0002"", ""95284_token_0000"", ""180064_token_0001"", ""178534_token_0000"", ""99746_token_0000"", ""4738_token_0002"", ""175910_token_0003"", ""99703_token_0001"", ""3410_token_0000"", ""103699_token_0000"", ""179797_token_0000"", ""102550_token_0000"", ""175910_token_0000"", ""102479_token_0000"", ""3226_token_0000"", ""4554_token_0002"", ""179621_token_0000"", ""102194_token_0000"", ""177452_token_0000"", ""103690_token_0003"", ""179479_token_0000"", ""4226_token_0001"", ""173292_token_0000"", ""102550_token_0001"", ""102479_token_0001"", ""98021_token_0000""]"
cross_4_1,hybrid,So sánh thời gian đăng ký xét tuyển trên Cổng thông tin tuyển sinh của Bộ GD-ĐT giữa Trường ĐH Công nghệ Giao thông vận tải năm 2024 và Trường ĐH Ngoại thương năm 2025. Có sự khác biệt nào về thời hạn đăng ký?,"[178976, 178937, 177700]",True,"[""178937"", ""177700"", ""178976""]",6446.4848,0.3333333333333333,1.0,0.6666666666666666,1.0,0.6666666666666666,1.0,1.0,0.7653606369886217,"[""177700"", ""178937"", ""178976""]","[""178937"", ""177700"", ""179667"", ""179621"", ""3422"", ""178897"", ""94850"", ""103869"", ""102194"", ""3325"", ""102479"", ""178534"", ""102486"", ""3395"", ""102826"", ""179303"", ""103139"", ""95433"", ""175910"", ""2648"", ""102603"", ""176852"", ""177851"", ""103927"", ""103242"", ""99608"", ""100409"", ""3826"", ""3410"", ""102842"", ""95284"", ""103437"", ""180064"", ""99746"", ""4738""]","[""178937_token_0000"", ""177700_token_0000"", ""179667_token_0000"", ""179621_token_0001"", ""3422_token_0002"", ""3422_token_0001"", ""178897_token_0000"", ""94850_token_0001"", ""177700_token_0001"", ""94850_token_0000"", ""103869_token_0000"", ""179667_token_0001"", ""102194_token_0001"", ""3325_token_0001"", ""102479_token_0003"", ""102194_token_0000"", ""179621_token_0000"", ""3422_token_0000"", ""178534_token_0000"", ""102479_token_0001"", ""102486_token_0000"", ""3395_token_0000"", ""102826_token_0004"", ""179303_token_0000"", ""103139_token_0002"", ""95433_token_0001"", ""102826_token_0000"", ""175910_token_0002"", ""2648_token_0002"", ""3422_token_0003"", ""102603_token_0003"", ""102826_token_0003"", ""176852_token_0000"", ""177851_token_0000"", ""103927_token_0001"", ""103242_token_0001"", ""99608_token_0001"", ""100409_token_0000"", ""3826_token_0000"", ""103242_token_0000"", ""3410_token_0002"", ""102842_token_0000"", ""95284_token_0000"", ""103437_token_0001"", ""180064_token_0001"", ""103437_token_0000"", ""99746_token_0000"", ""4738_token_0002"", ""95433_token_0000"", ""175910_token_0003""]"
cross_4_2,bm25,"Giữa ĐH Quốc gia Hà Nội (năm 2024), Trường ĐH Công nghệ Giao thông vận tải (năm 2024) và Trường ĐH Ngoại thương (năm 2025), trường nào có điểm sàn xét tuyển bằng điểm thi tốt nghiệp THPT cao nhất và mức điểm cụ thể là bao nhiêu?","[178976, 178937, 177700]",False,"[""178976"", ""178937"", ""177700""]",402.0283,0.0,0.0,0.3333333333333333,1.0,0.6666666666666666,1.0,0.5,0.4632423659320675,"[""177700"", ""178937"", ""178976""]","[""178923"", ""178937"", ""179621"", ""179667"", ""178897"", ""177700"", ""178948"", ""102385"", ""178944"", ""178534"", ""178946"", ""179786"", ""103457"", ""103657"", ""103869"", ""95381"", ""178976"", ""103215"", ""178808"", ""178922"", ""103354"", ""102194"", ""179797"", ""103242"", ""179941"", ""3325"", ""102299"", ""102842"", ""102981"", ""175910"", ""178561"", ""179952"", ""178145"", ""178764"", ""94850"", ""173292"", ""178271"", ""179537"", ""103532""]","[""178923_token_0000"", ""178937_token_0000"", ""179621_token_0001"", ""179667_token_0001"", ""178897_token_0000"", ""177700_token_0000"", ""178948_token_0000"", ""102385_token_0003"", ""178944_token_0000"", ""178534_token_0000"", ""178946_token_0000"", ""179786_token_0000"", ""179786_token_0001"", ""103457_token_0000"", ""103657_token_0000"", ""103869_token_0000"", ""95381_token_0003"", ""178976_token_0000"", ""103215_token_0000"", ""178808_token_0000"", ""177700_token_0001"", ""178922_token_0000"", ""103354_token_0000"", ""102194_token_0001"", ""103354_token_0002"", ""179797_token_0000"", ""103242_token_0000"", ""179941_token_0000"", ""179667_token_0000"", ""3325_token_0001"", ""3325_token_0000"", ""102385_token_0000"", ""102299_token_0000"", ""102842_token_0000"", ""102981_token_0002"", ""175910_token_0000"", ""102385_token_0002"", ""178561_token_0001"", ""102385_token_0004"", ""179952_token_0000"", ""178145_token_0000"", ""178764_token_0000"", ""102842_token_0001"", ""94850_token_0001"", ""179786_token_0002"", ""173292_token_0002"", ""178271_token_0000"", ""179537_token_0000"", ""178948_token_0001"", ""103532_token_0000""]"
cross_4_2,dense,"Giữa ĐH Quốc gia Hà Nội (năm 2024), Trường ĐH Công nghệ Giao thông vận tải (năm 2024) và Trường ĐH Ngoại thương (năm 2025), trường nào có điểm sàn xét tuyển bằng điểm thi tốt nghiệp THPT cao nhất và mức điểm cụ thể là bao nhiêu?","[178976, 178937, 177700]",False,"[""178976"", ""178937"", ""177700""]",6236.0962,0.3333333333333333,1.0,0.3333333333333333,1.0,1.0,1.0,1.0,0.7669719408901708,"[""177700"", ""178937"", ""178976""]","[""178937"", ""179667"", ""178897"", ""103869"", ""178923"", ""102194"", ""178976"", ""179621"", ""177700"", ""2812"", ""3325"", ""178922"", ""179151"", ""178944"", ""178808"", ""102842"", ""179669"", ""175910"", ""3422"", ""179797"", ""176852"", ""102603"", ""178561"", ""179795"", ""103215"", ""178583"", ""173292"", ""178896"", ""178946"", ""178837"", ""102940"", ""179085"", ""95381"", ""5550""]","[""178937_token_0000"", ""179667_token_0001"", ""178897_token_0000"", ""103869_token_0000"", ""178923_token_0000"", ""102194_token_0001"", ""178976_token_0002"", ""178976_token_0000"", ""179621_token_0001"", ""177700_token_0000"", ""2812_token_0000"", ""178976_token_0001"", ""3325_token_0001"", ""177700_token_0001"", ""178922_token_0000"", ""179151_token_0006"", ""179667_token_0000"", ""178944_token_0000"", ""179151_token_0003"", ""178808_token_0000"", ""179151_token_0004"", ""102842_token_0000"", ""179151_token_0000"", ""179669_token_0001"", ""179151_token_0001"", ""3325_token_0000"", ""175910_token_0000"", ""175910_token_0003"", ""179151_token_0002"", ""179151_token_0005"", ""3422_token_0002"", ""179797_token_0000"", ""176852_token_0000"", ""102603_token_0003"", ""175910_token_0002"", ""178561_token_0000"", ""179795_token_0000"", ""103215_token_0000"", ""178583_token_0000"", ""179669_token_0000"", ""173292_token_0000"", ""178896_token_0001"", ""178946_token_0000"", ""178837_token_0001"", ""102940_token_0000"", ""179085_token_0000"", ""102940_token_0004"", ""179621_token_0000"", ""95381_token_0003"", ""5550_token_0001""]"
cross_4_2,hybrid,"Giữa ĐH Quốc gia Hà Nội (năm 2024), Trường ĐH Công nghệ Giao thông vận tải (năm 2024) và Trường ĐH Ngoại thương (năm 2025), trường nào có điểm sàn xét tuyển bằng điểm thi tốt nghiệp THPT cao nhất và mức điểm cụ thể là bao nhiêu?","[178976, 178937, 177700]",False,"[""178976"", ""178937"", ""177700""]",6891.9689,0.3333333333333333,1.0,0.3333333333333333,1.0,1.0,1.0,1.0,0.7844801364718914,"[""177700"", ""178937"", ""178976""]","[""178937"", ""178923"", ""179667"", ""178897"", ""179621"", ""177700"", ""103869"", ""178976"", ""178944"", ""102194"", ""178922"", ""178808"", ""3325"", ""178946"", ""103215"", ""102842"", ""179797"", ""95381"", ""175910"", ""178948"", ""102385"", ""178534"", ""2812"", ""179786"", ""103457"", ""103657"", ""179151"", ""103354"", ""179669"", ""103242"", ""179941"", ""3422"", ""102299"", ""176852"", ""102603""]","[""178937_token_0000"", ""178923_token_0000"", ""179667_token_0001"", ""178897_token_0000"", ""179621_token_0001"", ""177700_token_0000"", ""103869_token_0000"", ""178976_token_0000"", ""178944_token_0000"", ""102194_token_0001"", ""177700_token_0001"", ""178922_token_0000"", ""178808_token_0000"", ""3325_token_0001"", ""179667_token_0000"", ""178946_token_0000"", ""103215_token_0000"", ""102842_token_0000"", ""3325_token_0000"", ""179797_token_0000"", ""95381_token_0003"", ""175910_token_0000"", ""178948_token_0000"", ""178976_token_0002"", ""102385_token_0003"", ""178534_token_0000"", ""2812_token_0000"", ""178976_token_0001"", ""179786_token_0000"", ""179786_token_0001"", ""103457_token_0000"", ""103657_token_0000"", ""179151_token_0006"", ""179151_token_0003"", ""179151_token_0004"", ""103354_token_0000"", ""179151_token_0000"", ""179669_token_0001"", ""103354_token_0002"", ""179151_token_0001"", ""103242_token_0000"", ""175910_token_0003"", ""179941_token_0000"", ""179151_token_0002"", ""179151_token_0005"", ""3422_token_0002"", ""102385_token_0000"", ""102299_token_0000"", ""176852_token_0000"", ""102603_token_0003""]"
cross_5_1,bm25,"So sánh sự đổi mới trong đề thi môn Ngữ văn ở kỳ thi tuyển sinh lớp 10 (năm 2025) và kỳ thi tốt nghiệp THPT (năm 2025): điểm chung và khác biệt về cấu trúc đề thi, hình thức thi và cách sử dụng ngữ liệu là gì?","[102777, 178328, 4420]",True,"[""102777"", ""178328"", ""4420""]",356.3157,0.0,0.0,0.3333333333333333,1.0,0.6666666666666666,1.0,0.3333333333333333,0.370291336443826,"[""102777"", ""178328"", ""4420""]","[""178004"", ""102825"", ""102777"", ""102567"", ""178561"", ""4137"", ""5081"", ""178065"", ""99099"", ""178328"", ""97087"", ""95653"", ""103500"", ""94691"", ""2685"", ""103812"", ""102961"", ""180215"", ""179733"", ""178374"", ""178145"", ""3024"", ""102059"", ""178303"", ""42372"", ""103027"", ""178002"", ""178542"", ""180436"", ""180437"", ""103052"", ""178068"", ""179713""]","[""178004_token_0000"", ""102825_token_0001"", ""102777_token_0000"", ""102567_token_0000"", ""102567_token_0002"", ""102567_token_0001"", ""178561_token_0002"", ""4137_token_0000"", ""5081_token_0000"", ""178004_token_0001"", ""178065_token_0000"", ""99099_token_0000"", ""178328_token_0000"", ""97087_token_0000"", ""95653_token_0000"", ""102825_token_0003"", ""103500_token_0002"", ""102567_token_0004"", ""94691_token_0000"", ""102777_token_0001"", ""102825_token_0000"", ""2685_token_0000"", ""103812_token_0000"", ""102961_token_0000"", ""180215_token_0002"", ""179733_token_0000"", ""178374_token_0000"", ""102567_token_0003"", ""178561_token_0001"", ""178145_token_0001"", ""178004_token_0002"", ""3024_token_0000"", ""102059_token_0000"", ""178303_token_0001"", ""42372_token_0000"", ""103027_token_0000"", ""42372_token_0001"", ""178002_token_0000"", ""103812_token_0003"", ""180215_token_0000"", ""178542_token_0000"", ""102825_token_0002"", ""97087_token_0001"", ""180436_token_0000"", ""94691_token_0001"", ""180437_token_0000"", ""103052_token_0000"", ""178068_token_0000"", ""99099_token_0002"", ""179713_token_0000""]"
cross_5_1,dense,"So sánh sự đổi mới trong đề thi môn Ngữ văn ở kỳ thi tuyển sinh lớp 10 (năm 2025) và kỳ thi tốt nghiệp THPT (năm 2025): điểm chung và khác biệt về cấu trúc đề thi, hình thức thi và cách sử dụng ngữ liệu là gì?","[102777, 178328, 4420]",True,"[""102777"", ""178328"", ""4420""]",6199.3446,0.0,0.0,0.3333333333333333,1.0,0.6666666666666666,1.0,0.3333333333333333,0.37590633587120725,"[""102777"", ""178328"", ""4420""]","[""178004"", ""102825"", ""102777"", ""178068"", ""99099"", ""102567"", ""179733"", ""103500"", ""178328"", ""97087"", ""94691"", ""178065"", ""103812"", ""103210"", ""103052"", ""4137"", ""2683"", ""99999"", ""179717"", ""95016"", ""178374"", ""103025"", ""103027"", ""180447"", ""102059""]","[""178004_token_0002"", ""178004_token_0000"", ""178004_token_0001"", ""102825_token_0001"", ""102777_token_0000"", ""102825_token_0003"", ""178068_token_0001"", ""178068_token_0000"", ""102777_token_0001"", ""102777_token_0004"", ""102825_token_0004"", ""99099_token_0001"", ""102825_token_0002"", ""102567_token_0002"", ""179733_token_0000"", ""103500_token_0002"", ""102567_token_0000"", ""178328_token_0000"", ""97087_token_0000"", ""94691_token_0001"", ""102567_token_0004"", ""179733_token_0002"", ""178065_token_0000"", ""99099_token_0000"", ""103812_token_0003"", ""102825_token_0000"", ""102777_token_0005"", ""103210_token_0000"", ""103052_token_0002"", ""4137_token_0000"", ""2683_token_0000"", ""99999_token_0000"", ""179717_token_0003"", ""99099_token_0002"", ""95016_token_0002"", ""178374_token_0000"", ""103052_token_0003"", ""94691_token_0000"", ""103025_token_0002"", ""179733_token_0001"", ""103027_token_0000"", ""103052_token_0000"", ""99999_token_0001"", ""97087_token_0004"", ""97087_token_0001"", ""180447_token_0000"", ""4137_token_0001"", ""103027_token_0002"", ""179717_token_0002"", ""102059_token_0000""]"
cross_5_1,hybrid,"So sánh sự đổi mới trong đề thi môn Ngữ văn ở kỳ thi tuyển sinh lớp 10 (năm 2025) và kỳ thi tốt nghiệp THPT (năm 2025): điểm chung và khác biệt về cấu trúc đề thi, hình thức thi và cách sử dụng ngữ liệu là gì?","[102777, 178328, 4420]",True,"[""102777"", ""178328"", ""4420""]",6538.2966,0.0,0.0,0.6666666666666666,1.0,0.6666666666666666,1.0,0.3333333333333333,0.41618115554873086,"[""102777"", ""178328"", ""4420""]","[""178004"", ""102825"", ""102777"", ""102567"", ""178328"", ""97087"", ""103500"", ""178065"", ""4137"", ""99099"", ""179733"", ""178068"", ""94691"", ""178374"", ""103812"", ""103027"", ""102059"", ""103052"", ""178561"", ""5081"", ""95653"", ""2685"", ""102961"", ""180215"", ""103210"", ""178145"", ""2683"", ""3024""]","[""178004_token_0000"", ""102825_token_0001"", ""102777_token_0000"", ""178004_token_0001"", ""102567_token_0002"", ""102567_token_0000"", ""102825_token_0003"", ""178004_token_0002"", ""102777_token_0001"", ""178328_token_0000"", ""97087_token_0000"", ""103500_token_0002"", ""178065_token_0000"", ""4137_token_0000"", ""99099_token_0000"", ""102567_token_0004"", ""179733_token_0000"", ""102825_token_0000"", ""178068_token_0000"", ""102825_token_0002"", ""94691_token_0000"", ""94691_token_0001"", ""178374_token_0000"", ""103812_token_0003"", ""103027_token_0000"", ""102059_token_0000"", ""99099_token_0002"", ""97087_token_0001"", ""103052_token_0000"", ""102567_token_0001"", ""178068_token_0001"", ""178561_token_0002"", ""5081_token_0000"", ""102777_token_0004"", ""102825_token_0004"", ""99099_token_0001"", ""95653_token_0000"", ""179733_token_0002"", ""2685_token_0000"", ""103812_token_0000"", ""102961_token_0000"", ""180215_token_0002"", ""102777_token_0005"", ""102567_token_0003"", ""103210_token_0000"", ""103052_token_0002"", ""178561_token_0001"", ""178145_token_0001"", ""2683_token_0000"", ""3024_token_0000""]"
cross_5_2,bm25,"Từ năm 2023 đến 2025, kỳ thi tuyển sinh lớp 10 tại TP.HCM đã có những thay đổi gì đáng chú ý về đề thi các môn (bao gồm cả ngoại ngữ và ngữ văn)? Những thay đổi này phản ánh xu hướng cải cách giáo dục nào?","[102777, 178328, 4420]",False,"[""4420"", ""102777"", ""178328""]",357.621,0.0,0.0,0.0,0.0,0.0,0.0,0.0,0.0,"[""102777"", ""178328"", ""4420""]","[""102961"", ""102348"", ""3024"", ""103610"", ""99099"", ""94691"", ""103027"", ""178145"", ""180340"", ""103052"", ""101982"", ""178561"", ""177010"", ""103812"", ""178542"", ""102567"", ""178328"", ""179418"", ""95680"", ""4420"", ""178004"", ""97087"", ""178065"", ""95885"", ""95813"", ""95873"", ""103354"", ""173292"", ""42372"", ""103025"", ""4005"", ""3226"", ""95016"", ""180337"", ""180437"", ""179733""]","[""102961_token_0000"", ""102348_token_0000"", ""3024_token_0000"", ""103610_token_0000"", ""99099_token_0000"", ""103610_token_0001"", ""94691_token_0001"", ""103027_token_0002"", ""178145_token_0001"", ""94691_token_0000"", ""180340_token_0000"", ""103052_token_0000"", ""99099_token_0003"", ""101982_token_0003"", ""178561_token_0002"", ""177010_token_0002"", ""103812_token_0002"", ""178542_token_0000"", ""99099_token_0004"", ""102567_token_0000"", ""178328_token_0000"", ""179418_token_0000"", ""95680_token_0000"", ""4420_token_0000"", ""103812_token_0003"", ""178004_token_0001"", ""103027_token_0000"", ""97087_token_0001"", ""99099_token_0002"", ""178065_token_0000"", ""95885_token_0000"", ""103052_token_0002"", ""95885_token_0001"", ""95813_token_0000"", ""95873_token_0000"", ""103354_token_0002"", ""173292_token_0001"", ""42372_token_0000"", ""103025_token_0002"", ""4005_token_0003"", ""3226_token_0000"", ""103027_token_0001"", ""95016_token_0002"", ""97087_token_0000"", ""180337_token_0001"", ""173292_token_0002"", ""180340_token_0001"", ""103812_token_0000"", ""180437_token_0000"", ""179733_token_0001""]"
cross_5_2,dense,"Từ năm 2023 đến 2025, kỳ thi tuyển sinh lớp 10 tại TP.HCM đã có những thay đổi gì đáng chú ý về đề thi các môn (bao gồm cả ngoại ngữ và ngữ văn)? Những thay đổi này phản ánh xu hướng cải cách giáo dục nào?","[102777, 178328, 4420]",False,"[""4420"", ""102777"", ""178328""]",6188.1918,0.3333333333333333,1.0,0.6666666666666666,1.0,0.6666666666666666,1.0,1.0,0.6713860725233041,"[""102777"", ""178328"", ""4420""]","[""4420"", ""2683"", ""99099"", ""102777"", ""102348"", ""2583"", ""3024"", ""3861"", ""95016"", ""2760"", ""103912"", ""102961"", ""103025"", ""103812"", ""3226"", ""179297"", ""102990"", ""180340"", ""180425"", ""102299"", ""178004"", ""101982"", ""103354"", ""179418"", ""3684"", ""6396"", ""180447"", ""180089"", ""95873"", ""102825"", ""3258"", ""178068""]","[""4420_token_0001"", ""2683_token_0000"", ""99099_token_0000"", ""4420_token_0000"", ""102777_token_0004"", ""99099_token_0002"", ""2683_token_0001"", ""102348_token_0000"", ""99099_token_0004"", ""2583_token_0000"", ""3024_token_0001"", ""2583_token_0001"", ""3861_token_0000"", ""102777_token_0005"", ""102777_token_0000"", ""95016_token_0002"", ""2760_token_0001"", ""103912_token_0001"", ""102961_token_0000"", ""103025_token_0002"", ""103812_token_0002"", ""3024_token_0000"", ""99099_token_0003"", ""3226_token_0000"", ""179297_token_0001"", ""102990_token_0001"", ""180340_token_0000"", ""180340_token_0001"", ""103812_token_0003"", ""180425_token_0000"", ""99099_token_0001"", ""3861_token_0001"", ""102777_token_0001"", ""102299_token_0000"", ""102299_token_0002"", ""178004_token_0002"", ""179297_token_0000"", ""101982_token_0004"", ""103354_token_0002"", ""179418_token_0000"", ""2760_token_0002"", ""3684_token_0000"", ""6396_token_0002"", ""180447_token_0000"", ""180089_token_0000"", ""95873_token_0001"", ""102825_token_0001"", ""3684_token_0002"", ""3258_token_0000"", ""178068_token_0000""]"
cross_5_2,hybrid,"Từ năm 2023 đến 2025, kỳ thi tuyển sinh lớp 10 tại TP.HCM đã có những thay đổi gì đáng chú ý về đề thi các môn (bao gồm cả ngoại ngữ và ngữ văn)? Những thay đổi này phản ánh xu hướng cải cách giáo dục nào?","[102777, 178328, 4420]",False,"[""4420"", ""102777"", ""178328""]",6655.6078,0.0,0.0,0.3333333333333333,1.0,0.3333333333333333,1.0,0.2,0.18154179253735267,"[""102777"", ""178328"", ""4420""]","[""99099"", ""102348"", ""102961"", ""3024"", ""4420"", ""180340"", ""103812"", ""95016"", ""103025"", ""179418"", ""3226"", ""103354"", ""2683"", ""103610"", ""102777"", ""94691"", ""103027"", ""178145"", ""2583"", ""103052"", ""3861"", ""101982"", ""178561"", ""177010"", ""2760"", ""103912"", ""178542"", ""102567"", ""178328"", ""95680"", ""179297"", ""102990"", ""178004"", ""97087"", ""178065"", ""180425""]","[""99099_token_0000"", ""102348_token_0000"", ""102961_token_0000"", ""3024_token_0000"", ""4420_token_0000"", ""99099_token_0004"", ""99099_token_0002"", ""99099_token_0003"", ""180340_token_0000"", ""103812_token_0002"", ""103812_token_0003"", ""95016_token_0002"", ""103025_token_0002"", ""179418_token_0000"", ""3226_token_0000"", ""180340_token_0001"", ""103354_token_0002"", ""4420_token_0001"", ""2683_token_0000"", ""103610_token_0000"", ""102777_token_0004"", ""103610_token_0001"", ""2683_token_0001"", ""94691_token_0001"", ""103027_token_0002"", ""178145_token_0001"", ""2583_token_0000"", ""94691_token_0000"", ""3024_token_0001"", ""103052_token_0000"", ""2583_token_0001"", ""3861_token_0000"", ""101982_token_0003"", ""102777_token_0005"", ""102777_token_0000"", ""178561_token_0002"", ""177010_token_0002"", ""2760_token_0001"", ""103912_token_0001"", ""178542_token_0000"", ""102567_token_0000"", ""178328_token_0000"", ""95680_token_0000"", ""179297_token_0001"", ""102990_token_0001"", ""178004_token_0001"", ""103027_token_0000"", ""97087_token_0001"", ""178065_token_0000"", ""180425_token_0000""]"
cross_6_1,bm25,So sánh tình trạng sức khỏe và khả năng tiếp tục hoạt động nghệ thuật của NSƯT Bảo Quốc và nghệ sĩ Uyên Trinh. Ai vẫn còn tái xuất sân khấu và ai đã phải từ bỏ nghề?,"[90555, 164317, 91968]",True,"[""90555"", ""91968"", ""164317""]",257.1876,0.3333333333333333,1.0,0.3333333333333333,1.0,0.6666666666666666,1.0,1.0,0.6257049680303419,"[""164317"", ""90555"", ""91968""]","[""90555"", ""80429"", ""163516"", ""212382"", ""163235"", ""163570"", ""91968"", ""163689"", ""89740"", ""164213"", ""168556"", ""164317"", ""164887"", ""90879"", ""84895"", ""166088"", ""163046"", ""167906"", ""156881"", ""16697"", ""93045"", ""164773"", ""32945"", ""81171"", ""7313"", ""99496"", ""156477"", ""164046"", ""164234"", ""158908"", ""163176"", ""88912"", ""64369"", ""6804"", ""161947"", ""169051"", ""164216"", ""172124""]","[""90555_token_0000"", ""90555_token_0001"", ""80429_token_0000"", ""80429_token_0001"", ""163516_token_0001"", ""212382_token_0000"", ""163235_token_0000"", ""90555_token_0002"", ""163570_token_0000"", ""91968_token_0000"", ""163689_token_0000"", ""89740_token_0001"", ""164213_token_0003"", ""163570_token_0002"", ""168556_token_0000"", ""164317_token_0000"", ""89740_token_0000"", ""164887_token_0000"", ""164317_token_0001"", ""90879_token_0000"", ""84895_token_0000"", ""84895_token_0001"", ""166088_token_0001"", ""163046_token_0000"", ""167906_token_0002"", ""156881_token_0000"", ""16697_token_0001"", ""93045_token_0000"", ""164213_token_0004"", ""164773_token_0002"", ""32945_token_0003"", ""81171_token_0000"", ""7313_token_0001"", ""164887_token_0001"", ""212382_token_0001"", ""99496_token_0003"", ""156477_token_0000"", ""164046_token_0000"", ""164234_token_0000"", ""158908_token_0000"", ""163176_token_0000"", ""88912_token_0000"", ""64369_token_0000"", ""6804_token_0001"", ""161947_token_0003"", ""7313_token_0000"", ""169051_token_0002"", ""81171_token_0002"", ""164216_token_0000"", ""172124_token_0003""]"
cross_6_1,dense,So sánh tình trạng sức khỏe và khả năng tiếp tục hoạt động nghệ thuật của NSƯT Bảo Quốc và nghệ sĩ Uyên Trinh. Ai vẫn còn tái xuất sân khấu và ai đã phải từ bỏ nghề?,"[90555, 164317, 91968]",True,"[""90555"", ""91968"", ""164317""]",6199.565,0.3333333333333333,1.0,1.0,1.0,1.0,1.0,1.0,0.9674679834891693,"[""164317"", ""90555"", ""91968""]","[""90555"", ""91968"", ""165056"", ""164317"", ""6607"", ""163235"", ""85022"", ""89700"", ""169353"", ""86779"", ""161828"", ""84144"", ""84895"", ""89178"", ""258601"", ""165538"", ""163604"", ""164213"", ""84231"", ""141852"", ""87709"", ""87975"", ""88708"", ""85868"", ""12514"", ""164234"", ""157260"", ""94501"", ""117335"", ""163508"", ""82698"", ""89779"", ""92962"", ""167906"", ""10714"", ""158546"", ""8996"", ""93993"", ""157097"", ""90871""]","[""90555_token_0000"", ""90555_token_0001"", ""91968_token_0000"", ""90555_token_0002"", ""91968_token_0001"", ""165056_token_0001"", ""164317_token_0001"", ""6607_token_0001"", ""163235_token_0000"", ""85022_token_0000"", ""89700_token_0000"", ""169353_token_0003"", ""163235_token_0001"", ""86779_token_0002"", ""161828_token_0001"", ""84144_token_0000"", ""164317_token_0000"", ""86779_token_0001"", ""84895_token_0001"", ""89178_token_0001"", ""258601_token_0001"", ""89178_token_0000"", ""165538_token_0000"", ""163604_token_0000"", ""86779_token_0000"", ""164213_token_0004"", ""84231_token_0000"", ""141852_token_0001"", ""85022_token_0001"", ""87709_token_0000"", ""87975_token_0000"", ""88708_token_0000"", ""85868_token_0000"", ""12514_token_0000"", ""164234_token_0003"", ""157260_token_0000"", ""165056_token_0000"", ""94501_token_0001"", ""117335_token_0002"", ""163508_token_0001"", ""82698_token_0001"", ""89779_token_0000"", ""92962_token_0000"", ""167906_token_0000"", ""10714_token_0001"", ""158546_token_0000"", ""8996_token_0000"", ""93993_token_0001"", ""157097_token_0000"", ""90871_token_0000""]"
cross_6_1,hybrid,So sánh tình trạng sức khỏe và khả năng tiếp tục hoạt động nghệ thuật của NSƯT Bảo Quốc và nghệ sĩ Uyên Trinh. Ai vẫn còn tái xuất sân khấu và ai đã phải từ bỏ nghề?,"[90555, 164317, 91968]",True,"[""90555"", ""91968"", ""164317""]",6376.8397,0.3333333333333333,1.0,1.0,1.0,1.0,1.0,1.0,0.9674679834891693,"[""164317"", ""90555"", ""91968""]","[""90555"", ""91968"", ""163235"", ""164317"", ""84895"", ""164213"", ""80429"", ""163516"", ""165056"", ""212382"", ""6607"", ""163570"", ""85022"", ""163689"", ""89700"", ""169353"", ""89740"", ""86779"", ""161828"", ""168556"", ""84144"", ""164887"", ""89178"", ""90879"", ""258601"", ""165538"", ""166088"", ""163046"", ""163604"", ""167906"", ""156881"", ""16697"", ""84231"", ""141852"", ""93045"", ""164773""]","[""90555_token_0000"", ""90555_token_0001"", ""90555_token_0002"", ""91968_token_0000"", ""163235_token_0000"", ""164317_token_0001"", ""164317_token_0000"", ""84895_token_0001"", ""164213_token_0004"", ""80429_token_0000"", ""80429_token_0001"", ""163516_token_0001"", ""91968_token_0001"", ""165056_token_0001"", ""212382_token_0000"", ""6607_token_0001"", ""163570_token_0000"", ""85022_token_0000"", ""163689_token_0000"", ""89700_token_0000"", ""169353_token_0003"", ""89740_token_0001"", ""163235_token_0001"", ""164213_token_0003"", ""163570_token_0002"", ""86779_token_0002"", ""161828_token_0001"", ""168556_token_0000"", ""84144_token_0000"", ""89740_token_0000"", ""164887_token_0000"", ""86779_token_0001"", ""89178_token_0001"", ""90879_token_0000"", ""258601_token_0001"", ""84895_token_0000"", ""89178_token_0000"", ""165538_token_0000"", ""166088_token_0001"", ""163046_token_0000"", ""163604_token_0000"", ""167906_token_0002"", ""86779_token_0000"", ""156881_token_0000"", ""16697_token_0001"", ""84231_token_0000"", ""141852_token_0001"", ""93045_token_0000"", ""85022_token_0001"", ""164773_token_0002""]"
cross_6_2,bm25,"Trong các vở diễn cải lương mà Gia Bảo tổ chức (Dạ cổ hoài lang và Hoa Mộc Lan tùng chinh), NSƯT Bảo Quốc đã tham gia bao nhiêu vở và vai diễn nào ông từ chối hoặc không thể tham gia? Lý do cụ thể trong từng trường hợp là gì?","[90555, 164317, 91968]",True,"[""90555"", ""164317"", ""91968""]",344.5939,0.3333333333333333,1.0,0.6666666666666666,1.0,0.6666666666666666,1.0,1.0,0.7653606369886217,"[""164317"", ""90555"", ""91968""]","[""164317"", ""90555"", ""163235"", ""89740"", ""163393"", ""163604"", ""163308"", ""164234"", ""12705"", ""164226"", ""16420"", ""89700"", ""6607"", ""80429"", ""157097"", ""89850"", ""163516"", ""166088"", ""162708"", ""164208"", ""162821"", ""84018"", ""156477"", ""168556"", ""169477"", ""203200"", ""5048"", ""162600"", ""163176"", ""159799"", ""164101"", ""81171"", ""164216"", ""90871"", ""158546"", ""93595"", ""61493"", ""157954"", ""12445""]","[""164317_token_0000"", ""164317_token_0001"", ""90555_token_0000"", ""90555_token_0001"", ""163235_token_0000"", ""90555_token_0002"", ""163235_token_0001"", ""89740_token_0000"", ""163393_token_0001"", ""163393_token_0000"", ""163604_token_0001"", ""163308_token_0000"", ""164234_token_0000"", ""12705_token_0000"", ""163604_token_0000"", ""164226_token_0001"", ""16420_token_0000"", ""89700_token_0000"", ""6607_token_0001"", ""80429_token_0001"", ""157097_token_0000"", ""89850_token_0001"", ""89850_token_0003"", ""163516_token_0000"", ""166088_token_0001"", ""162708_token_0000"", ""89850_token_0000"", ""164208_token_0000"", ""162821_token_0000"", ""163308_token_0001"", ""84018_token_0001"", ""156477_token_0000"", ""168556_token_0000"", ""169477_token_0000"", ""203200_token_0000"", ""5048_token_0001"", ""162600_token_0000"", ""163176_token_0000"", ""159799_token_0000"", ""164101_token_0000"", ""81171_token_0000"", ""164216_token_0000"", ""90871_token_0000"", ""158546_token_0000"", ""157097_token_0001"", ""93595_token_0000"", ""61493_token_0001"", ""80429_token_0000"", ""157954_token_0000"", ""12445_token_0001""]"
cross_6_2,dense,"Trong các vở diễn cải lương mà Gia Bảo tổ chức (Dạ cổ hoài lang và Hoa Mộc Lan tùng chinh), NSƯT Bảo Quốc đã tham gia bao nhiêu vở và vai diễn nào ông từ chối hoặc không thể tham gia? Lý do cụ thể trong từng trường hợp là gì?","[90555, 164317, 91968]",True,"[""90555"", ""164317"", ""91968""]",6260.3605,0.3333333333333333,1.0,0.6666666666666666,1.0,0.6666666666666666,1.0,1.0,0.7653606369886217,"[""164317"", ""90555"", ""91968""]","[""164317"", ""90555"", ""163235"", ""84144"", ""163604"", ""164213"", ""164717"", ""82698"", ""163072"", ""158641"", ""88235"", ""80436"", ""85181"", ""164216"", ""163508"", ""6607"", ""12809"", ""84123"", ""12705"", ""258321"", ""84018"", ""163393"", ""84895"", ""164887"", ""81379"", ""82138"", ""165320"", ""157698"", ""162600"", ""89700"", ""9867"", ""8996""]","[""164317_token_0001"", ""164317_token_0000"", ""90555_token_0000"", ""90555_token_0001"", ""163235_token_0000"", ""90555_token_0002"", ""163235_token_0001"", ""84144_token_0000"", ""163604_token_0000"", ""164213_token_0002"", ""164717_token_0002"", ""84144_token_0001"", ""82698_token_0001"", ""163072_token_0001"", ""158641_token_0001"", ""88235_token_0000"", ""80436_token_0001"", ""163072_token_0000"", ""85181_token_0001"", ""164216_token_0000"", ""163508_token_0000"", ""164717_token_0000"", ""6607_token_0001"", ""12809_token_0001"", ""84123_token_0000"", ""12705_token_0001"", ""258321_token_0003"", ""84018_token_0001"", ""163393_token_0000"", ""163604_token_0001"", ""84895_token_0001"", ""164887_token_0000"", ""84895_token_0000"", ""164213_token_0000"", ""81379_token_0001"", ""82138_token_0000"", ""164213_token_0004"", ""80436_token_0002"", ""165320_token_0000"", ""157698_token_0004"", ""164213_token_0001"", ""162600_token_0000"", ""12809_token_0000"", ""85181_token_0000"", ""89700_token_0000"", ""157698_token_0000"", ""9867_token_0002"", ""8996_token_0001"", ""163072_token_0002"", ""8996_token_0002""]"
cross_6_2,hybrid,"Trong các vở diễn cải lương mà Gia Bảo tổ chức (Dạ cổ hoài lang và Hoa Mộc Lan tùng chinh), NSƯT Bảo Quốc đã tham gia bao nhiêu vở và vai diễn nào ông từ chối hoặc không thể tham gia? Lý do cụ thể trong từng trường hợp là gì?","[90555, 164317, 91968]",True,"[""90555"", ""164317"", ""91968""]",6951.6187,0.3333333333333333,1.0,0.6666666666666666,1.0,0.6666666666666666,1.0,1.0,0.7653606369886217,"[""164317"", ""90555"", ""91968""]","[""164317"", ""90555"", ""163235"", ""163604"", ""163393"", ""6607"", ""84018"", ""89700"", ""164216"", ""162600"", ""84144"", ""89740"", ""164213"", ""164717"", ""163308"", ""164234"", ""82698"", ""12705"", ""163072"", ""158641"", ""164226"", ""88235"", ""16420"", ""80436"", ""85181"", ""80429"", ""157097"", ""163508"", ""89850"", ""12809"", ""163516"", ""166088"", ""84123"", ""162708"", ""258321"", ""164208"", ""162821""]","[""164317_token_0000"", ""164317_token_0001"", ""90555_token_0000"", ""90555_token_0001"", ""163235_token_0000"", ""90555_token_0002"", ""163235_token_0001"", ""163604_token_0000"", ""163393_token_0000"", ""163604_token_0001"", ""6607_token_0001"", ""84018_token_0001"", ""89700_token_0000"", ""164216_token_0000"", ""162600_token_0000"", ""84144_token_0000"", ""89740_token_0000"", ""163393_token_0001"", ""164213_token_0002"", ""164717_token_0002"", ""163308_token_0000"", ""84144_token_0001"", ""164234_token_0000"", ""82698_token_0001"", ""12705_token_0000"", ""163072_token_0001"", ""158641_token_0001"", ""164226_token_0001"", ""88235_token_0000"", ""16420_token_0000"", ""80436_token_0001"", ""163072_token_0000"", ""85181_token_0001"", ""80429_token_0001"", ""157097_token_0000"", ""163508_token_0000"", ""164717_token_0000"", ""89850_token_0001"", ""89850_token_0003"", ""12809_token_0001"", ""163516_token_0000"", ""166088_token_0001"", ""84123_token_0000"", ""12705_token_0001"", ""162708_token_0000"", ""258321_token_0003"", ""89850_token_0000"", ""164208_token_0000"", ""162821_token_0000"", ""163308_token_0001""]"
cross_7_1,bm25,"So sánh vai trò của các nhà thiết kế Việt Nam trong việc tạo trang phục cho các cuộc thi sắc đẹp quốc tế được đề cập trong các bài báo: Lê Thanh Hòa thiết kế cho Miss World và Nguyễn Minh Tuấn thiết kế cho Miss Grand International có những điểm chung và khác biệt gì về quy mô, số lượng thiết kế và đối tượng phục vụ?","[15768, 15473, 168961]",True,"[""15768"", ""15473"", ""168961""]",415.2841,0.3333333333333333,1.0,0.3333333333333333,1.0,0.3333333333333333,1.0,1.0,0.46927872602275644,"[""15473"", ""15768"", ""168961""]","[""15473"", ""13634"", ""15724"", ""168350"", ""166703"", ""166147"", ""13228"", ""168347"", ""93557"", ""13011"", ""165530"", ""61924"", ""61321"", ""14819"", ""14851"", ""15768"", ""167540"", ""53384"", ""91495"", ""97654"", ""170219"", ""16441"", ""143697"", ""172794"", ""14115"", ""14591"", ""16075"", ""15226"", ""177943"", ""13585"", ""77750"", ""100171"", ""171180"", ""150461"", ""122243"", ""52922"", ""169579"", ""102336"", ""192256"", ""166414"", ""99308"", ""78996"", ""23931""]","[""15473_token_0000"", ""13634_token_0001"", ""13634_token_0002"", ""13634_token_0000"", ""15473_token_0001"", ""15724_token_0000"", ""168350_token_0000"", ""166703_token_0000"", ""166147_token_0000"", ""13228_token_0000"", ""168347_token_0000"", ""93557_token_0000"", ""13011_token_0000"", ""165530_token_0000"", ""61924_token_0000"", ""61321_token_0001"", ""14819_token_0001"", ""14851_token_0000"", ""15768_token_0000"", ""167540_token_0002"", ""53384_token_0000"", ""91495_token_0001"", ""97654_token_0001"", ""170219_token_0000"", ""16441_token_0000"", ""143697_token_0000"", ""172794_token_0002"", ""14115_token_0000"", ""14591_token_0000"", ""16075_token_0000"", ""15226_token_0000"", ""177943_token_0001"", ""13585_token_0001"", ""167540_token_0000"", ""16441_token_0001"", ""77750_token_0000"", ""100171_token_0001"", ""171180_token_0000"", ""150461_token_0001"", ""122243_token_0000"", ""52922_token_0000"", ""167540_token_0001"", ""169579_token_0000"", ""102336_token_0001"", ""192256_token_0001"", ""166414_token_0000"", ""99308_token_0000"", ""78996_token_0002"", ""23931_token_0000"", ""14115_token_0001""]"
cross_7_1,dense,"So sánh vai trò của các nhà thiết kế Việt Nam trong việc tạo trang phục cho các cuộc thi sắc đẹp quốc tế được đề cập trong các bài báo: Lê Thanh Hòa thiết kế cho Miss World và Nguyễn Minh Tuấn thiết kế cho Miss Grand International có những điểm chung và khác biệt gì về quy mô, số lượng thiết kế và đối tượng phục vụ?","[15768, 15473, 168961]",True,"[""15768"", ""15473"", ""168961""]",6216.0625,0.0,0.0,0.6666666666666666,1.0,0.6666666666666666,1.0,0.5,0.5307212739772434,"[""15473"", ""15768"", ""168961""]","[""13634"", ""15473"", ""15768"", ""166703"", ""15724"", ""165252"", ""13228"", ""166044"", ""14480"", ""166470"", ""91495"", ""168350"", ""166147"", ""166296"", ""168601"", ""168347"", ""165119"", ""91930"", ""14115"", ""170219"", ""15536"", ""13639"", ""13493"", ""15226"", ""168646"", ""14819"", ""169886"", ""93726"", ""89775"", ""13472"", ""15489"", ""93840"", ""167540"", ""79021"", ""168486"", ""15635"", ""165244""]","[""13634_token_0002"", ""15473_token_0000"", ""15473_token_0001"", ""13634_token_0001"", ""13634_token_0000"", ""15768_token_0000"", ""166703_token_0000"", ""15724_token_0000"", ""165252_token_0000"", ""15724_token_0001"", ""13228_token_0002"", ""166044_token_0000"", ""14480_token_0000"", ""166470_token_0000"", ""91495_token_0001"", ""168350_token_0001"", ""166147_token_0000"", ""166296_token_0000"", ""168601_token_0001"", ""168347_token_0000"", ""165119_token_0001"", ""91930_token_0000"", ""91495_token_0002"", ""14115_token_0000"", ""170219_token_0000"", ""15536_token_0000"", ""13639_token_0001"", ""13493_token_0000"", ""15226_token_0001"", ""168646_token_0001"", ""14819_token_0001"", ""169886_token_0000"", ""168350_token_0000"", ""93726_token_0001"", ""89775_token_0000"", ""13472_token_0000"", ""91495_token_0000"", ""15489_token_0001"", ""166296_token_0001"", ""170219_token_0001"", ""93840_token_0000"", ""167540_token_0002"", ""13639_token_0000"", ""79021_token_0001"", ""168486_token_0001"", ""15635_token_0000"", ""167540_token_0001"", ""165252_token_0001"", ""165244_token_0000"", ""13228_token_0000""]"
cross_7_1,hybrid,"So sánh vai trò của các nhà thiết kế Việt Nam trong việc tạo trang phục cho các cuộc thi sắc đẹp quốc tế được đề cập trong các bài báo: Lê Thanh Hòa thiết kế cho Miss World và Nguyễn Minh Tuấn thiết kế cho Miss Grand International có những điểm chung và khác biệt gì về quy mô, số lượng thiết kế và đối tượng phục vụ?","[15768, 15473, 168961]",True,"[""15768"", ""15473"", ""168961""]",6609.1945,0.3333333333333333,1.0,0.6666666666666666,1.0,0.6666666666666666,1.0,1.0,0.6508205185601091,"[""15473"", ""15768"", ""168961""]","[""15473"", ""13634"", ""15724"", ""166703"", ""15768"", ""166147"", ""168347"", ""168350"", ""91495"", ""14819"", ""170219"", ""13228"", ""14115"", ""167540"", ""165252"", ""166044"", ""93557"", ""13011"", ""14480"", ""165530"", ""166470"", ""61924"", ""61321"", ""14851"", ""166296"", ""168601"", ""165119"", ""53384"", ""91930"", ""97654"", ""16441"", ""143697"", ""15536"", ""13639"", ""172794"", ""13493"", ""14591"", ""15226"", ""16075"", ""168646"", ""169886""]","[""15473_token_0000"", ""13634_token_0002"", ""13634_token_0001"", ""15473_token_0001"", ""13634_token_0000"", ""15724_token_0000"", ""166703_token_0000"", ""15768_token_0000"", ""166147_token_0000"", ""168347_token_0000"", ""168350_token_0000"", ""91495_token_0001"", ""14819_token_0001"", ""170219_token_0000"", ""13228_token_0000"", ""14115_token_0000"", ""167540_token_0002"", ""167540_token_0001"", ""165252_token_0000"", ""15724_token_0001"", ""13228_token_0002"", ""166044_token_0000"", ""93557_token_0000"", ""13011_token_0000"", ""14480_token_0000"", ""165530_token_0000"", ""166470_token_0000"", ""61924_token_0000"", ""168350_token_0001"", ""61321_token_0001"", ""14851_token_0000"", ""166296_token_0000"", ""168601_token_0001"", ""165119_token_0001"", ""53384_token_0000"", ""91930_token_0000"", ""91495_token_0002"", ""97654_token_0001"", ""16441_token_0000"", ""143697_token_0000"", ""15536_token_0000"", ""13639_token_0001"", ""172794_token_0002"", ""13493_token_0000"", ""14591_token_0000"", ""15226_token_0001"", ""16075_token_0000"", ""168646_token_0001"", ""15226_token_0000"", ""169886_token_0000""]"
cross_7_2,bm25,"Trong số các hoa hậu và thí sinh được nhắc đến ở cả ba bài báo – Krystyna Pyszková (Miss World 2024), Quế Anh (Miss Grand International 2024), Lê Hoàng Phương và Đan Phượng (Miss World Vietnam) – ai đã từng đạt thành tích cao nhất tại các cuộc thi quốc tế và thành tích cụ thể của họ là gì?","[15768, 15473, 168961]",False,"[""15768"", ""15473"", ""168961""]",486.3125,0.0,0.0,0.3333333333333333,1.0,0.6666666666666666,1.0,0.3333333333333333,0.40179981797758046,"[""15473"", ""15768"", ""168961""]","[""93840"", ""167540"", ""15473"", ""93301"", ""91495"", ""15768"", ""165506"", ""15806"", ""79884"", ""165119"", ""168961"", ""178976"", ""129450"", ""178808"", ""97942"", ""178534"", ""235986"", ""15597"", ""15226"", ""175910"", ""178948"", ""3285"", ""86676"", ""96976"", ""179667"", ""159236"", ""129777"", ""14480"", ""6096"", ""97301"", ""186726"", ""38982"", ""103532"", ""128740"", ""41641"", ""130115"", ""3232"", ""41838"", ""165244"", ""168347"", ""180714"", ""125996""]","[""93840_token_0000"", ""167540_token_0002"", ""15473_token_0000"", ""93301_token_0000"", ""91495_token_0001"", ""15768_token_0000"", ""91495_token_0002"", ""167540_token_0000"", ""15473_token_0001"", ""165506_token_0000"", ""15806_token_0001"", ""79884_token_0000"", ""165119_token_0000"", ""168961_token_0000"", ""178976_token_0001"", ""129450_token_0000"", ""178808_token_0000"", ""97942_token_0000"", ""167540_token_0003"", ""178534_token_0000"", ""235986_token_0000"", ""15597_token_0000"", ""15226_token_0000"", ""175910_token_0003"", ""178948_token_0000"", ""3285_token_0000"", ""86676_token_0000"", ""96976_token_0002"", ""91495_token_0000"", ""15226_token_0001"", ""179667_token_0000"", ""159236_token_0000"", ""129777_token_0000"", ""14480_token_0000"", ""6096_token_0000"", ""97301_token_0001"", ""168961_token_0001"", ""6096_token_0001"", ""186726_token_0000"", ""38982_token_0000"", ""103532_token_0000"", ""128740_token_0001"", ""41641_token_0000"", ""130115_token_0000"", ""3232_token_0000"", ""41838_token_0000"", ""165244_token_0000"", ""168347_token_0000"", ""180714_token_0000"", ""125996_token_0001""]"
cross_7_2,dense,"Trong số các hoa hậu và thí sinh được nhắc đến ở cả ba bài báo – Krystyna Pyszková (Miss World 2024), Quế Anh (Miss Grand International 2024), Lê Hoàng Phương và Đan Phượng (Miss World Vietnam) – ai đã từng đạt thành tích cao nhất tại các cuộc thi quốc tế và thành tích cụ thể của họ là gì?","[15768, 15473, 168961]",False,"[""15768"", ""15473"", ""168961""]",6229.3835,0.0,0.0,0.6666666666666666,1.0,0.6666666666666666,1.0,0.3333333333333333,0.41618115554873086,"[""15473"", ""15768"", ""168961""]","[""93840"", ""167540"", ""15768"", ""91495"", ""168961"", ""166296"", ""93301"", ""166340"", ""97942"", ""165119"", ""87527"", ""15473"", ""88344"", ""15226"", ""168350"", ""15806"", ""15536"", ""15388"", ""15790"", ""79884"", ""88390"", ""14633"", ""6403"", ""165277"", ""41122"", ""166056"", ""14480"", ""14819"", ""101121"", ""166370"", ""15597"", ""94088"", ""168601"", ""14427""]","[""93840_token_0000"", ""167540_token_0003"", ""15768_token_0000"", ""91495_token_0002"", ""168961_token_0000"", ""91495_token_0001"", ""167540_token_0002"", ""168961_token_0001"", ""166296_token_0001"", ""93301_token_0000"", ""166340_token_0000"", ""97942_token_0000"", ""167540_token_0001"", ""166296_token_0000"", ""167540_token_0000"", ""165119_token_0001"", ""87527_token_0001"", ""15473_token_0000"", ""88344_token_0001"", ""15226_token_0002"", ""165119_token_0000"", ""168350_token_0001"", ""15226_token_0001"", ""87527_token_0000"", ""15806_token_0001"", ""15536_token_0000"", ""15388_token_0000"", ""91495_token_0000"", ""15790_token_0000"", ""88344_token_0000"", ""15226_token_0000"", ""79884_token_0000"", ""88390_token_0001"", ""14633_token_0001"", ""6403_token_0003"", ""88390_token_0000"", ""14633_token_0000"", ""15473_token_0001"", ""165277_token_0000"", ""41122_token_0000"", ""166056_token_0000"", ""14480_token_0000"", ""14819_token_0001"", ""41122_token_0001"", ""101121_token_0002"", ""166370_token_0000"", ""15597_token_0001"", ""94088_token_0000"", ""168601_token_0001"", ""14427_token_0000""]"
cross_7_2,hybrid,"Trong số các hoa hậu và thí sinh được nhắc đến ở cả ba bài báo – Krystyna Pyszková (Miss World 2024), Quế Anh (Miss Grand International 2024), Lê Hoàng Phương và Đan Phượng (Miss World Vietnam) – ai đã từng đạt thành tích cao nhất tại các cuộc thi quốc tế và thành tích cụ thể của họ là gì?","[15768, 15473, 168961]",False,"[""15768"", ""15473"", ""168961""]",6661.8454,0.0,0.0,0.3333333333333333,1.0,1.0,1.0,0.3333333333333333,0.558226059985166,"[""15473"", ""15768"", ""168961""]","[""93840"", ""167540"", ""15768"", ""91495"", ""93301"", ""168961"", ""15473"", ""97942"", ""165119"", ""15806"", ""79884"", ""15226"", ""14480"", ""166296"", ""165506"", ""166340"", ""178976"", ""129450"", ""178808"", ""87527"", ""88344"", ""178534"", ""235986"", ""15597"", ""168350"", ""175910"", ""178948"", ""15536"", ""3285"", ""15388"", ""86676"", ""96976"", ""15790"", ""179667"", ""159236"", ""129777"", ""88390""]","[""93840_token_0000"", ""167540_token_0002"", ""15768_token_0000"", ""91495_token_0002"", ""91495_token_0001"", ""93301_token_0000"", ""168961_token_0000"", ""167540_token_0003"", ""15473_token_0000"", ""167540_token_0000"", ""97942_token_0000"", ""165119_token_0000"", ""15806_token_0001"", ""168961_token_0001"", ""79884_token_0000"", ""15473_token_0001"", ""15226_token_0001"", ""15226_token_0000"", ""91495_token_0000"", ""14480_token_0000"", ""166296_token_0001"", ""165506_token_0000"", ""166340_token_0000"", ""167540_token_0001"", ""166296_token_0000"", ""178976_token_0001"", ""129450_token_0000"", ""165119_token_0001"", ""178808_token_0000"", ""87527_token_0001"", ""88344_token_0001"", ""15226_token_0002"", ""178534_token_0000"", ""235986_token_0000"", ""15597_token_0000"", ""168350_token_0001"", ""175910_token_0003"", ""87527_token_0000"", ""178948_token_0000"", ""15536_token_0000"", ""3285_token_0000"", ""15388_token_0000"", ""86676_token_0000"", ""96976_token_0002"", ""15790_token_0000"", ""88344_token_0000"", ""179667_token_0000"", ""159236_token_0000"", ""129777_token_0000"", ""88390_token_0001""]"
cross_8_1,bm25,So sánh định hướng thiết kế chất liệu thân máy của Apple qua các thế hệ iPhone 17 Pro và iPhone 19 Pro. Apple có nhất quán trong việc sử dụng vật liệu hay có sự thay đổi chiến lược giữa hai thế hệ này?,"[54620, 187611, 54066]",True,"[""54620"", ""54066"", ""187611""]",310.3943,0.3333333333333333,1.0,0.6666666666666666,1.0,1.0,1.0,1.0,0.8070380459557518,"[""187611"", ""54066"", ""54620""]","[""54620"", ""187959"", ""54692"", ""54066"", ""188103"", ""187722"", ""188055"", ""62923"", ""60348"", ""187611"", ""56164"", ""58818"", ""187761"", ""59494"", ""54736"", ""62264"", ""62618"", ""182321"", ""56039"", ""53314"", ""58954"", ""53703"", ""63711"", ""59546"", ""56726"", ""187645"", ""53886"", ""57573"", ""54660"", ""57232"", ""62277"", ""199001"", ""181250"", ""59707"", ""186642"", ""53779"", ""62039"", ""55345""]","[""54620_token_0000"", ""187959_token_0000"", ""54620_token_0001"", ""54692_token_0000"", ""54066_token_0000"", ""188103_token_0000"", ""187722_token_0000"", ""187959_token_0001"", ""188055_token_0001"", ""62923_token_0000"", ""60348_token_0000"", ""188055_token_0000"", ""187611_token_0000"", ""60348_token_0001"", ""56164_token_0000"", ""58818_token_0000"", ""58818_token_0001"", ""187761_token_0000"", ""59494_token_0001"", ""54736_token_0000"", ""62264_token_0000"", ""62618_token_0000"", ""187959_token_0002"", ""182321_token_0000"", ""56039_token_0000"", ""53314_token_0000"", ""58954_token_0000"", ""53703_token_0000"", ""187722_token_0001"", ""63711_token_0000"", ""59546_token_0000"", ""56726_token_0000"", ""187645_token_0000"", ""188103_token_0001"", ""188055_token_0002"", ""187611_token_0001"", ""53886_token_0000"", ""187611_token_0002"", ""57573_token_0000"", ""54660_token_0000"", ""57232_token_0000"", ""62277_token_0000"", ""199001_token_0000"", ""187722_token_0002"", ""181250_token_0000"", ""59707_token_0000"", ""186642_token_0000"", ""53779_token_0000"", ""62039_token_0000"", ""55345_token_0000""]"
cross_8_1,dense,So sánh định hướng thiết kế chất liệu thân máy của Apple qua các thế hệ iPhone 17 Pro và iPhone 19 Pro. Apple có nhất quán trong việc sử dụng vật liệu hay có sự thay đổi chiến lược giữa hai thế hệ này?,"[54620, 187611, 54066]",True,"[""54620"", ""54066"", ""187611""]",6190.9744,0.3333333333333333,1.0,0.6666666666666666,1.0,1.0,1.0,1.0,0.8451850618939637,"[""187611"", ""54066"", ""54620""]","[""54066"", ""187722"", ""54620"", ""58818"", ""181250"", ""53886"", ""62923"", ""56164"", ""187611"", ""60348"", ""59494"", ""53779"", ""187959"", ""54660"", ""53703"", ""187761"", ""188055"", ""59546"", ""62267"", ""56039"", ""59373"", ""187645"", ""182143"", ""61493"", ""62618"", ""188103"", ""59837"", ""64484"", ""62277"", ""55650"", ""57573"", ""54692"", ""57438"", ""62264""]","[""54066_token_0000"", ""187722_token_0000"", ""54620_token_0001"", ""58818_token_0000"", ""54620_token_0000"", ""181250_token_0002"", ""53886_token_0000"", ""58818_token_0001"", ""62923_token_0000"", ""56164_token_0000"", ""187611_token_0000"", ""60348_token_0001"", ""181250_token_0000"", ""60348_token_0000"", ""187722_token_0001"", ""59494_token_0001"", ""53779_token_0000"", ""187959_token_0000"", ""54660_token_0000"", ""181250_token_0001"", ""187611_token_0002"", ""59494_token_0000"", ""53703_token_0000"", ""187761_token_0000"", ""188055_token_0001"", ""59546_token_0000"", ""62267_token_0000"", ""187722_token_0003"", ""187722_token_0002"", ""188055_token_0002"", ""188055_token_0000"", ""56039_token_0000"", ""59373_token_0000"", ""187645_token_0000"", ""182143_token_0001"", ""187959_token_0001"", ""61493_token_0002"", ""62618_token_0000"", ""188103_token_0000"", ""59837_token_0000"", ""187959_token_0002"", ""64484_token_0000"", ""54660_token_0001"", ""62277_token_0000"", ""55650_token_0000"", ""57573_token_0001"", ""54692_token_0000"", ""62923_token_0001"", ""57438_token_0000"", ""62264_token_0000""]"
cross_8_1,hybrid,So sánh định hướng thiết kế chất liệu thân máy của Apple qua các thế hệ iPhone 17 Pro và iPhone 19 Pro. Apple có nhất quán trong việc sử dụng vật liệu hay có sự thay đổi chiến lược giữa hai thế hệ này?,"[54620, 187611, 54066]",True,"[""54620"", ""54066"", ""187611""]",6523.0891,0.3333333333333333,1.0,0.6666666666666666,1.0,1.0,1.0,1.0,0.9217868789962071,"[""187611"", ""54066"", ""54620""]","[""54066"", ""54620"", ""187722"", ""187959"", ""58818"", ""62923"", ""187611"", ""56164"", ""60348"", ""188055"", ""59494"", ""188103"", ""53886"", ""54692"", ""187761"", ""53703"", ""181250"", ""54660"", ""56039"", ""59546"", ""62618"", ""53779"", ""62264"", ""187645"", ""62277"", ""54736"", ""182321"", ""53314"", ""58954"", ""62267"", ""63711"", ""56726"", ""59373"", ""182143""]","[""54066_token_0000"", ""54620_token_0000"", ""54620_token_0001"", ""187722_token_0000"", ""187959_token_0000"", ""58818_token_0000"", ""62923_token_0000"", ""187611_token_0000"", ""58818_token_0001"", ""56164_token_0000"", ""60348_token_0000"", ""60348_token_0001"", ""188055_token_0001"", ""59494_token_0001"", ""188103_token_0000"", ""53886_token_0000"", ""187959_token_0001"", ""54692_token_0000"", ""188055_token_0000"", ""187761_token_0000"", ""187722_token_0001"", ""53703_token_0000"", ""181250_token_0000"", ""54660_token_0000"", ""56039_token_0000"", ""59546_token_0000"", ""187611_token_0002"", ""62618_token_0000"", ""53779_token_0000"", ""187959_token_0002"", ""188055_token_0002"", ""62264_token_0000"", ""187645_token_0000"", ""187722_token_0002"", ""62277_token_0000"", ""181250_token_0002"", ""181250_token_0001"", ""54736_token_0000"", ""59494_token_0000"", ""182321_token_0000"", ""53314_token_0000"", ""58954_token_0000"", ""62267_token_0000"", ""187722_token_0003"", ""63711_token_0000"", ""56726_token_0000"", ""59373_token_0000"", ""188103_token_0001"", ""182143_token_0001"", ""187611_token_0001""]"
cross_8_2,bm25,"Xét theo dòng thời gian từ iPhone 17 Pro (2025) đến iPhone 19 Pro (2027), những thay đổi về camera và thiết kế tổng thể của Apple có cho thấy iPhone 17 Pro Max sẽ là bước đệm chuyển tiếp để Apple chuẩn bị cho cuộc cách mạng thiết kế ở iPhone 19 Pro không? Liệu tính năng sạc ngược không dây trên iPhone 17 Pro Max có được giữ lại trên iPhone 19 Pro?","[54620, 187611, 54066]",False,"[""54620"", ""187611"", ""54066""]",583.0908,0.3333333333333333,1.0,0.6666666666666666,1.0,1.0,1.0,1.0,0.8179809735263114,"[""187611"", ""54066"", ""54620""]","[""187611"", ""187959"", ""188055"", ""53703"", ""54066"", ""54620"", ""60348"", ""188103"", ""182292"", ""181250"", ""62923"", ""54660"", ""62264"", ""187645"", ""64815"", ""63711"", ""54692"", ""54736"", ""62618"", ""187441"", ""199001"", ""56726"", ""54353"", ""57573"", ""54553"", ""58954"", ""187722"", ""182143"", ""56164"", ""59546"", ""187761"", ""59494"", ""64127"", ""182321"", ""181849"", ""56039"", ""62277"", ""59536""]","[""187611_token_0000"", ""187959_token_0000"", ""188055_token_0000"", ""188055_token_0001"", ""53703_token_0000"", ""187611_token_0002"", ""187959_token_0001"", ""188055_token_0002"", ""187611_token_0001"", ""187959_token_0002"", ""54066_token_0000"", ""54620_token_0001"", ""54620_token_0000"", ""60348_token_0000"", ""188103_token_0000"", ""182292_token_0000"", ""181250_token_0000"", ""187611_token_0003"", ""62923_token_0000"", ""54660_token_0000"", ""62264_token_0000"", ""60348_token_0001"", ""187645_token_0000"", ""64815_token_0000"", ""63711_token_0000"", ""54692_token_0000"", ""54736_token_0000"", ""62618_token_0000"", ""187441_token_0001"", ""199001_token_0000"", ""56726_token_0000"", ""54353_token_0000"", ""181250_token_0001"", ""57573_token_0001"", ""54553_token_0000"", ""58954_token_0000"", ""187722_token_0000"", ""182143_token_0000"", ""181250_token_0002"", ""56164_token_0000"", ""59546_token_0000"", ""187761_token_0000"", ""57573_token_0000"", ""59494_token_0001"", ""64127_token_0000"", ""182321_token_0000"", ""181849_token_0001"", ""56039_token_0000"", ""62277_token_0000"", ""59536_token_0000""]"
cross_8_2,dense,"Xét theo dòng thời gian từ iPhone 17 Pro (2025) đến iPhone 19 Pro (2027), những thay đổi về camera và thiết kế tổng thể của Apple có cho thấy iPhone 17 Pro Max sẽ là bước đệm chuyển tiếp để Apple chuẩn bị cho cuộc cách mạng thiết kế ở iPhone 19 Pro không? Liệu tính năng sạc ngược không dây trên iPhone 17 Pro Max có được giữ lại trên iPhone 19 Pro?","[54620, 187611, 54066]",False,"[""54620"", ""187611"", ""54066""]",6200.3528,0.0,0.0,1.0,1.0,1.0,1.0,0.5,0.6797310500037655,"[""187611"", ""54066"", ""54620""]","[""53703"", ""187611"", ""188055"", ""54066"", ""54620"", ""187959"", ""187722"", ""182292"", ""59494"", ""64127"", ""187441"", ""53886"", ""56164"", ""181250"", ""60348"", ""187761"", ""59536"", ""59546"", ""188103"", ""63722"", ""54736"", ""59373"", ""57438"", ""54692"", ""54660"", ""64746"", ""63909"", ""59837"", ""62923"", ""57232"", ""54316"", ""55650"", ""62277"", ""187113""]","[""53703_token_0000"", ""187611_token_0000"", ""187611_token_0003"", ""188055_token_0002"", ""54066_token_0000"", ""54620_token_0000"", ""54620_token_0001"", ""188055_token_0000"", ""188055_token_0001"", ""187611_token_0002"", ""187959_token_0000"", ""187959_token_0002"", ""187722_token_0001"", ""182292_token_0000"", ""187722_token_0000"", ""59494_token_0001"", ""187959_token_0001"", ""64127_token_0000"", ""187441_token_0001"", ""187611_token_0001"", ""53886_token_0000"", ""56164_token_0000"", ""187722_token_0002"", ""181250_token_0000"", ""60348_token_0001"", ""181250_token_0002"", ""187761_token_0000"", ""181250_token_0001"", ""59536_token_0000"", ""59546_token_0000"", ""188103_token_0000"", ""63722_token_0000"", ""59494_token_0000"", ""188103_token_0001"", ""60348_token_0000"", ""54736_token_0000"", ""59373_token_0000"", ""57438_token_0000"", ""54692_token_0000"", ""54660_token_0000"", ""64746_token_0000"", ""63909_token_0000"", ""59837_token_0000"", ""62923_token_0000"", ""187722_token_0003"", ""57232_token_0000"", ""54316_token_0002"", ""55650_token_0000"", ""62277_token_0000"", ""187113_token_0001""]"
cross_8_2,hybrid,"Xét theo dòng thời gian từ iPhone 17 Pro (2025) đến iPhone 19 Pro (2027), những thay đổi về camera và thiết kế tổng thể của Apple có cho thấy iPhone 17 Pro Max sẽ là bước đệm chuyển tiếp để Apple chuẩn bị cho cuộc cách mạng thiết kế ở iPhone 19 Pro không? Liệu tính năng sạc ngược không dây trên iPhone 17 Pro Max có được giữ lại trên iPhone 19 Pro?","[54620, 187611, 54066]",False,"[""54620"", ""187611"", ""54066""]",7193.4272,0.3333333333333333,1.0,0.6666666666666666,1.0,1.0,1.0,1.0,0.8179809735263114,"[""187611"", ""54066"", ""54620""]","[""187611"", ""53703"", ""188055"", ""187959"", ""54066"", ""54620"", ""182292"", ""181250"", ""188103"", ""60348"", ""187441"", ""187722"", ""59494"", ""54660"", ""64127"", ""62923"", ""56164"", ""54736"", ""54692"", ""187761"", ""59546"", ""59536"", ""62277"", ""53886"", ""62264"", ""187645"", ""64815"", ""63711"", ""62618"", ""199001"", ""56726"", ""54353"", ""63722"", ""57573"", ""54553""]","[""187611_token_0000"", ""53703_token_0000"", ""188055_token_0000"", ""188055_token_0002"", ""187959_token_0000"", ""188055_token_0001"", ""54066_token_0000"", ""187611_token_0002"", ""54620_token_0000"", ""54620_token_0001"", ""187611_token_0003"", ""187959_token_0002"", ""187959_token_0001"", ""187611_token_0001"", ""182292_token_0000"", ""181250_token_0000"", ""188103_token_0000"", ""60348_token_0000"", ""60348_token_0001"", ""187441_token_0001"", ""187722_token_0000"", ""59494_token_0001"", ""54660_token_0000"", ""64127_token_0000"", ""62923_token_0000"", ""56164_token_0000"", ""181250_token_0001"", ""54736_token_0000"", ""181250_token_0002"", ""54692_token_0000"", ""187761_token_0000"", ""59546_token_0000"", ""59536_token_0000"", ""62277_token_0000"", ""187722_token_0001"", ""53886_token_0000"", ""62264_token_0000"", ""187645_token_0000"", ""187722_token_0002"", ""64815_token_0000"", ""63711_token_0000"", ""62618_token_0000"", ""199001_token_0000"", ""56726_token_0000"", ""54353_token_0000"", ""63722_token_0000"", ""59494_token_0000"", ""188103_token_0001"", ""57573_token_0001"", ""54553_token_0000""]"
cross_9_1,bm25,"So sánh cách tiếp cận chuyển đổi số của ba tỉnh Thái Nguyên, Bình Phước và Quảng Ngãi: tỉnh nào tập trung chủ yếu vào tuyên truyền nâng cao nhận thức, tỉnh nào chú trọng triển khai giải pháp công nghệ từ doanh nghiệp, và tỉnh nào xác định rõ các lĩnh vực ưu tiên cụ thể để chuyển đổi số?","[183632, 184630, 183453]",True,"[""183632"", ""184630"", ""183453""]",383.9905,0.3333333333333333,1.0,0.3333333333333333,1.0,1.0,1.0,1.0,0.758586654365518,"[""183453"", ""183632"", ""184630""]","[""183632"", ""197562"", ""184587"", ""183147"", ""184645"", ""183344"", ""184334"", ""184630"", ""183453"", ""184449"", ""183200"", ""183223"", ""47286"", ""105694"", ""182827"", ""183488"", ""183180"", ""183018"", ""182557"", ""183778"", ""154239"", ""183770"", ""185224"", ""184042"", ""184207"", ""182536"", ""209882"", ""182716""]","[""183632_token_0000"", ""183632_token_0001"", ""197562_token_0000"", ""184587_token_0000"", ""183147_token_0001"", ""184645_token_0001"", ""183344_token_0002"", ""184334_token_0001"", ""184630_token_0001"", ""183453_token_0000"", ""184587_token_0001"", ""184449_token_0000"", ""183147_token_0002"", ""184334_token_0000"", ""183200_token_0000"", ""183147_token_0004"", ""183223_token_0001"", ""184630_token_0000"", ""47286_token_0002"", ""184587_token_0002"", ""183453_token_0002"", ""183147_token_0000"", ""183147_token_0003"", ""183453_token_0003"", ""183223_token_0000"", ""105694_token_0000"", ""47286_token_0001"", ""183200_token_0001"", ""184645_token_0002"", ""184334_token_0002"", ""183453_token_0001"", ""182827_token_0000"", ""183488_token_0000"", ""183180_token_0000"", ""183018_token_0001"", ""197562_token_0001"", ""184449_token_0001"", ""182557_token_0000"", ""183778_token_0000"", ""197562_token_0002"", ""154239_token_0000"", ""183770_token_0000"", ""185224_token_0000"", ""184042_token_0000"", ""184207_token_0000"", ""182536_token_0000"", ""154239_token_0001"", ""209882_token_0000"", ""47286_token_0000"", ""182716_token_0002""]"
cross_9_1,dense,"So sánh cách tiếp cận chuyển đổi số của ba tỉnh Thái Nguyên, Bình Phước và Quảng Ngãi: tỉnh nào tập trung chủ yếu vào tuyên truyền nâng cao nhận thức, tỉnh nào chú trọng triển khai giải pháp công nghệ từ doanh nghiệp, và tỉnh nào xác định rõ các lĩnh vực ưu tiên cụ thể để chuyển đổi số?","[183632, 184630, 183453]",True,"[""183632"", ""184630"", ""183453""]",6350.3242,0.3333333333333333,1.0,1.0,1.0,1.0,1.0,1.0,0.9060254355346823,"[""183453"", ""183632"", ""184630""]","[""183632"", ""183147"", ""184630"", ""183453"", ""183180"", ""184334"", ""183574"", ""47286"", ""184449"", ""184008"", ""183223"", ""184587"", ""183059"", ""197562"", ""184207"", ""183621"", ""184313"", ""185219"", ""184645"", ""183778"", ""183181""]","[""183632_token_0000"", ""183632_token_0001"", ""183147_token_0004"", ""183147_token_0001"", ""184630_token_0000"", ""183453_token_0000"", ""183147_token_0002"", ""183180_token_0000"", ""184630_token_0001"", ""184334_token_0002"", ""183574_token_0000"", ""183147_token_0000"", ""47286_token_0002"", ""183147_token_0003"", ""184449_token_0000"", ""183574_token_0001"", ""184008_token_0003"", ""183453_token_0002"", ""183223_token_0001"", ""183574_token_0002"", ""184587_token_0000"", ""183453_token_0003"", ""184008_token_0002"", ""47286_token_0000"", ""183059_token_0001"", ""184008_token_0004"", ""184449_token_0002"", ""184587_token_0002"", ""183059_token_0002"", ""184587_token_0001"", ""183223_token_0000"", ""183059_token_0000"", ""184008_token_0000"", ""197562_token_0002"", ""197562_token_0000"", ""184207_token_0000"", ""184207_token_0001"", ""183621_token_0001"", ""197562_token_0001"", ""184334_token_0000"", ""184313_token_0002"", ""184449_token_0001"", ""185219_token_0001"", ""184645_token_0001"", ""183059_token_0003"", ""183778_token_0000"", ""184008_token_0001"", ""183181_token_0000"", ""183778_token_0002"", ""47286_token_0001""]"
cross_9_1,hybrid,"So sánh cách tiếp cận chuyển đổi số của ba tỉnh Thái Nguyên, Bình Phước và Quảng Ngãi: tỉnh nào tập trung chủ yếu vào tuyên truyền nâng cao nhận thức, tỉnh nào chú trọng triển khai giải pháp công nghệ từ doanh nghiệp, và tỉnh nào xác định rõ các lĩnh vực ưu tiên cụ thể để chuyển đổi số?","[183632, 184630, 183453]",True,"[""183632"", ""184630"", ""183453""]",6595.8413,0.3333333333333333,1.0,1.0,1.0,1.0,1.0,1.0,0.9060254355346823,"[""183453"", ""183632"", ""184630""]","[""183632"", ""183147"", ""183453"", ""184630"", ""184587"", ""184449"", ""197562"", ""47286"", ""183223"", ""184334"", ""183180"", ""184645"", ""184207"", ""183778"", ""183344"", ""183574"", ""183200"", ""184008"", ""183059"", ""105694"", ""182827"", ""183488""]","[""183632_token_0000"", ""183632_token_0001"", ""183147_token_0001"", ""183453_token_0000"", ""183147_token_0004"", ""184630_token_0001"", ""183147_token_0002"", ""184630_token_0000"", ""184587_token_0000"", ""184449_token_0000"", ""197562_token_0000"", ""47286_token_0002"", ""183147_token_0000"", ""183223_token_0001"", ""183147_token_0003"", ""184334_token_0002"", ""183180_token_0000"", ""184587_token_0001"", ""183453_token_0002"", ""184645_token_0001"", ""183453_token_0003"", ""184587_token_0002"", ""184334_token_0000"", ""183223_token_0000"", ""47286_token_0000"", ""197562_token_0002"", ""47286_token_0001"", ""197562_token_0001"", ""184449_token_0001"", ""184207_token_0000"", ""183778_token_0000"", ""183344_token_0002"", ""184334_token_0001"", ""183574_token_0000"", ""183200_token_0000"", ""183574_token_0001"", ""184008_token_0003"", ""183574_token_0002"", ""184008_token_0002"", ""183059_token_0001"", ""105694_token_0000"", ""184008_token_0004"", ""184449_token_0002"", ""183200_token_0001"", ""183059_token_0002"", ""184645_token_0002"", ""183453_token_0001"", ""182827_token_0000"", ""183059_token_0000"", ""183488_token_0000""]"
cross_9_2,bm25,"Trong ba tỉnh Thái Nguyên, Bình Phước và Quảng Ngãi, tỉnh nào có thứ hạng chuyển đổi số cao nhất trên bảng xếp hạng quốc gia tính đến năm 2023, và khoảng cách xếp hạng giữa ba tỉnh này cụ thể là bao nhiêu bậc?","[183632, 184630, 183453]",False,"[""183632"", ""184630"", ""183453""]",327.2815,0.0,0.0,0.3333333333333333,1.0,0.3333333333333333,1.0,0.3333333333333333,0.23463936301137822,"[""183453"", ""183632"", ""184630""]","[""183147"", ""78375"", ""184630"", ""99746"", ""129552"", ""172547"", ""195267"", ""96150"", ""184334"", ""23599"", ""130801"", ""183200"", ""102940"", ""129921"", ""183344"", ""155011"", ""172485"", ""200705"", ""13738"", ""17145"", ""105694"", ""21388"", ""47539"", ""196539"", ""197562"", ""202191"", ""112616"", ""123384"", ""180525"", ""183967"", ""197111"", ""103690"", ""183632"", ""183453"", ""183574"", ""50242"", ""95433""]","[""183147_token_0000"", ""78375_token_0000"", ""184630_token_0000"", ""99746_token_0000"", ""129552_token_0000"", ""172547_token_0000"", ""195267_token_0000"", ""96150_token_0000"", ""96150_token_0002"", ""184334_token_0001"", ""23599_token_0000"", ""130801_token_0001"", ""183200_token_0000"", ""96150_token_0001"", ""102940_token_0003"", ""130801_token_0000"", ""129921_token_0000"", ""183344_token_0001"", ""183147_token_0001"", ""184630_token_0001"", ""155011_token_0000"", ""172485_token_0000"", ""102940_token_0001"", ""200705_token_0000"", ""13738_token_0001"", ""17145_token_0000"", ""105694_token_0000"", ""13738_token_0000"", ""184334_token_0002"", ""99746_token_0001"", ""21388_token_0001"", ""47539_token_0000"", ""196539_token_0000"", ""197562_token_0000"", ""202191_token_0000"", ""112616_token_0001"", ""102940_token_0004"", ""123384_token_0001"", ""180525_token_0000"", ""112616_token_0000"", ""183967_token_0000"", ""183344_token_0002"", ""197111_token_0000"", ""103690_token_0003"", ""183632_token_0000"", ""183453_token_0002"", ""183574_token_0000"", ""50242_token_0001"", ""183632_token_0001"", ""95433_token_0000""]"
cross_9_2,dense,"Trong ba tỉnh Thái Nguyên, Bình Phước và Quảng Ngãi, tỉnh nào có thứ hạng chuyển đổi số cao nhất trên bảng xếp hạng quốc gia tính đến năm 2023, và khoảng cách xếp hạng giữa ba tỉnh này cụ thể là bao nhiêu bậc?","[183632, 184630, 183453]",False,"[""183632"", ""184630"", ""183453""]",6226.7562,0.0,0.0,1.0,1.0,1.0,1.0,0.5,0.7328286204777911,"[""183453"", ""183632"", ""184630""]","[""183147"", ""183453"", ""184630"", ""183632"", ""183574"", ""183180"", ""195267"", ""184334"", ""184008"", ""219999"", ""196539"", ""180024"", ""183200"", ""184207"", ""223414"", ""95257"", ""183807"", ""184449"", ""108893"", ""183059"", ""184321"", ""196341"", ""97884"", ""183344"", ""183223"", ""148453"", ""154239"", ""184645"", ""197562""]","[""183147_token_0000"", ""183147_token_0001"", ""183453_token_0000"", ""184630_token_0001"", ""183147_token_0004"", ""183632_token_0001"", ""183574_token_0001"", ""184630_token_0000"", ""183180_token_0000"", ""183147_token_0003"", ""183453_token_0003"", ""183632_token_0000"", ""183574_token_0000"", ""183453_token_0002"", ""195267_token_0001"", ""184334_token_0002"", ""183147_token_0002"", ""183574_token_0002"", ""184008_token_0002"", ""184008_token_0001"", ""219999_token_0000"", ""196539_token_0002"", ""180024_token_0000"", ""183200_token_0000"", ""195267_token_0000"", ""184207_token_0001"", ""223414_token_0000"", ""184008_token_0004"", ""184334_token_0001"", ""95257_token_0001"", ""183807_token_0000"", ""183807_token_0002"", ""184449_token_0000"", ""108893_token_0002"", ""183059_token_0002"", ""184008_token_0003"", ""184008_token_0000"", ""184321_token_0000"", ""196341_token_0000"", ""183200_token_0001"", ""97884_token_0000"", ""95257_token_0000"", ""183344_token_0002"", ""183223_token_0001"", ""148453_token_0000"", ""154239_token_0000"", ""184645_token_0001"", ""183807_token_0001"", ""197562_token_0002"", ""108893_token_0001""]"
cross_9_2,hybrid,"Trong ba tỉnh Thái Nguyên, Bình Phước và Quảng Ngãi, tỉnh nào có thứ hạng chuyển đổi số cao nhất trên bảng xếp hạng quốc gia tính đến năm 2023, và khoảng cách xếp hạng giữa ba tỉnh này cụ thể là bao nhiêu bậc?","[183632, 184630, 183453]",False,"[""183632"", ""184630"", ""183453""]",6537.1036,0.0,0.0,0.3333333333333333,1.0,1.0,1.0,0.5,0.6112833214150002,"[""183453"", ""183632"", ""184630""]","[""183147"", ""184630"", ""195267"", ""183200"", ""184334"", ""183632"", ""183574"", ""183453"", ""183344"", ""78375"", ""99746"", ""129552"", ""172547"", ""96150"", ""183180"", ""23599"", ""130801"", ""102940"", ""129921"", ""184008"", ""155011"", ""219999"", ""172485"", ""196539"", ""180024"", ""200705"", ""13738"", ""17145"", ""184207"", ""105694"", ""223414""]","[""183147_token_0000"", ""184630_token_0000"", ""183147_token_0001"", ""184630_token_0001"", ""195267_token_0000"", ""183200_token_0000"", ""184334_token_0001"", ""184334_token_0002"", ""183632_token_0001"", ""183632_token_0000"", ""183574_token_0000"", ""183453_token_0002"", ""183344_token_0002"", ""78375_token_0000"", ""183453_token_0000"", ""99746_token_0000"", ""129552_token_0000"", ""183147_token_0004"", ""172547_token_0000"", ""183574_token_0001"", ""96150_token_0000"", ""183180_token_0000"", ""96150_token_0002"", ""183147_token_0003"", ""183453_token_0003"", ""23599_token_0000"", ""130801_token_0001"", ""96150_token_0001"", ""102940_token_0003"", ""195267_token_0001"", ""130801_token_0000"", ""129921_token_0000"", ""183147_token_0002"", ""183344_token_0001"", ""183574_token_0002"", ""184008_token_0002"", ""184008_token_0001"", ""155011_token_0000"", ""219999_token_0000"", ""172485_token_0000"", ""196539_token_0002"", ""102940_token_0001"", ""180024_token_0000"", ""200705_token_0000"", ""13738_token_0001"", ""17145_token_0000"", ""184207_token_0001"", ""105694_token_0000"", ""223414_token_0000"", ""13738_token_0000""]"
cross_10_1,bm25,"So sánh mức chênh lệch giữa giá vàng miếng SJC và vàng nhẫn 4 số 9 cùng thương hiệu SJC tại ba thời điểm tháng 6/2023, tháng 10/2023 và tháng 7/2024. Xu hướng chênh lệch này thay đổi như thế nào?","[111170, 111966, 111997]",True,"[""111170"", ""111966"", ""111997""]",298.7848,0.0,0.0,0.0,0.0,0.0,0.0,0.0,0.0,"[""111170"", ""111966"", ""111997""]","[""112939"", ""113081"", ""110565"", ""190134"", ""109794"", ""110476"", ""111276"", ""110415"", ""112566"", ""112623"", ""113980"", ""109881"", ""110937"", ""192065"", ""113634"", ""111541"", ""193169"", ""112943"", ""111024"", ""111604"", ""193026"", ""110240"", ""23502"", ""25887"", ""112637"", ""24691"", ""111170"", ""192172"", ""110958"", ""114136"", ""113843"", ""23763"", ""113795"", ""192647"", ""195052"", ""191285"", ""113362"", ""113500"", ""110243"", ""190395"", ""110347"", ""112906"", ""112013"", ""25814"", ""193920"", ""25515"", ""112986"", ""113375""]","[""112939_token_0000"", ""113081_token_0000"", ""110565_token_0000"", ""190134_token_0002"", ""109794_token_0000"", ""110476_token_0000"", ""111276_token_0000"", ""110415_token_0000"", ""112566_token_0000"", ""112623_token_0000"", ""113980_token_0000"", ""109881_token_0000"", ""110937_token_0000"", ""192065_token_0000"", ""113634_token_0000"", ""111541_token_0000"", ""193169_token_0001"", ""112943_token_0000"", ""111024_token_0000"", ""111604_token_0000"", ""193026_token_0002"", ""110240_token_0001"", ""23502_token_0001"", ""25887_token_0000"", ""112637_token_0000"", ""24691_token_0000"", ""193026_token_0000"", ""111170_token_0000"", ""192172_token_0000"", ""110958_token_0000"", ""114136_token_0000"", ""113843_token_0000"", ""23763_token_0000"", ""113795_token_0000"", ""192647_token_0000"", ""110240_token_0000"", ""195052_token_0000"", ""191285_token_0003"", ""113362_token_0000"", ""113500_token_0000"", ""110243_token_0000"", ""190395_token_0000"", ""110347_token_0000"", ""112906_token_0000"", ""112013_token_0000"", ""25814_token_0000"", ""193920_token_0000"", ""25515_token_0000"", ""112986_token_0000"", ""113375_token_0000""]"
cross_10_1,dense,"So sánh mức chênh lệch giữa giá vàng miếng SJC và vàng nhẫn 4 số 9 cùng thương hiệu SJC tại ba thời điểm tháng 6/2023, tháng 10/2023 và tháng 7/2024. Xu hướng chênh lệch này thay đổi như thế nào?","[111170, 111966, 111997]",True,"[""111170"", ""111966"", ""111997""]",6172.6058,0.0,0.0,0.3333333333333333,1.0,0.3333333333333333,1.0,0.25,0.20210734650054757,"[""111170"", ""111966"", ""111997""]","[""114136"", ""110958"", ""112986"", ""111997"", ""110937"", ""113795"", ""192689"", ""110415"", ""113081"", ""190377"", ""110115"", ""192647"", ""111276"", ""110352"", ""190134"", ""111604"", ""192378"", ""110210"", ""111170"", ""25814"", ""110565"", ""190286"", ""191595"", ""191142"", ""112906"", ""109881"", ""111541"", ""111422"", ""113362"", ""112943"", ""112939"", ""113980"", ""110945"", ""189643"", ""114140"", ""110376"", ""111711"", ""191840"", ""196499"", ""112623"", ""190106"", ""112029""]","[""114136_token_0000"", ""110958_token_0000"", ""112986_token_0000"", ""111997_token_0000"", ""110937_token_0000"", ""113795_token_0000"", ""192689_token_0002"", ""110415_token_0000"", ""113081_token_0000"", ""190377_token_0001"", ""110115_token_0000"", ""192647_token_0000"", ""112986_token_0001"", ""111276_token_0000"", ""110352_token_0000"", ""192689_token_0000"", ""190134_token_0002"", ""111604_token_0000"", ""192378_token_0000"", ""192689_token_0001"", ""110210_token_0000"", ""111170_token_0000"", ""25814_token_0001"", ""111997_token_0001"", ""110565_token_0000"", ""190286_token_0000"", ""191595_token_0002"", ""191142_token_0001"", ""112906_token_0000"", ""109881_token_0000"", ""111541_token_0000"", ""111422_token_0000"", ""113362_token_0000"", ""112943_token_0000"", ""112939_token_0000"", ""113980_token_0000"", ""110945_token_0003"", ""189643_token_0001"", ""114140_token_0000"", ""110945_token_0002"", ""110376_token_0000"", ""111711_token_0000"", ""190134_token_0001"", ""191840_token_0001"", ""191840_token_0000"", ""196499_token_0005"", ""112623_token_0000"", ""191142_token_0000"", ""190106_token_0000"", ""112029_token_0000""]"
cross_10_1,hybrid,"So sánh mức chênh lệch giữa giá vàng miếng SJC và vàng nhẫn 4 số 9 cùng thương hiệu SJC tại ba thời điểm tháng 6/2023, tháng 10/2023 và tháng 7/2024. Xu hướng chênh lệch này thay đổi như thế nào?","[111170, 111966, 111997]",True,"[""111170"", ""111966"", ""111997""]",6535.3069,0.0,0.0,0.0,0.0,0.0,0.0,0.0,0.0,"[""111170"", ""111966"", ""111997""]","[""113081"", ""110415"", ""110937"", ""190134"", ""111276"", ""110565"", ""114136"", ""110958"", ""112939"", ""113795"", ""111604"", ""112986"", ""109881"", ""113980"", ""192647"", ""111541"", ""112623"", ""111170"", ""112943"", ""113362"", ""112906"", ""111997"", ""109794"", ""110476"", ""192689"", ""112566"", ""190377"", ""110115"", ""192065"", ""110352"", ""113634"", ""193169"", ""111024"", ""192378"", ""110210"", ""193026"", ""110240"", ""23502"", ""25814"", ""25887"", ""112637"", ""190286"", ""24691"", ""191595"", ""191142""]","[""113081_token_0000"", ""110415_token_0000"", ""110937_token_0000"", ""190134_token_0002"", ""111276_token_0000"", ""110565_token_0000"", ""114136_token_0000"", ""110958_token_0000"", ""112939_token_0000"", ""113795_token_0000"", ""111604_token_0000"", ""112986_token_0000"", ""109881_token_0000"", ""113980_token_0000"", ""192647_token_0000"", ""111541_token_0000"", ""112623_token_0000"", ""111170_token_0000"", ""112943_token_0000"", ""113362_token_0000"", ""112906_token_0000"", ""111997_token_0000"", ""109794_token_0000"", ""110476_token_0000"", ""192689_token_0002"", ""112566_token_0000"", ""190377_token_0001"", ""110115_token_0000"", ""112986_token_0001"", ""192065_token_0000"", ""110352_token_0000"", ""113634_token_0000"", ""192689_token_0000"", ""193169_token_0001"", ""111024_token_0000"", ""192378_token_0000"", ""192689_token_0001"", ""110210_token_0000"", ""193026_token_0002"", ""110240_token_0001"", ""23502_token_0001"", ""25814_token_0001"", ""111997_token_0001"", ""25887_token_0000"", ""112637_token_0000"", ""190286_token_0000"", ""24691_token_0000"", ""191595_token_0002"", ""193026_token_0000"", ""191142_token_0001""]"
cross_10_2,bm25,"Qua ba bài báo từ tháng 6/2023, tháng 10/2023 và tháng 7/2024, quan điểm của Chủ tịch Fed Jerome Powell về chính sách lãi suất đã thay đổi cụ thể như thế nào, từ tăng lãi suất sang chuẩn bị cắt giảm?","[111170, 111966, 111997]",False,"[""111170"", ""111966"", ""111997""]",304.8641,0.0,0.0,0.0,0.0,0.0,0.0,0.0,0.0,"[""111170"", ""111966"", ""111997""]","[""192668"", ""113462"", ""190047"", ""111698"", ""112832"", ""194154"", ""111282"", ""110744"", ""23212"", ""113500"", ""190863"", ""113480"", ""190286"", ""113294"", ""111997"", ""111541"", ""113447"", ""192647"", ""111711"", ""112255"", ""23763"", ""201257"", ""112142"", ""193785"", ""25218"", ""110234"", ""109881"", ""190151"", ""112857"", ""111769"", ""110652"", ""112977"", ""194016"", ""25758"", ""195339"", ""201166"", ""113644"", ""190134"", ""190264"", ""195622"", ""193360"", ""112627"", ""195462"", ""111579"", ""110288""]","[""192668_token_0000"", ""113462_token_0000"", ""190047_token_0000"", ""111698_token_0000"", ""112832_token_0000"", ""194154_token_0000"", ""190047_token_0001"", ""111282_token_0000"", ""110744_token_0000"", ""23212_token_0000"", ""113500_token_0000"", ""190863_token_0003"", ""113480_token_0000"", ""190286_token_0001"", ""113294_token_0000"", ""111997_token_0000"", ""111541_token_0000"", ""113447_token_0000"", ""192647_token_0001"", ""190286_token_0002"", ""111711_token_0000"", ""112255_token_0000"", ""23763_token_0000"", ""201257_token_0001"", ""112142_token_0000"", ""190863_token_0002"", ""193785_token_0000"", ""25218_token_0001"", ""110234_token_0000"", ""109881_token_0001"", ""190151_token_0001"", ""112857_token_0000"", ""111769_token_0000"", ""110652_token_0000"", ""112977_token_0000"", ""194016_token_0002"", ""25758_token_0001"", ""195339_token_0001"", ""201166_token_0001"", ""113644_token_0000"", ""190134_token_0000"", ""190264_token_0002"", ""195622_token_0001"", ""193360_token_0001"", ""192668_token_0001"", ""112627_token_0000"", ""195462_token_0002"", ""195462_token_0003"", ""111579_token_0000"", ""110288_token_0000""]"
cross_10_2,dense,"Qua ba bài báo từ tháng 6/2023, tháng 10/2023 và tháng 7/2024, quan điểm của Chủ tịch Fed Jerome Powell về chính sách lãi suất đã thay đổi cụ thể như thế nào, từ tăng lãi suất sang chuẩn bị cắt giảm?","[111170, 111966, 111997]",False,"[""111170"", ""111966"", ""111997""]",6198.4357,0.0,0.0,0.0,0.0,0.0,0.0,0.0,0.0,"[""111170"", ""111966"", ""111997""]","[""190047"", ""194154"", ""112832"", ""110234"", ""111769"", ""109839"", ""111698"", ""113442"", ""111377"", ""113462"", ""193785"", ""112389"", ""113813"", ""190286"", ""113294"", ""112627"", ""113447"", ""113500"", ""112240"", ""112825"", ""114059"", ""110727"", ""111579"", ""111137"", ""193415"", ""110652"", ""192378"", ""109851"", ""113767"", ""194952"", ""111282"", ""111917"", ""110371"", ""111541"", ""111997"", ""153526"", ""112427"", ""194078"", ""194016"", ""111100"", ""762"", ""113644"", ""192811"", ""190546"", ""23763"", ""193730"", ""25218""]","[""190047_token_0000"", ""194154_token_0000"", ""112832_token_0000"", ""110234_token_0000"", ""111769_token_0001"", ""109839_token_0000"", ""111698_token_0000"", ""113442_token_0000"", ""111377_token_0000"", ""113462_token_0000"", ""193785_token_0000"", ""112389_token_0001"", ""113813_token_0000"", ""190047_token_0001"", ""190286_token_0001"", ""113294_token_0000"", ""112627_token_0000"", ""113447_token_0000"", ""113500_token_0000"", ""112240_token_0000"", ""112825_token_0000"", ""111769_token_0000"", ""114059_token_0000"", ""110727_token_0000"", ""111579_token_0000"", ""111137_token_0000"", ""193415_token_0000"", ""110652_token_0000"", ""192378_token_0001"", ""112627_token_0001"", ""109851_token_0000"", ""113767_token_0000"", ""194952_token_0001"", ""111282_token_0000"", ""111917_token_0000"", ""110371_token_0000"", ""111541_token_0000"", ""111997_token_0000"", ""153526_token_0001"", ""112427_token_0000"", ""194078_token_0001"", ""194016_token_0000"", ""111100_token_0002"", ""762_token_0000"", ""113644_token_0000"", ""192811_token_0001"", ""190546_token_0000"", ""23763_token_0000"", ""193730_token_0001"", ""25218_token_0001""]"
cross_10_2,hybrid,"Qua ba bài báo từ tháng 6/2023, tháng 10/2023 và tháng 7/2024, quan điểm của Chủ tịch Fed Jerome Powell về chính sách lãi suất đã thay đổi cụ thể như thế nào, từ tăng lãi suất sang chuẩn bị cắt giảm?","[111170, 111966, 111997]",False,"[""111170"", ""111966"", ""111997""]",7039.0822,0.0,0.0,0.0,0.0,0.0,0.0,0.0,0.0,"[""111170"", ""111966"", ""111997""]","[""190047"", ""194154"", ""112832"", ""111698"", ""113462"", ""110234"", ""190286"", ""113500"", ""113294"", ""113447"", ""193785"", ""111282"", ""111997"", ""111541"", ""111769"", ""112627"", ""110652"", ""23763"", ""111579"", ""25218"", ""113644"", ""192668"", ""109839"", ""113442"", ""110744"", ""111377"", ""23212"", ""112389"", ""190863"", ""113480"", ""113813"", ""192647"", ""112240"", ""111711"", ""112825"", ""112255"", ""114059"", ""110727"", ""201257"", ""112142"", ""111137"", ""193415"", ""192378"", ""109881"", ""109851""]","[""190047_token_0000"", ""194154_token_0000"", ""112832_token_0000"", ""111698_token_0000"", ""113462_token_0000"", ""190047_token_0001"", ""110234_token_0000"", ""190286_token_0001"", ""113500_token_0000"", ""113294_token_0000"", ""113447_token_0000"", ""193785_token_0000"", ""111282_token_0000"", ""111997_token_0000"", ""111541_token_0000"", ""111769_token_0000"", ""112627_token_0000"", ""110652_token_0000"", ""23763_token_0000"", ""111579_token_0000"", ""25218_token_0001"", ""113644_token_0000"", ""192668_token_0000"", ""111769_token_0001"", ""109839_token_0000"", ""113442_token_0000"", ""110744_token_0000"", ""111377_token_0000"", ""23212_token_0000"", ""112389_token_0001"", ""190863_token_0003"", ""113480_token_0000"", ""113813_token_0000"", ""192647_token_0001"", ""112240_token_0000"", ""190286_token_0002"", ""111711_token_0000"", ""112825_token_0000"", ""112255_token_0000"", ""114059_token_0000"", ""110727_token_0000"", ""201257_token_0001"", ""112142_token_0000"", ""111137_token_0000"", ""190863_token_0002"", ""193415_token_0000"", ""192378_token_0001"", ""109881_token_0001"", ""112627_token_0001"", ""109851_token_0000""]"
cross_11_1,bm25,"So sánh diễn biến giá USD tại Vietcombank (cả mua vào và bán ra) qua ba thời điểm tháng 7/2023, tháng 8/2024 và tháng 10/2024. Xu hướng tăng hay giảm và mức chênh lệch cụ thể là bao nhiêu?","[109851, 113767, 111756]",True,"[""109851"", ""113767"", ""111756""]",336.2782,0.0,0.0,0.0,0.0,0.3333333333333333,1.0,0.125,0.1480409554829326,"[""109851"", ""111756"", ""113767""]","[""192647"", ""193405"", ""111100"", ""113173"", ""110819"", ""112857"", ""194260"", ""109851"", ""110565"", ""113081"", ""111698"", ""112389"", ""194628"", ""110829"", ""191459"", ""114059"", ""113644"", ""113447"", ""111137"", ""195732"", ""112026"", ""112255"", ""190395"", ""110926"", ""192689"", ""113023"", ""193785"", ""109778"", ""112627"", ""113480"", ""195130"", ""194077"", ""112626"", ""110406"", ""111377"", ""112623"", ""192811"", ""193360"", ""111024"", ""110234"", ""193605"", ""113059"", ""112832"", ""113980"", ""192172"", ""149428"", ""113767"", ""112449""]","[""192647_token_0000"", ""193405_token_0000"", ""111100_token_0000"", ""113173_token_0000"", ""110819_token_0000"", ""112857_token_0000"", ""194260_token_0000"", ""109851_token_0000"", ""110565_token_0000"", ""113081_token_0000"", ""111698_token_0000"", ""112389_token_0000"", ""194628_token_0000"", ""110829_token_0000"", ""191459_token_0002"", ""114059_token_0000"", ""113644_token_0000"", ""113447_token_0000"", ""111137_token_0000"", ""195732_token_0000"", ""112026_token_0000"", ""112255_token_0000"", ""190395_token_0000"", ""110926_token_0000"", ""192689_token_0000"", ""113023_token_0000"", ""193785_token_0000"", ""109778_token_0000"", ""112627_token_0000"", ""113480_token_0000"", ""195130_token_0000"", ""194077_token_0000"", ""112626_token_0000"", ""110406_token_0000"", ""111377_token_0000"", ""112623_token_0000"", ""192811_token_0000"", ""193360_token_0000"", ""111024_token_0000"", ""110234_token_0000"", ""192647_token_0001"", ""193605_token_0000"", ""113059_token_0000"", ""111100_token_0001"", ""112832_token_0000"", ""113980_token_0000"", ""192172_token_0002"", ""149428_token_0000"", ""113767_token_0000"", ""112449_token_0000""]"
cross_11_1,dense,"So sánh diễn biến giá USD tại Vietcombank (cả mua vào và bán ra) qua ba thời điểm tháng 7/2023, tháng 8/2024 và tháng 10/2024. Xu hướng tăng hay giảm và mức chênh lệch cụ thể là bao nhiêu?","[109851, 113767, 111756]",True,"[""109851"", ""113767"", ""111756""]",6195.5073,0.0,0.0,0.3333333333333333,1.0,0.6666666666666666,1.0,0.3333333333333333,0.38268031849431083,"[""109851"", ""111756"", ""113767""]","[""111137"", ""113173"", ""113767"", ""110234"", ""113212"", ""113002"", ""111917"", ""109851"", ""113644"", ""110819"", ""111756"", ""111100"", ""110727"", ""114059"", ""112627"", ""111579"", ""113447"", ""110301"", ""113462"", ""110926"", ""113294"", ""109839"", ""112832"", ""113813"", ""113909"", ""111833"", ""111698"", ""110406"", ""110204"", ""112449"", ""193405"", ""111377"", ""112389"", ""110371"", ""112857"", ""112626"", ""110829"", ""113023"", ""113442"", ""192144"", ""112026"", ""194312"", ""111769"", ""112427"", ""112825""]","[""111137_token_0000"", ""113173_token_0000"", ""113767_token_0000"", ""110234_token_0000"", ""113212_token_0000"", ""113002_token_0000"", ""111917_token_0000"", ""109851_token_0000"", ""113644_token_0000"", ""110819_token_0000"", ""111756_token_0000"", ""111100_token_0001"", ""110727_token_0000"", ""114059_token_0000"", ""112627_token_0000"", ""111579_token_0000"", ""113447_token_0000"", ""110301_token_0000"", ""113462_token_0000"", ""110926_token_0000"", ""113294_token_0000"", ""109839_token_0000"", ""112832_token_0000"", ""113813_token_0000"", ""113909_token_0000"", ""111833_token_0000"", ""111698_token_0000"", ""110406_token_0000"", ""110204_token_0000"", ""112449_token_0000"", ""193405_token_0000"", ""111377_token_0000"", ""112389_token_0001"", ""110371_token_0000"", ""112857_token_0000"", ""111100_token_0000"", ""112626_token_0000"", ""110829_token_0000"", ""113023_token_0000"", ""113442_token_0000"", ""192144_token_0000"", ""112026_token_0000"", ""194312_token_0000"", ""111769_token_0000"", ""112427_token_0000"", ""112825_token_0000"", ""111100_token_0002"", ""112627_token_0001"", ""112389_token_0000"", ""112389_token_0002""]"
cross_11_1,hybrid,"So sánh diễn biến giá USD tại Vietcombank (cả mua vào và bán ra) qua ba thời điểm tháng 7/2023, tháng 8/2024 và tháng 10/2024. Xu hướng tăng hay giảm và mức chênh lệch cụ thể là bao nhiêu?","[109851, 113767, 111756]",True,"[""109851"", ""113767"", ""111756""]",6831.3336,0.0,0.0,0.3333333333333333,1.0,0.3333333333333333,1.0,0.3333333333333333,0.23463936301137822,"[""109851"", ""111756"", ""113767""]","[""113173"", ""110819"", ""109851"", ""111137"", ""113644"", ""193405"", ""114059"", ""111100"", ""113447"", ""112857"", ""110234"", ""111698"", ""113767"", ""112627"", ""110926"", ""110829"", ""112389"", ""112026"", ""110406"", ""113023"", ""112832"", ""111377"", ""112626"", ""112449"", ""192647"", ""113212"", ""113002"", ""111917"", ""194260"", ""110565"", ""113081"", ""111756"", ""110727"", ""194628"", ""191459"", ""111579"", ""110301"", ""113462"", ""195732"", ""113294"", ""109839"", ""112255"", ""190395"", ""113813"", ""113909"", ""192689"", ""111833"", ""193785"", ""109778""]","[""113173_token_0000"", ""110819_token_0000"", ""109851_token_0000"", ""111137_token_0000"", ""113644_token_0000"", ""193405_token_0000"", ""114059_token_0000"", ""111100_token_0000"", ""113447_token_0000"", ""112857_token_0000"", ""110234_token_0000"", ""111698_token_0000"", ""113767_token_0000"", ""112627_token_0000"", ""110926_token_0000"", ""110829_token_0000"", ""111100_token_0001"", ""112389_token_0000"", ""112026_token_0000"", ""110406_token_0000"", ""113023_token_0000"", ""112832_token_0000"", ""111377_token_0000"", ""112626_token_0000"", ""112449_token_0000"", ""192647_token_0000"", ""113212_token_0000"", ""113002_token_0000"", ""111917_token_0000"", ""194260_token_0000"", ""110565_token_0000"", ""113081_token_0000"", ""111756_token_0000"", ""110727_token_0000"", ""194628_token_0000"", ""191459_token_0002"", ""111579_token_0000"", ""110301_token_0000"", ""113462_token_0000"", ""195732_token_0000"", ""113294_token_0000"", ""109839_token_0000"", ""112255_token_0000"", ""190395_token_0000"", ""113813_token_0000"", ""113909_token_0000"", ""192689_token_0000"", ""111833_token_0000"", ""193785_token_0000"", ""109778_token_0000""]"
cross_11_2,bm25,"Xét qua ba thời điểm tháng 7/2023 (USD-Index 99,97 điểm), tháng 8/2024 (USD-Index 102,3 điểm) và tháng 10/2024 (USD-Index 104,1 điểm), chính sách lãi suất của Fed đã thay đổi như thế nào từ kỳ vọng tăng lãi suất sang kỳ vọng giảm lãi suất, và điều này đã tác động cụ thể ra sao đến chỉ số USD-Index?","[109851, 113767, 111756]",False,"[""109851"", ""113767"", ""111756""]",436.6002,0.3333333333333333,1.0,0.3333333333333333,1.0,0.6666666666666666,1.0,1.0,0.6364391809889587,"[""109851"", ""111756"", ""113767""]","[""113767"", ""112389"", ""111698"", ""112857"", ""112255"", ""109851"", ""112026"", ""113644"", ""111769"", ""110301"", ""110371"", ""113212"", ""110819"", ""112825"", ""113813"", ""110652"", ""114059"", ""111377"", ""113294"", ""111579"", ""111137"", ""112977"", ""111917"", ""112627"", ""110234"", ""113480"", ""113173"", ""111756"", ""110727"", ""110406"", ""192668"", ""113023"", ""112832"", ""193785"", ""194960"", ""110110"", ""113442"", ""110204"", ""112427"", ""109839"", ""113002"", ""113447"", ""193449"", ""201257"", ""194016"", ""113462"", ""194952"", ""190106"", ""195732"", ""194663""]","[""113767_token_0000"", ""112389_token_0000"", ""111698_token_0000"", ""112857_token_0000"", ""112255_token_0000"", ""109851_token_0000"", ""112026_token_0000"", ""113644_token_0000"", ""111769_token_0000"", ""110301_token_0000"", ""110371_token_0000"", ""113212_token_0000"", ""110819_token_0000"", ""112825_token_0000"", ""113813_token_0000"", ""110652_token_0000"", ""114059_token_0000"", ""111377_token_0000"", ""113294_token_0000"", ""111579_token_0000"", ""111137_token_0000"", ""112977_token_0000"", ""111917_token_0000"", ""112627_token_0000"", ""110234_token_0000"", ""113480_token_0000"", ""113173_token_0000"", ""111756_token_0000"", ""110727_token_0000"", ""110406_token_0000"", ""192668_token_0000"", ""113023_token_0000"", ""112832_token_0000"", ""193785_token_0000"", ""194960_token_0000"", ""110110_token_0000"", ""113442_token_0000"", ""110204_token_0000"", ""112427_token_0000"", ""109839_token_0000"", ""113002_token_0000"", ""113447_token_0000"", ""193449_token_0000"", ""201257_token_0001"", ""194016_token_0002"", ""113462_token_0000"", ""194952_token_0001"", ""190106_token_0000"", ""195732_token_0000"", ""194663_token_0000""]"
cross_11_2,dense,"Xét qua ba thời điểm tháng 7/2023 (USD-Index 99,97 điểm), tháng 8/2024 (USD-Index 102,3 điểm) và tháng 10/2024 (USD-Index 104,1 điểm), chính sách lãi suất của Fed đã thay đổi như thế nào từ kỳ vọng tăng lãi suất sang kỳ vọng giảm lãi suất, và điều này đã tác động cụ thể ra sao đến chỉ số USD-Index?","[109851, 113767, 111756]",False,"[""109851"", ""113767"", ""111756""]",6233.9469,0.0,0.0,0.3333333333333333,1.0,0.3333333333333333,1.0,0.3333333333333333,0.23463936301137822,"[""109851"", ""111756"", ""113767""]","[""112832"", ""111769"", ""113767"", ""110234"", ""194016"", ""111137"", ""111579"", ""113442"", ""112389"", ""194078"", ""109851"", ""114059"", ""113813"", ""110371"", ""111698"", ""113462"", ""113447"", ""113212"", ""113294"", ""109839"", ""111917"", ""194154"", ""194952"", ""110819"", ""193785"", ""112825"", ""113173"", ""111377"", ""111756"", ""112026"", ""190047"", ""110204"", ""110652"", ""113023"", ""112427"", ""112626"", ""110926"", ""110301"", ""112627"", ""192378"", ""113644"", ""195561"", ""109778"", ""111833""]","[""112832_token_0000"", ""111769_token_0001"", ""113767_token_0000"", ""110234_token_0000"", ""194016_token_0000"", ""111137_token_0000"", ""111579_token_0000"", ""113442_token_0000"", ""112389_token_0001"", ""194078_token_0001"", ""109851_token_0000"", ""114059_token_0000"", ""113813_token_0000"", ""110371_token_0000"", ""111698_token_0000"", ""113462_token_0000"", ""194016_token_0002"", ""113447_token_0000"", ""113212_token_0000"", ""113294_token_0000"", ""109839_token_0000"", ""111917_token_0000"", ""194154_token_0000"", ""194952_token_0001"", ""194078_token_0002"", ""110819_token_0000"", ""111769_token_0000"", ""193785_token_0000"", ""112825_token_0000"", ""113173_token_0000"", ""111377_token_0000"", ""194154_token_0002"", ""111756_token_0000"", ""112026_token_0000"", ""190047_token_0000"", ""110204_token_0000"", ""110652_token_0000"", ""113023_token_0000"", ""112427_token_0000"", ""112626_token_0000"", ""110926_token_0000"", ""112389_token_0003"", ""110301_token_0000"", ""112627_token_0000"", ""192378_token_0001"", ""113644_token_0000"", ""195561_token_0001"", ""190047_token_0001"", ""109778_token_0000"", ""111833_token_0000""]"
cross_11_2,hybrid,"Xét qua ba thời điểm tháng 7/2023 (USD-Index 99,97 điểm), tháng 8/2024 (USD-Index 102,3 điểm) và tháng 10/2024 (USD-Index 104,1 điểm), chính sách lãi suất của Fed đã thay đổi như thế nào từ kỳ vọng tăng lãi suất sang kỳ vọng giảm lãi suất, và điều này đã tác động cụ thể ra sao đến chỉ số USD-Index?","[109851, 113767, 111756]",False,"[""109851"", ""113767"", ""111756""]",6603.0633,0.3333333333333333,1.0,0.6666666666666666,1.0,0.6666666666666666,1.0,1.0,0.7653606369886217,"[""109851"", ""111756"", ""113767""]","[""113767"", ""109851"", ""111698"", ""110371"", ""111137"", ""111579"", ""110234"", ""112832"", ""113813"", ""114059"", ""113212"", ""111769"", ""112026"", ""110819"", ""113294"", ""113442"", ""112825"", ""111917"", ""113644"", ""110301"", ""111377"", ""110652"", ""113447"", ""113173"", ""113462"", ""194016"", ""109839"", ""111756"", ""193785"", ""112627"", ""194952"", ""113023"", ""110204"", ""112427"", ""112389"", ""112857"", ""112255"", ""194078"", ""112977"", ""194154"", ""113480"", ""110727"", ""110406"", ""192668"", ""190047""]","[""113767_token_0000"", ""109851_token_0000"", ""111698_token_0000"", ""110371_token_0000"", ""111137_token_0000"", ""111579_token_0000"", ""110234_token_0000"", ""112832_token_0000"", ""113813_token_0000"", ""114059_token_0000"", ""113212_token_0000"", ""111769_token_0000"", ""112026_token_0000"", ""110819_token_0000"", ""113294_token_0000"", ""113442_token_0000"", ""112825_token_0000"", ""111917_token_0000"", ""113644_token_0000"", ""110301_token_0000"", ""111377_token_0000"", ""110652_token_0000"", ""113447_token_0000"", ""113173_token_0000"", ""113462_token_0000"", ""194016_token_0002"", ""109839_token_0000"", ""111756_token_0000"", ""193785_token_0000"", ""112627_token_0000"", ""194952_token_0001"", ""113023_token_0000"", ""110204_token_0000"", ""112427_token_0000"", ""111769_token_0001"", ""112389_token_0000"", ""112857_token_0000"", ""112255_token_0000"", ""194016_token_0000"", ""112389_token_0001"", ""194078_token_0001"", ""112977_token_0000"", ""194154_token_0000"", ""194078_token_0002"", ""113480_token_0000"", ""110727_token_0000"", ""110406_token_0000"", ""192668_token_0000"", ""194154_token_0002"", ""190047_token_0000""]"
cross_12_1,bm25,Giấy tờ chứng minh sức khỏe để đăng ký kết hôn đối với thường trú nhân Canada và người nước ngoài nói chung có những điểm khác biệt gì về yêu cầu chuyên khoa và thủ tục hợp pháp hóa lãnh sự?,"[26619, 26887, 204720]",True,"[""26619"", ""26887"", ""204720""]",250.0737,0.3333333333333333,1.0,0.6666666666666666,1.0,0.6666666666666666,1.0,1.0,0.7653606369886217,"[""204720"", ""26619"", ""26887""]","[""26887"", ""26619"", ""26200"", ""132451"", ""26029"", ""26262"", ""68179"", ""132607"", ""16946"", ""26666"", ""55333"", ""26616"", ""69350"", ""69206"", ""26490"", ""190013"", ""203141"", ""67870"", ""26264"", ""132478"", ""26654"", ""79011"", ""191585"", ""209618"", ""26717"", ""141380"", ""46959"", ""99113"", ""189424"", ""152492"", ""51067"", ""95298"", ""140356"", ""26387"", ""255564""]","[""26887_token_0000"", ""26619_token_0000"", ""26619_token_0001"", ""26619_token_0002"", ""26200_token_0000"", ""26200_token_0001"", ""132451_token_0000"", ""26029_token_0000"", ""132451_token_0001"", ""26262_token_0000"", ""68179_token_0001"", ""132607_token_0001"", ""16946_token_0000"", ""26666_token_0001"", ""132451_token_0002"", ""26887_token_0001"", ""55333_token_0001"", ""132607_token_0000"", ""26616_token_0001"", ""69350_token_0000"", ""69206_token_0000"", ""26490_token_0000"", ""190013_token_0000"", ""203141_token_0001"", ""67870_token_0000"", ""26264_token_0000"", ""132607_token_0002"", ""132607_token_0003"", ""132478_token_0000"", ""26654_token_0000"", ""79011_token_0000"", ""55333_token_0000"", ""191585_token_0000"", ""209618_token_0000"", ""132478_token_0002"", ""26717_token_0000"", ""68179_token_0002"", ""141380_token_0001"", ""46959_token_0000"", ""99113_token_0002"", ""189424_token_0000"", ""152492_token_0002"", ""51067_token_0002"", ""26666_token_0000"", ""132478_token_0001"", ""95298_token_0001"", ""140356_token_0000"", ""209618_token_0001"", ""26387_token_0000"", ""255564_token_0002""]"
cross_12_1,dense,Giấy tờ chứng minh sức khỏe để đăng ký kết hôn đối với thường trú nhân Canada và người nước ngoài nói chung có những điểm khác biệt gì về yêu cầu chuyên khoa và thủ tục hợp pháp hóa lãnh sự?,"[26619, 26887, 204720]",True,"[""26619"", ""26887"", ""204720""]",6237.3713,0.3333333333333333,1.0,0.6666666666666666,1.0,0.6666666666666666,1.0,1.0,0.7653606369886217,"[""204720"", ""26619"", ""26887""]","[""26619"", ""26887"", ""96255"", ""6102"", ""96126"", ""209272"", ""209618"", ""96379"", ""33209"", ""6096"", ""184785"", ""210480"", ""5983"", ""132607"", ""46959"", ""16946"", ""189424"", ""26616"", ""29418"", ""178976"", ""132451"", ""29869"", ""183182"", ""210424"", ""114283"", ""180727"", ""6088"", ""114762"", ""55333"", ""205480""]","[""26619_token_0001"", ""26619_token_0000"", ""26887_token_0000"", ""26619_token_0002"", ""26887_token_0001"", ""96255_token_0000"", ""6102_token_0000"", ""96255_token_0001"", ""96126_token_0000"", ""209272_token_0000"", ""209618_token_0000"", ""96379_token_0000"", ""96126_token_0001"", ""33209_token_0003"", ""6096_token_0001"", ""184785_token_0002"", ""210480_token_0001"", ""5983_token_0001"", ""96379_token_0001"", ""209618_token_0001"", ""184785_token_0003"", ""132607_token_0002"", ""184785_token_0001"", ""46959_token_0002"", ""184785_token_0000"", ""16946_token_0000"", ""189424_token_0000"", ""26616_token_0002"", ""29418_token_0000"", ""189424_token_0001"", ""178976_token_0001"", ""210480_token_0000"", ""132451_token_0001"", ""29869_token_0004"", ""132607_token_0000"", ""183182_token_0001"", ""210424_token_0000"", ""114283_token_0002"", ""180727_token_0000"", ""6088_token_0000"", ""132607_token_0001"", ""46959_token_0000"", ""114762_token_0000"", ""132451_token_0002"", ""55333_token_0001"", ""6096_token_0002"", ""205480_token_0001"", ""209272_token_0001"", ""180727_token_0001"", ""26616_token_0001""]"
cross_12_1,hybrid,Giấy tờ chứng minh sức khỏe để đăng ký kết hôn đối với thường trú nhân Canada và người nước ngoài nói chung có những điểm khác biệt gì về yêu cầu chuyên khoa và thủ tục hợp pháp hóa lãnh sự?,"[26619, 26887, 204720]",True,"[""26619"", ""26887"", ""204720""]",6650.372,0.3333333333333333,1.0,0.6666666666666666,1.0,0.6666666666666666,1.0,1.0,0.7653606369886217,"[""204720"", ""26619"", ""26887""]","[""26619"", ""26887"", ""16946"", ""132451"", ""209618"", ""132607"", ""55333"", ""26616"", ""189424"", ""46959"", ""26200"", ""96255"", ""6102"", ""26029"", ""96126"", ""209272"", ""26262"", ""68179"", ""96379"", ""26666"", ""33209"", ""6096"", ""184785"", ""210480"", ""5983"", ""69350"", ""69206"", ""26490"", ""190013"", ""203141"", ""67870"", ""26264""]","[""26619_token_0001"", ""26887_token_0000"", ""26619_token_0000"", ""26619_token_0002"", ""26887_token_0001"", ""16946_token_0000"", ""132451_token_0001"", ""209618_token_0000"", ""132607_token_0001"", ""132607_token_0002"", ""132607_token_0000"", ""132451_token_0002"", ""55333_token_0001"", ""209618_token_0001"", ""26616_token_0001"", ""189424_token_0000"", ""46959_token_0000"", ""26200_token_0000"", ""26200_token_0001"", ""96255_token_0000"", ""132451_token_0000"", ""6102_token_0000"", ""26029_token_0000"", ""96255_token_0001"", ""96126_token_0000"", ""209272_token_0000"", ""26262_token_0000"", ""68179_token_0001"", ""96379_token_0000"", ""96126_token_0001"", ""26666_token_0001"", ""33209_token_0003"", ""6096_token_0001"", ""184785_token_0002"", ""210480_token_0001"", ""5983_token_0001"", ""96379_token_0001"", ""69350_token_0000"", ""184785_token_0003"", ""69206_token_0000"", ""26490_token_0000"", ""184785_token_0001"", ""190013_token_0000"", ""203141_token_0001"", ""46959_token_0002"", ""184785_token_0000"", ""67870_token_0000"", ""26264_token_0000"", ""132607_token_0003"", ""26616_token_0002""]"
cross_12_2,bm25,"Trình tự thời gian từ lúc nộp hồ sơ đến khi hoàn tất thủ tục đăng ký kết hôn với thường trú nhân Canada diễn ra trong bao lâu, và so sánh với khoảng thời gian từ lúc bị cáo Phạm Ngọc Việt gây án đến khi bị TAND TP.HCM tuyên án tử hình?","[26619, 26887, 204720]",False,"[""26619"", ""26887"", ""204720""]",366.3646,0.3333333333333333,1.0,0.6666666666666666,1.0,0.6666666666666666,1.0,1.0,0.7653606369886217,"[""204720"", ""26619"", ""26887""]","[""204720"", ""26619"", ""125807"", ""203950"", ""27306"", ""52818"", ""132607"", ""204862"", ""100717"", ""180089"", ""103237"", ""27411"", ""245128"", ""244794"", ""117917"", ""26887"", ""176513"", ""33031"", ""105760"", ""204256"", ""95521"", ""204788"", ""27254"", ""68179"", ""204819"", ""99703"", ""246522"", ""204666"", ""204769"", ""6096"", ""37798"", ""204805"", ""204697"", ""131991"", ""88222"", ""245914"", ""204904"", ""203898"", ""51067"", ""27301"", ""27440"", ""204870""]","[""204720_token_0000"", ""26619_token_0001"", ""125807_token_0001"", ""26619_token_0002"", ""26619_token_0000"", ""203950_token_0000"", ""27306_token_0001"", ""52818_token_0000"", ""125807_token_0000"", ""132607_token_0002"", ""204862_token_0000"", ""100717_token_0000"", ""180089_token_0000"", ""103237_token_0000"", ""27411_token_0000"", ""245128_token_0000"", ""244794_token_0001"", ""117917_token_0000"", ""26887_token_0001"", ""176513_token_0000"", ""33031_token_0000"", ""244794_token_0000"", ""132607_token_0000"", ""105760_token_0000"", ""204256_token_0000"", ""95521_token_0000"", ""204788_token_0001"", ""27254_token_0000"", ""68179_token_0001"", ""204819_token_0000"", ""26887_token_0000"", ""99703_token_0000"", ""246522_token_0000"", ""204666_token_0000"", ""204769_token_0000"", ""6096_token_0002"", ""37798_token_0000"", ""27411_token_0001"", ""204805_token_0000"", ""204697_token_0000"", ""132607_token_0001"", ""131991_token_0001"", ""88222_token_0000"", ""245914_token_0000"", ""204904_token_0000"", ""203898_token_0000"", ""51067_token_0002"", ""27301_token_0000"", ""27440_token_0000"", ""204870_token_0000""]"
cross_12_2,dense,"Trình tự thời gian từ lúc nộp hồ sơ đến khi hoàn tất thủ tục đăng ký kết hôn với thường trú nhân Canada diễn ra trong bao lâu, và so sánh với khoảng thời gian từ lúc bị cáo Phạm Ngọc Việt gây án đến khi bị TAND TP.HCM tuyên án tử hình?","[26619, 26887, 204720]",False,"[""26619"", ""26887"", ""204720""]",6194.2248,0.3333333333333333,1.0,0.6666666666666666,1.0,1.0,1.0,1.0,0.8385465274895063,"[""204720"", ""26619"", ""26887""]","[""26619"", ""33031"", ""125807"", ""204720"", ""204967"", ""26887"", ""132478"", ""27048"", ""204230"", ""204805"", ""37798"", ""203950"", ""132607"", ""117917"", ""203278"", ""27323"", ""341"", ""27486"", ""204796"", ""30846"", ""160651"", ""17141"", ""204256"", ""20614"", ""108542"", ""71307"", ""27301"", ""245928"", ""204091"", ""246145"", ""24913"", ""245608"", ""245667"", ""27306"", ""219422"", ""96126"", ""96255"", ""141420""]","[""26619_token_0002"", ""26619_token_0001"", ""26619_token_0000"", ""33031_token_0001"", ""125807_token_0001"", ""204720_token_0000"", ""33031_token_0000"", ""204967_token_0000"", ""26887_token_0001"", ""132478_token_0000"", ""26887_token_0000"", ""27048_token_0000"", ""27048_token_0003"", ""204230_token_0001"", ""204805_token_0000"", ""37798_token_0000"", ""203950_token_0000"", ""132607_token_0000"", ""117917_token_0000"", ""203278_token_0000"", ""27323_token_0001"", ""341_token_0000"", ""27486_token_0000"", ""27048_token_0001"", ""204796_token_0000"", ""30846_token_0001"", ""160651_token_0000"", ""27048_token_0002"", ""17141_token_0000"", ""204256_token_0001"", ""20614_token_0000"", ""108542_token_0001"", ""71307_token_0001"", ""27301_token_0001"", ""245928_token_0000"", ""204091_token_0000"", ""246145_token_0000"", ""132607_token_0002"", ""245928_token_0002"", ""24913_token_0001"", ""245608_token_0000"", ""204967_token_0001"", ""245667_token_0000"", ""27306_token_0000"", ""219422_token_0000"", ""245928_token_0001"", ""96126_token_0002"", ""96255_token_0000"", ""27301_token_0000"", ""141420_token_0000""]"
cross_12_2,hybrid,"Trình tự thời gian từ lúc nộp hồ sơ đến khi hoàn tất thủ tục đăng ký kết hôn với thường trú nhân Canada diễn ra trong bao lâu, và so sánh với khoảng thời gian từ lúc bị cáo Phạm Ngọc Việt gây án đến khi bị TAND TP.HCM tuyên án tử hình?","[26619, 26887, 204720]",False,"[""26619"", ""26887"", ""204720""]",6671.8949,0.3333333333333333,1.0,0.6666666666666666,1.0,1.0,1.0,1.0,0.9325210919548239,"[""204720"", ""26619"", ""26887""]","[""26619"", ""204720"", ""125807"", ""203950"", ""33031"", ""26887"", ""117917"", ""132607"", ""37798"", ""204805"", ""27301"", ""27306"", ""204967"", ""52818"", ""132478"", ""204862"", ""100717"", ""27048"", ""180089"", ""103237"", ""204230"", ""27411"", ""245128"", ""244794"", ""176513"", ""203278"", ""27323"", ""341"", ""27486"", ""105760"", ""204256"", ""204796"", ""30846"", ""95521"", ""160651"", ""204788"", ""27254"", ""17141"", ""68179""]","[""26619_token_0001"", ""26619_token_0002"", ""204720_token_0000"", ""125807_token_0001"", ""26619_token_0000"", ""203950_token_0000"", ""33031_token_0000"", ""26887_token_0001"", ""117917_token_0000"", ""26887_token_0000"", ""132607_token_0000"", ""132607_token_0002"", ""37798_token_0000"", ""204805_token_0000"", ""27301_token_0000"", ""33031_token_0001"", ""27306_token_0001"", ""204967_token_0000"", ""52818_token_0000"", ""125807_token_0000"", ""132478_token_0000"", ""204862_token_0000"", ""100717_token_0000"", ""27048_token_0000"", ""180089_token_0000"", ""27048_token_0003"", ""103237_token_0000"", ""204230_token_0001"", ""27411_token_0000"", ""245128_token_0000"", ""244794_token_0001"", ""176513_token_0000"", ""203278_token_0000"", ""27323_token_0001"", ""244794_token_0000"", ""341_token_0000"", ""27486_token_0000"", ""105760_token_0000"", ""27048_token_0001"", ""204256_token_0000"", ""204796_token_0000"", ""30846_token_0001"", ""95521_token_0000"", ""160651_token_0000"", ""204788_token_0001"", ""27048_token_0002"", ""27254_token_0000"", ""17141_token_0000"", ""68179_token_0001"", ""204256_token_0001""]"
cross_13_1,bm25,"Nếu một người 15 tuổi được ông bà cho tiền và muốn mua một mảnh đất nhỏ diện tích 28m² tại Hà Nội để đứng tên trên sổ đỏ, thì theo pháp luật hiện hành, những điều kiện nào về độ tuổi người đứng tên và diện tích đất tối thiểu cần được đáp ứng?","[204015, 204035, 26707]",True,"[""204015"", ""204035"", ""26707""]",417.1594,0.3333333333333333,1.0,0.6666666666666666,1.0,0.6666666666666666,1.0,1.0,0.7039180890341347,"[""204015"", ""204035"", ""26707""]","[""204015"", ""26172"", ""204035"", ""26381"", ""26192"", ""152233"", ""27302"", ""26490"", ""152492"", ""151939"", ""26373"", ""133930"", ""27244"", ""26232"", ""26742"", ""523"", ""247122"", ""152221"", ""151184"", ""245914"", ""202917"", ""150718"", ""68179"", ""26029"", ""106977"", ""99856"", ""27306"", ""203410"", ""150984"", ""242274"", ""415"", ""20067"", ""148745"", ""153229"", ""265356""]","[""204015_token_0000"", ""26172_token_0000"", ""204035_token_0000"", ""26381_token_0000"", ""204035_token_0001"", ""26192_token_0000"", ""152233_token_0000"", ""27302_token_0000"", ""26490_token_0000"", ""152492_token_0002"", ""151939_token_0001"", ""26373_token_0001"", ""26373_token_0000"", ""133930_token_0000"", ""27244_token_0001"", ""27302_token_0001"", ""26232_token_0000"", ""26232_token_0001"", ""26742_token_0000"", ""523_token_0000"", ""26381_token_0001"", ""27244_token_0000"", ""247122_token_0000"", ""152221_token_0000"", ""151184_token_0000"", ""152221_token_0001"", ""245914_token_0001"", ""202917_token_0005"", ""150718_token_0000"", ""68179_token_0001"", ""26029_token_0000"", ""247122_token_0001"", ""106977_token_0000"", ""99856_token_0002"", ""99856_token_0003"", ""27306_token_0002"", ""203410_token_0000"", ""26192_token_0001"", ""150984_token_0000"", ""151184_token_0001"", ""242274_token_0000"", ""415_token_0004"", ""415_token_0006"", ""20067_token_0000"", ""68179_token_0000"", ""26490_token_0001"", ""148745_token_0000"", ""153229_token_0000"", ""265356_token_0001"", ""153229_token_0001""]"
cross_13_1,dense,"Nếu một người 15 tuổi được ông bà cho tiền và muốn mua một mảnh đất nhỏ diện tích 28m² tại Hà Nội để đứng tên trên sổ đỏ, thì theo pháp luật hiện hành, những điều kiện nào về độ tuổi người đứng tên và diện tích đất tối thiểu cần được đáp ứng?","[204015, 204035, 26707]",True,"[""204015"", ""204035"", ""26707""]",6542.968,0.3333333333333333,1.0,0.6666666666666666,1.0,0.6666666666666666,1.0,1.0,0.7039180890341347,"[""204015"", ""204035"", ""26707""]","[""204015"", ""26172"", ""204035"", ""152233"", ""203141"", ""151939"", ""151658"", ""26616"", ""26666"", ""26381"", ""150701"", ""415"", ""152221"", ""26387"", ""150718"", ""26490"", ""153171"", ""26373"", ""149255"", ""153075"", ""151666"", ""26200"", ""131145"", ""150656"", ""133930"", ""153229"", ""203172"", ""26199"", ""26463"", ""152492"", ""151434"", ""177851"", ""152262"", ""44612"", ""48576"", ""179303""]","[""204015_token_0000"", ""26172_token_0000"", ""204035_token_0000"", ""152233_token_0000"", ""203141_token_0000"", ""204035_token_0001"", ""151939_token_0001"", ""151658_token_0000"", ""151658_token_0001"", ""26616_token_0001"", ""26666_token_0000"", ""26381_token_0000"", ""150701_token_0001"", ""415_token_0001"", ""152221_token_0000"", ""26616_token_0003"", ""26616_token_0000"", ""203141_token_0001"", ""152221_token_0001"", ""26387_token_0000"", ""150718_token_0000"", ""150718_token_0001"", ""26616_token_0002"", ""26490_token_0000"", ""153171_token_0000"", ""26373_token_0000"", ""149255_token_0001"", ""153075_token_0001"", ""151666_token_0000"", ""26200_token_0000"", ""131145_token_0000"", ""26666_token_0001"", ""151666_token_0002"", ""151939_token_0000"", ""150656_token_0000"", ""150701_token_0000"", ""133930_token_0000"", ""150656_token_0001"", ""153229_token_0001"", ""203172_token_0000"", ""26199_token_0000"", ""26463_token_0001"", ""152492_token_0002"", ""151434_token_0001"", ""177851_token_0000"", ""152262_token_0001"", ""44612_token_0000"", ""415_token_0004"", ""48576_token_0005"", ""179303_token_0000""]"
cross_13_1,hybrid,"Nếu một người 15 tuổi được ông bà cho tiền và muốn mua một mảnh đất nhỏ diện tích 28m² tại Hà Nội để đứng tên trên sổ đỏ, thì theo pháp luật hiện hành, những điều kiện nào về độ tuổi người đứng tên và diện tích đất tối thiểu cần được đáp ứng?","[204015, 204035, 26707]",True,"[""204015"", ""204035"", ""26707""]",6634.318,0.3333333333333333,1.0,0.6666666666666666,1.0,0.6666666666666666,1.0,1.0,0.7039180890341347,"[""204015"", ""204035"", ""26707""]","[""204015"", ""26172"", ""204035"", ""152233"", ""26381"", ""151939"", ""26490"", ""26373"", ""152221"", ""152492"", ""133930"", ""150718"", ""153229"", ""415"", ""203141"", ""26192"", ""151658"", ""27302"", ""26616"", ""26666"", ""150701"", ""27244"", ""26232"", ""26742"", ""26387"", ""523"", ""247122"", ""151184"", ""153171"", ""149255"", ""245914"", ""153075"", ""202917"", ""151666"", ""26200"", ""68179""]","[""204015_token_0000"", ""26172_token_0000"", ""204035_token_0000"", ""152233_token_0000"", ""204035_token_0001"", ""26381_token_0000"", ""151939_token_0001"", ""26490_token_0000"", ""26373_token_0000"", ""152221_token_0000"", ""152221_token_0001"", ""152492_token_0002"", ""133930_token_0000"", ""150718_token_0000"", ""153229_token_0001"", ""415_token_0004"", ""203141_token_0000"", ""26192_token_0000"", ""151658_token_0000"", ""27302_token_0000"", ""151658_token_0001"", ""26616_token_0001"", ""26666_token_0000"", ""26373_token_0001"", ""150701_token_0001"", ""415_token_0001"", ""27244_token_0001"", ""26616_token_0003"", ""27302_token_0001"", ""26232_token_0000"", ""26616_token_0000"", ""203141_token_0001"", ""26232_token_0001"", ""26742_token_0000"", ""26387_token_0000"", ""523_token_0000"", ""26381_token_0001"", ""150718_token_0001"", ""27244_token_0000"", ""247122_token_0000"", ""26616_token_0002"", ""151184_token_0000"", ""153171_token_0000"", ""149255_token_0001"", ""245914_token_0001"", ""153075_token_0001"", ""202917_token_0005"", ""151666_token_0000"", ""26200_token_0000"", ""68179_token_0001""]"
cross_13_2,bm25,"Trong trường hợp cha mẹ cho con 15 tuổi vay tiền với lãi suất để mua đất đứng tên con, mức lãi suất tối đa mà cha mẹ được phép áp dụng là bao nhiêu, và nếu con 15 tuổi tự ký hợp đồng vay cũng như hợp đồng mua bán đất thì các giao dịch này có hiệu lực pháp lý không?","[204015, 204035, 26707]",False,"[""204015"", ""26707"", ""204035""]",442.5375,0.3333333333333333,1.0,0.6666666666666666,1.0,0.6666666666666666,1.0,1.0,0.7039180890341347,"[""204015"", ""204035"", ""26707""]","[""204015"", ""26172"", ""26707"", ""26232"", ""113846"", ""194824"", ""152549"", ""46621"", ""108426"", ""111843"", ""192981"", ""150701"", ""152333"", ""26616"", ""190711"", ""26742"", ""107085"", ""112613"", ""264085"", ""111263"", ""152233"", ""101539"", ""146698"", ""203028"", ""151939"", ""89306"", ""27302"", ""252318"", ""25709"", ""26666"", ""123356"", ""26192"", ""259066"", ""190686"", ""415"", ""151044"", ""42737"", ""196740"", ""25441"", ""24626"", ""152879"", ""194764"", ""51067"", ""150984""]","[""204015_token_0000"", ""26172_token_0000"", ""26707_token_0000"", ""26232_token_0001"", ""113846_token_0000"", ""194824_token_0001"", ""152549_token_0002"", ""46621_token_0002"", ""108426_token_0000"", ""111843_token_0002"", ""26707_token_0001"", ""192981_token_0000"", ""150701_token_0001"", ""152333_token_0000"", ""26616_token_0002"", ""152333_token_0001"", ""190711_token_0001"", ""26742_token_0000"", ""107085_token_0003"", ""112613_token_0002"", ""264085_token_0000"", ""111263_token_0000"", ""152233_token_0000"", ""46621_token_0003"", ""112613_token_0005"", ""26616_token_0001"", ""101539_token_0000"", ""146698_token_0001"", ""203028_token_0000"", ""151939_token_0001"", ""89306_token_0000"", ""27302_token_0002"", ""252318_token_0000"", ""25709_token_0000"", ""111843_token_0003"", ""26666_token_0000"", ""123356_token_0000"", ""26192_token_0001"", ""259066_token_0000"", ""190686_token_0001"", ""415_token_0001"", ""151044_token_0000"", ""42737_token_0003"", ""196740_token_0001"", ""25441_token_0002"", ""24626_token_0002"", ""152879_token_0000"", ""194764_token_0000"", ""51067_token_0001"", ""150984_token_0000""]"
cross_13_2,dense,"Trong trường hợp cha mẹ cho con 15 tuổi vay tiền với lãi suất để mua đất đứng tên con, mức lãi suất tối đa mà cha mẹ được phép áp dụng là bao nhiêu, và nếu con 15 tuổi tự ký hợp đồng vay cũng như hợp đồng mua bán đất thì các giao dịch này có hiệu lực pháp lý không?","[204015, 204035, 26707]",False,"[""204015"", ""26707"", ""204035""]",6235.5545,0.3333333333333333,1.0,0.6666666666666666,1.0,0.6666666666666666,1.0,1.0,0.7039180890341347,"[""204015"", ""204035"", ""26707""]","[""204015"", ""26172"", ""26707"", ""203141"", ""26616"", ""150701"", ""25709"", ""107085"", ""113846"", ""26490"", ""26666"", ""26116"", ""26200"", ""196740"", ""204035"", ""26387"", ""203760"", ""152492"", ""152333"", ""190986"", ""194797"", ""195788"", ""415"", ""152471"", ""152233"", ""190635"", ""152221"", ""190747"", ""43683"", ""191779"", ""26496"", ""24626"", ""175779"", ""191262"", ""153526""]","[""204015_token_0000"", ""26172_token_0000"", ""26707_token_0000"", ""26707_token_0001"", ""203141_token_0000"", ""26616_token_0001"", ""150701_token_0000"", ""25709_token_0001"", ""107085_token_0003"", ""113846_token_0000"", ""26490_token_0000"", ""113846_token_0001"", ""26666_token_0000"", ""26666_token_0001"", ""26616_token_0002"", ""26116_token_0000"", ""150701_token_0001"", ""26616_token_0003"", ""26616_token_0000"", ""26200_token_0000"", ""196740_token_0001"", ""204035_token_0000"", ""26387_token_0000"", ""203760_token_0000"", ""152492_token_0002"", ""152333_token_0001"", ""190986_token_0000"", ""194797_token_0000"", ""195788_token_0000"", ""415_token_0001"", ""152333_token_0000"", ""152471_token_0000"", ""152233_token_0000"", ""190635_token_0000"", ""152221_token_0001"", ""152221_token_0000"", ""25709_token_0000"", ""190747_token_0001"", ""152492_token_0001"", ""43683_token_0002"", ""191779_token_0001"", ""26496_token_0000"", ""190986_token_0001"", ""190747_token_0000"", ""24626_token_0002"", ""175779_token_0002"", ""152492_token_0000"", ""26200_token_0001"", ""191262_token_0000"", ""153526_token_0000""]"
cross_13_2,hybrid,"Trong trường hợp cha mẹ cho con 15 tuổi vay tiền với lãi suất để mua đất đứng tên con, mức lãi suất tối đa mà cha mẹ được phép áp dụng là bao nhiêu, và nếu con 15 tuổi tự ký hợp đồng vay cũng như hợp đồng mua bán đất thì các giao dịch này có hiệu lực pháp lý không?","[204015, 204035, 26707]",False,"[""204015"", ""26707"", ""204035""]",6598.5068,0.3333333333333333,1.0,0.6666666666666666,1.0,0.6666666666666666,1.0,1.0,0.7039180890341347,"[""204015"", ""204035"", ""26707""]","[""204015"", ""26172"", ""26707"", ""113846"", ""107085"", ""26616"", ""150701"", ""152333"", ""26666"", ""152233"", ""196740"", ""415"", ""25709"", ""24626"", ""26232"", ""203141"", ""194824"", ""152549"", ""46621"", ""108426"", ""111843"", ""26490"", ""192981"", ""26116"", ""190711"", ""26742"", ""112613"", ""26200"", ""264085"", ""111263"", ""204035"", ""26387"", ""203760"", ""152492"", ""101539"", ""190986"", ""146698"", ""194797"", ""195788""]","[""204015_token_0000"", ""26172_token_0000"", ""26707_token_0000"", ""26707_token_0001"", ""113846_token_0000"", ""107085_token_0003"", ""26616_token_0001"", ""150701_token_0001"", ""26616_token_0002"", ""152333_token_0001"", ""152333_token_0000"", ""26666_token_0000"", ""152233_token_0000"", ""196740_token_0001"", ""415_token_0001"", ""25709_token_0000"", ""24626_token_0002"", ""26232_token_0001"", ""203141_token_0000"", ""194824_token_0001"", ""150701_token_0000"", ""152549_token_0002"", ""25709_token_0001"", ""46621_token_0002"", ""108426_token_0000"", ""111843_token_0002"", ""26490_token_0000"", ""113846_token_0001"", ""192981_token_0000"", ""26666_token_0001"", ""26116_token_0000"", ""190711_token_0001"", ""26616_token_0003"", ""26742_token_0000"", ""26616_token_0000"", ""112613_token_0002"", ""26200_token_0000"", ""264085_token_0000"", ""111263_token_0000"", ""204035_token_0000"", ""26387_token_0000"", ""203760_token_0000"", ""46621_token_0003"", ""112613_token_0005"", ""152492_token_0002"", ""101539_token_0000"", ""190986_token_0000"", ""146698_token_0001"", ""194797_token_0000"", ""195788_token_0000""]"
cross_14_1,bm25,"So sánh cách tiếp cận phục hồi da tổn thương của sản phẩm Rejuvaskin Recovery Skin Cream và Scar Esthetique: mỗi sản phẩm hướng đến loại tổn thương nào, thành phần hoạt chất chính khác nhau ra sao, và có thể kết hợp cả hai trong quy trình chăm sóc da sau điều trị mụn không?","[116986, 116279, 116533]",False,"[""116986"", ""116279"", ""116533""]",375.1819,0.3333333333333333,1.0,0.6666666666666666,1.0,0.6666666666666666,1.0,1.0,0.6713860725233041,"[""116279"", ""116533"", ""116986""]","[""116986"", ""115885"", ""115475"", ""116279"", ""115582"", ""115527"", ""115858"", ""116708"", ""116824"", ""115746"", ""116071"", ""116190"", ""116427"", ""115922"", ""115664"", ""115901"", ""117026"", ""116514"", ""116494"", ""117213"", ""115665"", ""116707"", ""115353"", ""116461""]","[""116986_token_0000"", ""116986_token_0001"", ""115885_token_0002"", ""115885_token_0001"", ""115475_token_0001"", ""116279_token_0001"", ""116279_token_0000"", ""115582_token_0000"", ""116986_token_0002"", ""115475_token_0004"", ""115475_token_0002"", ""115527_token_0001"", ""115582_token_0001"", ""115858_token_0000"", ""116708_token_0000"", ""115527_token_0000"", ""115475_token_0000"", ""116824_token_0005"", ""115746_token_0002"", ""116071_token_0000"", ""115475_token_0005"", ""116708_token_0003"", ""116190_token_0003"", ""116279_token_0003"", ""116427_token_0002"", ""116708_token_0001"", ""115922_token_0003"", ""115664_token_0000"", ""116279_token_0002"", ""116708_token_0002"", ""115582_token_0002"", ""115901_token_0000"", ""115746_token_0001"", ""115922_token_0002"", ""116190_token_0000"", ""117026_token_0001"", ""116427_token_0001"", ""115475_token_0003"", ""116514_token_0000"", ""116427_token_0000"", ""116494_token_0000"", ""115527_token_0002"", ""117213_token_0004"", ""115665_token_0001"", ""116707_token_0001"", ""115353_token_0002"", ""115665_token_0004"", ""116461_token_0000"", ""115475_token_0006"", ""115353_token_0000""]"
cross_14_1,dense,"So sánh cách tiếp cận phục hồi da tổn thương của sản phẩm Rejuvaskin Recovery Skin Cream và Scar Esthetique: mỗi sản phẩm hướng đến loại tổn thương nào, thành phần hoạt chất chính khác nhau ra sao, và có thể kết hợp cả hai trong quy trình chăm sóc da sau điều trị mụn không?","[116986, 116279, 116533]",False,"[""116986"", ""116279"", ""116533""]",6253.5991,0.3333333333333333,1.0,0.3333333333333333,1.0,0.6666666666666666,1.0,1.0,0.6364391809889587,"[""116279"", ""116533"", ""116986""]","[""116279"", ""115582"", ""116708"", ""116494"", ""115353"", ""116986"", ""116874"", ""115527"", ""115665"", ""115885"", ""117026"", ""115475"", ""115858"", ""117213"", ""117102"", ""115377"", ""116427"", ""115717"", ""115901""]","[""116279_token_0000"", ""116279_token_0001"", ""115582_token_0001"", ""115582_token_0002"", ""115582_token_0000"", ""116708_token_0001"", ""116708_token_0003"", ""116494_token_0001"", ""115353_token_0002"", ""116708_token_0002"", ""116708_token_0006"", ""116708_token_0000"", ""116708_token_0004"", ""116986_token_0000"", ""116986_token_0001"", ""116986_token_0002"", ""116708_token_0005"", ""116874_token_0002"", ""115527_token_0001"", ""116279_token_0003"", ""115665_token_0002"", ""115885_token_0002"", ""116494_token_0000"", ""116874_token_0001"", ""115527_token_0000"", ""115885_token_0001"", ""117026_token_0002"", ""115475_token_0002"", ""115858_token_0000"", ""117213_token_0000"", ""116279_token_0002"", ""117213_token_0004"", ""117102_token_0001"", ""115377_token_0001"", ""115353_token_0001"", ""115475_token_0000"", ""115527_token_0002"", ""115353_token_0003"", ""115377_token_0000"", ""116427_token_0000"", ""115665_token_0001"", ""115475_token_0004"", ""115377_token_0002"", ""115665_token_0007"", ""117213_token_0001"", ""116874_token_0000"", ""115353_token_0000"", ""115717_token_0002"", ""116427_token_0001"", ""115901_token_0004""]"
cross_14_1,hybrid,"So sánh cách tiếp cận phục hồi da tổn thương của sản phẩm Rejuvaskin Recovery Skin Cream và Scar Esthetique: mỗi sản phẩm hướng đến loại tổn thương nào, thành phần hoạt chất chính khác nhau ra sao, và có thể kết hợp cả hai trong quy trình chăm sóc da sau điều trị mụn không?","[116986, 116279, 116533]",False,"[""116986"", ""116279"", ""116533""]",6886.3575,0.3333333333333333,1.0,0.6666666666666666,1.0,0.6666666666666666,1.0,1.0,0.7039180890341347,"[""116279"", ""116533"", ""116986""]","[""116279"", ""115582"", ""116986"", ""115885"", ""116708"", ""115527"", ""115475"", ""115858"", ""115353"", ""116494"", ""117213"", ""116427"", ""115665"", ""116824"", ""116874"", ""115746"", ""116071"", ""116190"", ""115922"", ""117026"", ""115664"", ""115901""]","[""116279_token_0000"", ""116279_token_0001"", ""115582_token_0000"", ""116986_token_0000"", ""115582_token_0001"", ""116986_token_0001"", ""115885_token_0002"", ""116986_token_0002"", ""115885_token_0001"", ""116708_token_0000"", ""116708_token_0003"", ""116708_token_0001"", ""115582_token_0002"", ""115527_token_0001"", ""115475_token_0002"", ""116708_token_0002"", ""115527_token_0000"", ""115858_token_0000"", ""116279_token_0003"", ""115475_token_0004"", ""115353_token_0002"", ""115475_token_0000"", ""116279_token_0002"", ""116494_token_0000"", ""117213_token_0004"", ""115527_token_0002"", ""116427_token_0000"", ""115665_token_0001"", ""116427_token_0001"", ""115353_token_0000"", ""115475_token_0001"", ""116494_token_0001"", ""116708_token_0006"", ""116708_token_0004"", ""116708_token_0005"", ""116824_token_0005"", ""116874_token_0002"", ""115746_token_0002"", ""116071_token_0000"", ""115475_token_0005"", ""115665_token_0002"", ""116190_token_0003"", ""116874_token_0001"", ""116427_token_0002"", ""115922_token_0003"", ""117026_token_0002"", ""115664_token_0000"", ""117213_token_0000"", ""115901_token_0000"", ""115746_token_0001""]"
cross_14_2,bm25,"Dựa trên thông tin từ cả ba bài báo, một người có làn da mụn muốn thực hiện peel da hóa học cần lưu ý những gì về việc bảo vệ da trước (chống nắng) và phục hồi da sau khi peel, bao gồm cả ngăn ngừa sẹo thâm rỗ?","[116986, 116279, 116533]",True,"[""116986"", ""116279"", ""116533""]",387.4311,0.0,0.0,0.0,0.0,0.6666666666666666,1.0,0.1111111111111111,0.2769189462922768,"[""116279"", ""116533"", ""116986""]","[""117417"", ""117213"", ""116190"", ""115475"", ""116514"", ""115451"", ""115527"", ""116427"", ""116533"", ""116279"", ""116986"", ""115920"", ""115665"", ""116385"", ""117425"", ""115582"", ""116479"", ""115922"", ""116494"", ""115901"", ""116041"", ""116906"", ""116708""]","[""117417_token_0001"", ""117213_token_0001"", ""117417_token_0000"", ""117417_token_0003"", ""116190_token_0000"", ""115475_token_0000"", ""115475_token_0001"", ""116514_token_0006"", ""115475_token_0004"", ""117417_token_0002"", ""115451_token_0001"", ""116190_token_0003"", ""115527_token_0001"", ""115527_token_0002"", ""115475_token_0005"", ""116427_token_0001"", ""116533_token_0000"", ""116279_token_0000"", ""116986_token_0000"", ""115920_token_0007"", ""116190_token_0001"", ""115665_token_0006"", ""116385_token_0003"", ""116514_token_0001"", ""116533_token_0004"", ""116427_token_0000"", ""116427_token_0004"", ""115475_token_0006"", ""116427_token_0002"", ""117425_token_0000"", ""116427_token_0005"", ""115582_token_0002"", ""116479_token_0001"", ""115922_token_0004"", ""116533_token_0002"", ""116986_token_0001"", ""116533_token_0007"", ""116514_token_0002"", ""115920_token_0000"", ""116494_token_0000"", ""115475_token_0002"", ""115901_token_0002"", ""115451_token_0000"", ""115527_token_0000"", ""116427_token_0003"", ""116041_token_0002"", ""115922_token_0002"", ""116906_token_0000"", ""116533_token_0006"", ""116708_token_0005""]"
cross_14_2,dense,"Dựa trên thông tin từ cả ba bài báo, một người có làn da mụn muốn thực hiện peel da hóa học cần lưu ý những gì về việc bảo vệ da trước (chống nắng) và phục hồi da sau khi peel, bao gồm cả ngăn ngừa sẹo thâm rỗ?","[116986, 116279, 116533]",True,"[""116986"", ""116279"", ""116533""]",6375.0745,0.0,0.0,0.3333333333333333,1.0,0.3333333333333333,1.0,0.3333333333333333,0.23463936301137822,"[""116279"", ""116533"", ""116986""]","[""115527"", ""117417"", ""116279"", ""115353"", ""117213"", ""116385"", ""115377"", ""116494"", ""115582"", ""117425"", ""115665"", ""115885"", ""116986"", ""116180"", ""115475"", ""27567"", ""116708"", ""117026"", ""29116""]","[""115527_token_0002"", ""115527_token_0001"", ""117417_token_0003"", ""116279_token_0001"", ""117417_token_0002"", ""117417_token_0001"", ""115527_token_0000"", ""115353_token_0000"", ""116279_token_0000"", ""117417_token_0000"", ""117213_token_0001"", ""117213_token_0003"", ""116385_token_0004"", ""117213_token_0004"", ""117213_token_0000"", ""116385_token_0002"", ""115377_token_0001"", ""116494_token_0000"", ""116385_token_0001"", ""117213_token_0002"", ""115582_token_0002"", ""117425_token_0000"", ""115353_token_0001"", ""116494_token_0001"", ""115665_token_0002"", ""115885_token_0001"", ""115582_token_0001"", ""116385_token_0003"", ""116986_token_0000"", ""117425_token_0001"", ""116180_token_0002"", ""116279_token_0002"", ""115582_token_0000"", ""115353_token_0002"", ""116385_token_0000"", ""115475_token_0000"", ""115885_token_0002"", ""115665_token_0000"", ""115885_token_0000"", ""115377_token_0000"", ""116180_token_0001"", ""115665_token_0006"", ""27567_token_0002"", ""116708_token_0005"", ""117026_token_0000"", ""116986_token_0001"", ""29116_token_0000"", ""116708_token_0001"", ""115665_token_0005"", ""116708_token_0002""]"
cross_14_2,hybrid,"Dựa trên thông tin từ cả ba bài báo, một người có làn da mụn muốn thực hiện peel da hóa học cần lưu ý những gì về việc bảo vệ da trước (chống nắng) và phục hồi da sau khi peel, bao gồm cả ngăn ngừa sẹo thâm rỗ?","[116986, 116279, 116533]",True,"[""116986"", ""116279"", ""116533""]",6898.0214,0.0,0.0,0.3333333333333333,1.0,0.6666666666666666,1.0,0.25,0.36926780146674987,"[""116279"", ""116533"", ""116986""]","[""117417"", ""117213"", ""115527"", ""116279"", ""115475"", ""116986"", ""116385"", ""117425"", ""115582"", ""116494"", ""115665"", ""116708"", ""116190"", ""115353"", ""116514"", ""115451"", ""116427"", ""115377"", ""116533"", ""115920"", ""115885""]","[""117417_token_0001"", ""117417_token_0003"", ""117213_token_0001"", ""117417_token_0000"", ""115527_token_0002"", ""115527_token_0001"", ""117417_token_0002"", ""116279_token_0000"", ""115475_token_0000"", ""115527_token_0000"", ""116986_token_0000"", ""116385_token_0003"", ""117425_token_0000"", ""115582_token_0002"", ""116494_token_0000"", ""115665_token_0006"", ""116986_token_0001"", ""116708_token_0005"", ""116279_token_0001"", ""116190_token_0000"", ""115475_token_0001"", ""115353_token_0000"", ""116514_token_0006"", ""115475_token_0004"", ""115451_token_0001"", ""116190_token_0003"", ""117213_token_0003"", ""116385_token_0004"", ""117213_token_0004"", ""115475_token_0005"", ""117213_token_0000"", ""116385_token_0002"", ""116427_token_0001"", ""115377_token_0001"", ""116533_token_0000"", ""116385_token_0001"", ""115920_token_0007"", ""117213_token_0002"", ""116190_token_0001"", ""115353_token_0001"", ""116494_token_0001"", ""116514_token_0001"", ""115665_token_0002"", ""116533_token_0004"", ""115885_token_0001"", ""116427_token_0000"", ""115582_token_0001"", ""116427_token_0004"", ""115475_token_0006"", ""116427_token_0002""]"
cross_15_1,bm25,So sánh các bệnh nền (bệnh lý đi kèm) được ghi nhận ở những bệnh nhân nặng mắc cúm A và sốt xuất huyết đang điều trị tại Bệnh viện Bệnh nhiệt đới Trung ương trong các bài báo.,"[208005, 205316, 31675]",True,"[""208005"", ""205316"", ""31675""]",296.9837,0.3333333333333333,1.0,0.6666666666666666,1.0,1.0,1.0,1.0,0.9066276098484507,"[""205316"", ""208005"", ""31675""]","[""208005"", ""205316"", ""27829"", ""205835"", ""29505"", ""27640"", ""210854"", ""139175"", ""31675"", ""206963"", ""211129"", ""208656"", ""213663"", ""206209"", ""33999"", ""210637"", ""29309"", ""29872"", ""30686"", ""30021"", ""209804"", ""207476"", ""29847"", ""136443"", ""27668"", ""205100"", ""206499"", ""31850"", ""208667"", ""210956"", ""211209"", ""209886"", ""209803"", ""208254"", ""115233"", ""209549"", ""207732"", ""29383"", ""29742"", ""209931""]","[""208005_token_0001"", ""208005_token_0000"", ""205316_token_0000"", ""27829_token_0000"", ""205835_token_0000"", ""29505_token_0000"", ""27640_token_0000"", ""210854_token_0000"", ""210854_token_0001"", ""139175_token_0001"", ""31675_token_0000"", ""206963_token_0000"", ""211129_token_0001"", ""205316_token_0001"", ""208656_token_0000"", ""27829_token_0002"", ""213663_token_0000"", ""206209_token_0000"", ""27640_token_0001"", ""33999_token_0001"", ""210637_token_0000"", ""29309_token_0002"", ""29872_token_0000"", ""30686_token_0001"", ""30021_token_0000"", ""209804_token_0001"", ""207476_token_0000"", ""29847_token_0001"", ""29309_token_0003"", ""136443_token_0001"", ""211129_token_0000"", ""27668_token_0001"", ""205100_token_0000"", ""206499_token_0000"", ""30686_token_0000"", ""31850_token_0002"", ""208667_token_0000"", ""210956_token_0000"", ""211209_token_0000"", ""209886_token_0000"", ""31850_token_0000"", ""209803_token_0000"", ""208254_token_0000"", ""115233_token_0001"", ""209549_token_0002"", ""207732_token_0000"", ""29383_token_0000"", ""29742_token_0000"", ""139175_token_0000"", ""209931_token_0000""]"
cross_15_1,dense,So sánh các bệnh nền (bệnh lý đi kèm) được ghi nhận ở những bệnh nhân nặng mắc cúm A và sốt xuất huyết đang điều trị tại Bệnh viện Bệnh nhiệt đới Trung ương trong các bài báo.,"[208005, 205316, 31675]",True,"[""208005"", ""205316"", ""31675""]",6848.6771,0.3333333333333333,1.0,0.6666666666666666,1.0,0.6666666666666666,1.0,1.0,0.7039180890341347,"[""205316"", ""208005"", ""31675""]","[""208005"", ""205835"", ""205316"", ""30686"", ""27829"", ""139175"", ""206499"", ""210854"", ""27668"", ""209886"", ""207476"", ""207759"", ""31675"", ""29284"", ""209746"", ""208400"", ""208656"", ""205784"", ""206732"", ""206441"", ""208254"", ""29266"", ""209407"", ""207732"", ""29505"", ""208630"", ""33999"", ""209845"", ""142370"", ""30638"", ""27895"", ""29175"", ""30177"", ""211263"", ""114445"", ""213618"", ""31836"", ""27887"", ""114694""]","[""208005_token_0000"", ""208005_token_0001"", ""205835_token_0000"", ""205316_token_0000"", ""30686_token_0000"", ""27829_token_0000"", ""139175_token_0000"", ""206499_token_0000"", ""205316_token_0001"", ""210854_token_0001"", ""27829_token_0002"", ""27668_token_0002"", ""209886_token_0000"", ""30686_token_0001"", ""207476_token_0000"", ""27829_token_0001"", ""207759_token_0000"", ""31675_token_0000"", ""139175_token_0001"", ""29284_token_0000"", ""209746_token_0003"", ""208400_token_0000"", ""208656_token_0001"", ""205784_token_0000"", ""206732_token_0000"", ""206441_token_0000"", ""208254_token_0000"", ""29266_token_0001"", ""209407_token_0000"", ""207732_token_0000"", ""27668_token_0001"", ""27668_token_0000"", ""29505_token_0000"", ""208630_token_0000"", ""33999_token_0001"", ""208656_token_0000"", ""209845_token_0000"", ""205835_token_0001"", ""142370_token_0001"", ""30638_token_0001"", ""27895_token_0002"", ""29175_token_0000"", ""29175_token_0001"", ""30177_token_0000"", ""211263_token_0000"", ""114445_token_0000"", ""213618_token_0000"", ""31836_token_0001"", ""27887_token_0002"", ""114694_token_0000""]"
cross_15_1,hybrid,So sánh các bệnh nền (bệnh lý đi kèm) được ghi nhận ở những bệnh nhân nặng mắc cúm A và sốt xuất huyết đang điều trị tại Bệnh viện Bệnh nhiệt đới Trung ương trong các bài báo.,"[208005, 205316, 31675]",True,"[""208005"", ""205316"", ""31675""]",6558.0134,0.3333333333333333,1.0,0.6666666666666666,1.0,1.0,1.0,1.0,0.9217868789962071,"[""205316"", ""208005"", ""31675""]","[""208005"", ""205316"", ""205835"", ""27829"", ""210854"", ""139175"", ""31675"", ""30686"", ""29505"", ""206499"", ""207476"", ""208656"", ""209886"", ""33999"", ""27668"", ""208254"", ""207732"", ""27640"", ""206963"", ""211129"", ""207759"", ""213663"", ""206209"", ""29284"", ""209746"", ""210637"", ""208400"", ""29309"", ""29872"", ""205784"", ""206732"", ""30021"", ""206441"", ""209804"", ""29266"", ""29847"", ""209407"", ""136443""]","[""208005_token_0000"", ""208005_token_0001"", ""205316_token_0000"", ""205835_token_0000"", ""27829_token_0000"", ""210854_token_0001"", ""205316_token_0001"", ""27829_token_0002"", ""139175_token_0001"", ""31675_token_0000"", ""30686_token_0000"", ""29505_token_0000"", ""30686_token_0001"", ""206499_token_0000"", ""207476_token_0000"", ""139175_token_0000"", ""208656_token_0000"", ""209886_token_0000"", ""33999_token_0001"", ""27668_token_0001"", ""208254_token_0000"", ""207732_token_0000"", ""27640_token_0000"", ""210854_token_0000"", ""206963_token_0000"", ""27668_token_0002"", ""211129_token_0001"", ""27829_token_0001"", ""207759_token_0000"", ""213663_token_0000"", ""206209_token_0000"", ""27640_token_0001"", ""29284_token_0000"", ""209746_token_0003"", ""210637_token_0000"", ""208400_token_0000"", ""29309_token_0002"", ""208656_token_0001"", ""29872_token_0000"", ""205784_token_0000"", ""206732_token_0000"", ""30021_token_0000"", ""206441_token_0000"", ""209804_token_0001"", ""29266_token_0001"", ""29847_token_0001"", ""209407_token_0000"", ""29309_token_0003"", ""136443_token_0001"", ""211129_token_0000""]"
cross_15_2,bm25,"Trình tự thời gian chi tiết theo ngày tháng cụ thể từ lúc khởi phát triệu chứng, tự điều trị, nhập viện cho đến khi được can thiệp chuyên sâu (đặt ECMO, phẫu thuật, truyền máu) của các bệnh nhân L.V.T, G.X.S và N.T.T.T. diễn ra như thế nào?","[208005, 205316, 31675]",False,"[""208005"", ""205316"", ""31675""]",542.048,0.3333333333333333,1.0,0.3333333333333333,1.0,0.6666666666666666,1.0,1.0,0.6364391809889587,"[""205316"", ""208005"", ""31675""]","[""208005"", ""115059"", ""30188"", ""28450"", ""207290"", ""205316"", ""30542"", ""206779"", ""208342"", ""242802"", ""29872"", ""209746"", ""205802"", ""209803"", ""30478"", ""206732"", ""245927"", ""174503"", ""209041"", ""206539"", ""207733"", ""31913"", ""207365"", ""104626"", ""30686"", ""211332"", ""134791"", ""207476"", ""206209"", ""259259"", ""210207"", ""213632"", ""133246"", ""208656"", ""31675"", ""28276"", ""61493"", ""30163"", ""208842"", ""176937"", ""241518"", ""115089"", ""203688"", ""207009"", ""208630"", ""241919"", ""210782"", ""211245"", ""241924""]","[""208005_token_0000"", ""115059_token_0000"", ""30188_token_0000"", ""28450_token_0001"", ""207290_token_0000"", ""205316_token_0000"", ""30542_token_0000"", ""206779_token_0000"", ""208342_token_0000"", ""242802_token_0000"", ""29872_token_0000"", ""209746_token_0000"", ""205802_token_0000"", ""209803_token_0000"", ""30478_token_0000"", ""206732_token_0000"", ""245927_token_0000"", ""174503_token_0000"", ""209041_token_0000"", ""206539_token_0000"", ""207733_token_0000"", ""31913_token_0000"", ""207365_token_0000"", ""104626_token_0001"", ""30686_token_0000"", ""211332_token_0000"", ""134791_token_0000"", ""207476_token_0000"", ""206209_token_0000"", ""259259_token_0000"", ""210207_token_0000"", ""213632_token_0000"", ""133246_token_0000"", ""208656_token_0000"", ""31675_token_0000"", ""242802_token_0001"", ""28276_token_0000"", ""61493_token_0000"", ""30163_token_0000"", ""208842_token_0000"", ""176937_token_0000"", ""241518_token_0000"", ""115089_token_0000"", ""203688_token_0000"", ""207009_token_0000"", ""208630_token_0000"", ""241919_token_0000"", ""210782_token_0000"", ""211245_token_0000"", ""241924_token_0000""]"
cross_15_2,dense,"Trình tự thời gian chi tiết theo ngày tháng cụ thể từ lúc khởi phát triệu chứng, tự điều trị, nhập viện cho đến khi được can thiệp chuyên sâu (đặt ECMO, phẫu thuật, truyền máu) của các bệnh nhân L.V.T, G.X.S và N.T.T.T. diễn ra như thế nào?","[208005, 205316, 31675]",False,"[""208005"", ""205316"", ""31675""]",6338.955,0.3333333333333333,1.0,0.3333333333333333,1.0,0.3333333333333333,1.0,1.0,0.46927872602275644,"[""205316"", ""208005"", ""31675""]","[""208005"", ""206779"", ""206732"", ""208656"", ""208045"", ""29194"", ""209746"", ""114206"", ""211129"", ""207009"", ""207476"", ""208215"", ""206499"", ""205994"", ""209845"", ""31836"", ""210802"", ""205835"", ""206253"", ""206209"", ""136897"", ""208500"", ""206133"", ""139175"", ""138161"", ""211263"", ""208048"", ""209549"", ""205316"", ""114787"", ""208036"", ""31520"", ""209886"", ""30846"", ""114967"", ""207117"", ""114567"", ""206954"", ""208400"", ""66330"", ""213695"", ""208342""]","[""208005_token_0000"", ""206779_token_0000"", ""206732_token_0000"", ""208656_token_0001"", ""208045_token_0001"", ""29194_token_0000"", ""209746_token_0003"", ""209746_token_0000"", ""114206_token_0000"", ""211129_token_0000"", ""207009_token_0001"", ""207476_token_0001"", ""208215_token_0000"", ""206499_token_0000"", ""207476_token_0000"", ""205994_token_0000"", ""209845_token_0000"", ""208045_token_0002"", ""31836_token_0000"", ""210802_token_0000"", ""208045_token_0000"", ""205835_token_0000"", ""206253_token_0000"", ""29194_token_0001"", ""206209_token_0000"", ""136897_token_0001"", ""208500_token_0000"", ""206133_token_0000"", ""31836_token_0001"", ""139175_token_0000"", ""138161_token_0001"", ""211263_token_0000"", ""208048_token_0001"", ""209549_token_0000"", ""208048_token_0002"", ""205316_token_0000"", ""114787_token_0000"", ""208036_token_0000"", ""31520_token_0000"", ""209886_token_0000"", ""30846_token_0000"", ""114967_token_0000"", ""207117_token_0000"", ""114567_token_0000"", ""206954_token_0000"", ""209746_token_0001"", ""208400_token_0000"", ""66330_token_0003"", ""213695_token_0000"", ""208342_token_0000""]"
cross_15_2,hybrid,"Trình tự thời gian chi tiết theo ngày tháng cụ thể từ lúc khởi phát triệu chứng, tự điều trị, nhập viện cho đến khi được can thiệp chuyên sâu (đặt ECMO, phẫu thuật, truyền máu) của các bệnh nhân L.V.T, G.X.S và N.T.T.T. diễn ra như thế nào?","[208005, 205316, 31675]",False,"[""208005"", ""205316"", ""31675""]",6801.2916,0.3333333333333333,1.0,0.6666666666666666,1.0,0.6666666666666666,1.0,1.0,0.6508205185601091,"[""205316"", ""208005"", ""31675""]","[""208005"", ""206779"", ""206732"", ""209746"", ""205316"", ""207476"", ""208342"", ""206209"", ""115059"", ""30188"", ""208656"", ""28450"", ""207290"", ""208045"", ""29194"", ""30542"", ""114206"", ""211129"", ""242802"", ""207009"", ""29872"", ""205802"", ""208215"", ""206499"", ""209803"", ""30478"", ""205994"", ""209845"", ""245927"", ""174503"", ""209041"", ""31836"", ""206539"", ""210802"", ""207733"", ""205835"", ""31913"", ""206253"", ""207365"", ""104626"", ""30686"", ""136897"", ""211332"", ""134791"", ""208500""]","[""208005_token_0000"", ""206779_token_0000"", ""206732_token_0000"", ""209746_token_0000"", ""205316_token_0000"", ""207476_token_0000"", ""208342_token_0000"", ""206209_token_0000"", ""115059_token_0000"", ""30188_token_0000"", ""208656_token_0001"", ""28450_token_0001"", ""207290_token_0000"", ""208045_token_0001"", ""29194_token_0000"", ""209746_token_0003"", ""30542_token_0000"", ""114206_token_0000"", ""211129_token_0000"", ""242802_token_0000"", ""207009_token_0001"", ""29872_token_0000"", ""207476_token_0001"", ""205802_token_0000"", ""208215_token_0000"", ""206499_token_0000"", ""209803_token_0000"", ""30478_token_0000"", ""205994_token_0000"", ""209845_token_0000"", ""245927_token_0000"", ""174503_token_0000"", ""208045_token_0002"", ""209041_token_0000"", ""31836_token_0000"", ""206539_token_0000"", ""210802_token_0000"", ""207733_token_0000"", ""208045_token_0000"", ""205835_token_0000"", ""31913_token_0000"", ""206253_token_0000"", ""207365_token_0000"", ""104626_token_0001"", ""29194_token_0001"", ""30686_token_0000"", ""136897_token_0001"", ""211332_token_0000"", ""134791_token_0000"", ""208500_token_0000""]"
cross_16_1,bm25,"So sánh quy mô và phương thức tấn công bằng tên lửa và UAV của Nga nhắm vào Ukraine qua ba thời điểm: ngày 549 của chiến sự (27.8), ngày 1.138 (6.4) và ngày 1.299 (14.9). Quy mô tấn công của Nga thay đổi như thế nào theo thời gian?","[122604, 120599, 121437]",True,"[""122604"", ""120599"", ""121437""]",440.3444,0.3333333333333333,1.0,1.0,1.0,1.0,1.0,1.0,1.0,"[""120599"", ""121437"", ""122604""]","[""122604"", ""121437"", ""120599"", ""121509"", ""122980"", ""120837"", ""120374"", ""120875"", ""121500"", ""121060"", ""122339"", ""123181"", ""121736"", ""121110"", ""122900"", ""121982"", ""120536"", ""121596"", ""213793"", ""121118"", ""120879"", ""122838"", ""120324"", ""122304"", ""120500"", ""122231"", ""121429"", ""217331"", ""121074"", ""121342"", ""217528"", ""216702"", ""121124"", ""216863"", ""122941"", ""122090"", ""121323"", ""217563""]","[""122604_token_0000"", ""121437_token_0001"", ""121437_token_0000"", ""121437_token_0002"", ""120599_token_0000"", ""120599_token_0001"", ""122604_token_0001"", ""121509_token_0000"", ""122980_token_0001"", ""120837_token_0001"", ""120374_token_0001"", ""122980_token_0000"", ""120875_token_0000"", ""121500_token_0001"", ""121060_token_0001"", ""122339_token_0002"", ""123181_token_0002"", ""121736_token_0001"", ""121110_token_0001"", ""122900_token_0000"", ""121982_token_0000"", ""120536_token_0000"", ""121596_token_0000"", ""121110_token_0000"", ""213793_token_0000"", ""121500_token_0000"", ""121118_token_0001"", ""120879_token_0000"", ""122838_token_0000"", ""122339_token_0001"", ""120324_token_0001"", ""122304_token_0000"", ""121509_token_0001"", ""120500_token_0001"", ""122231_token_0000"", ""121429_token_0000"", ""217331_token_0000"", ""213793_token_0001"", ""121074_token_0001"", ""121342_token_0000"", ""217528_token_0001"", ""216702_token_0000"", ""120837_token_0000"", ""121124_token_0000"", ""216863_token_0000"", ""122941_token_0000"", ""122090_token_0000"", ""121323_token_0002"", ""217563_token_0000"", ""120875_token_0001""]"
cross_16_1,dense,"So sánh quy mô và phương thức tấn công bằng tên lửa và UAV của Nga nhắm vào Ukraine qua ba thời điểm: ngày 549 của chiến sự (27.8), ngày 1.138 (6.4) và ngày 1.299 (14.9). Quy mô tấn công của Nga thay đổi như thế nào theo thời gian?","[122604, 120599, 121437]",True,"[""122604"", ""120599"", ""121437""]",6270.5694,0.3333333333333333,1.0,1.0,1.0,1.0,1.0,1.0,1.0,"[""120599"", ""121437"", ""122604""]","[""121437"", ""120599"", ""122604"", ""216702"", ""121982"", ""120324"", ""121118"", ""120718"", ""121074"", ""122838"", ""216762"", ""218681"", ""120879"", ""122980"", ""122993"", ""121124"", ""120875"", ""121060"", ""122134"", ""121509"", ""120500"", ""122626"", ""120837"", ""217563"", ""217736"", ""121736"", ""217600"", ""122304"", ""216360"", ""217134"", ""216940"", ""122900"", ""217331"", ""216874"", ""123141"", ""122339"", ""122231"", ""217646""]","[""121437_token_0000"", ""120599_token_0000"", ""121437_token_0001"", ""122604_token_0000"", ""216702_token_0000"", ""121982_token_0000"", ""120324_token_0001"", ""121118_token_0001"", ""120718_token_0000"", ""121074_token_0001"", ""122838_token_0000"", ""216762_token_0000"", ""218681_token_0000"", ""120879_token_0000"", ""122980_token_0001"", ""122993_token_0000"", ""121074_token_0000"", ""121437_token_0002"", ""121124_token_0000"", ""120875_token_0000"", ""121060_token_0001"", ""122134_token_0001"", ""121509_token_0000"", ""122134_token_0002"", ""120500_token_0001"", ""122626_token_0001"", ""120599_token_0001"", ""120837_token_0001"", ""217563_token_0000"", ""120879_token_0001"", ""217736_token_0000"", ""122604_token_0001"", ""121736_token_0001"", ""217736_token_0001"", ""120718_token_0001"", ""217600_token_0000"", ""122304_token_0001"", ""121509_token_0001"", ""216360_token_0000"", ""217134_token_0000"", ""216940_token_0000"", ""122900_token_0000"", ""217331_token_0000"", ""216874_token_0000"", ""121736_token_0002"", ""123141_token_0000"", ""122339_token_0002"", ""122231_token_0000"", ""217646_token_0000"", ""120837_token_0000""]"
cross_16_1,hybrid,"So sánh quy mô và phương thức tấn công bằng tên lửa và UAV của Nga nhắm vào Ukraine qua ba thời điểm: ngày 549 của chiến sự (27.8), ngày 1.138 (6.4) và ngày 1.299 (14.9). Quy mô tấn công của Nga thay đổi như thế nào theo thời gian?","[122604, 120599, 121437]",True,"[""122604"", ""120599"", ""121437""]",6651.8742,0.3333333333333333,1.0,1.0,1.0,1.0,1.0,1.0,1.0,"[""120599"", ""121437"", ""122604""]","[""121437"", ""122604"", ""120599"", ""122980"", ""121982"", ""121509"", ""121118"", ""120875"", ""120324"", ""121060"", ""120837"", ""122838"", ""216702"", ""120879"", ""121074"", ""121736"", ""122339"", ""120500"", ""122900"", ""121124"", ""217563"", ""217331"", ""122231"", ""120718"", ""120374"", ""216762"", ""218681"", ""121500"", ""122993"", ""123181"", ""121110"", ""120536"", ""122134"", ""121596"", ""213793"", ""122626"", ""217736""]","[""121437_token_0000"", ""122604_token_0000"", ""121437_token_0001"", ""120599_token_0000"", ""121437_token_0002"", ""122980_token_0001"", ""121982_token_0000"", ""121509_token_0000"", ""120599_token_0001"", ""121118_token_0001"", ""120875_token_0000"", ""120324_token_0001"", ""122604_token_0001"", ""121060_token_0001"", ""120837_token_0001"", ""122838_token_0000"", ""216702_token_0000"", ""120879_token_0000"", ""121074_token_0001"", ""121736_token_0001"", ""122339_token_0002"", ""120500_token_0001"", ""122900_token_0000"", ""121124_token_0000"", ""121509_token_0001"", ""217563_token_0000"", ""217331_token_0000"", ""122231_token_0000"", ""120837_token_0000"", ""120718_token_0000"", ""120374_token_0001"", ""122980_token_0000"", ""216762_token_0000"", ""218681_token_0000"", ""121500_token_0001"", ""122993_token_0000"", ""121074_token_0000"", ""123181_token_0002"", ""121110_token_0001"", ""120536_token_0000"", ""122134_token_0001"", ""121596_token_0000"", ""121110_token_0000"", ""122134_token_0002"", ""213793_token_0000"", ""121500_token_0000"", ""122626_token_0001"", ""120879_token_0001"", ""122339_token_0001"", ""217736_token_0000""]"
cross_16_2,bm25,"Xét tổng thể ba bài báo ở các thời điểm khác nhau trong chiến sự, việc Ukraine tấn công ngược vào lãnh thổ Nga đã thay đổi như thế nào về hiệu quả chiến lược, đặc biệt là tác động đến nền kinh tế và năng lực sản xuất năng lượng của Nga?","[122604, 120599, 121437]",False,"[""122604"", ""120599"", ""121437""]",361.6339,0.0,0.0,0.0,0.0,0.3333333333333333,1.0,0.14285714285714285,0.15642624200758548,"[""120599"", ""121437"", ""122604""]","[""120324"", ""123020"", ""120875"", ""122134"", ""121509"", ""121118"", ""121437"", ""32418"", ""122304"", ""122838"", ""214026"", ""122886"", ""122604"", ""122008"", ""123181"", ""120599"", ""120879"", ""120536"", ""121124"", ""35808"", ""217528"", ""120500"", ""121900"", ""121500"", ""122900"", ""123032"", ""122490"", ""122980"", ""123141"", ""122315"", ""119703"", ""120374"", ""121110"", ""121323""]","[""120324_token_0001"", ""123020_token_0000"", ""120875_token_0000"", ""122134_token_0000"", ""121509_token_0001"", ""121118_token_0001"", ""121437_token_0002"", ""32418_token_0000"", ""123020_token_0001"", ""122304_token_0001"", ""122838_token_0000"", ""214026_token_0001"", ""122886_token_0001"", ""122604_token_0001"", ""122008_token_0000"", ""123181_token_0002"", ""120599_token_0000"", ""122304_token_0000"", ""120879_token_0000"", ""120536_token_0001"", ""120599_token_0001"", ""121437_token_0000"", ""121124_token_0000"", ""121437_token_0001"", ""35808_token_0000"", ""217528_token_0001"", ""123181_token_0001"", ""120536_token_0000"", ""120500_token_0001"", ""120500_token_0002"", ""121118_token_0000"", ""121900_token_0000"", ""121500_token_0001"", ""32418_token_0001"", ""122900_token_0001"", ""122604_token_0000"", ""123032_token_0000"", ""122490_token_0000"", ""122980_token_0003"", ""122980_token_0001"", ""123141_token_0001"", ""122315_token_0001"", ""120875_token_0001"", ""119703_token_0000"", ""120374_token_0001"", ""121900_token_0001"", ""121110_token_0001"", ""122134_token_0001"", ""120500_token_0000"", ""121323_token_0001""]"
cross_16_2,dense,"Xét tổng thể ba bài báo ở các thời điểm khác nhau trong chiến sự, việc Ukraine tấn công ngược vào lãnh thổ Nga đã thay đổi như thế nào về hiệu quả chiến lược, đặc biệt là tác động đến nền kinh tế và năng lực sản xuất năng lượng của Nga?","[122604, 120599, 121437]",False,"[""122604"", ""120599"", ""121437""]",6263.7602,0.0,0.0,0.3333333333333333,1.0,0.6666666666666666,1.0,0.5,0.4632423659320675,"[""120599"", ""121437"", ""122604""]","[""213963"", ""121437"", ""35223"", ""122134"", ""121110"", ""122604"", ""123141"", ""122993"", ""121736"", ""123181"", ""120536"", ""120875"", ""120837"", ""217528"", ""123020"", ""121982"", ""122141"", ""32418"", ""122838"", ""122231"", ""214026"", ""120324"", ""120599"", ""35419"", ""122304"", ""121500"", ""121118"", ""122941"", ""32239"", ""122115"", ""121509"", ""122490""]","[""213963_token_0002"", ""121437_token_0001"", ""35223_token_0000"", ""122134_token_0002"", ""121110_token_0001"", ""122604_token_0000"", ""123141_token_0000"", ""122993_token_0000"", ""121736_token_0001"", ""123181_token_0003"", ""120536_token_0001"", ""120875_token_0000"", ""120837_token_0001"", ""217528_token_0001"", ""121437_token_0000"", ""123020_token_0000"", ""121982_token_0000"", ""120837_token_0000"", ""122141_token_0001"", ""32418_token_0001"", ""122838_token_0000"", ""122231_token_0000"", ""214026_token_0001"", ""121110_token_0000"", ""120324_token_0001"", ""120599_token_0000"", ""35419_token_0000"", ""35419_token_0001"", ""122304_token_0000"", ""121500_token_0001"", ""121110_token_0002"", ""122304_token_0001"", ""121118_token_0000"", ""122941_token_0000"", ""123141_token_0001"", ""121736_token_0002"", ""32239_token_0000"", ""121118_token_0001"", ""120599_token_0001"", ""32418_token_0000"", ""123181_token_0001"", ""123020_token_0002"", ""123181_token_0002"", ""32418_token_0002"", ""214026_token_0000"", ""122134_token_0001"", ""122115_token_0001"", ""121509_token_0000"", ""122490_token_0001"", ""213963_token_0001""]"
cross_16_2,hybrid,"Xét tổng thể ba bài báo ở các thời điểm khác nhau trong chiến sự, việc Ukraine tấn công ngược vào lãnh thổ Nga đã thay đổi như thế nào về hiệu quả chiến lược, đặc biệt là tác động đến nền kinh tế và năng lực sản xuất năng lượng của Nga?","[122604, 120599, 121437]",False,"[""122604"", ""120599"", ""121437""]",6578.1272,0.0,0.0,0.3333333333333333,1.0,0.6666666666666666,1.0,0.25,0.3501483019834802,"[""120599"", ""121437"", ""122604""]","[""120875"", ""123020"", ""120324"", ""121437"", ""120536"", ""122838"", ""214026"", ""122604"", ""121118"", ""122304"", ""217528"", ""121110"", ""32418"", ""120599"", ""123181"", ""121500"", ""123141"", ""122134"", ""213963"", ""35223"", ""121509"", ""122993"", ""121736"", ""120837"", ""122886"", ""122008"", ""121982"", ""120879"", ""122141"", ""122231"", ""121124"", ""35808"", ""35419""]","[""120875_token_0000"", ""123020_token_0000"", ""120324_token_0001"", ""121437_token_0001"", ""120536_token_0001"", ""122838_token_0000"", ""214026_token_0001"", ""122604_token_0000"", ""121437_token_0000"", ""121118_token_0001"", ""122304_token_0001"", ""217528_token_0001"", ""121110_token_0001"", ""32418_token_0000"", ""120599_token_0000"", ""122304_token_0000"", ""32418_token_0001"", ""123181_token_0002"", ""120599_token_0001"", ""121500_token_0001"", ""121118_token_0000"", ""123181_token_0001"", ""123141_token_0001"", ""122134_token_0001"", ""213963_token_0002"", ""35223_token_0000"", ""122134_token_0000"", ""122134_token_0002"", ""121509_token_0001"", ""121437_token_0002"", ""123141_token_0000"", ""122993_token_0000"", ""121736_token_0001"", ""123020_token_0001"", ""123181_token_0003"", ""120837_token_0001"", ""122886_token_0001"", ""122604_token_0001"", ""122008_token_0000"", ""121982_token_0000"", ""120837_token_0000"", ""120879_token_0000"", ""122141_token_0001"", ""122231_token_0000"", ""121124_token_0000"", ""121110_token_0000"", ""35808_token_0000"", ""35419_token_0000"", ""120536_token_0000"", ""35419_token_0001""]"
cross_17_1,bm25,"So sánh vai trò của UAV trong cuộc xung đột Nga-Ukraine được phản ánh qua cả 3 bài báo: Ukraine sử dụng UAV tấn công phương tiện Nga như thế nào, Nga sử dụng UAV tấn công Ukraine ra sao, và hai bên đối phó với UAV của nhau bằng những phương tiện gì?","[217822, 218093, 121509]",True,"[""217822"", ""218093"", ""121509""]",437.0433,0.0,0.0,0.0,0.0,0.3333333333333333,1.0,0.14285714285714285,0.15642624200758548,"[""121509"", ""217822"", ""218093""]","[""121736"", ""213793"", ""121481"", ""120599"", ""122900"", ""216754"", ""217822"", ""121074"", ""120879"", ""216702"", ""216762"", ""217801"", ""122626"", ""120875"", ""218093"", ""121118"", ""122838"", ""122604"", ""122980"", ""121437"", ""216547"", ""218681"", ""216978"", ""120324"", ""218640"", ""122339"", ""217134"", ""217293"", ""121124"", ""122115"", ""121509"", ""217600"", ""217331"", ""121596"", ""216863"", ""121429"", ""217130"", ""120536"", ""218221"", ""217736""]","[""121736_token_0001"", ""213793_token_0000"", ""121481_token_0000"", ""120599_token_0000"", ""122900_token_0000"", ""213793_token_0001"", ""216754_token_0000"", ""217822_token_0000"", ""121074_token_0000"", ""120879_token_0000"", ""216702_token_0000"", ""216762_token_0000"", ""217801_token_0000"", ""122626_token_0000"", ""121736_token_0000"", ""120875_token_0000"", ""218093_token_0000"", ""121118_token_0001"", ""122900_token_0001"", ""122838_token_0000"", ""122604_token_0001"", ""122980_token_0001"", ""121437_token_0001"", ""216547_token_0000"", ""218681_token_0000"", ""216978_token_0000"", ""120324_token_0001"", ""218640_token_0001"", ""122339_token_0001"", ""121437_token_0000"", ""217134_token_0000"", ""217293_token_0000"", ""121074_token_0001"", ""121124_token_0000"", ""121437_token_0002"", ""122115_token_0001"", ""121509_token_0000"", ""217600_token_0000"", ""218640_token_0000"", ""217331_token_0000"", ""121596_token_0000"", ""122626_token_0001"", ""121596_token_0001"", ""216863_token_0000"", ""121429_token_0000"", ""121736_token_0002"", ""217130_token_0000"", ""120536_token_0001"", ""218221_token_0000"", ""217736_token_0000""]"
cross_17_1,dense,"So sánh vai trò của UAV trong cuộc xung đột Nga-Ukraine được phản ánh qua cả 3 bài báo: Ukraine sử dụng UAV tấn công phương tiện Nga như thế nào, Nga sử dụng UAV tấn công Ukraine ra sao, và hai bên đối phó với UAV của nhau bằng những phương tiện gì?","[217822, 218093, 121509]",True,"[""217822"", ""218093"", ""121509""]",6612.1346,0.0,0.0,0.0,0.0,0.0,0.0,0.0,0.0,"[""121509"", ""217822"", ""218093""]","[""121736"", ""218640"", ""121074"", ""213793"", ""216702"", ""216762"", ""217600"", ""217736"", ""216360"", ""122838"", ""218681"", ""120599"", ""216978"", ""122604"", ""120718"", ""217822"", ""218093"", ""122626"", ""216754"", ""217130"", ""217801"", ""216863"", ""121596"", ""217134"", ""120324"", ""217580"", ""217293"", ""122304"", ""122900"", ""217331"", ""218102"", ""218221"", ""121437"", ""120879"", ""218558"", ""217555"", ""216874"", ""121982"", ""121509"", ""217056""]","[""121736_token_0001"", ""218640_token_0001"", ""121736_token_0002"", ""121074_token_0001"", ""121736_token_0000"", ""213793_token_0000"", ""216702_token_0000"", ""216762_token_0000"", ""217600_token_0000"", ""217736_token_0001"", ""216360_token_0000"", ""122838_token_0000"", ""218681_token_0000"", ""120599_token_0000"", ""216978_token_0000"", ""121074_token_0000"", ""217736_token_0000"", ""122604_token_0000"", ""120718_token_0000"", ""213793_token_0001"", ""217822_token_0000"", ""218093_token_0000"", ""122626_token_0001"", ""216754_token_0000"", ""217130_token_0000"", ""217600_token_0001"", ""217801_token_0000"", ""216863_token_0000"", ""121596_token_0001"", ""217134_token_0000"", ""120324_token_0001"", ""120718_token_0001"", ""121074_token_0002"", ""217580_token_0000"", ""217293_token_0000"", ""122304_token_0001"", ""122900_token_0000"", ""122900_token_0001"", ""217331_token_0000"", ""218102_token_0000"", ""218221_token_0000"", ""121437_token_0001"", ""120879_token_0000"", ""218558_token_0000"", ""122604_token_0001"", ""217555_token_0000"", ""216874_token_0000"", ""121982_token_0000"", ""121509_token_0000"", ""217056_token_0000""]"
cross_17_1,hybrid,"So sánh vai trò của UAV trong cuộc xung đột Nga-Ukraine được phản ánh qua cả 3 bài báo: Ukraine sử dụng UAV tấn công phương tiện Nga như thế nào, Nga sử dụng UAV tấn công Ukraine ra sao, và hai bên đối phó với UAV của nhau bằng những phương tiện gì?","[217822, 218093, 121509]",True,"[""217822"", ""218093"", ""121509""]",6682.9746,0.0,0.0,0.0,0.0,0.3333333333333333,1.0,0.125,0.1480409554829326,"[""121509"", ""217822"", ""218093""]","[""121736"", ""213793"", ""120599"", ""216702"", ""216762"", ""121074"", ""218640"", ""217822"", ""216754"", ""122838"", ""122900"", ""218681"", ""217801"", ""218093"", ""216978"", ""217600"", ""120879"", ""120324"", ""217134"", ""217736"", ""122604"", ""121437"", ""122626"", ""217293"", ""217130"", ""216863"", ""121596"", ""217331"", ""121509"", ""218221"", ""121481"", ""216360"", ""120875"", ""121118"", ""120718"", ""122980"", ""216547"", ""122339""]","[""121736_token_0001"", ""213793_token_0000"", ""120599_token_0000"", ""216702_token_0000"", ""121736_token_0000"", ""216762_token_0000"", ""213793_token_0001"", ""121074_token_0000"", ""218640_token_0001"", ""217822_token_0000"", ""216754_token_0000"", ""122838_token_0000"", ""121074_token_0001"", ""122900_token_0000"", ""218681_token_0000"", ""121736_token_0002"", ""217801_token_0000"", ""218093_token_0000"", ""216978_token_0000"", ""217600_token_0000"", ""120879_token_0000"", ""122900_token_0001"", ""120324_token_0001"", ""217134_token_0000"", ""217736_token_0000"", ""122604_token_0001"", ""121437_token_0001"", ""122626_token_0001"", ""217293_token_0000"", ""217130_token_0000"", ""216863_token_0000"", ""121596_token_0001"", ""217331_token_0000"", ""121509_token_0000"", ""218221_token_0000"", ""121481_token_0000"", ""217736_token_0001"", ""216360_token_0000"", ""122626_token_0000"", ""120875_token_0000"", ""121118_token_0001"", ""122604_token_0000"", ""120718_token_0000"", ""122980_token_0001"", ""216547_token_0000"", ""217600_token_0001"", ""122339_token_0001"", ""121437_token_0000"", ""120718_token_0001"", ""121074_token_0002""]"
cross_17_2,bm25,"Dựa trên thông tin từ các bài báo, tổ hợp phòng không Gepard của Đức đã đánh chặn bao nhiêu phần trăm tổng số UAV Shahed mà Nga phóng vào Ukraine trong đợt tấn công quy mô lớn ngày 3/11?","[217822, 218093, 121509]",False,"[""218093"", ""121509"", ""217822""]",312.0237,0.3333333333333333,1.0,0.6666666666666666,1.0,0.6666666666666666,1.0,1.0,0.6713860725233041,"[""121509"", ""217822"", ""218093""]","[""218093"", ""121074"", ""122900"", ""121509"", ""120599"", ""216702"", ""121124"", ""120875"", ""121342"", ""122838"", ""217736"", ""120324"", ""217528"", ""122159"", ""217331"", ""216783"", ""121110"", ""122604"", ""121118"", ""218252"", ""121060"", ""121736"", ""120500"", ""218725"", ""122339"", ""218681"", ""217656"", ""121500"", ""216762"", ""120879"", ""121900"", ""121437"", ""120718"", ""122980"", ""122090"", ""120536"", ""216863"", ""120995""]","[""218093_token_0000"", ""121074_token_0001"", ""121074_token_0000"", ""122900_token_0001"", ""121509_token_0000"", ""120599_token_0000"", ""216702_token_0000"", ""121124_token_0000"", ""120875_token_0000"", ""121342_token_0000"", ""122838_token_0000"", ""217736_token_0000"", ""120324_token_0001"", ""217528_token_0000"", ""122159_token_0000"", ""217331_token_0000"", ""216783_token_0000"", ""121110_token_0000"", ""122604_token_0000"", ""217736_token_0001"", ""121118_token_0001"", ""218252_token_0000"", ""121060_token_0001"", ""121736_token_0001"", ""217528_token_0001"", ""120500_token_0000"", ""218725_token_0000"", ""122339_token_0001"", ""218681_token_0000"", ""217656_token_0000"", ""121500_token_0000"", ""216762_token_0000"", ""120879_token_0000"", ""121736_token_0002"", ""121900_token_0000"", ""120599_token_0001"", ""121437_token_0000"", ""121437_token_0001"", ""121437_token_0002"", ""122604_token_0001"", ""120718_token_0000"", ""122980_token_0001"", ""122090_token_0000"", ""120536_token_0000"", ""216863_token_0000"", ""122339_token_0002"", ""120995_token_0000"", ""121118_token_0000"", ""120500_token_0001"", ""120500_token_0002""]"
cross_17_2,dense,"Dựa trên thông tin từ các bài báo, tổ hợp phòng không Gepard của Đức đã đánh chặn bao nhiêu phần trăm tổng số UAV Shahed mà Nga phóng vào Ukraine trong đợt tấn công quy mô lớn ngày 3/11?","[217822, 218093, 121509]",False,"[""218093"", ""121509"", ""217822""]",6280.0401,0.3333333333333333,1.0,0.6666666666666666,1.0,0.6666666666666666,1.0,1.0,0.7039180890341347,"[""121509"", ""217822"", ""218093""]","[""218093"", ""121074"", ""121509"", ""218681"", ""122090"", ""122838"", ""120718"", ""122900"", ""121060"", ""122134"", ""120837"", ""216702"", ""120599"", ""217600"", ""216360"", ""120995"", ""121596"", ""216874"", ""121736"", ""217134"", ""120875"", ""216762"", ""121437"", ""217019"", ""122604"", ""216714"", ""120879"", ""122159"", ""217736"", ""121429"", ""122304"", ""120536"", ""122993"", ""122239"", ""122626"", ""218690"", ""218725"", ""121118""]","[""218093_token_0000"", ""121074_token_0001"", ""121509_token_0000"", ""218681_token_0000"", ""121074_token_0000"", ""122090_token_0000"", ""122838_token_0000"", ""120718_token_0000"", ""122900_token_0001"", ""121060_token_0001"", ""122134_token_0001"", ""120837_token_0001"", ""216702_token_0000"", ""122134_token_0002"", ""120599_token_0000"", ""217600_token_0000"", ""216360_token_0000"", ""120995_token_0001"", ""121596_token_0001"", ""216874_token_0000"", ""121736_token_0001"", ""120837_token_0000"", ""217134_token_0000"", ""120875_token_0000"", ""216762_token_0000"", ""121736_token_0000"", ""121437_token_0000"", ""217019_token_0000"", ""122604_token_0000"", ""216714_token_0000"", ""120879_token_0000"", ""122159_token_0001"", ""217736_token_0000"", ""121429_token_0000"", ""120879_token_0001"", ""122304_token_0000"", ""121437_token_0002"", ""120536_token_0001"", ""122993_token_0000"", ""217600_token_0001"", ""120718_token_0001"", ""122900_token_0000"", ""121509_token_0002"", ""122239_token_0000"", ""122626_token_0001"", ""122239_token_0001"", ""122304_token_0001"", ""218690_token_0000"", ""218725_token_0000"", ""121118_token_0001""]"
cross_17_2,hybrid,"Dựa trên thông tin từ các bài báo, tổ hợp phòng không Gepard của Đức đã đánh chặn bao nhiêu phần trăm tổng số UAV Shahed mà Nga phóng vào Ukraine trong đợt tấn công quy mô lớn ngày 3/11?","[217822, 218093, 121509]",False,"[""218093"", ""121509"", ""217822""]",6465.5848,0.3333333333333333,1.0,0.6666666666666666,1.0,0.6666666666666666,1.0,1.0,0.7039180890341347,"[""121509"", ""217822"", ""218093""]","[""218093"", ""121074"", ""121509"", ""122900"", ""122838"", ""216702"", ""120599"", ""218681"", ""120875"", ""121060"", ""122090"", ""217736"", ""120718"", ""121736"", ""122604"", ""216762"", ""121437"", ""120879"", ""121118"", ""218725"", ""121124"", ""121342"", ""122134"", ""120837"", ""120324"", ""217528"", ""122159"", ""217331"", ""217600"", ""216360"", ""216783"", ""120995"", ""121110"", ""121596"", ""216874"", ""218252"", ""217134"", ""120500"", ""122339"", ""217019"", ""216714"", ""217656"", ""121500""]","[""218093_token_0000"", ""121074_token_0001"", ""121074_token_0000"", ""121509_token_0000"", ""122900_token_0001"", ""122838_token_0000"", ""216702_token_0000"", ""120599_token_0000"", ""218681_token_0000"", ""120875_token_0000"", ""121060_token_0001"", ""122090_token_0000"", ""217736_token_0000"", ""120718_token_0000"", ""121736_token_0001"", ""122604_token_0000"", ""216762_token_0000"", ""121437_token_0000"", ""120879_token_0000"", ""121118_token_0001"", ""218725_token_0000"", ""121437_token_0002"", ""121124_token_0000"", ""121342_token_0000"", ""122134_token_0001"", ""120837_token_0001"", ""120324_token_0001"", ""122134_token_0002"", ""217528_token_0000"", ""122159_token_0000"", ""217331_token_0000"", ""217600_token_0000"", ""216360_token_0000"", ""216783_token_0000"", ""120995_token_0001"", ""121110_token_0000"", ""121596_token_0001"", ""216874_token_0000"", ""217736_token_0001"", ""120837_token_0000"", ""218252_token_0000"", ""217134_token_0000"", ""217528_token_0001"", ""120500_token_0000"", ""121736_token_0000"", ""122339_token_0001"", ""217019_token_0000"", ""216714_token_0000"", ""217656_token_0000"", ""121500_token_0000""]"
cross_18_1,bm25,"So sánh các đối thủ giao hữu của tuyển Việt Nam dưới thời HLV Kim Sang Sik trong các đợt tập trung tháng 9 và tháng 10: đối thủ nào được xem là trận 'học hỏi, cọ xát', đối thủ nào được đặt mục tiêu phải thắng, và kết quả thực tế của các trận đấu này diễn ra như thế nào?","[221769, 222088, 219358]",True,"[""221769"", ""222088"", ""219358""]",476.7666,0.3333333333333333,1.0,0.6666666666666666,1.0,0.6666666666666666,1.0,1.0,0.7653606369886217,"[""219358"", ""221769"", ""222088""]","[""222088"", ""221769"", ""221944"", ""221666"", ""219953"", ""220642"", ""41604"", ""219372"", ""219426"", ""220577"", ""123547"", ""220569"", ""222327"", ""223627"", ""218998"", ""220138"", ""224839"", ""223745"", ""224127"", ""218901"", ""224003"", ""220936"", ""221896"", ""223740"", ""223822"", ""219263"", ""126810"", ""221096"", ""219145"", ""219436"", ""220531"", ""36659"", ""220656"", ""220524"", ""218960"", ""219522"", ""126803"", ""124120"", ""220560"", ""126694"", ""221572"", ""223306"", ""222973"", ""223166""]","[""222088_token_0000"", ""221769_token_0000"", ""221944_token_0001"", ""221944_token_0002"", ""221666_token_0000"", ""219953_token_0000"", ""220642_token_0000"", ""221944_token_0000"", ""41604_token_0000"", ""219372_token_0000"", ""219426_token_0000"", ""220577_token_0000"", ""123547_token_0000"", ""220569_token_0000"", ""222327_token_0000"", ""223627_token_0000"", ""218998_token_0000"", ""220138_token_0000"", ""224839_token_0000"", ""223745_token_0000"", ""224127_token_0000"", ""218901_token_0001"", ""224003_token_0000"", ""220936_token_0000"", ""221896_token_0000"", ""221769_token_0001"", ""223740_token_0000"", ""223822_token_0000"", ""219263_token_0000"", ""126810_token_0000"", ""221096_token_0000"", ""219145_token_0000"", ""219436_token_0000"", ""219953_token_0001"", ""220531_token_0002"", ""36659_token_0001"", ""220656_token_0000"", ""220524_token_0000"", ""218960_token_0000"", ""219522_token_0000"", ""126803_token_0000"", ""124120_token_0000"", ""220560_token_0000"", ""126694_token_0000"", ""221572_token_0000"", ""220656_token_0001"", ""223306_token_0000"", ""219426_token_0001"", ""222973_token_0000"", ""223166_token_0000""]"
cross_18_1,dense,"So sánh các đối thủ giao hữu của tuyển Việt Nam dưới thời HLV Kim Sang Sik trong các đợt tập trung tháng 9 và tháng 10: đối thủ nào được xem là trận 'học hỏi, cọ xát', đối thủ nào được đặt mục tiêu phải thắng, và kết quả thực tế của các trận đấu này diễn ra như thế nào?","[221769, 222088, 219358]",True,"[""221769"", ""222088"", ""219358""]",6294.0766,0.3333333333333333,1.0,0.6666666666666666,1.0,1.0,1.0,1.0,0.8710785440003369,"[""219358"", ""221769"", ""222088""]","[""222088"", ""220569"", ""221769"", ""128107"", ""221944"", ""219358"", ""218998"", ""220577"", ""219953"", ""221666"", ""219372"", ""126810"", ""222327"", ""127916"", ""219280"", ""220656"", ""128078"", ""223627"", ""126694"", ""220531"", ""223745"", ""127508"", ""126670"", ""126685"", ""127349"", ""219522"", ""219426"", ""127739"", ""128037"", ""223537"", ""219371"", ""127137"", ""223306""]","[""222088_token_0000"", ""220569_token_0000"", ""221769_token_0000"", ""222088_token_0001"", ""220569_token_0001"", ""128107_token_0001"", ""221944_token_0002"", ""219358_token_0000"", ""221944_token_0001"", ""221769_token_0001"", ""218998_token_0000"", ""220577_token_0000"", ""219953_token_0000"", ""128107_token_0000"", ""221944_token_0000"", ""221666_token_0000"", ""219372_token_0000"", ""126810_token_0000"", ""222327_token_0000"", ""127916_token_0000"", ""219280_token_0000"", ""220656_token_0000"", ""128078_token_0001"", ""223627_token_0000"", ""126694_token_0000"", ""220531_token_0002"", ""223745_token_0000"", ""127508_token_0000"", ""126670_token_0000"", ""219280_token_0001"", ""126685_token_0000"", ""126694_token_0001"", ""127349_token_0002"", ""220577_token_0001"", ""219522_token_0000"", ""221666_token_0001"", ""219426_token_0000"", ""127739_token_0000"", ""128078_token_0000"", ""128037_token_0001"", ""219358_token_0001"", ""218998_token_0001"", ""223537_token_0000"", ""219371_token_0000"", ""128037_token_0000"", ""127916_token_0001"", ""222327_token_0001"", ""127137_token_0001"", ""127349_token_0000"", ""223306_token_0000""]"
cross_18_1,hybrid,"So sánh các đối thủ giao hữu của tuyển Việt Nam dưới thời HLV Kim Sang Sik trong các đợt tập trung tháng 9 và tháng 10: đối thủ nào được xem là trận 'học hỏi, cọ xát', đối thủ nào được đặt mục tiêu phải thắng, và kết quả thực tế của các trận đấu này diễn ra như thế nào?","[221769, 222088, 219358]",True,"[""221769"", ""222088"", ""219358""]",6858.4698,0.3333333333333333,1.0,0.6666666666666666,1.0,0.6666666666666666,1.0,1.0,0.7653606369886217,"[""219358"", ""221769"", ""222088""]","[""222088"", ""221769"", ""221944"", ""220569"", ""219953"", ""221666"", ""220577"", ""219372"", ""218998"", ""222327"", ""223627"", ""219426"", ""223745"", ""126810"", ""220656"", ""220531"", ""126694"", ""219522"", ""223306"", ""128107"", ""220642"", ""219358"", ""41604"", ""123547"", ""220138"", ""224839"", ""127916"", ""219280"", ""224127"", ""218901"", ""128078"", ""224003"", ""220936"", ""221896"", ""223740"", ""127508"", ""223822"", ""126670"", ""219263"", ""126685"", ""221096"", ""219145""]","[""222088_token_0000"", ""221769_token_0000"", ""221944_token_0002"", ""221944_token_0001"", ""220569_token_0000"", ""219953_token_0000"", ""221666_token_0000"", ""221944_token_0000"", ""220577_token_0000"", ""219372_token_0000"", ""218998_token_0000"", ""222327_token_0000"", ""221769_token_0001"", ""223627_token_0000"", ""219426_token_0000"", ""223745_token_0000"", ""126810_token_0000"", ""220656_token_0000"", ""220531_token_0002"", ""126694_token_0000"", ""219522_token_0000"", ""223306_token_0000"", ""222088_token_0001"", ""220569_token_0001"", ""128107_token_0001"", ""220642_token_0000"", ""219358_token_0000"", ""41604_token_0000"", ""123547_token_0000"", ""128107_token_0000"", ""220138_token_0000"", ""224839_token_0000"", ""127916_token_0000"", ""219280_token_0000"", ""224127_token_0000"", ""218901_token_0001"", ""128078_token_0001"", ""224003_token_0000"", ""220936_token_0000"", ""221896_token_0000"", ""223740_token_0000"", ""127508_token_0000"", ""223822_token_0000"", ""126670_token_0000"", ""219263_token_0000"", ""219280_token_0001"", ""126685_token_0000"", ""221096_token_0000"", ""126694_token_0001"", ""219145_token_0000""]"
cross_18_2,bm25,"Xét toàn bộ các trận đấu được đề cập trong cả ba bài báo, HLV Kim Sang Sik đã xây dựng được một lối chơi rõ ràng và ổn định cho tuyển Việt Nam hay chưa, và nguyên nhân sâu xa nào dẫn đến việc đội tuyển liên tục thể hiện thiếu thuyết phục qua các trận gặp Nepal, Nga, Thái Lan và trước trận gặp Ấn Độ?","[221769, 222088, 219358]",True,"[""221769"", ""222088"", ""219358""]",484.3366,0.0,0.0,1.0,1.0,1.0,1.0,0.5,0.7328286204777911,"[""219358"", ""221769"", ""222088""]","[""219426"", ""221769"", ""222088"", ""219358"", ""219372"", ""37655"", ""221944"", ""222327"", ""127916"", ""220569"", ""130731"", ""218998"", ""221666"", ""39601"", ""41604"", ""37738"", ""220936"", ""36220"", ""218960"", ""219436"", ""36228"", ""220138"", ""220577"", ""220322"", ""220642"", ""219263"", ""127349"", ""219953"", ""219522"", ""127508"", ""125830"", ""220656"", ""128477"", ""128075"", ""123350"", ""220531"", ""218890"", ""225496"", ""127152"", ""222059"", ""222973""]","[""219426_token_0000"", ""221769_token_0000"", ""222088_token_0000"", ""219358_token_0000"", ""219372_token_0000"", ""219426_token_0001"", ""37655_token_0001"", ""221944_token_0000"", ""222327_token_0000"", ""127916_token_0000"", ""220569_token_0000"", ""130731_token_0000"", ""37655_token_0000"", ""221944_token_0002"", ""221944_token_0001"", ""218998_token_0000"", ""221666_token_0000"", ""39601_token_0000"", ""41604_token_0000"", ""37738_token_0000"", ""221769_token_0001"", ""127916_token_0001"", ""220936_token_0000"", ""36220_token_0000"", ""218960_token_0000"", ""219436_token_0000"", ""36228_token_0000"", ""220138_token_0000"", ""220577_token_0000"", ""37655_token_0002"", ""220322_token_0000"", ""220642_token_0000"", ""219263_token_0000"", ""127349_token_0001"", ""219953_token_0000"", ""219522_token_0000"", ""218998_token_0001"", ""127508_token_0000"", ""125830_token_0000"", ""220656_token_0000"", ""128477_token_0001"", ""128075_token_0000"", ""123350_token_0000"", ""220531_token_0002"", ""218890_token_0000"", ""225496_token_0000"", ""127152_token_0001"", ""222059_token_0000"", ""128477_token_0000"", ""222973_token_0000""]"
cross_18_2,dense,"Xét toàn bộ các trận đấu được đề cập trong cả ba bài báo, HLV Kim Sang Sik đã xây dựng được một lối chơi rõ ràng và ổn định cho tuyển Việt Nam hay chưa, và nguyên nhân sâu xa nào dẫn đến việc đội tuyển liên tục thể hiện thiếu thuyết phục qua các trận gặp Nepal, Nga, Thái Lan và trước trận gặp Ấn Độ?","[221769, 222088, 219358]",True,"[""221769"", ""222088"", ""219358""]",6181.306,0.0,0.0,1.0,1.0,1.0,1.0,0.5,0.6797310500037655,"[""219358"", ""221769"", ""222088""]","[""221944"", ""219358"", ""220569"", ""221769"", ""222088"", ""219372"", ""222327"", ""218998"", ""219426"", ""127916"", ""220577"", ""221666"", ""222806"", ""219522"", ""128477"", ""126685"", ""127349"", ""219263"", ""37738"", ""128042"", ""219280"", ""127447"", ""218960"", ""219953"", ""126694"", ""220936"", ""37655"", ""127508"", ""220656"", ""128037"", ""219436"", ""221172"", ""222809"", ""223537""]","[""221944_token_0000"", ""219358_token_0000"", ""220569_token_0000"", ""221769_token_0000"", ""221944_token_0001"", ""219358_token_0001"", ""220569_token_0001"", ""222088_token_0000"", ""221944_token_0002"", ""219372_token_0000"", ""222327_token_0000"", ""222088_token_0001"", ""218998_token_0000"", ""219426_token_0000"", ""127916_token_0000"", ""220577_token_0000"", ""221666_token_0000"", ""218998_token_0001"", ""222806_token_0000"", ""219522_token_0000"", ""221769_token_0001"", ""128477_token_0000"", ""127916_token_0001"", ""126685_token_0000"", ""221666_token_0001"", ""127349_token_0002"", ""219263_token_0000"", ""128477_token_0002"", ""219263_token_0001"", ""37738_token_0000"", ""128042_token_0000"", ""219280_token_0000"", ""127447_token_0001"", ""218960_token_0000"", ""219953_token_0000"", ""126694_token_0001"", ""219280_token_0001"", ""219953_token_0001"", ""220936_token_0000"", ""37655_token_0000"", ""222327_token_0001"", ""127508_token_0000"", ""219426_token_0001"", ""220656_token_0000"", ""128037_token_0000"", ""219436_token_0000"", ""126694_token_0000"", ""221172_token_0000"", ""222809_token_0000"", ""223537_token_0000""]"
cross_18_2,hybrid,"Xét toàn bộ các trận đấu được đề cập trong cả ba bài báo, HLV Kim Sang Sik đã xây dựng được một lối chơi rõ ràng và ổn định cho tuyển Việt Nam hay chưa, và nguyên nhân sâu xa nào dẫn đến việc đội tuyển liên tục thể hiện thiếu thuyết phục qua các trận gặp Nepal, Nga, Thái Lan và trước trận gặp Ấn Độ?","[221769, 222088, 219358]",True,"[""221769"", ""222088"", ""219358""]",6737.0558,0.3333333333333333,1.0,1.0,1.0,1.0,1.0,1.0,0.9674679834891693,"[""219358"", ""221769"", ""222088""]","[""219358"", ""221769"", ""221944"", ""222088"", ""220569"", ""219426"", ""219372"", ""222327"", ""127916"", ""218998"", ""221666"", ""220577"", ""37655"", ""37738"", ""219522"", ""218960"", ""219263"", ""220936"", ""128477"", ""219436"", ""219953"", ""127508"", ""220656"", ""130731"", ""39601"", ""222806"", ""41604"", ""126685"", ""36220"", ""127349"", ""36228"", ""220138"", ""128042"", ""220322"", ""219280"", ""220642""]","[""219358_token_0000"", ""221769_token_0000"", ""221944_token_0000"", ""222088_token_0000"", ""220569_token_0000"", ""219426_token_0000"", ""219372_token_0000"", ""221944_token_0001"", ""222327_token_0000"", ""221944_token_0002"", ""127916_token_0000"", ""218998_token_0000"", ""221666_token_0000"", ""219426_token_0001"", ""221769_token_0001"", ""220577_token_0000"", ""127916_token_0001"", ""37655_token_0000"", ""37738_token_0000"", ""218998_token_0001"", ""219522_token_0000"", ""218960_token_0000"", ""219263_token_0000"", ""220936_token_0000"", ""128477_token_0000"", ""219436_token_0000"", ""219953_token_0000"", ""127508_token_0000"", ""220656_token_0000"", ""219358_token_0001"", ""220569_token_0001"", ""37655_token_0001"", ""130731_token_0000"", ""222088_token_0001"", ""39601_token_0000"", ""222806_token_0000"", ""41604_token_0000"", ""126685_token_0000"", ""36220_token_0000"", ""221666_token_0001"", ""127349_token_0002"", ""36228_token_0000"", ""128477_token_0002"", ""220138_token_0000"", ""219263_token_0001"", ""37655_token_0002"", ""128042_token_0000"", ""220322_token_0000"", ""219280_token_0000"", ""220642_token_0000""]"
cross_19_1,bm25,So sánh hành trình của U17 Việt Nam tại vòng loại và vòng chung kết U17 châu Á 2025 với thành tích của U17 Bồ Đào Nha tại U17 World Cup: đội nào đạt được mục tiêu cuối cùng và đội nào không?,"[221710, 37169, 225971]",True,"[""221710"", ""37169"", ""225971""]",309.2689,0.3333333333333333,1.0,1.0,1.0,1.0,1.0,1.0,1.0,"[""221710"", ""225971"", ""37169""]","[""221710"", ""37169"", ""225971"", ""37004"", ""220421"", ""221675"", ""221687"", ""220524"", ""37157"", ""227845"", ""220478"", ""221691"", ""37368"", ""224541"", ""236686"", ""221702"", ""41838"", ""125100"", ""221896"", ""128297"", ""222718"", ""41325"", ""224128"", ""221666"", ""124609"", ""127869"", ""222138"", ""129386"", ""37605"", ""126803"", ""125176"", ""41347"", ""224335"", ""37352"", ""124308"", ""40807"", ""220286"", ""124235"", ""224788"", ""125996"", ""129787"", ""125534"", ""126821"", ""36289"", ""126117""]","[""221710_token_0000"", ""37169_token_0000"", ""225971_token_0000"", ""37004_token_0000"", ""220421_token_0000"", ""221675_token_0000"", ""221687_token_0000"", ""220524_token_0000"", ""37157_token_0000"", ""227845_token_0000"", ""220421_token_0001"", ""220478_token_0000"", ""221691_token_0000"", ""37368_token_0000"", ""224541_token_0000"", ""236686_token_0000"", ""221675_token_0001"", ""221702_token_0000"", ""41838_token_0000"", ""125100_token_0000"", ""221896_token_0000"", ""128297_token_0003"", ""222718_token_0001"", ""222718_token_0000"", ""41325_token_0000"", ""224128_token_0000"", ""128297_token_0002"", ""221666_token_0000"", ""124609_token_0000"", ""127869_token_0000"", ""222138_token_0000"", ""129386_token_0001"", ""221666_token_0001"", ""37605_token_0000"", ""126803_token_0000"", ""125176_token_0000"", ""41347_token_0000"", ""224335_token_0000"", ""37352_token_0001"", ""124308_token_0000"", ""40807_token_0000"", ""220286_token_0000"", ""124235_token_0001"", ""224788_token_0000"", ""125996_token_0001"", ""129787_token_0000"", ""125534_token_0000"", ""126821_token_0001"", ""36289_token_0000"", ""126117_token_0001""]"
cross_19_1,dense,So sánh hành trình của U17 Việt Nam tại vòng loại và vòng chung kết U17 châu Á 2025 với thành tích của U17 Bồ Đào Nha tại U17 World Cup: đội nào đạt được mục tiêu cuối cùng và đội nào không?,"[221710, 37169, 225971]",True,"[""221710"", ""37169"", ""225971""]",6624.6211,0.0,0.0,0.6666666666666666,1.0,1.0,1.0,0.5,0.6787622294601761,"[""221710"", ""225971"", ""37169""]","[""221675"", ""225971"", ""221710"", ""37004"", ""221687"", ""127869"", ""220421"", ""37169"", ""128297"", ""124541"", ""220524"", ""125775"", ""220478"", ""127646"", ""227845"", ""37368"", ""221896"", ""222138"", ""130334"", ""123980"", ""125176"", ""127071"", ""37157"", ""124279"", ""127137"", ""224127"", ""128291"", ""236686"", ""128078"", ""222141"", ""224128"", ""224541"", ""219371"", ""127508"", ""127349"", ""126803"", ""222718"", ""127323""]","[""221675_token_0000"", ""225971_token_0000"", ""221710_token_0000"", ""37004_token_0000"", ""221687_token_0000"", ""127869_token_0000"", ""221675_token_0001"", ""220421_token_0000"", ""37169_token_0000"", ""128297_token_0002"", ""124541_token_0001"", ""124541_token_0000"", ""220524_token_0000"", ""125775_token_0000"", ""125775_token_0001"", ""220421_token_0001"", ""128297_token_0001"", ""220478_token_0000"", ""128297_token_0000"", ""127646_token_0000"", ""127646_token_0001"", ""227845_token_0000"", ""37368_token_0000"", ""221896_token_0000"", ""222138_token_0000"", ""130334_token_0000"", ""123980_token_0000"", ""125176_token_0000"", ""127071_token_0000"", ""37157_token_0000"", ""124279_token_0000"", ""123980_token_0001"", ""127137_token_0000"", ""224127_token_0000"", ""128291_token_0000"", ""236686_token_0000"", ""128078_token_0000"", ""127137_token_0001"", ""128297_token_0003"", ""222141_token_0000"", ""224128_token_0000"", ""224541_token_0000"", ""219371_token_0000"", ""125176_token_0001"", ""127508_token_0000"", ""127349_token_0001"", ""126803_token_0000"", ""222718_token_0001"", ""127323_token_0000"", ""127137_token_0002""]"
cross_19_1,hybrid,So sánh hành trình của U17 Việt Nam tại vòng loại và vòng chung kết U17 châu Á 2025 với thành tích của U17 Bồ Đào Nha tại U17 World Cup: đội nào đạt được mục tiêu cuối cùng và đội nào không?,"[221710, 37169, 225971]",True,"[""221710"", ""37169"", ""225971""]",6473.8262,0.3333333333333333,1.0,1.0,1.0,1.0,1.0,1.0,0.9469024295259745,"[""221710"", ""225971"", ""37169""]","[""221710"", ""225971"", ""221675"", ""37004"", ""37169"", ""221687"", ""220421"", ""220524"", ""220478"", ""227845"", ""127869"", ""128297"", ""37157"", ""37368"", ""221896"", ""236686"", ""224541"", ""222138"", ""125176"", ""224128"", ""222718"", ""126803"", ""124541"", ""221691"", ""125775"", ""221702"", ""41838"", ""125100"", ""127646"", ""41325"", ""130334"", ""123980"", ""221666"", ""124609"", ""127071"", ""124279"", ""129386"", ""127137"", ""224127""]","[""221710_token_0000"", ""225971_token_0000"", ""221675_token_0000"", ""37004_token_0000"", ""37169_token_0000"", ""221687_token_0000"", ""220421_token_0000"", ""220524_token_0000"", ""221675_token_0001"", ""220421_token_0001"", ""220478_token_0000"", ""227845_token_0000"", ""127869_token_0000"", ""128297_token_0002"", ""37157_token_0000"", ""37368_token_0000"", ""221896_token_0000"", ""236686_token_0000"", ""224541_token_0000"", ""222138_token_0000"", ""128297_token_0003"", ""125176_token_0000"", ""224128_token_0000"", ""222718_token_0001"", ""126803_token_0000"", ""124541_token_0001"", ""124541_token_0000"", ""221691_token_0000"", ""125775_token_0000"", ""125775_token_0001"", ""128297_token_0001"", ""221702_token_0000"", ""128297_token_0000"", ""41838_token_0000"", ""125100_token_0000"", ""127646_token_0000"", ""127646_token_0001"", ""222718_token_0000"", ""41325_token_0000"", ""130334_token_0000"", ""123980_token_0000"", ""221666_token_0000"", ""124609_token_0000"", ""127071_token_0000"", ""124279_token_0000"", ""123980_token_0001"", ""129386_token_0001"", ""127137_token_0000"", ""221666_token_0001"", ""224127_token_0000""]"
cross_19_2,bm25,"Theo trình tự thời gian, hãy sắp xếp các sự kiện chính của U17 Việt Nam từ giai đoạn chuẩn bị vòng loại U17 châu Á 2025, tham dự VCK U17 châu Á 2025, cho đến giai đoạn chuẩn bị cho vòng loại U17 châu Á 2026, và cho biết liệu việc U17 Bồ Đào Nha vô địch U17 World Cup có diễn ra trong khoảng thời gian U17 Việt Nam tham dự VCK hay không?","[221710, 37169, 225971]",False,"[""221710"", ""37169"", ""225971""]",497.4077,0.3333333333333333,1.0,0.6666666666666666,1.0,0.6666666666666666,1.0,1.0,0.7039180890341347,"[""221710"", ""225971"", ""37169""]","[""37169"", ""221687"", ""221710"", ""220524"", ""221675"", ""220421"", ""220478"", ""37004"", ""227845"", ""236686"", ""37368"", ""224541"", ""37157"", ""225971"", ""221691"", ""222718"", ""221666"", ""128297"", ""221896"", ""222138"", ""224128"", ""222595"", ""127869"", ""223302"", ""125176"", ""221702"", ""125100"", ""222141"", ""124609"", ""222592"", ""220936"", ""219280"", ""124794"", ""224042"", ""220560"", ""36335"", ""128460"", ""219426"", ""125775"", ""126255"", ""126821"", ""219346"", ""222651""]","[""37169_token_0000"", ""221687_token_0000"", ""221710_token_0000"", ""220524_token_0000"", ""221675_token_0000"", ""220421_token_0000"", ""220478_token_0000"", ""37004_token_0000"", ""220421_token_0001"", ""227845_token_0000"", ""221675_token_0001"", ""236686_token_0000"", ""37368_token_0000"", ""224541_token_0000"", ""37157_token_0000"", ""225971_token_0000"", ""221691_token_0000"", ""222718_token_0000"", ""222718_token_0001"", ""221666_token_0000"", ""221666_token_0001"", ""128297_token_0003"", ""221896_token_0000"", ""222138_token_0000"", ""224128_token_0000"", ""222595_token_0000"", ""127869_token_0000"", ""223302_token_0000"", ""128297_token_0002"", ""125176_token_0000"", ""221702_token_0000"", ""125100_token_0000"", ""222141_token_0000"", ""124609_token_0000"", ""222592_token_0003"", ""125176_token_0001"", ""220936_token_0000"", ""219280_token_0000"", ""124794_token_0001"", ""224042_token_0000"", ""220560_token_0000"", ""36335_token_0000"", ""222592_token_0002"", ""128460_token_0000"", ""219426_token_0001"", ""125775_token_0000"", ""126255_token_0000"", ""126821_token_0000"", ""219346_token_0000"", ""222651_token_0000""]"
cross_19_2,dense,"Theo trình tự thời gian, hãy sắp xếp các sự kiện chính của U17 Việt Nam từ giai đoạn chuẩn bị vòng loại U17 châu Á 2025, tham dự VCK U17 châu Á 2025, cho đến giai đoạn chuẩn bị cho vòng loại U17 châu Á 2026, và cho biết liệu việc U17 Bồ Đào Nha vô địch U17 World Cup có diễn ra trong khoảng thời gian U17 Việt Nam tham dự VCK hay không?","[221710, 37169, 225971]",False,"[""221710"", ""37169"", ""225971""]",6176.2079,0.3333333333333333,1.0,0.6666666666666666,1.0,1.0,1.0,1.0,0.8179809735263114,"[""221710"", ""225971"", ""37169""]","[""221710"", ""37004"", ""221675"", ""128297"", ""225971"", ""37169"", ""127869"", ""221687"", ""236686"", ""221896"", ""220478"", ""220421"", ""36334"", ""37368"", ""124541"", ""220524"", ""224541"", ""125775"", ""222718"", ""220560"", ""129566"", ""222141"", ""227845"", ""127739"", ""222254"", ""127646"", ""125176"", ""128262"", ""224128"", ""126822"", ""126694"", ""128078"", ""128291"", ""128025"", ""220286"", ""219953"", ""128991"", ""127137"", ""127071"", ""37655"", ""37157""]","[""221710_token_0000"", ""37004_token_0000"", ""221675_token_0000"", ""128297_token_0002"", ""225971_token_0000"", ""37169_token_0000"", ""127869_token_0000"", ""221687_token_0000"", ""236686_token_0000"", ""221896_token_0000"", ""221675_token_0001"", ""220478_token_0000"", ""220421_token_0000"", ""36334_token_0000"", ""37368_token_0000"", ""124541_token_0001"", ""220524_token_0000"", ""224541_token_0000"", ""125775_token_0000"", ""222718_token_0001"", ""125775_token_0001"", ""220560_token_0000"", ""220421_token_0001"", ""129566_token_0000"", ""222141_token_0000"", ""227845_token_0000"", ""127739_token_0001"", ""222254_token_0000"", ""127646_token_0001"", ""125176_token_0001"", ""128297_token_0001"", ""124541_token_0000"", ""128262_token_0001"", ""224128_token_0000"", ""126822_token_0001"", ""220560_token_0001"", ""125176_token_0000"", ""126694_token_0000"", ""128078_token_0001"", ""128291_token_0000"", ""128025_token_0000"", ""220286_token_0000"", ""219953_token_0000"", ""128991_token_0001"", ""127137_token_0002"", ""127739_token_0000"", ""128297_token_0000"", ""127071_token_0000"", ""37655_token_0001"", ""37157_token_0000""]"
cross_19_2,hybrid,"Theo trình tự thời gian, hãy sắp xếp các sự kiện chính của U17 Việt Nam từ giai đoạn chuẩn bị vòng loại U17 châu Á 2025, tham dự VCK U17 châu Á 2025, cho đến giai đoạn chuẩn bị cho vòng loại U17 châu Á 2026, và cho biết liệu việc U17 Bồ Đào Nha vô địch U17 World Cup có diễn ra trong khoảng thời gian U17 Việt Nam tham dự VCK hay không?","[221710, 37169, 225971]",False,"[""221710"", ""37169"", ""225971""]",6662.3769,0.3333333333333333,1.0,0.6666666666666666,1.0,1.0,1.0,1.0,0.9066276098484507,"[""221710"", ""225971"", ""37169""]","[""221710"", ""37169"", ""221675"", ""221687"", ""37004"", ""220421"", ""220478"", ""220524"", ""225971"", ""236686"", ""37368"", ""128297"", ""127869"", ""224541"", ""221896"", ""227845"", ""222718"", ""222141"", ""37157"", ""224128"", ""220560"", ""125775"", ""125176"", ""36334"", ""124541"", ""221691"", ""221666"", ""129566"", ""222138"", ""222595"", ""127739"", ""222254"", ""223302"", ""127646"", ""221702"", ""125100"", ""128262"", ""124609"", ""126822"", ""222592""]","[""221710_token_0000"", ""37169_token_0000"", ""221675_token_0000"", ""221687_token_0000"", ""37004_token_0000"", ""220421_token_0000"", ""220478_token_0000"", ""220524_token_0000"", ""225971_token_0000"", ""236686_token_0000"", ""221675_token_0001"", ""37368_token_0000"", ""128297_token_0002"", ""220421_token_0001"", ""127869_token_0000"", ""224541_token_0000"", ""221896_token_0000"", ""227845_token_0000"", ""222718_token_0001"", ""222141_token_0000"", ""37157_token_0000"", ""224128_token_0000"", ""220560_token_0000"", ""125775_token_0000"", ""125176_token_0001"", ""125176_token_0000"", ""36334_token_0000"", ""124541_token_0001"", ""221691_token_0000"", ""222718_token_0000"", ""221666_token_0000"", ""125775_token_0001"", ""221666_token_0001"", ""128297_token_0003"", ""129566_token_0000"", ""222138_token_0000"", ""222595_token_0000"", ""127739_token_0001"", ""222254_token_0000"", ""223302_token_0000"", ""127646_token_0001"", ""128297_token_0001"", ""221702_token_0000"", ""124541_token_0000"", ""125100_token_0000"", ""128262_token_0001"", ""124609_token_0000"", ""126822_token_0001"", ""222592_token_0003"", ""220560_token_0001""]"
cross_20_1,bm25,"So sánh nguyên nhân và diễn biến các vụ tai nạn giữa xe tải và xe máy được mô tả trong ba bài báo: vụ trên đường Tô Ký (Q.12), vụ tại giao lộ Lê Khả Phiêu - Bùi Thanh Khiết (H.Bình Chánh) và vụ trên tỉnh lộ 542E (huyện Hưng Nguyên, Nghệ An) có điểm gì giống và khác nhau?","[140608, 133519, 244381]",True,"[""140608"", ""133519"", ""244381""]",494.9206,0.3333333333333333,1.0,1.0,1.0,1.0,1.0,1.0,1.0,"[""133519"", ""140608"", ""244381""]","[""133519"", ""140608"", ""244381"", ""137541"", ""241924"", ""240659"", ""246222"", ""72741"", ""243833"", ""243647"", ""240102"", ""207290"", ""240398"", ""136001"", ""238921"", ""239453"", ""132529"", ""239775"", ""240761"", ""244498"", ""239260"", ""240033"", ""46852"", ""239048"", ""136527"", ""239793"", ""242802"", ""248278"", ""27323"", ""47059"", ""241578"", ""140303"", ""133194"", ""241770"", ""243278"", ""99781"", ""132105"", ""242647"", ""45447"", ""241877"", ""47117"", ""134838"", ""203829"", ""239896"", ""140804"", ""246221"", ""25565"", ""239255""]","[""133519_token_0000"", ""140608_token_0000"", ""244381_token_0000"", ""137541_token_0000"", ""241924_token_0000"", ""240659_token_0000"", ""246222_token_0000"", ""72741_token_0000"", ""243833_token_0000"", ""243647_token_0000"", ""240102_token_0000"", ""207290_token_0000"", ""240398_token_0000"", ""136001_token_0000"", ""238921_token_0000"", ""239453_token_0000"", ""132529_token_0000"", ""239775_token_0000"", ""240761_token_0000"", ""244498_token_0000"", ""239260_token_0000"", ""240033_token_0000"", ""46852_token_0000"", ""239048_token_0000"", ""136527_token_0001"", ""239793_token_0000"", ""242802_token_0000"", ""248278_token_0000"", ""27323_token_0000"", ""47059_token_0000"", ""241578_token_0000"", ""140303_token_0000"", ""133194_token_0000"", ""207290_token_0001"", ""241770_token_0000"", ""243278_token_0001"", ""99781_token_0000"", ""132105_token_0000"", ""242647_token_0000"", ""45447_token_0000"", ""241877_token_0000"", ""47117_token_0001"", ""47117_token_0000"", ""134838_token_0000"", ""203829_token_0000"", ""239896_token_0000"", ""140804_token_0000"", ""246221_token_0000"", ""25565_token_0000"", ""239255_token_0000""]"
cross_20_1,dense,"So sánh nguyên nhân và diễn biến các vụ tai nạn giữa xe tải và xe máy được mô tả trong ba bài báo: vụ trên đường Tô Ký (Q.12), vụ tại giao lộ Lê Khả Phiêu - Bùi Thanh Khiết (H.Bình Chánh) và vụ trên tỉnh lộ 542E (huyện Hưng Nguyên, Nghệ An) có điểm gì giống và khác nhau?","[140608, 133519, 244381]",True,"[""140608"", ""133519"", ""244381""]",6234.7326,0.3333333333333333,1.0,0.6666666666666666,1.0,0.6666666666666666,1.0,1.0,0.7653606369886217,"[""133519"", ""140608"", ""244381""]","[""140608"", ""133519"", ""251189"", ""47059"", ""137541"", ""176778"", ""242802"", ""147668"", ""243833"", ""242536"", ""207290"", ""255491"", ""240102"", ""109650"", ""251451"", ""250133"", ""140383"", ""147108"", ""132987"", ""142348"", ""246222"", ""27035"", ""139552"", ""147549"", ""250068"", ""244026"", ""140303"", ""44625"", ""49534"", ""239896"", ""239515"", ""238238"", ""243278"", ""136490"", ""133153"", ""72071"", ""4473"", ""250049"", ""238883"", ""136001"", ""136527"", ""50059""]","[""140608_token_0000"", ""133519_token_0000"", ""251189_token_0000"", ""47059_token_0000"", ""137541_token_0000"", ""176778_token_0000"", ""242802_token_0001"", ""147668_token_0000"", ""243833_token_0000"", ""242536_token_0000"", ""207290_token_0000"", ""255491_token_0000"", ""240102_token_0000"", ""109650_token_0002"", ""243833_token_0001"", ""251451_token_0001"", ""250133_token_0000"", ""140383_token_0000"", ""147108_token_0000"", ""132987_token_0000"", ""142348_token_0000"", ""246222_token_0000"", ""27035_token_0000"", ""139552_token_0001"", ""147549_token_0000"", ""250068_token_0000"", ""244026_token_0000"", ""251451_token_0000"", ""140303_token_0000"", ""44625_token_0000"", ""49534_token_0000"", ""142348_token_0001"", ""239896_token_0000"", ""239515_token_0000"", ""238238_token_0001"", ""243278_token_0000"", ""136490_token_0000"", ""133153_token_0000"", ""72071_token_0000"", ""4473_token_0024"", ""250049_token_0000"", ""238883_token_0000"", ""136001_token_0000"", ""136527_token_0001"", ""109650_token_0001"", ""50059_token_0000"", ""207290_token_0001"", ""142348_token_0003"", ""242802_token_0000"", ""251451_token_0002""]"
cross_20_1,hybrid,"So sánh nguyên nhân và diễn biến các vụ tai nạn giữa xe tải và xe máy được mô tả trong ba bài báo: vụ trên đường Tô Ký (Q.12), vụ tại giao lộ Lê Khả Phiêu - Bùi Thanh Khiết (H.Bình Chánh) và vụ trên tỉnh lộ 542E (huyện Hưng Nguyên, Nghệ An) có điểm gì giống và khác nhau?","[140608, 133519, 244381]",True,"[""140608"", ""133519"", ""244381""]",6654.3119,0.3333333333333333,1.0,0.6666666666666666,1.0,0.6666666666666666,1.0,1.0,0.7653606369886217,"[""133519"", ""140608"", ""244381""]","[""133519"", ""140608"", ""137541"", ""243833"", ""207290"", ""240102"", ""246222"", ""47059"", ""136001"", ""140303"", ""136527"", ""242802"", ""239896"", ""244381"", ""251189"", ""241924"", ""176778"", ""240659"", ""147668"", ""72741"", ""242536"", ""243647"", ""255491"", ""240398"", ""109650"", ""238921"", ""239453"", ""251451"", ""132529"", ""250133"", ""140383"", ""239775"", ""147108"", ""240761"", ""132987"", ""244498"", ""142348"", ""239260"", ""240033"", ""27035"", ""46852"", ""139552"", ""239048"", ""147549"", ""239793"", ""250068"", ""244026""]","[""133519_token_0000"", ""140608_token_0000"", ""137541_token_0000"", ""243833_token_0000"", ""207290_token_0000"", ""240102_token_0000"", ""246222_token_0000"", ""47059_token_0000"", ""136001_token_0000"", ""140303_token_0000"", ""136527_token_0001"", ""242802_token_0000"", ""239896_token_0000"", ""207290_token_0001"", ""244381_token_0000"", ""251189_token_0000"", ""241924_token_0000"", ""176778_token_0000"", ""240659_token_0000"", ""242802_token_0001"", ""147668_token_0000"", ""72741_token_0000"", ""242536_token_0000"", ""243647_token_0000"", ""255491_token_0000"", ""240398_token_0000"", ""109650_token_0002"", ""238921_token_0000"", ""243833_token_0001"", ""239453_token_0000"", ""251451_token_0001"", ""132529_token_0000"", ""250133_token_0000"", ""140383_token_0000"", ""239775_token_0000"", ""147108_token_0000"", ""240761_token_0000"", ""132987_token_0000"", ""244498_token_0000"", ""142348_token_0000"", ""239260_token_0000"", ""240033_token_0000"", ""27035_token_0000"", ""46852_token_0000"", ""139552_token_0001"", ""239048_token_0000"", ""147549_token_0000"", ""239793_token_0000"", ""250068_token_0000"", ""244026_token_0000""]"
cross_20_2,bm25,"Sau các vụ tai nạn giữa xe tải và xe máy tại TP.HCM (trên đường Tô Ký và giao lộ Lê Khả Phiêu) và tại Nghệ An (trên tỉnh lộ 542E), cơ quan chức năng đã đưa ra những biện pháp hay chính sách gì để giảm thiểu tai nạn giữa xe tải và xe máy đi cùng chiều?","[140608, 133519, 244381]",False,"[""140608"", ""133519"", ""244381""]",450.9952,0.3333333333333333,1.0,1.0,1.0,1.0,1.0,1.0,0.9674679834891693,"[""133519"", ""140608"", ""244381""]","[""133519"", ""140608"", ""137541"", ""244381"", ""243833"", ""136001"", ""72741"", ""250532"", ""240398"", ""239048"", ""136598"", ""67820"", ""47059"", ""72071"", ""239765"", ""250113"", ""246222"", ""46852"", ""239260"", ""240102"", ""251451"", ""243647"", ""239453"", ""240574"", ""240659"", ""250476"", ""240133"", ""207290"", ""242998"", ""239793"", ""240895"", ""239896"", ""243278"", ""133153"", ""132105"", ""250866"", ""241924"", ""133194"", ""147736"", ""250328"", ""250068"", ""147668"", ""250152"", ""242647"", ""250049"", ""255491"", ""239321""]","[""133519_token_0000"", ""140608_token_0000"", ""137541_token_0000"", ""244381_token_0000"", ""243833_token_0000"", ""136001_token_0000"", ""72741_token_0000"", ""250532_token_0000"", ""240398_token_0000"", ""239048_token_0000"", ""136598_token_0000"", ""67820_token_0000"", ""47059_token_0000"", ""72071_token_0000"", ""239765_token_0000"", ""250113_token_0000"", ""246222_token_0000"", ""46852_token_0000"", ""239260_token_0000"", ""240102_token_0000"", ""251451_token_0001"", ""243647_token_0000"", ""239453_token_0000"", ""240574_token_0000"", ""250113_token_0001"", ""240659_token_0000"", ""250476_token_0000"", ""240133_token_0000"", ""207290_token_0001"", ""242998_token_0000"", ""239793_token_0000"", ""240895_token_0000"", ""239896_token_0000"", ""243278_token_0000"", ""133153_token_0000"", ""132105_token_0000"", ""250866_token_0000"", ""241924_token_0000"", ""133194_token_0000"", ""147736_token_0000"", ""250328_token_0000"", ""250068_token_0000"", ""67820_token_0001"", ""207290_token_0000"", ""147668_token_0000"", ""250152_token_0000"", ""242647_token_0000"", ""250049_token_0001"", ""255491_token_0000"", ""239321_token_0000""]"
cross_20_2,dense,"Sau các vụ tai nạn giữa xe tải và xe máy tại TP.HCM (trên đường Tô Ký và giao lộ Lê Khả Phiêu) và tại Nghệ An (trên tỉnh lộ 542E), cơ quan chức năng đã đưa ra những biện pháp hay chính sách gì để giảm thiểu tai nạn giữa xe tải và xe máy đi cùng chiều?","[140608, 133519, 244381]",False,"[""140608"", ""133519"", ""244381""]",6166.8923,0.3333333333333333,1.0,0.6666666666666666,1.0,0.6666666666666666,1.0,1.0,0.7039180890341347,"[""133519"", ""140608"", ""244381""]","[""140608"", ""137541"", ""133519"", ""242536"", ""138650"", ""47059"", ""67076"", ""67348"", ""67820"", ""240774"", ""250532"", ""72741"", ""243278"", ""72071"", ""251189"", ""132105"", ""140018"", ""109650"", ""255491"", ""139066"", ""43973"", ""136490"", ""140052"", ""147108"", ""105544"", ""68072"", ""101414"", ""136527"", ""244026"", ""132987"", ""44625"", ""47044"", ""67856"", ""138639"", ""242802"", ""250919"", ""46682"", ""239680"", ""136578"", ""243833""]","[""140608_token_0000"", ""137541_token_0000"", ""133519_token_0000"", ""242536_token_0000"", ""138650_token_0001"", ""47059_token_0000"", ""67076_token_0000"", ""67348_token_0001"", ""67820_token_0001"", ""240774_token_0000"", ""250532_token_0000"", ""72741_token_0001"", ""243278_token_0000"", ""72741_token_0000"", ""72071_token_0000"", ""251189_token_0000"", ""132105_token_0000"", ""140018_token_0003"", ""109650_token_0001"", ""255491_token_0000"", ""139066_token_0001"", ""67348_token_0000"", ""132105_token_0002"", ""43973_token_0000"", ""136490_token_0000"", ""139066_token_0000"", ""109650_token_0002"", ""140052_token_0000"", ""147108_token_0000"", ""105544_token_0002"", ""68072_token_0001"", ""140018_token_0004"", ""242536_token_0001"", ""101414_token_0000"", ""136527_token_0001"", ""244026_token_0001"", ""132987_token_0000"", ""44625_token_0000"", ""243278_token_0001"", ""47044_token_0002"", ""67856_token_0000"", ""47044_token_0001"", ""138639_token_0000"", ""242802_token_0001"", ""250919_token_0000"", ""46682_token_0000"", ""140018_token_0000"", ""239680_token_0000"", ""136578_token_0002"", ""243833_token_0001""]"
cross_20_2,hybrid,"Sau các vụ tai nạn giữa xe tải và xe máy tại TP.HCM (trên đường Tô Ký và giao lộ Lê Khả Phiêu) và tại Nghệ An (trên tỉnh lộ 542E), cơ quan chức năng đã đưa ra những biện pháp hay chính sách gì để giảm thiểu tai nạn giữa xe tải và xe máy đi cùng chiều?","[140608, 133519, 244381]",False,"[""140608"", ""133519"", ""244381""]",6675.1251,0.3333333333333333,1.0,0.6666666666666666,1.0,0.6666666666666666,1.0,1.0,0.7653606369886217,"[""133519"", ""140608"", ""244381""]","[""140608"", ""133519"", ""137541"", ""47059"", ""250532"", ""72741"", ""72071"", ""243278"", ""67820"", ""132105"", ""255491"", ""242536"", ""244381"", ""138650"", ""243833"", ""136001"", ""67076"", ""67348"", ""240398"", ""239048"", ""240774"", ""136598"", ""239765"", ""250113"", ""251189"", ""246222"", ""140018"", ""46852"", ""109650"", ""239260"", ""240102"", ""139066"", ""251451"", ""243647"", ""239453"", ""240574"", ""43973"", ""136490"", ""240659"", ""250476"", ""140052"", ""240133"", ""147108""]","[""140608_token_0000"", ""133519_token_0000"", ""137541_token_0000"", ""47059_token_0000"", ""250532_token_0000"", ""72741_token_0000"", ""72071_token_0000"", ""243278_token_0000"", ""67820_token_0001"", ""132105_token_0000"", ""255491_token_0000"", ""242536_token_0000"", ""244381_token_0000"", ""138650_token_0001"", ""243833_token_0000"", ""136001_token_0000"", ""67076_token_0000"", ""67348_token_0001"", ""240398_token_0000"", ""239048_token_0000"", ""240774_token_0000"", ""136598_token_0000"", ""67820_token_0000"", ""72741_token_0001"", ""239765_token_0000"", ""250113_token_0000"", ""251189_token_0000"", ""246222_token_0000"", ""140018_token_0003"", ""46852_token_0000"", ""109650_token_0001"", ""239260_token_0000"", ""240102_token_0000"", ""139066_token_0001"", ""251451_token_0001"", ""243647_token_0000"", ""67348_token_0000"", ""132105_token_0002"", ""239453_token_0000"", ""240574_token_0000"", ""43973_token_0000"", ""136490_token_0000"", ""250113_token_0001"", ""139066_token_0000"", ""240659_token_0000"", ""109650_token_0002"", ""250476_token_0000"", ""140052_token_0000"", ""240133_token_0000"", ""147108_token_0000""]"
cross_21_1,bm25,"Dựa trên thông tin từ các bài báo, tiến trình và trọng tâm giải quyết vấn đề khi sáp nhập đơn vị hành chính giữa TP. Đà Nẵng (với tỉnh Quảng Nam) khác biệt như thế nào so với quá trình sáp nhập các phường tại TP.HCM?","[139413, 247390, 133992]",True,"[""247390"", ""133992"", ""139413""]",325.0702,0.3333333333333333,1.0,0.3333333333333333,1.0,0.6666666666666666,1.0,1.0,0.6257049680303419,"[""133992"", ""139413"", ""247390""]","[""247390"", ""139927"", ""137933"", ""523"", ""105571"", ""147547"", ""133992"", ""247360"", ""133296"", ""151232"", ""134237"", ""136614"", ""135998"", ""138509"", ""100056"", ""182716"", ""139982"", ""182557"", ""150428"", ""184321"", ""139675"", ""135220"", ""148894"", ""135049"", ""55326"", ""137994"", ""132478"", ""140485"", ""102573"", ""139627"", ""136061"", ""134458"", ""133382"", ""97866"", ""182827"", ""120875"", ""44100"", ""135746"", ""103471"", ""42573"", ""136527"", ""151416""]","[""247390_token_0000"", ""139927_token_0000"", ""137933_token_0000"", ""523_token_0000"", ""105571_token_0002"", ""147547_token_0000"", ""523_token_0001"", ""133992_token_0000"", ""247360_token_0000"", ""133296_token_0000"", ""151232_token_0000"", ""134237_token_0000"", ""136614_token_0000"", ""147547_token_0001"", ""135998_token_0000"", ""138509_token_0000"", ""100056_token_0000"", ""182716_token_0000"", ""139982_token_0000"", ""182557_token_0000"", ""150428_token_0000"", ""184321_token_0001"", ""139675_token_0000"", ""135220_token_0000"", ""148894_token_0001"", ""139982_token_0001"", ""135049_token_0000"", ""55326_token_0000"", ""137994_token_0000"", ""132478_token_0001"", ""140485_token_0001"", ""102573_token_0001"", ""139627_token_0000"", ""137933_token_0001"", ""136061_token_0000"", ""247360_token_0001"", ""134458_token_0000"", ""133382_token_0000"", ""97866_token_0000"", ""102573_token_0000"", ""182827_token_0000"", ""120875_token_0000"", ""44100_token_0000"", ""135746_token_0000"", ""136614_token_0002"", ""103471_token_0000"", ""42573_token_0000"", ""136527_token_0000"", ""140485_token_0000"", ""151416_token_0000""]"
cross_21_1,dense,"Dựa trên thông tin từ các bài báo, tiến trình và trọng tâm giải quyết vấn đề khi sáp nhập đơn vị hành chính giữa TP. Đà Nẵng (với tỉnh Quảng Nam) khác biệt như thế nào so với quá trình sáp nhập các phường tại TP.HCM?","[139413, 247390, 133992]",True,"[""247390"", ""133992"", ""139413""]",6462.3719,0.3333333333333333,1.0,0.6666666666666666,1.0,0.6666666666666666,1.0,1.0,0.6713860725233041,"[""133992"", ""139413"", ""247390""]","[""247390"", ""247360"", ""44100"", ""133992"", ""137933"", ""139675"", ""136614"", ""175046"", ""137244"", ""184321"", ""140824"", ""105571"", ""150428"", ""42573"", ""523"", ""139627"", ""100056"", ""197709"", ""139982"", ""134356"", ""44624"", ""139927"", ""140667"", ""788"", ""140833"", ""141430"", ""136061"", ""131991"", ""196341"", ""135147"", ""140405"", ""108091""]","[""247390_token_0000"", ""247360_token_0000"", ""44100_token_0001"", ""133992_token_0000"", ""44100_token_0000"", ""247360_token_0001"", ""137933_token_0000"", ""137933_token_0001"", ""139675_token_0001"", ""136614_token_0000"", ""175046_token_0001"", ""136614_token_0002"", ""137244_token_0004"", ""184321_token_0001"", ""140824_token_0000"", ""139675_token_0000"", ""105571_token_0002"", ""140824_token_0001"", ""150428_token_0001"", ""42573_token_0001"", ""105571_token_0003"", ""175046_token_0000"", ""175046_token_0002"", ""523_token_0002"", ""42573_token_0002"", ""139627_token_0000"", ""137244_token_0005"", ""100056_token_0001"", ""133992_token_0001"", ""197709_token_0001"", ""139982_token_0001"", ""134356_token_0000"", ""184321_token_0000"", ""150428_token_0000"", ""44624_token_0000"", ""139927_token_0000"", ""140667_token_0001"", ""788_token_0000"", ""140833_token_0002"", ""141430_token_0002"", ""136061_token_0000"", ""131991_token_0001"", ""196341_token_0000"", ""135147_token_0001"", ""136061_token_0001"", ""136614_token_0001"", ""100056_token_0002"", ""184321_token_0004"", ""140405_token_0000"", ""108091_token_0002""]"
cross_21_1,hybrid,"Dựa trên thông tin từ các bài báo, tiến trình và trọng tâm giải quyết vấn đề khi sáp nhập đơn vị hành chính giữa TP. Đà Nẵng (với tỉnh Quảng Nam) khác biệt như thế nào so với quá trình sáp nhập các phường tại TP.HCM?","[139413, 247390, 133992]",True,"[""247390"", ""133992"", ""139413""]",6862.9527,0.3333333333333333,1.0,0.6666666666666666,1.0,0.6666666666666666,1.0,1.0,0.6713860725233041,"[""133992"", ""139413"", ""247390""]","[""247390"", ""137933"", ""247360"", ""133992"", ""105571"", ""136614"", ""139927"", ""184321"", ""139675"", ""44100"", ""150428"", ""139982"", ""139627"", ""136061"", ""523"", ""147547"", ""133296"", ""151232"", ""175046"", ""134237"", ""137244"", ""135998"", ""140824"", ""138509"", ""100056"", ""182716"", ""182557"", ""42573"", ""135220"", ""148894"", ""135049"", ""55326""]","[""247390_token_0000"", ""137933_token_0000"", ""247360_token_0000"", ""133992_token_0000"", ""105571_token_0002"", ""136614_token_0000"", ""139927_token_0000"", ""184321_token_0001"", ""247360_token_0001"", ""137933_token_0001"", ""139675_token_0000"", ""44100_token_0000"", ""136614_token_0002"", ""150428_token_0000"", ""139982_token_0001"", ""139627_token_0000"", ""136061_token_0000"", ""44100_token_0001"", ""523_token_0000"", ""147547_token_0000"", ""523_token_0001"", ""139675_token_0001"", ""133296_token_0000"", ""151232_token_0000"", ""175046_token_0001"", ""134237_token_0000"", ""137244_token_0004"", ""147547_token_0001"", ""135998_token_0000"", ""140824_token_0000"", ""138509_token_0000"", ""100056_token_0000"", ""140824_token_0001"", ""182716_token_0000"", ""139982_token_0000"", ""150428_token_0001"", ""182557_token_0000"", ""42573_token_0001"", ""105571_token_0003"", ""175046_token_0000"", ""175046_token_0002"", ""135220_token_0000"", ""523_token_0002"", ""148894_token_0001"", ""42573_token_0002"", ""135049_token_0000"", ""137244_token_0005"", ""100056_token_0001"", ""55326_token_0000"", ""133992_token_0001""]"
cross_21_2,bm25,Trình tự thời gian các sự kiện từ khi có chủ trương sáp nhập Quảng Nam - Đà Nẵng cho đến khi TP.HCM vận hành chính quyền đô thị mới và Đà Nẵng công bố chỉ số du lịch năm 2024 diễn ra như thế nào?,"[139413, 247390, 133992]",True,"[""139413"", ""247390"", ""133992""]",284.6499,0.3333333333333333,1.0,0.6666666666666666,1.0,0.6666666666666666,1.0,1.0,0.6508205185601091,"[""133992"", ""139413"", ""247390""]","[""247390"", ""105571"", ""523"", ""1394"", ""139413"", ""22222"", ""78847"", ""153825"", ""103471"", ""1360"", ""104902"", ""1649"", ""75290"", ""247360"", ""154701"", ""93301"", ""199846"", ""65888"", ""137933"", ""27066"", ""78441"", ""102573"", ""39162"", ""164773"", ""262509"", ""160006"", ""5618"", ""155785"", ""52728"", ""139927"", ""137244"", ""148481"", ""136061"", ""78760"", ""79254"", ""43429"", ""25919"", ""1658"", ""7567""]","[""247390_token_0000"", ""105571_token_0002"", ""523_token_0001"", ""1394_token_0000"", ""139413_token_0000"", ""22222_token_0001"", ""22222_token_0000"", ""78847_token_0000"", ""523_token_0000"", ""153825_token_0002"", ""103471_token_0000"", ""1360_token_0000"", ""1360_token_0001"", ""104902_token_0000"", ""1649_token_0002"", ""75290_token_0003"", ""247360_token_0000"", ""154701_token_0002"", ""93301_token_0000"", ""104902_token_0003"", ""199846_token_0001"", ""65888_token_0000"", ""137933_token_0000"", ""154701_token_0001"", ""105571_token_0003"", ""27066_token_0001"", ""78441_token_0000"", ""102573_token_0000"", ""39162_token_0000"", ""164773_token_0000"", ""247360_token_0001"", ""104902_token_0002"", ""262509_token_0000"", ""160006_token_0000"", ""5618_token_0001"", ""105571_token_0000"", ""155785_token_0000"", ""52728_token_0000"", ""139927_token_0000"", ""137244_token_0002"", ""148481_token_0000"", ""136061_token_0000"", ""78760_token_0000"", ""153825_token_0003"", ""79254_token_0000"", ""43429_token_0000"", ""25919_token_0000"", ""1658_token_0000"", ""7567_token_0000"", ""139413_token_0001""]"
cross_21_2,dense,Trình tự thời gian các sự kiện từ khi có chủ trương sáp nhập Quảng Nam - Đà Nẵng cho đến khi TP.HCM vận hành chính quyền đô thị mới và Đà Nẵng công bố chỉ số du lịch năm 2024 diễn ra như thế nào?,"[139413, 247390, 133992]",True,"[""139413"", ""247390"", ""133992""]",6166.3706,0.3333333333333333,1.0,0.6666666666666666,1.0,0.6666666666666666,1.0,1.0,0.7653606369886217,"[""133992"", ""139413"", ""247390""]","[""139413"", ""247390"", ""2040"", ""79560"", ""105571"", ""79727"", ""7230"", ""140405"", ""44188"", ""139927"", ""196475"", ""137244"", ""247360"", ""151451"", ""136614"", ""78760"", ""196499"", ""78258"", ""107258"", ""788"", ""141430"", ""154701"", ""137933"", ""79298"", ""139627"", ""79577"", ""196341"", ""154343"", ""107464"", ""136061"", ""78653"", ""105697"", ""133755"", ""197123"", ""104902"", ""523"", ""184321""]","[""139413_token_0000"", ""247390_token_0000"", ""139413_token_0001"", ""2040_token_0002"", ""79560_token_0000"", ""2040_token_0000"", ""105571_token_0003"", ""79727_token_0000"", ""7230_token_0000"", ""2040_token_0001"", ""105571_token_0002"", ""140405_token_0000"", ""44188_token_0000"", ""139927_token_0000"", ""196475_token_0002"", ""137244_token_0007"", ""247360_token_0000"", ""151451_token_0001"", ""136614_token_0000"", ""78760_token_0001"", ""196499_token_0003"", ""78258_token_0000"", ""107258_token_0001"", ""78760_token_0000"", ""788_token_0000"", ""141430_token_0001"", ""154701_token_0002"", ""137933_token_0000"", ""79298_token_0000"", ""139627_token_0000"", ""79577_token_0000"", ""196341_token_0001"", ""141430_token_0002"", ""154701_token_0001"", ""44188_token_0001"", ""137244_token_0001"", ""154343_token_0000"", ""107464_token_0000"", ""136061_token_0000"", ""78653_token_0000"", ""137244_token_0006"", ""105697_token_0001"", ""137244_token_0003"", ""247360_token_0001"", ""133755_token_0003"", ""197123_token_0002"", ""196341_token_0000"", ""104902_token_0003"", ""523_token_0001"", ""184321_token_0000""]"
cross_21_2,hybrid,Trình tự thời gian các sự kiện từ khi có chủ trương sáp nhập Quảng Nam - Đà Nẵng cho đến khi TP.HCM vận hành chính quyền đô thị mới và Đà Nẵng công bố chỉ số du lịch năm 2024 diễn ra như thế nào?,"[139413, 247390, 133992]",True,"[""139413"", ""247390"", ""133992""]",6455.2162,0.3333333333333333,1.0,0.6666666666666666,1.0,0.6666666666666666,1.0,1.0,0.7653606369886217,"[""133992"", ""139413"", ""247390""]","[""247390"", ""139413"", ""105571"", ""247360"", ""523"", ""154701"", ""139927"", ""137933"", ""104902"", ""78760"", ""136061"", ""1394"", ""2040"", ""79560"", ""22222"", ""78847"", ""79727"", ""7230"", ""153825"", ""103471"", ""1360"", ""140405"", ""44188"", ""1649"", ""196475"", ""137244"", ""75290"", ""151451"", ""136614"", ""93301"", ""196499"", ""199846"", ""65888"", ""78258"", ""107258"", ""788"", ""141430"", ""27066"", ""78441""]","[""247390_token_0000"", ""139413_token_0000"", ""105571_token_0002"", ""105571_token_0003"", ""247360_token_0000"", ""523_token_0001"", ""139413_token_0001"", ""154701_token_0002"", ""139927_token_0000"", ""137933_token_0000"", ""154701_token_0001"", ""104902_token_0003"", ""78760_token_0000"", ""247360_token_0001"", ""136061_token_0000"", ""1394_token_0000"", ""2040_token_0002"", ""79560_token_0000"", ""2040_token_0000"", ""22222_token_0001"", ""22222_token_0000"", ""78847_token_0000"", ""79727_token_0000"", ""523_token_0000"", ""7230_token_0000"", ""153825_token_0002"", ""2040_token_0001"", ""103471_token_0000"", ""1360_token_0000"", ""140405_token_0000"", ""1360_token_0001"", ""44188_token_0000"", ""104902_token_0000"", ""1649_token_0002"", ""196475_token_0002"", ""137244_token_0007"", ""75290_token_0003"", ""151451_token_0001"", ""136614_token_0000"", ""93301_token_0000"", ""78760_token_0001"", ""196499_token_0003"", ""199846_token_0001"", ""65888_token_0000"", ""78258_token_0000"", ""107258_token_0001"", ""788_token_0000"", ""141430_token_0001"", ""27066_token_0001"", ""78441_token_0000""]"
cross_22_1,bm25,"Từ thông tin ở cả ba bài báo, chiến lược tái cơ cấu tổng thể của Suzuki tại khu vực Đông Nam Á thể hiện như thế nào? So sánh các động thái của hãng tại Việt Nam, Thái Lan và Indonesia.","[145672, 52000, 144527]",True,"[""145672"", ""52000"", ""144527""]",290.3222,0.3333333333333333,1.0,0.3333333333333333,1.0,0.6666666666666666,1.0,1.0,0.6105456988825855,"[""144527"", ""145672"", ""52000""]","[""52000"", ""251878"", ""129288"", ""36349"", ""181302"", ""48459"", ""146606"", ""127152"", ""145672"", ""52475"", ""247528"", ""127071"", ""41641"", ""119753"", ""78787"", ""63218"", ""186492"", ""129552"", ""18138"", ""126822"", ""145335"", ""219226"", ""10636"", ""35625"", ""126803"", ""221413"", ""36228"", ""198966"", ""235852"", ""223097"", ""185168"", ""11290"", ""61902"", ""185964"", ""200359"", ""219953"", ""59040"", ""252332"", ""119382"", ""201342"", ""129775"", ""224044"", ""247447"", ""35666"", ""185640"", ""120270""]","[""52000_token_0001"", ""52000_token_0000"", ""251878_token_0000"", ""129288_token_0000"", ""36349_token_0000"", ""181302_token_0000"", ""48459_token_0002"", ""146606_token_0000"", ""127152_token_0000"", ""145672_token_0000"", ""251878_token_0001"", ""52475_token_0000"", ""247528_token_0000"", ""127071_token_0000"", ""41641_token_0000"", ""119753_token_0001"", ""78787_token_0000"", ""63218_token_0000"", ""186492_token_0000"", ""129552_token_0000"", ""18138_token_0000"", ""126822_token_0001"", ""48459_token_0003"", ""145335_token_0000"", ""219226_token_0000"", ""10636_token_0000"", ""35625_token_0001"", ""126803_token_0000"", ""221413_token_0000"", ""36228_token_0000"", ""198966_token_0000"", ""235852_token_0001"", ""48459_token_0000"", ""223097_token_0000"", ""185168_token_0000"", ""11290_token_0001"", ""61902_token_0000"", ""185964_token_0000"", ""200359_token_0000"", ""219953_token_0000"", ""59040_token_0000"", ""252332_token_0000"", ""119382_token_0000"", ""201342_token_0000"", ""129775_token_0000"", ""224044_token_0000"", ""247447_token_0001"", ""35666_token_0001"", ""185640_token_0000"", ""120270_token_0000""]"
cross_22_1,dense,"Từ thông tin ở cả ba bài báo, chiến lược tái cơ cấu tổng thể của Suzuki tại khu vực Đông Nam Á thể hiện như thế nào? So sánh các động thái của hãng tại Việt Nam, Thái Lan và Indonesia.","[145672, 52000, 144527]",True,"[""145672"", ""52000"", ""144527""]",6183.7508,0.3333333333333333,1.0,0.6666666666666666,1.0,0.6666666666666666,1.0,1.0,0.7653606369886217,"[""144527"", ""145672"", ""52000""]","[""52000"", ""145672"", ""144923"", ""52475"", ""145940"", ""51806"", ""18300"", ""48576"", ""48459"", ""185168"", ""198966"", ""251878"", ""146606"", ""65217"", ""33209"", ""145335"", ""145915"", ""119753"", ""51950"", ""119382"", ""51428"", ""196843"", ""197968"", ""47632"", ""201775"", ""48227"", ""20967"", ""104706"", ""18138"", ""48422""]","[""52000_token_0000"", ""52000_token_0001"", ""145672_token_0000"", ""144923_token_0002"", ""144923_token_0001"", ""52475_token_0000"", ""145940_token_0002"", ""51806_token_0001"", ""145672_token_0001"", ""18300_token_0000"", ""48576_token_0002"", ""48459_token_0003"", ""185168_token_0000"", ""144923_token_0000"", ""198966_token_0000"", ""48459_token_0001"", ""251878_token_0000"", ""146606_token_0000"", ""65217_token_0001"", ""33209_token_0001"", ""145335_token_0000"", ""48459_token_0002"", ""145915_token_0002"", ""145940_token_0000"", ""119753_token_0001"", ""145915_token_0000"", ""251878_token_0001"", ""145915_token_0001"", ""51950_token_0000"", ""119382_token_0001"", ""48576_token_0003"", ""51428_token_0001"", ""48459_token_0004"", ""48576_token_0005"", ""48576_token_0007"", ""196843_token_0001"", ""197968_token_0002"", ""47632_token_0002"", ""201775_token_0001"", ""145940_token_0001"", ""48227_token_0002"", ""20967_token_0002"", ""48576_token_0001"", ""104706_token_0003"", ""48459_token_0000"", ""198966_token_0001"", ""33209_token_0002"", ""65217_token_0000"", ""18138_token_0001"", ""48422_token_0000""]"
cross_22_1,hybrid,"Từ thông tin ở cả ba bài báo, chiến lược tái cơ cấu tổng thể của Suzuki tại khu vực Đông Nam Á thể hiện như thế nào? So sánh các động thái của hãng tại Việt Nam, Thái Lan và Indonesia.","[145672, 52000, 144527]",True,"[""145672"", ""52000"", ""144527""]",6637.3403,0.3333333333333333,1.0,0.6666666666666666,1.0,0.6666666666666666,1.0,1.0,0.7653606369886217,"[""144527"", ""145672"", ""52000""]","[""52000"", ""145672"", ""52475"", ""251878"", ""146606"", ""48459"", ""119753"", ""198966"", ""145335"", ""185168"", ""129288"", ""144923"", ""36349"", ""181302"", ""145940"", ""51806"", ""127152"", ""18300"", ""48576"", ""247528"", ""127071"", ""41641"", ""78787"", ""63218"", ""186492"", ""65217"", ""129552"", ""33209"", ""18138"", ""126822"", ""145915"", ""219226"", ""10636"", ""35625"", ""126803"", ""221413"", ""51950"", ""119382"", ""36228""]","[""52000_token_0000"", ""52000_token_0001"", ""145672_token_0000"", ""52475_token_0000"", ""251878_token_0000"", ""146606_token_0000"", ""48459_token_0002"", ""48459_token_0003"", ""251878_token_0001"", ""119753_token_0001"", ""198966_token_0000"", ""145335_token_0000"", ""185168_token_0000"", ""48459_token_0000"", ""129288_token_0000"", ""144923_token_0002"", ""144923_token_0001"", ""36349_token_0000"", ""181302_token_0000"", ""145940_token_0002"", ""51806_token_0001"", ""127152_token_0000"", ""145672_token_0001"", ""18300_token_0000"", ""48576_token_0002"", ""247528_token_0000"", ""127071_token_0000"", ""144923_token_0000"", ""41641_token_0000"", ""48459_token_0001"", ""78787_token_0000"", ""63218_token_0000"", ""186492_token_0000"", ""65217_token_0001"", ""129552_token_0000"", ""33209_token_0001"", ""18138_token_0000"", ""126822_token_0001"", ""145915_token_0002"", ""145940_token_0000"", ""219226_token_0000"", ""10636_token_0000"", ""145915_token_0000"", ""35625_token_0001"", ""126803_token_0000"", ""145915_token_0001"", ""221413_token_0000"", ""51950_token_0000"", ""119382_token_0001"", ""36228_token_0000""]"
cross_22_2,bm25,"Suzuki Việt Nam tuyên bố sẽ dồn lực sang mảng ô tô, đặc biệt xe tải nhẹ. Dựa trên dữ liệu thị phần xe bán tải tại Việt Nam tháng 4.2023, liệu Suzuki có cơ hội cạnh tranh trong phân khúc này không và hãng cần chiến lược gì để giành thị phần từ Ford Ranger?","[145672, 52000, 144527]",False,"[""145672"", ""144527"", ""52000""]",392.3476,0.3333333333333333,1.0,0.6666666666666666,1.0,0.6666666666666666,1.0,1.0,0.7039180890341347,"[""144527"", ""145672"", ""52000""]","[""144527"", ""144432"", ""145672"", ""51428"", ""143542"", ""145761"", ""146361"", ""146329"", ""145468"", ""146214"", ""48422"", ""144923"", ""143752"", ""50308"", ""52000"", ""143456"", ""144003"", ""146114"", ""253297"", ""146399"", ""48459"", ""247875"", ""144907"", ""253150"", ""252122"", ""51298"", ""48193"", ""143170"", ""145230"", ""145203"", ""51877"", ""252253"", ""52571"", ""253348"", ""253045"", ""254992"", ""48206""]","[""144527_token_0000"", ""144527_token_0001"", ""144432_token_0000"", ""144432_token_0001"", ""145672_token_0000"", ""51428_token_0001"", ""143542_token_0002"", ""145761_token_0001"", ""146361_token_0001"", ""146329_token_0001"", ""145468_token_0001"", ""146214_token_0000"", ""48422_token_0000"", ""144923_token_0000"", ""143752_token_0001"", ""50308_token_0000"", ""52000_token_0000"", ""144923_token_0001"", ""145672_token_0001"", ""52000_token_0001"", ""143456_token_0002"", ""144003_token_0000"", ""146114_token_0001"", ""253297_token_0001"", ""143542_token_0001"", ""146399_token_0000"", ""48459_token_0004"", ""143542_token_0000"", ""253297_token_0000"", ""247875_token_0002"", ""144907_token_0000"", ""253150_token_0002"", ""252122_token_0000"", ""51298_token_0000"", ""48193_token_0002"", ""143170_token_0001"", ""145230_token_0000"", ""146214_token_0001"", ""145203_token_0001"", ""253150_token_0001"", ""51877_token_0000"", ""146399_token_0002"", ""252253_token_0000"", ""52571_token_0000"", ""253348_token_0000"", ""48193_token_0000"", ""253045_token_0000"", ""254992_token_0000"", ""145203_token_0002"", ""48206_token_0002""]"
cross_22_2,dense,"Suzuki Việt Nam tuyên bố sẽ dồn lực sang mảng ô tô, đặc biệt xe tải nhẹ. Dựa trên dữ liệu thị phần xe bán tải tại Việt Nam tháng 4.2023, liệu Suzuki có cơ hội cạnh tranh trong phân khúc này không và hãng cần chiến lược gì để giành thị phần từ Ford Ranger?","[145672, 52000, 144527]",False,"[""145672"", ""144527"", ""52000""]",6387.6701,0.3333333333333333,1.0,0.3333333333333333,1.0,0.3333333333333333,1.0,1.0,0.46927872602275644,"[""144527"", ""145672"", ""52000""]","[""144527"", ""144432"", ""146214"", ""143542"", ""143752"", ""145938"", ""48206"", ""144923"", ""253348"", ""143979"", ""145370"", ""145468"", ""144419"", ""48576"", ""144728"", ""146137"", ""253297"", ""146399"", ""144775"", ""146205"", ""247875"", ""48101"", ""145761"", ""143358"", ""48227"", ""143954"", ""48193"", ""145737"", ""48459""]","[""144527_token_0000"", ""144527_token_0001"", ""144432_token_0000"", ""146214_token_0000"", ""144432_token_0001"", ""146214_token_0001"", ""143542_token_0002"", ""143752_token_0001"", ""145938_token_0000"", ""48206_token_0002"", ""144923_token_0001"", ""253348_token_0000"", ""143979_token_0001"", ""144923_token_0000"", ""143542_token_0000"", ""145370_token_0000"", ""145370_token_0002"", ""145468_token_0001"", ""143979_token_0002"", ""144419_token_0001"", ""48576_token_0000"", ""144728_token_0000"", ""146137_token_0002"", ""253297_token_0001"", ""48206_token_0000"", ""146399_token_0000"", ""143752_token_0000"", ""146137_token_0000"", ""144419_token_0000"", ""145370_token_0001"", ""144775_token_0001"", ""146137_token_0003"", ""146137_token_0001"", ""143542_token_0001"", ""146205_token_0001"", ""247875_token_0002"", ""143979_token_0000"", ""144728_token_0001"", ""253348_token_0001"", ""144923_token_0002"", ""144419_token_0002"", ""48101_token_0000"", ""145761_token_0001"", ""143358_token_0001"", ""48227_token_0002"", ""143954_token_0001"", ""48193_token_0002"", ""145737_token_0000"", ""48459_token_0002"", ""48206_token_0003""]"
cross_22_2,hybrid,"Suzuki Việt Nam tuyên bố sẽ dồn lực sang mảng ô tô, đặc biệt xe tải nhẹ. Dựa trên dữ liệu thị phần xe bán tải tại Việt Nam tháng 4.2023, liệu Suzuki có cơ hội cạnh tranh trong phân khúc này không và hãng cần chiến lược gì để giành thị phần từ Ford Ranger?","[145672, 52000, 144527]",False,"[""145672"", ""144527"", ""52000""]",6591.9891,0.3333333333333333,1.0,0.3333333333333333,1.0,0.3333333333333333,1.0,1.0,0.46927872602275644,"[""144527"", ""145672"", ""52000""]","[""144527"", ""144432"", ""143542"", ""146214"", ""143752"", ""144923"", ""145468"", ""145761"", ""253297"", ""253348"", ""48206"", ""146399"", ""247875"", ""48193"", ""145672"", ""51428"", ""145938"", ""146361"", ""146329"", ""143979"", ""48422"", ""145370"", ""50308"", ""52000"", ""144419"", ""143456"", ""48576"", ""144003"", ""144728"", ""146114"", ""146137"", ""48459"", ""144775"", ""144907""]","[""144527_token_0000"", ""144527_token_0001"", ""144432_token_0000"", ""144432_token_0001"", ""143542_token_0002"", ""146214_token_0000"", ""143752_token_0001"", ""144923_token_0000"", ""144923_token_0001"", ""145468_token_0001"", ""146214_token_0001"", ""143542_token_0000"", ""145761_token_0001"", ""253297_token_0001"", ""253348_token_0000"", ""48206_token_0002"", ""146399_token_0000"", ""143542_token_0001"", ""247875_token_0002"", ""48193_token_0002"", ""145672_token_0000"", ""51428_token_0001"", ""145938_token_0000"", ""146361_token_0001"", ""146329_token_0001"", ""143979_token_0001"", ""48422_token_0000"", ""145370_token_0000"", ""50308_token_0000"", ""145370_token_0002"", ""52000_token_0000"", ""143979_token_0002"", ""145672_token_0001"", ""144419_token_0001"", ""52000_token_0001"", ""143456_token_0002"", ""48576_token_0000"", ""144003_token_0000"", ""144728_token_0000"", ""146114_token_0001"", ""146137_token_0002"", ""48206_token_0000"", ""143752_token_0000"", ""48459_token_0004"", ""146137_token_0000"", ""144419_token_0000"", ""253297_token_0000"", ""145370_token_0001"", ""144775_token_0001"", ""144907_token_0000""]"
cross_23_1,bm25,"So sánh xu hướng nhập khẩu xe máy và ô tô về Việt Nam: điểm chung về nguồn gốc nhập khẩu (Thái Lan, Nhật Bản...) và đối tượng khách hàng hướng đến giữa các bài báo về xe máy 'tí hon' đắt đỏ, xe máy 50cc và ô tô nhập khẩu nguyên chiếc là gì?","[254260, 143170, 146482]",True,"[""254260"", ""143170"", ""146482""]",380.5712,0.3333333333333333,1.0,0.6666666666666666,1.0,0.6666666666666666,1.0,1.0,0.7653606369886217,"[""143170"", ""146482"", ""254260""]","[""146482"", ""254260"", ""252280"", ""247764"", ""249878"", ""251867"", ""52308"", ""143986"", ""143999"", ""143990"", ""252024"", ""145915"", ""203246"", ""144187"", ""143170"", ""148248"", ""253776"", ""146470"", ""253821"", ""43728"", ""249229"", ""144957"", ""254851"", ""253706"", ""255564"", ""144887"", ""247406"", ""253712"", ""252535"", ""251939"", ""252218"", ""247875"", ""247470"", ""252857"", ""143454""]","[""146482_token_0000"", ""254260_token_0000"", ""252280_token_0000"", ""146482_token_0001"", ""247764_token_0000"", ""249878_token_0000"", ""254260_token_0002"", ""251867_token_0001"", ""52308_token_0000"", ""252280_token_0001"", ""143986_token_0000"", ""143999_token_0000"", ""143990_token_0000"", ""252024_token_0000"", ""254260_token_0001"", ""143999_token_0002"", ""146482_token_0002"", ""145915_token_0001"", ""203246_token_0001"", ""144187_token_0001"", ""144187_token_0000"", ""143170_token_0002"", ""251867_token_0002"", ""143170_token_0000"", ""148248_token_0000"", ""253776_token_0001"", ""143999_token_0001"", ""249878_token_0002"", ""146470_token_0000"", ""143170_token_0001"", ""253821_token_0001"", ""43728_token_0001"", ""249878_token_0001"", ""249229_token_0001"", ""144957_token_0000"", ""254851_token_0000"", ""253706_token_0001"", ""255564_token_0002"", ""144887_token_0000"", ""247406_token_0002"", ""253712_token_0003"", ""252535_token_0001"", ""144187_token_0002"", ""251939_token_0001"", ""252218_token_0001"", ""247875_token_0003"", ""247470_token_0000"", ""252857_token_0000"", ""143986_token_0001"", ""143454_token_0001""]"
cross_23_1,dense,"So sánh xu hướng nhập khẩu xe máy và ô tô về Việt Nam: điểm chung về nguồn gốc nhập khẩu (Thái Lan, Nhật Bản...) và đối tượng khách hàng hướng đến giữa các bài báo về xe máy 'tí hon' đắt đỏ, xe máy 50cc và ô tô nhập khẩu nguyên chiếc là gì?","[254260, 143170, 146482]",True,"[""254260"", ""143170"", ""146482""]",6138.177,0.3333333333333333,1.0,1.0,1.0,1.0,1.0,1.0,0.9469024295259745,"[""143170"", ""146482"", ""254260""]","[""146482"", ""143170"", ""143986"", ""144187"", ""254260"", ""143999"", ""145915"", ""251867"", ""252280"", ""252250"", ""247470"", ""249878"", ""47632"", ""49001"", ""248033"", ""144534"", ""47551"", ""145940"", ""51957"", ""146470"", ""253883"", ""247565"", ""203246"", ""48422"", ""145335"", ""48459"", ""247406""]","[""146482_token_0000"", ""143170_token_0002"", ""143986_token_0000"", ""146482_token_0001"", ""146482_token_0002"", ""143170_token_0000"", ""143170_token_0001"", ""144187_token_0000"", ""254260_token_0002"", ""143986_token_0001"", ""143999_token_0000"", ""143999_token_0001"", ""145915_token_0001"", ""251867_token_0001"", ""252280_token_0001"", ""252250_token_0000"", ""247470_token_0000"", ""249878_token_0000"", ""252250_token_0001"", ""254260_token_0001"", ""47632_token_0002"", ""143999_token_0002"", ""49001_token_0000"", ""144187_token_0001"", ""248033_token_0001"", ""254260_token_0000"", ""144534_token_0001"", ""47632_token_0001"", ""252250_token_0002"", ""47551_token_0000"", ""249878_token_0003"", ""251867_token_0000"", ""249878_token_0001"", ""47632_token_0000"", ""145940_token_0001"", ""144187_token_0002"", ""51957_token_0000"", ""146470_token_0002"", ""145940_token_0002"", ""252280_token_0002"", ""253883_token_0003"", ""247565_token_0000"", ""203246_token_0001"", ""253883_token_0002"", ""48422_token_0001"", ""145335_token_0000"", ""51957_token_0001"", ""48459_token_0001"", ""247406_token_0001"", ""249878_token_0002""]"
cross_23_1,hybrid,"So sánh xu hướng nhập khẩu xe máy và ô tô về Việt Nam: điểm chung về nguồn gốc nhập khẩu (Thái Lan, Nhật Bản...) và đối tượng khách hàng hướng đến giữa các bài báo về xe máy 'tí hon' đắt đỏ, xe máy 50cc và ô tô nhập khẩu nguyên chiếc là gì?","[254260, 143170, 146482]",True,"[""254260"", ""143170"", ""146482""]",6928.9487,0.3333333333333333,1.0,1.0,1.0,1.0,1.0,1.0,0.9060254355346823,"[""143170"", ""146482"", ""254260""]","[""146482"", ""143986"", ""254260"", ""143170"", ""251867"", ""143999"", ""249878"", ""252280"", ""144187"", ""145915"", ""203246"", ""247470"", ""247764"", ""52308"", ""143990"", ""252024"", ""252250"", ""47632"", ""49001"", ""148248"", ""248033"", ""253776"", ""144534"", ""146470"", ""47551"", ""253821"", ""43728"", ""249229"", ""144957""]","[""146482_token_0000"", ""146482_token_0001"", ""143986_token_0000"", ""254260_token_0002"", ""146482_token_0002"", ""143170_token_0002"", ""251867_token_0001"", ""143999_token_0000"", ""249878_token_0000"", ""254260_token_0000"", ""252280_token_0001"", ""143170_token_0000"", ""144187_token_0000"", ""145915_token_0001"", ""143170_token_0001"", ""254260_token_0001"", ""143999_token_0001"", ""143999_token_0002"", ""144187_token_0001"", ""143986_token_0001"", ""203246_token_0001"", ""247470_token_0000"", ""249878_token_0001"", ""249878_token_0002"", ""144187_token_0002"", ""252280_token_0000"", ""247764_token_0000"", ""52308_token_0000"", ""143990_token_0000"", ""252024_token_0000"", ""252250_token_0000"", ""252250_token_0001"", ""47632_token_0002"", ""251867_token_0002"", ""49001_token_0000"", ""148248_token_0000"", ""248033_token_0001"", ""253776_token_0001"", ""144534_token_0001"", ""47632_token_0001"", ""146470_token_0000"", ""252250_token_0002"", ""47551_token_0000"", ""249878_token_0003"", ""253821_token_0001"", ""251867_token_0000"", ""43728_token_0001"", ""249229_token_0001"", ""47632_token_0000"", ""144957_token_0000""]"
cross_23_2,bm25,"Xét về mặt giá bán, liệu mức giá của các mẫu xe máy nhập khẩu như Honda Cross Cub 110 (100 triệu đồng), Honda Dax ST125 (130 triệu đồng) hay các mẫu xe máy 50cc nhập khẩu từ Nhật Bản có ảnh hưởng đến doanh số bán xe máy nhập khẩu tổng thể tại Việt Nam trong năm 2025 hay không, và doanh số cụ thể của phân khúc xe máy nhập khẩu tư nhân là bao nhiêu?","[254260, 143170, 146482]",False,"[""254260"", ""143170"", ""146482""]",548.8749,0.3333333333333333,1.0,0.6666666666666666,1.0,0.6666666666666666,1.0,1.0,0.7653606369886217,"[""143170"", ""146482"", ""254260""]","[""254260"", ""146482"", ""52308"", ""247406"", ""145915"", ""249878"", ""253712"", ""48283"", ""253776"", ""143454"", ""253150"", ""144566"", ""143962"", ""146470"", ""252250"", ""47942"", ""145737"", ""247463"", ""146361"", ""49001"", ""144119"", ""143824"", ""253821"", ""253706"", ""143287"", ""253883"", ""143446"", ""143542"", ""148248"", ""145335"", ""253924"", ""253417"", ""253590"", ""143195"", ""253737""]","[""254260_token_0000"", ""146482_token_0000"", ""52308_token_0000"", ""146482_token_0001"", ""254260_token_0001"", ""247406_token_0001"", ""254260_token_0002"", ""145915_token_0001"", ""249878_token_0000"", ""253712_token_0001"", ""146482_token_0002"", ""48283_token_0000"", ""253776_token_0001"", ""143454_token_0001"", ""253150_token_0000"", ""144566_token_0000"", ""143962_token_0000"", ""146470_token_0000"", ""252250_token_0000"", ""252250_token_0001"", ""247406_token_0002"", ""47942_token_0000"", ""145737_token_0000"", ""247463_token_0000"", ""146361_token_0001"", ""253776_token_0000"", ""49001_token_0000"", ""253150_token_0002"", ""247406_token_0000"", ""144119_token_0000"", ""143824_token_0001"", ""249878_token_0002"", ""143454_token_0000"", ""249878_token_0001"", ""253821_token_0001"", ""49001_token_0001"", ""253706_token_0000"", ""143287_token_0000"", ""253883_token_0001"", ""253821_token_0000"", ""253150_token_0001"", ""143446_token_0000"", ""143542_token_0000"", ""148248_token_0000"", ""145335_token_0000"", ""253924_token_0000"", ""253417_token_0000"", ""253590_token_0001"", ""143195_token_0000"", ""253737_token_0000""]"
cross_23_2,dense,"Xét về mặt giá bán, liệu mức giá của các mẫu xe máy nhập khẩu như Honda Cross Cub 110 (100 triệu đồng), Honda Dax ST125 (130 triệu đồng) hay các mẫu xe máy 50cc nhập khẩu từ Nhật Bản có ảnh hưởng đến doanh số bán xe máy nhập khẩu tổng thể tại Việt Nam trong năm 2025 hay không, và doanh số cụ thể của phân khúc xe máy nhập khẩu tư nhân là bao nhiêu?","[254260, 143170, 146482]",False,"[""254260"", ""143170"", ""146482""]",6183.2502,0.3333333333333333,1.0,0.6666666666666666,1.0,0.6666666666666666,1.0,1.0,0.7653606369886217,"[""143170"", ""146482"", ""254260""]","[""254260"", ""146482"", ""145915"", ""52308"", ""247406"", ""143454"", ""252250"", ""247470"", ""253924"", ""249878"", ""247463"", ""253883"", ""144566"", ""247565"", ""145471"", ""143962"", ""145672"", ""146470"", ""148248"", ""51957"", ""49001"", ""253712"", ""48333"", ""251867"", ""254121"", ""51561"", ""253776"", ""143446"", ""253821""]","[""254260_token_0000"", ""146482_token_0000"", ""146482_token_0002"", ""146482_token_0001"", ""145915_token_0001"", ""254260_token_0001"", ""254260_token_0002"", ""52308_token_0000"", ""247406_token_0001"", ""143454_token_0001"", ""143454_token_0002"", ""252250_token_0001"", ""143454_token_0000"", ""252250_token_0000"", ""145915_token_0000"", ""247470_token_0000"", ""145915_token_0002"", ""253924_token_0000"", ""249878_token_0002"", ""247463_token_0001"", ""253883_token_0000"", ""144566_token_0000"", ""247463_token_0000"", ""247565_token_0000"", ""145471_token_0000"", ""252250_token_0002"", ""143962_token_0000"", ""145471_token_0001"", ""145672_token_0000"", ""146470_token_0000"", ""148248_token_0002"", ""253883_token_0001"", ""146470_token_0002"", ""51957_token_0001"", ""247406_token_0002"", ""49001_token_0000"", ""253712_token_0002"", ""48333_token_0001"", ""251867_token_0000"", ""254121_token_0002"", ""251867_token_0001"", ""48333_token_0000"", ""249878_token_0003"", ""253712_token_0003"", ""51561_token_0001"", ""253776_token_0001"", ""143446_token_0000"", ""249878_token_0000"", ""253821_token_0001"", ""249878_token_0001""]"
cross_23_2,hybrid,"Xét về mặt giá bán, liệu mức giá của các mẫu xe máy nhập khẩu như Honda Cross Cub 110 (100 triệu đồng), Honda Dax ST125 (130 triệu đồng) hay các mẫu xe máy 50cc nhập khẩu từ Nhật Bản có ảnh hưởng đến doanh số bán xe máy nhập khẩu tổng thể tại Việt Nam trong năm 2025 hay không, và doanh số cụ thể của phân khúc xe máy nhập khẩu tư nhân là bao nhiêu?","[254260, 143170, 146482]",False,"[""254260"", ""143170"", ""146482""]",6879.07,0.3333333333333333,1.0,0.6666666666666666,1.0,0.6666666666666666,1.0,1.0,0.7653606369886217,"[""143170"", ""146482"", ""254260""]","[""254260"", ""146482"", ""52308"", ""145915"", ""247406"", ""143454"", ""252250"", ""144566"", ""143962"", ""247463"", ""146470"", ""249878"", ""253776"", ""253924"", ""49001"", ""253883"", ""253821"", ""143446"", ""253712"", ""48283"", ""253150"", ""247470"", ""47942"", ""145737"", ""247565"", ""145471"", ""146361"", ""145672"", ""144119"", ""143824"", ""148248""]","[""254260_token_0000"", ""146482_token_0000"", ""146482_token_0001"", ""52308_token_0000"", ""254260_token_0001"", ""145915_token_0001"", ""146482_token_0002"", ""254260_token_0002"", ""247406_token_0001"", ""143454_token_0001"", ""252250_token_0001"", ""252250_token_0000"", ""144566_token_0000"", ""143962_token_0000"", ""143454_token_0000"", ""247463_token_0000"", ""146470_token_0000"", ""249878_token_0000"", ""249878_token_0002"", ""253776_token_0001"", ""247406_token_0002"", ""253924_token_0000"", ""49001_token_0000"", ""253883_token_0001"", ""249878_token_0001"", ""253821_token_0001"", ""143446_token_0000"", ""253712_token_0001"", ""143454_token_0002"", ""48283_token_0000"", ""145915_token_0000"", ""253150_token_0000"", ""247470_token_0000"", ""145915_token_0002"", ""247463_token_0001"", ""253883_token_0000"", ""47942_token_0000"", ""145737_token_0000"", ""247565_token_0000"", ""145471_token_0000"", ""146361_token_0001"", ""252250_token_0002"", ""253776_token_0000"", ""145471_token_0001"", ""253150_token_0002"", ""145672_token_0000"", ""247406_token_0000"", ""144119_token_0000"", ""143824_token_0001"", ""148248_token_0002""]"
cross_24_1,bm25,"So sánh lời khuyên dành cho tuổi Thìn trong ba ngày 17.6.2023, 22.11.2023 và 23.2.2024: điểm chung xuyên suốt là gì và có sự khác biệt nào đáng chú ý?","[70126, 71542, 70125]",True,"[""70126"", ""71542"", ""70125""]",276.4913,0.3333333333333333,1.0,0.6666666666666666,1.0,1.0,1.0,1.0,0.9217868789962071,"[""70125"", ""70126"", ""71542""]","[""70125"", ""71542"", ""71192"", ""71043"", ""70006"", ""69987"", ""70126"", ""71462"", ""70685"", ""157371"", ""187722"", ""71277"", ""69827"", ""165577"", ""160035"", ""69832"", ""158221"", ""70017"", ""149200"", ""71318"", ""71411"", ""5014"", ""66351"", ""71178"", ""168158"", ""82698"", ""257905"", ""85035"", ""96872"", ""81528"", ""101982"", ""30629"", ""14851"", ""175351"", ""69762"", ""84633"", ""5867"", ""11895"", ""87209"", ""255532"", ""16637"", ""7921"", ""35099""]","[""70125_token_0000"", ""71542_token_0001"", ""71192_token_0000"", ""71043_token_0000"", ""70006_token_0000"", ""70125_token_0001"", ""69987_token_0000"", ""71542_token_0000"", ""70126_token_0000"", ""71462_token_0000"", ""70685_token_0000"", ""157371_token_0001"", ""70126_token_0001"", ""187722_token_0000"", ""71277_token_0000"", ""69827_token_0001"", ""165577_token_0002"", ""160035_token_0000"", ""69832_token_0000"", ""158221_token_0000"", ""70017_token_0000"", ""149200_token_0001"", ""71318_token_0000"", ""71411_token_0001"", ""5014_token_0001"", ""66351_token_0002"", ""71178_token_0000"", ""168158_token_0000"", ""82698_token_0002"", ""257905_token_0000"", ""71192_token_0001"", ""85035_token_0001"", ""96872_token_0000"", ""81528_token_0000"", ""101982_token_0001"", ""66351_token_0003"", ""30629_token_0000"", ""14851_token_0000"", ""175351_token_0002"", ""69762_token_0000"", ""84633_token_0001"", ""71277_token_0001"", ""5867_token_0000"", ""11895_token_0001"", ""71411_token_0000"", ""87209_token_0000"", ""255532_token_0000"", ""16637_token_0001"", ""7921_token_0000"", ""35099_token_0001""]"
cross_24_1,dense,"So sánh lời khuyên dành cho tuổi Thìn trong ba ngày 17.6.2023, 22.11.2023 và 23.2.2024: điểm chung xuyên suốt là gì và có sự khác biệt nào đáng chú ý?","[70126, 71542, 70125]",True,"[""70126"", ""71542"", ""70125""]",6211.2206,0.3333333333333333,1.0,0.3333333333333333,1.0,0.6666666666666666,1.0,1.0,0.6105456988825855,"[""70125"", ""70126"", ""71542""]","[""71542"", ""71395"", ""70685"", ""69832"", ""71210"", ""69762"", ""71043"", ""69827"", ""70126"", ""71331"", ""71277"", ""71411"", ""71487"", ""71462"", ""70125"", ""71097"", ""70006"", ""69987"", ""71178"", ""71318"", ""70017"", ""70316"", ""71192"", ""71206"", ""71480"", ""70711"", ""258515"", ""69792""]","[""71542_token_0000"", ""71395_token_0000"", ""71542_token_0001"", ""70685_token_0000"", ""69832_token_0000"", ""71210_token_0000"", ""69762_token_0000"", ""71043_token_0000"", ""69827_token_0001"", ""70126_token_0000"", ""71331_token_0000"", ""71331_token_0001"", ""71277_token_0000"", ""69827_token_0000"", ""71411_token_0000"", ""71487_token_0001"", ""69832_token_0001"", ""71487_token_0000"", ""71395_token_0001"", ""71462_token_0000"", ""71043_token_0001"", ""71411_token_0001"", ""70125_token_0001"", ""71277_token_0001"", ""71097_token_0000"", ""70685_token_0001"", ""69762_token_0001"", ""70006_token_0000"", ""70125_token_0000"", ""71210_token_0001"", ""69987_token_0000"", ""71178_token_0001"", ""71318_token_0000"", ""71318_token_0001"", ""71462_token_0001"", ""70017_token_0000"", ""70316_token_0000"", ""70126_token_0001"", ""71178_token_0000"", ""69987_token_0001"", ""70017_token_0001"", ""71192_token_0000"", ""70006_token_0001"", ""71206_token_0000"", ""71480_token_0001"", ""70711_token_0000"", ""71480_token_0000"", ""258515_token_0000"", ""71192_token_0001"", ""69792_token_0000""]"
cross_24_1,hybrid,"So sánh lời khuyên dành cho tuổi Thìn trong ba ngày 17.6.2023, 22.11.2023 và 23.2.2024: điểm chung xuyên suốt là gì và có sự khác biệt nào đáng chú ý?","[70126, 71542, 70125]",True,"[""70126"", ""71542"", ""70125""]",6386.8721,0.3333333333333333,1.0,0.6666666666666666,1.0,1.0,1.0,1.0,0.8278123145308894,"[""70125"", ""70126"", ""71542""]","[""71542"", ""71043"", ""70685"", ""70126"", ""69832"", ""69827"", ""70125"", ""71277"", ""71462"", ""70006"", ""69987"", ""71192"", ""69762"", ""71411"", ""71318"", ""70017"", ""71178"", ""71395"", ""71210"", ""71331"", ""157371"", ""187722"", ""71487"", ""165577"", ""160035"", ""158221"", ""149200"", ""5014"", ""71097"", ""66351"", ""168158"", ""82698"", ""257905"", ""85035""]","[""71542_token_0001"", ""71542_token_0000"", ""71043_token_0000"", ""70685_token_0000"", ""70126_token_0000"", ""69832_token_0000"", ""69827_token_0001"", ""70125_token_0000"", ""70125_token_0001"", ""71277_token_0000"", ""71462_token_0000"", ""70006_token_0000"", ""69987_token_0000"", ""71192_token_0000"", ""69762_token_0000"", ""71411_token_0001"", ""70126_token_0001"", ""71411_token_0000"", ""71318_token_0000"", ""70017_token_0000"", ""71277_token_0001"", ""71178_token_0000"", ""71192_token_0001"", ""71395_token_0000"", ""71210_token_0000"", ""71331_token_0000"", ""157371_token_0001"", ""71331_token_0001"", ""187722_token_0000"", ""69827_token_0000"", ""71487_token_0001"", ""165577_token_0002"", ""69832_token_0001"", ""160035_token_0000"", ""71487_token_0000"", ""71395_token_0001"", ""158221_token_0000"", ""71043_token_0001"", ""149200_token_0001"", ""5014_token_0001"", ""71097_token_0000"", ""66351_token_0002"", ""70685_token_0001"", ""69762_token_0001"", ""168158_token_0000"", ""82698_token_0002"", ""257905_token_0000"", ""71210_token_0001"", ""71178_token_0001"", ""85035_token_0001""]"
cross_24_2,bm25,"Theo diễn biến thời gian từ ngày 17.6.2023 đến 22.11.2023 rồi 23.2.2024, vận trình của tuổi Tị có xu hướng cải thiện hay xấu đi, và tuổi Tị nên đầu tư tài chính vào thời điểm nào trong ba ngày đó?","[70126, 71542, 70125]",False,"[""70126"", ""71542"", ""70125""]",321.2081,0.0,0.0,0.6666666666666666,1.0,0.6666666666666666,1.0,0.3333333333333333,0.4367467095119258,"[""70125"", ""70126"", ""71542""]","[""70316"", ""71277"", ""70125"", ""71542"", ""102742"", ""152964"", ""104398"", ""193562"", ""69832"", ""152333"", ""197004"", ""111558"", ""200613"", ""44816"", ""71043"", ""137244"", ""106697"", ""29478"", ""116907"", ""96872"", ""203132"", ""108211"", ""192360"", ""48576"", ""123547"", ""118935"", ""44188"", ""70126"", ""141048"", ""112389"", ""251867"", ""262322"", ""192172"", ""194353"", ""213386"", ""27829"", ""7478"", ""111100"", ""71395"", ""25105"", ""68682"", ""127944"", ""203028"", ""212833"", ""6096""]","[""70316_token_0000"", ""71277_token_0000"", ""70125_token_0000"", ""71542_token_0000"", ""102742_token_0001"", ""152964_token_0001"", ""104398_token_0003"", ""193562_token_0000"", ""70125_token_0001"", ""69832_token_0000"", ""152333_token_0000"", ""197004_token_0001"", ""111558_token_0001"", ""200613_token_0001"", ""44816_token_0001"", ""71043_token_0000"", ""137244_token_0004"", ""106697_token_0004"", ""29478_token_0000"", ""116907_token_0000"", ""96872_token_0000"", ""203132_token_0000"", ""108211_token_0007"", ""137244_token_0002"", ""192360_token_0001"", ""48576_token_0004"", ""96872_token_0003"", ""123547_token_0000"", ""118935_token_0000"", ""44188_token_0000"", ""102742_token_0002"", ""70126_token_0000"", ""141048_token_0002"", ""112389_token_0003"", ""251867_token_0002"", ""262322_token_0000"", ""192172_token_0002"", ""194353_token_0000"", ""213386_token_0000"", ""27829_token_0000"", ""7478_token_0001"", ""111100_token_0002"", ""71395_token_0000"", ""25105_token_0000"", ""102742_token_0000"", ""68682_token_0000"", ""127944_token_0000"", ""203028_token_0000"", ""212833_token_0000"", ""6096_token_0001""]"
cross_24_2,dense,"Theo diễn biến thời gian từ ngày 17.6.2023 đến 22.11.2023 rồi 23.2.2024, vận trình của tuổi Tị có xu hướng cải thiện hay xấu đi, và tuổi Tị nên đầu tư tài chính vào thời điểm nào trong ba ngày đó?","[70126, 71542, 70125]",False,"[""70126"", ""71542"", ""70125""]",6126.6731,0.3333333333333333,1.0,0.3333333333333333,1.0,0.6666666666666666,1.0,1.0,0.6257049680303419,"[""70125"", ""70126"", ""71542""]","[""71542"", ""71210"", ""70316"", ""71395"", ""70685"", ""71043"", ""70125"", ""69827"", ""71487"", ""69832"", ""71277"", ""71178"", ""70126"", ""71318"", ""71331"", ""70711"", ""71411"", ""69762"", ""71097"", ""69987"", ""70006"", ""71462"", ""258515"", ""70017"", ""71206"", ""71039"", ""70290"", ""71192"", ""71480""]","[""71542_token_0000"", ""71542_token_0001"", ""71210_token_0000"", ""70316_token_0000"", ""71395_token_0000"", ""70685_token_0000"", ""71043_token_0000"", ""70125_token_0001"", ""69827_token_0001"", ""71487_token_0000"", ""69832_token_0000"", ""71277_token_0001"", ""71487_token_0001"", ""71210_token_0001"", ""71277_token_0000"", ""71178_token_0001"", ""70125_token_0000"", ""70126_token_0000"", ""71043_token_0001"", ""71318_token_0001"", ""71331_token_0001"", ""69827_token_0000"", ""70711_token_0000"", ""71411_token_0001"", ""69832_token_0001"", ""69762_token_0000"", ""71395_token_0001"", ""71097_token_0000"", ""71411_token_0000"", ""69987_token_0001"", ""70006_token_0000"", ""70685_token_0001"", ""69762_token_0001"", ""71462_token_0000"", ""258515_token_0000"", ""70006_token_0001"", ""71331_token_0000"", ""70017_token_0001"", ""71206_token_0000"", ""69987_token_0000"", ""70126_token_0001"", ""71178_token_0000"", ""71039_token_0000"", ""71039_token_0001"", ""70017_token_0000"", ""71318_token_0000"", ""70290_token_0001"", ""71192_token_0000"", ""71480_token_0000"", ""70316_token_0001""]"
cross_24_2,hybrid,"Theo diễn biến thời gian từ ngày 17.6.2023 đến 22.11.2023 rồi 23.2.2024, vận trình của tuổi Tị có xu hướng cải thiện hay xấu đi, và tuổi Tị nên đầu tư tài chính vào thời điểm nào trong ba ngày đó?","[70126, 71542, 70125]",False,"[""70126"", ""71542"", ""70125""]",6677.377,0.0,0.0,0.6666666666666666,1.0,1.0,1.0,0.5,0.6462302129493455,"[""70125"", ""70126"", ""71542""]","[""70316"", ""71542"", ""71277"", ""70125"", ""69832"", ""71043"", ""71395"", ""70126"", ""71210"", ""102742"", ""152964"", ""70685"", ""104398"", ""193562"", ""69827"", ""71487"", ""152333"", ""197004"", ""111558"", ""200613"", ""44816"", ""71178"", ""137244"", ""106697"", ""29478"", ""116907"", ""71318"", ""71331"", ""96872"", ""203132"", ""108211"", ""70711"", ""71411"", ""192360"", ""48576"", ""69762"", ""123547"", ""71097"", ""118935""]","[""70316_token_0000"", ""71542_token_0000"", ""71277_token_0000"", ""70125_token_0001"", ""70125_token_0000"", ""69832_token_0000"", ""71043_token_0000"", ""71395_token_0000"", ""70126_token_0000"", ""71542_token_0001"", ""71210_token_0000"", ""102742_token_0001"", ""152964_token_0001"", ""70685_token_0000"", ""104398_token_0003"", ""193562_token_0000"", ""69827_token_0001"", ""71487_token_0000"", ""152333_token_0000"", ""197004_token_0001"", ""71277_token_0001"", ""111558_token_0001"", ""71487_token_0001"", ""200613_token_0001"", ""71210_token_0001"", ""44816_token_0001"", ""71178_token_0001"", ""137244_token_0004"", ""106697_token_0004"", ""29478_token_0000"", ""71043_token_0001"", ""116907_token_0000"", ""71318_token_0001"", ""71331_token_0001"", ""96872_token_0000"", ""203132_token_0000"", ""69827_token_0000"", ""108211_token_0007"", ""70711_token_0000"", ""137244_token_0002"", ""71411_token_0001"", ""192360_token_0001"", ""69832_token_0001"", ""48576_token_0004"", ""69762_token_0000"", ""71395_token_0001"", ""96872_token_0003"", ""123547_token_0000"", ""71097_token_0000"", ""118935_token_0000""]"
cross_25_1,bm25,"So sánh cách phản ứng của người vợ trong bài về phát hiện ảnh lạ trong máy tính chồng và người vợ trong bài về chồng có bồ ở chung cư: khi biết chồng có biểu hiện không chung thủy, hai người phụ nữ này xử lý tình huống khác nhau như thế nào và điều gì chi phối quyết định của họ?","[264833, 265189, 264994]",True,"[""265189"", ""264994"", ""264833""]",459.4188,0.3333333333333333,1.0,0.3333333333333333,1.0,0.3333333333333333,1.0,1.0,0.46927872602275644,"[""264833"", ""264994"", ""265189""]","[""264994"", ""257835"", ""259786"", ""204082"", ""257884"", ""26616"", ""167244"", ""87331"", ""264945"", ""160167"", ""215970"", ""69958"", ""26427"", ""84885"", ""81945"", ""83233"", ""259164"", ""70395"", ""87995"", ""264571"", ""93616"", ""83536"", ""26387"", ""7556"", ""26232"", ""265344"", ""11747"", ""265451"", ""12178"", ""159836"", ""158266"", ""257644"", ""258675"", ""85315"", ""257346"", ""30846"", ""93577"", ""261207"", ""265497"", ""163704"", ""49757""]","[""264994_token_0001"", ""257835_token_0000"", ""264994_token_0000"", ""259786_token_0000"", ""204082_token_0001"", ""257884_token_0000"", ""26616_token_0000"", ""257835_token_0001"", ""167244_token_0005"", ""87331_token_0001"", ""264945_token_0000"", ""160167_token_0000"", ""215970_token_0000"", ""69958_token_0001"", ""264945_token_0001"", ""26427_token_0000"", ""84885_token_0000"", ""81945_token_0000"", ""83233_token_0000"", ""257884_token_0001"", ""259164_token_0001"", ""70395_token_0001"", ""87995_token_0000"", ""264571_token_0000"", ""93616_token_0001"", ""83536_token_0001"", ""26387_token_0000"", ""7556_token_0001"", ""26232_token_0000"", ""265344_token_0001"", ""11747_token_0000"", ""265451_token_0001"", ""12178_token_0000"", ""159836_token_0000"", ""158266_token_0000"", ""257835_token_0002"", ""93616_token_0000"", ""257644_token_0000"", ""258675_token_0000"", ""85315_token_0000"", ""259164_token_0000"", ""257346_token_0000"", ""30846_token_0001"", ""93577_token_0000"", ""261207_token_0000"", ""265497_token_0002"", ""265344_token_0000"", ""163704_token_0000"", ""83536_token_0002"", ""49757_token_0000""]"
cross_25_1,dense,"So sánh cách phản ứng của người vợ trong bài về phát hiện ảnh lạ trong máy tính chồng và người vợ trong bài về chồng có bồ ở chung cư: khi biết chồng có biểu hiện không chung thủy, hai người phụ nữ này xử lý tình huống khác nhau như thế nào và điều gì chi phối quyết định của họ?","[264833, 265189, 264994]",True,"[""265189"", ""264994"", ""264833""]",6168.2496,0.3333333333333333,1.0,0.6666666666666666,1.0,1.0,1.0,1.0,0.9066276098484507,"[""264833"", ""264994"", ""265189""]","[""264994"", ""265189"", ""265595"", ""265519"", ""264562"", ""257835"", ""204082"", ""265497"", ""264833"", ""265494"", ""259164"", ""265056"", ""264901"", ""264789"", ""343"", ""265505"", ""264958"", ""43930"", ""259622"", ""265344"", ""265007"", ""263423"", ""257884"", ""259438"", ""169353"", ""264571"", ""264762"", ""257852"", ""257225"", ""265451"", ""42228""]","[""264994_token_0001"", ""264994_token_0000"", ""264994_token_0002"", ""265189_token_0000"", ""265595_token_0001"", ""265519_token_0001"", ""264562_token_0002"", ""264562_token_0001"", ""257835_token_0002"", ""265595_token_0000"", ""204082_token_0000"", ""265497_token_0002"", ""264833_token_0000"", ""265494_token_0000"", ""259164_token_0002"", ""265056_token_0002"", ""265519_token_0002"", ""264901_token_0001"", ""264789_token_0001"", ""265189_token_0001"", ""343_token_0006"", ""265505_token_0000"", ""264958_token_0001"", ""43930_token_0000"", ""259622_token_0001"", ""265344_token_0001"", ""264958_token_0000"", ""259164_token_0001"", ""343_token_0005"", ""265007_token_0001"", ""263423_token_0001"", ""257884_token_0002"", ""259438_token_0001"", ""265344_token_0000"", ""257835_token_0001"", ""169353_token_0001"", ""259438_token_0002"", ""204082_token_0001"", ""265519_token_0000"", ""264571_token_0001"", ""257884_token_0001"", ""264762_token_0000"", ""257852_token_0002"", ""257225_token_0000"", ""265497_token_0001"", ""265505_token_0001"", ""257225_token_0001"", ""265056_token_0001"", ""265451_token_0001"", ""42228_token_0002""]"
cross_25_1,hybrid,"So sánh cách phản ứng của người vợ trong bài về phát hiện ảnh lạ trong máy tính chồng và người vợ trong bài về chồng có bồ ở chung cư: khi biết chồng có biểu hiện không chung thủy, hai người phụ nữ này xử lý tình huống khác nhau như thế nào và điều gì chi phối quyết định của họ?","[264833, 265189, 264994]",True,"[""265189"", ""264994"", ""264833""]",6976.1469,0.3333333333333333,1.0,0.3333333333333333,1.0,0.6666666666666666,1.0,1.0,0.6049306994552042,"[""264833"", ""264994"", ""265189""]","[""264994"", ""204082"", ""257835"", ""259164"", ""265497"", ""265344"", ""257884"", ""265451"", ""259786"", ""265189"", ""265595"", ""265519"", ""264562"", ""26616"", ""167244"", ""87331"", ""264945"", ""160167"", ""215970"", ""264833"", ""265494"", ""69958"", ""26427"", ""265056"", ""84885"", ""264901"", ""81945"", ""264789"", ""83233"", ""343"", ""265505"", ""70395"", ""264958"", ""87995"", ""264571"", ""43930"", ""259622""]","[""264994_token_0001"", ""264994_token_0000"", ""204082_token_0001"", ""257835_token_0001"", ""257835_token_0002"", ""259164_token_0001"", ""265497_token_0002"", ""265344_token_0001"", ""257884_token_0001"", ""265451_token_0001"", ""265344_token_0000"", ""257835_token_0000"", ""264994_token_0002"", ""259786_token_0000"", ""265189_token_0000"", ""265595_token_0001"", ""257884_token_0000"", ""265519_token_0001"", ""264562_token_0002"", ""26616_token_0000"", ""264562_token_0001"", ""167244_token_0005"", ""265595_token_0000"", ""87331_token_0001"", ""204082_token_0000"", ""264945_token_0000"", ""160167_token_0000"", ""215970_token_0000"", ""264833_token_0000"", ""265494_token_0000"", ""69958_token_0001"", ""259164_token_0002"", ""264945_token_0001"", ""26427_token_0000"", ""265056_token_0002"", ""265519_token_0002"", ""84885_token_0000"", ""264901_token_0001"", ""81945_token_0000"", ""264789_token_0001"", ""83233_token_0000"", ""265189_token_0001"", ""343_token_0006"", ""265505_token_0000"", ""70395_token_0001"", ""264958_token_0001"", ""87995_token_0000"", ""264571_token_0000"", ""43930_token_0000"", ""259622_token_0001""]"
cross_25_2,bm25,"Trong cả ba bài báo, những đứa trẻ trong gia đình đều chịu ảnh hưởng tiêu cực từ mâu thuẫn của người lớn. Liệu những đứa trẻ này sau đó có được hỗ trợ tâm lý chuyên nghiệp hay can thiệp từ nhà trường để vượt qua tổn thương không?","[264833, 265189, 264994]",False,"[""264833"", ""265189"", ""264994""]",370.7078,0.0,0.0,0.0,0.0,0.0,0.0,0.0,0.0,"[""264833"", ""264994"", ""265189""]","[""35721"", ""258671"", ""43683"", ""46877"", ""160203"", ""101918"", ""257290"", ""96476"", ""186624"", ""42486"", ""68519"", ""172657"", ""163712"", ""90087"", ""258252"", ""81945"", ""259119"", ""150701"", ""8529"", ""186080"", ""74378"", ""181138"", ""101947"", ""161061"", ""60297"", ""142370"", ""238173"", ""167488"", ""82698"", ""15789"", ""72330"", ""30638"", ""171684"", ""246764"", ""172093""]","[""35721_token_0000"", ""258671_token_0000"", ""43683_token_0001"", ""258671_token_0001"", ""46877_token_0001"", ""43683_token_0002"", ""160203_token_0002"", ""43683_token_0000"", ""101918_token_0000"", ""257290_token_0001"", ""101918_token_0001"", ""35721_token_0001"", ""46877_token_0000"", ""96476_token_0002"", ""186624_token_0002"", ""258671_token_0002"", ""42486_token_0002"", ""68519_token_0000"", ""43683_token_0003"", ""172657_token_0001"", ""163712_token_0001"", ""90087_token_0000"", ""258252_token_0000"", ""81945_token_0000"", ""259119_token_0001"", ""150701_token_0001"", ""8529_token_0001"", ""186080_token_0001"", ""74378_token_0001"", ""90087_token_0001"", ""181138_token_0000"", ""35721_token_0002"", ""101947_token_0001"", ""161061_token_0000"", ""60297_token_0000"", ""142370_token_0001"", ""238173_token_0005"", ""142370_token_0000"", ""167488_token_0002"", ""82698_token_0002"", ""15789_token_0000"", ""72330_token_0000"", ""30638_token_0000"", ""171684_token_0001"", ""30638_token_0001"", ""246764_token_0001"", ""172093_token_0002"", ""142370_token_0003"", ""74378_token_0000"", ""82698_token_0005""]"
cross_25_2,dense,"Trong cả ba bài báo, những đứa trẻ trong gia đình đều chịu ảnh hưởng tiêu cực từ mâu thuẫn của người lớn. Liệu những đứa trẻ này sau đó có được hỗ trợ tâm lý chuyên nghiệp hay can thiệp từ nhà trường để vượt qua tổn thương không?","[264833, 265189, 264994]",False,"[""264833"", ""265189"", ""264994""]",6196.0398,0.0,0.0,0.0,0.0,0.0,0.0,0.0,0.0,"[""264833"", ""264994"", ""265189""]","[""43683"", ""259438"", ""70801"", ""257290"", ""176549"", ""259119"", ""261238"", ""96825"", ""100796"", ""175556"", ""100879"", ""101918"", ""97673"", ""172657"", ""102678"", ""172710"", ""259066"", ""177201"", ""99113"", ""161714"", ""236977"", ""97273"", ""259622"", ""101355"", ""210151"", ""135289"", ""44190"", ""99559"", ""176776"", ""70404"", ""101910"", ""177146"", ""99931""]","[""43683_token_0000"", ""259438_token_0003"", ""70801_token_0002"", ""43683_token_0002"", ""43683_token_0001"", ""257290_token_0002"", ""176549_token_0000"", ""259119_token_0002"", ""70801_token_0000"", ""261238_token_0002"", ""96825_token_0001"", ""100796_token_0002"", ""261238_token_0003"", ""175556_token_0001"", ""176549_token_0001"", ""259438_token_0002"", ""100879_token_0001"", ""101918_token_0000"", ""97673_token_0002"", ""172657_token_0001"", ""102678_token_0001"", ""257290_token_0001"", ""102678_token_0000"", ""259119_token_0000"", ""43683_token_0003"", ""172710_token_0000"", ""172657_token_0000"", ""70801_token_0001"", ""259066_token_0001"", ""259438_token_0000"", ""177201_token_0000"", ""99113_token_0000"", ""259438_token_0001"", ""161714_token_0001"", ""236977_token_0001"", ""97273_token_0001"", ""259622_token_0000"", ""100796_token_0003"", ""101355_token_0000"", ""210151_token_0001"", ""135289_token_0001"", ""44190_token_0001"", ""99559_token_0000"", ""97673_token_0000"", ""176776_token_0002"", ""70404_token_0001"", ""172657_token_0002"", ""101910_token_0000"", ""177146_token_0001"", ""99931_token_0000""]"
cross_25_2,hybrid,"Trong cả ba bài báo, những đứa trẻ trong gia đình đều chịu ảnh hưởng tiêu cực từ mâu thuẫn của người lớn. Liệu những đứa trẻ này sau đó có được hỗ trợ tâm lý chuyên nghiệp hay can thiệp từ nhà trường để vượt qua tổn thương không?","[264833, 265189, 264994]",False,"[""264833"", ""265189"", ""264994""]",6733.7147,0.0,0.0,0.0,0.0,0.0,0.0,0.0,0.0,"[""264833"", ""264994"", ""265189""]","[""43683"", ""101918"", ""257290"", ""172657"", ""35721"", ""258671"", ""259438"", ""70801"", ""46877"", ""160203"", ""176549"", ""259119"", ""261238"", ""96825"", ""100796"", ""175556"", ""96476"", ""186624"", ""100879"", ""42486"", ""68519"", ""97673"", ""102678"", ""163712"", ""90087"", ""258252"", ""81945"", ""150701"", ""172710"", ""8529"", ""186080"", ""259066""]","[""43683_token_0001"", ""43683_token_0000"", ""43683_token_0002"", ""101918_token_0000"", ""257290_token_0001"", ""172657_token_0001"", ""43683_token_0003"", ""35721_token_0000"", ""258671_token_0000"", ""259438_token_0003"", ""70801_token_0002"", ""258671_token_0001"", ""46877_token_0001"", ""257290_token_0002"", ""160203_token_0002"", ""176549_token_0000"", ""259119_token_0002"", ""70801_token_0000"", ""261238_token_0002"", ""101918_token_0001"", ""96825_token_0001"", ""100796_token_0002"", ""35721_token_0001"", ""261238_token_0003"", ""46877_token_0000"", ""175556_token_0001"", ""96476_token_0002"", ""176549_token_0001"", ""186624_token_0002"", ""258671_token_0002"", ""259438_token_0002"", ""100879_token_0001"", ""42486_token_0002"", ""68519_token_0000"", ""97673_token_0002"", ""102678_token_0001"", ""163712_token_0001"", ""90087_token_0000"", ""102678_token_0000"", ""258252_token_0000"", ""259119_token_0000"", ""81945_token_0000"", ""259119_token_0001"", ""150701_token_0001"", ""172710_token_0000"", ""172657_token_0000"", ""8529_token_0001"", ""186080_token_0001"", ""70801_token_0001"", ""259066_token_0001""]"
